env_index,cell_index,column,row,grade_deg,velocity_mps,connection,cart_mass_kg,connection_length_m,verdict,reasons,startup_joint_rms_rad,startup_joint_max_rad,startup_worst_joint,startup_torque_sat_frac,startup_vx_rms_err_mps,startup_time_to_90pct_s,speed_mae_mps,speed_rmse_mps,speed_ratio_mean,speed_steady_mae_mps,lane_mode,lane_y_rms_m,lane_y_max_abs_m,lane_heading_rms_rad,lane_heading_max_abs_rad,lane_vy_saturated_frac,lane_wz_saturated_frac,stop_cart_coast_distance_m,stop_cart_coast_to_rest_m,stop_cart_speed_at_stop_mps,stop_min_clearance_coast_m,stop_final_clearance_m,stop_time_to_contact_s,stop_contact,stop_joint_rms_rad,stop_joint_max_rad,stop_settle_time_s,stop_robot_travel_m,min_robot_surface_height_m,max_abs_pitch_rel_rad,fell,summarize_tow_valid,summarize_tow_failures,impact_startup_available,impact_startup_samples,impact_startup_time_s,impact_startup_joint_rms_rad,impact_startup_joint_max_rad,impact_startup_worst_joint,impact_startup_torque_sat_frac,impact_startup_rms_over_steady,impact_startup_rms_delta_rad,impact_takeup_available,impact_takeup_samples,impact_takeup_time_s,impact_takeup_joint_rms_rad,impact_takeup_joint_max_rad,impact_takeup_worst_joint,impact_takeup_torque_sat_frac,impact_takeup_rms_over_steady,impact_takeup_rms_delta_rad,impact_stop_available,impact_stop_samples,impact_stop_time_s,impact_stop_joint_rms_rad,impact_stop_joint_max_rad,impact_stop_worst_joint,impact_stop_torque_sat_frac,impact_stop_rms_over_steady,impact_stop_rms_delta_rad,impact_stop_contact_available,impact_stop_contact_samples,impact_stop_contact_time_s,impact_stop_contact_joint_rms_rad,impact_stop_contact_joint_max_rad,impact_stop_contact_worst_joint,impact_stop_contact_torque_sat_frac,impact_stop_contact_rms_over_steady,impact_stop_contact_rms_delta_rad,impact_steady_available,impact_steady_samples,impact_steady_time_s,impact_steady_joint_rms_rad,impact_steady_joint_max_rad,impact_steady_worst_joint,impact_steady_torque_sat_frac,impact_steady_rms_over_steady,impact_steady_rms_delta_rad,impact_takeup_tension_n,impact_takeup_vx_mps,impact_takeup_force_threshold_n,impact_stop_contact_hit,impact_stop_contact_channels,impact_stop_contact_deck_fx_n,impact_window_s,impact_steady_margin_s
0,0,0,0,0.0,0.5,compliant,5.0,0.5,OK,,0.1614089853739093,0.592026948928833,FL_shank_joint,0.0,0.13483904294664267,0.17499999999999982,0.03716442528180778,0.06717006692958082,1.0311830830015243,0.030930608808994293,pd,0.006183538959910178,0.0078125,0.011613901105868395,0.03915521129965782,0.0,0.0,0.009521484375,0.0,-0.0005030508036725223,,,,,0.14876614974360935,0.4252936840057373,0.6000000000000005,-0.0037994384765625,0.2538453936576843,0.0788174161066474,False,False,rope_taut_during_settle|robot_and_load_speeds_differ,True,9,1.0050000000000001,0.19452121684104223,0.592026948928833,RR_shank_joint,0.0,1.2894218934516262,0.043661969120086824,True,17,2.005,0.1484079240160424,0.5090725421905518,FR_shank_joint,0.0,0.9837509218563304,-0.002451323704913022,True,9,6.005,0.14731737559594366,0.41937994956970215,FR_thigh_joint,0.0,0.9765220085707761,-0.0035418721250117524,False,0,,,,,,,,True,120,,0.1508592477209554,0.5154551267623901,FR_shank_joint,0.0,,,1726.89697265625,0.5045003294944763,1.0,False,,,0.2,1.0
1,1,1,0,0.0,0.5,compliant,10.0,0.5,LOW,stop_margin_low,0.17487307957238513,0.6399503946304321,RR_shank_joint,0.0,0.16645515379817832,,0.056135888108983636,0.08436445303930752,0.8880539107136428,0.039759856462478635,pd,0.006311768348262998,0.00852203369140625,0.014514061320482817,0.03947115316987038,0.0,0.0,0.1274566650390625,0.1809844970703125,0.45978182554244995,0.044083807923300355,0.09940494828310875,,False,0.14726779879091417,0.3874439001083374,0.625,-0.0074920654296875,0.25386637449264526,0.08556213514148003,False,True,,True,9,1.0050000000000001,0.19396254561329762,0.5901089906692505,RR_shank_joint,0.0,1.2331299580212163,0.03666967931675075,True,17,2.255,0.1538637215755841,0.564966082572937,FR_shank_joint,0.0,0.9781989812907487,-0.0034291447209627846,True,9,6.005,0.13787703707293575,0.33294010162353516,FR_shank_joint,0.0,0.8765625569629704,-0.019415829223611125,False,0,,,,,,,,True,120,,0.15729286629654687,0.5929269790649414,RL_shank_joint,0.0,,,14.791410446166992,0.4807099401950836,1.0,False,,,0.2,1.0
2,2,2,0,0.0,0.5,compliant,15.0,0.5,COL,stop_collision,0.17559831855033234,0.6144572496414185,RR_shank_joint,0.0,0.1911782287260463,,0.07114461280405521,0.09915543052011928,0.8577107743918896,0.05160330206155777,pd,0.0057668545651090005,0.00921630859375,0.01634809059504435,0.042973071336746216,0.0,0.0,0.109405517578125,0.20562744140625,0.43689587712287903,0.013671112241354422,0.10468603903072449,,True,0.14416498216337692,0.37419307231903076,0.5499999999999998,-0.0117645263671875,0.2538314163684845,0.08099581959406964,False,False,load_moved_during_settle,True,9,1.0050000000000001,0.19481002711229456,0.5914952754974365,RR_shank_joint,0.0,1.2262906958934234,0.03594881437972611,True,17,2.23,0.16414685779218857,0.5911917686462402,RL_shank_joint,0.0,1.0332720930975021,0.00528564505962012,True,9,6.005,0.13910343185063145,0.37419307231903076,FR_thigh_joint,0.0,0.8756286664184176,-0.019757780881936998,True,17,7.03,0.1484223536638331,0.3514202833175659,FR_shank_joint,0.0,0.9342894411469185,-0.010438859068735346,True,120,,0.15886121273256845,0.5960092544555664,RL_shank_joint,0.0,,,11.153564453125,0.47944390773773193,1.0,True,deck_contact_force,-8.888182640075684,0.2,1.0
3,3,3,0,0.0,0.5,compliant,20.0,0.5,COL,stop_collision,0.17731254597536156,0.6007803678512573,RR_shank_joint,0.0,0.2104014353120195,,0.09172316144220531,0.1162363350251285,0.8165536771155893,0.07531043410301208,pd,0.005280658608146078,0.00861358642578125,0.01565166775516113,0.042220838367938995,0.0,0.0,0.1158599853515625,0.2172088623046875,0.4208180010318756,0.012651121335665039,0.11206833262681926,,True,0.14303291989221292,0.3588109016418457,0.5499999999999998,0.0020599365234375,0.25384512543678284,0.08393676408234073,False,False,load_moved_during_settle|rope_not_continuously_taut,True,9,1.0050000000000001,0.19453666373498152,0.5877920389175415,RR_shank_joint,0.0,1.227485987876895,0.03605284749895318,True,17,2.205,0.16567346449583997,0.591951847076416,RL_shank_joint,0.0,1.0453651888916162,0.007189648259811637,True,9,6.005,0.13571144384340814,0.314921498298645,FR_shank_joint,0.0,0.8563110547596511,-0.0227723723926202,True,17,7.28,0.14992878504289514,0.3539468050003052,RL_shank_joint,0.0,0.946019528073502,-0.008555031193133195,True,120,,0.15848381623602834,0.6871542930603027,FR_shank_joint,0.0,,,3.1819067001342773,0.3885193169116974,1.0,True,deck_contact_force,-7.244955539703369,0.2,1.0
4,4,4,0,0.0,0.5,compliant,25.0,0.5,COL,stop_collision,0.1841510509739012,0.6933207511901855,RR_shank_joint,0.0,0.2231033794968412,,0.08645994203165173,0.1155777647284124,0.8284334358200431,0.05855784952640533,pd,0.007976883964688555,0.01187896728515625,0.01652347780886682,0.041981857270002365,0.0,0.0,0.0888824462890625,0.2400360107421875,0.4482647180557251,0.00895522689862105,0.1512131054701058,,True,0.12719819270126664,0.46091580390930176,0.9000000000000004,0.0148468017578125,0.2538556754589081,0.07363411612944108,False,False,load_moved_during_settle|rope_not_continuously_taut,True,9,1.0050000000000001,0.19381559665829282,0.5877023935317993,RR_shank_joint,0.0,1.1859012434992524,0.03038242908154004,True,17,2.23,0.17145315901763256,0.602102518081665,RL_shank_joint,0.0,1.049071994135544,0.008019991440879781,True,9,6.005,0.13095173153468578,0.3360363245010376,FR_thigh_joint,0.0,0.8012555436349063,-0.03248143604206699,True,17,6.83,0.1251172506125561,0.46091580390930176,FR_shank_joint,0.0,0.7655560524689552,-0.03831591696419667,True,120,,0.16343316757675277,0.6202983856201172,RL_shank_joint,0.0,,,0.0,0.42319440841674805,1.0,True,deck_contact_force|load_velocity_jump,-20.245986938476562,0.2,1.0
5,5,5,0,0.0,0.5,compliant,30.0,0.5,COL,stop_collision,0.18718950719711555,0.6534922122955322,RR_shank_joint,0.0,0.24055027164964365,,0.09469658784568309,0.125153931043094,0.8110527183115482,0.06708569079637527,pd,0.007246996879497665,0.01174163818359375,0.011851564603889642,0.04249706119298935,0.0,0.0,0.1060943603515625,0.234222412109375,0.4482603371143341,0.012951751352602514,0.12429821849610789,,True,0.12169035991405552,0.3688018321990967,0.875,0.0010223388671875,0.2538317143917084,0.07393537865944821,False,False,load_moved_during_settle|rope_not_continuously_taut,True,9,1.0050000000000001,0.19513542689957838,0.589110255241394,RR_shank_joint,0.0,1.183792326616574,0.030296187353821447,True,17,2.205,0.1711726121462574,0.6082742214202881,RL_shank_joint,0.0,1.0384215106667147,0.006333372600500459,True,9,6.005,0.130855270567014,0.3260667324066162,FL_shank_joint,0.0,0.7938356845591398,-0.03398396897874295,True,17,6.805,0.11539353086598465,0.3688018321990967,FL_shank_joint,0.0,0.7000367824067346,-0.049445708679772285,True,120,,0.16483923954575694,0.616483211517334,RL_shank_joint,0.0,,,10.774173736572266,0.4272294342517853,1.0,True,deck_contact_force,-65.37415313720703,0.2,1.0
6,6,6,0,0.0,0.5,compliant,35.0,0.5,COL,stop_collision|speed_track_error,0.18764622323849872,0.6494269371032715,RR_shank_joint,0.0,0.24972332456245425,,0.10820825045928359,0.1336206356159188,0.7835834990814328,0.07487253278493881,pd,0.005824249242149705,0.00803375244140625,0.01466816844840335,0.04142887517809868,0.0,0.0,0.1274871826171875,0.2337188720703125,0.4203345477581024,0.011742782275462105,0.09885935610677166,,True,0.13869356383880202,0.35734426975250244,0.9750000000000005,0.002166748046875,0.2538659870624542,0.08635165806543343,False,False,load_moved_during_settle|rope_not_continuously_taut,True,9,1.0050000000000001,0.19443559362240032,0.5876151323318481,RR_shank_joint,0.0,1.1616283308694657,0.027053662194412964,True,17,2.205,0.17055606844280466,0.6189249753952026,FL_shank_joint,0.0,1.018963438811691,0.0031741370148173076,True,9,6.005,0.13951996585755727,0.32194507122039795,FR_shank_joint,0.0,0.8335425733666054,-0.02786196557043008,True,17,6.805,0.13998721872811015,0.35106372833251953,FR_shank_joint,0.0,0.8363341104612405,-0.0273947126998772,True,120,,0.16738193142798735,0.6440168619155884,RL_shank_joint,0.0,,,29.884204864501953,0.39003288745880127,1.0,True,deck_contact_force,-26.24589729309082,0.2,1.0
7,7,7,0,0.0,0.5,compliant,40.0,0.5,COL,stop_collision|speed_track_error,0.19324597895369103,0.6835180521011353,RR_shank_joint,0.0,0.26217899855690235,,0.11325176501646637,0.14002010759045674,0.7734964699670672,0.07301347672939301,pd,0.006740895733623006,0.00989532470703125,0.01389209780917192,0.04084919020533562,0.0,0.0,0.0927276611328125,0.246673583984375,0.4231913089752197,0.008753566976821503,0.14895840584361508,,True,0.12904645643223525,0.5193564891815186,0.9000000000000004,0.0153045654296875,0.2538679838180542,0.07484823991864335,False,False,load_moved_during_settle|rope_not_continuously_taut,True,9,1.0050000000000001,0.19369247916232146,0.5882594585418701,RR_shank_joint,0.0,1.1596454400425864,0.026665151261813902,True,17,2.205,0.17082503816201652,0.6184767484664917,FL_shank_joint,0.0,1.0227370593138574,0.003797710261508963,True,9,6.005,0.1343035413717609,0.35293084383010864,FR_thigh_joint,0.0,0.8040812426321093,-0.03272378652874666,True,17,6.805,0.12720155077603562,0.5193564891815186,FR_shank_joint,0.0,0.761561310804213,-0.03982577712447194,True,120,,0.16702732790050756,0.6404560804367065,RL_shank_joint,0.0,,,29.384719848632812,0.38230764865875244,1.0,True,deck_contact_force,-84.00780487060547,0.2,1.0
8,8,8,0,0.0,1.0,rigid,5.0,0.5,OK,,0.1911805339354836,0.8755569458007812,RR_shank_joint,0.0,0.2926606175736793,0.575,0.05535573923029005,0.13449807214639986,1.0011238495167345,0.027547598481178284,pd,0.014591684248953,0.0239410400390625,0.01895961518806461,0.030956946313381195,0.0,0.0,-0.109161376953125,-0.0903167724609375,-0.10471109300851822,,,,,0.15622509719595082,0.5221936106681824,0.25,0.100189208984375,0.25384625792503357,0.07438694771678488,False,False,rope_taut_during_settle|robot_and_load_speeds_differ,True,9,1.0050000000000001,0.2612163271638163,0.8755569458007812,RR_shank_joint,0.0,1.4829813644520984,0.08507363688778227,True,17,2.005,0.16789040113361473,0.5918610095977783,RL_shank_joint,0.0,0.9531499767064582,-0.008252289142419322,True,9,6.005,0.16918429601804608,0.5221936106681824,FL_thigh_joint,0.0,0.9604956967156375,-0.006958394257987971,False,0,,,,,,,,True,120,,0.17614269027603405,0.6199240684509277,FR_shank_joint,0.0,,,248.18849182128906,0.9810325503349304,1.0,False,,,0.2,1.0
9,9,9,0,0.0,1.0,rigid,10.0,0.5,COL,stop_collision,0.22376434189102193,0.8866902589797974,RL_shank_joint,0.0,0.392495481492053,0.5999999999999999,0.14423301685601472,0.20115866332330515,0.8557669831439852,0.11006687998771668,pd,0.012560847219592879,0.022335052490234375,0.017702186946211073,0.02913900837302208,0.0,0.0,0.1288299560546875,0.1623992919921875,0.920880138874054,0.21598161216527956,0.24107943989969272,,True,0.1519149501539086,0.5205920338630676,0.7750000000000004,0.1332550048828125,0.25560900568962097,0.08139589094587639,False,False,rope_taut_during_settle,True,9,1.0050000000000001,0.28030527139371125,0.8866902589797974,RR_shank_joint,0.0,1.4405141482108794,0.08571830968850983,True,16,2.0300000000000002,0.19385205868214012,0.7074087858200073,RL_shank_joint,0.0,0.9962232668796449,-0.0007349030230613118,True,9,6.005,0.16501890965610944,0.5205920338630676,FL_thigh_joint,0.0,0.8480471055718137,-0.029568052049091992,True,14,6.13,0.16676779634597944,0.5205920338630676,FR_thigh_joint,0.0,0.8570347924884714,-0.027819165359221992,True,120,,0.19458696170520143,0.7693988084793091,RL_shank_joint,0.0,,,-4.587606430053711,0.916058361530304,1.0,True,load_velocity_jump,0.0,0.2,1.0
10,10,10,0,0.0,1.0,rigid,15.0,0.5,OK,,0.22620655039649312,0.8980135917663574,RL_shank_joint,0.0,0.43493607931988776,,0.16385075664147736,0.22162399826359483,0.8361492433585227,0.11876240849494935,pd,0.01800469338261344,0.039463043212890625,0.01721946357513365,0.03025893308222294,0.0,0.0,0.1587066650390625,0.1950531005859375,0.8963335156440735,0.21943596373108676,0.23852085157713532,,False,0.1429427063710363,0.5492372512817383,0.4500000000000002,0.161529541015625,0.25615811347961426,0.10959701228554874,False,False,rope_taut_during_settle,True,9,1.0050000000000001,0.2860770840118961,0.8980135917663574,RR_shank_joint,0.0,1.4270597693934246,0.08561099972623656,True,17,2.005,0.1920084948405204,0.7507302761077881,RL_shank_joint,0.0,0.9578103723865468,-0.008457589445139108,True,9,6.005,0.18478297811905453,0.5492372512817383,FR_thigh_joint,0.0,0.921766785526389,-0.015683106166604982,False,0,,,,,,,,True,120,,0.2004660842856595,0.7507302761077881,RL_shank_joint,0.0,,,27.239116668701172,0.858232319355011,1.0,False,,,0.2,1.0
11,11,11,0,0.0,1.0,rigid,20.0,0.5,OK,,0.23130587289867896,0.9012665748596191,RL_shank_joint,0.0,0.4612279451832424,,0.18610094277188183,0.23941401548611868,0.8138990572281182,0.13765027105808259,pd,0.014866533848153635,0.02606201171875,0.0185043286694523,0.03165651485323906,0.0,0.0,0.1538848876953125,0.2082366943359375,0.8819156885147095,0.21160289373125352,0.24161846379283247,,False,0.15959939555828,0.6021362543106079,,0.1593780517578125,0.25642216205596924,0.0876824921928309,False,False,rope_taut_during_settle,True,9,1.0050000000000001,0.2908492497902727,0.9012665748596191,RL_shank_joint,0.0,1.435562600644344,0.08824627750628683,True,17,2.005,0.20142327669256097,0.7307755947113037,RL_shank_joint,0.0,0.9941773036292313,-0.0011796955914249174,True,9,6.005,0.17443844941001527,0.6021362543106079,FL_thigh_joint,0.0,0.8609866254356191,-0.028164522873970615,False,0,,,,,,,,True,120,,0.20260297228398588,0.7506052255630493,RL_shank_joint,0.0,,,17.844255447387695,0.866020679473877,1.0,False,,,0.2,1.0
12,12,12,0,0.0,1.0,rigid,25.0,0.5,OK,,0.2421528935920385,0.9123568534851074,RL_shank_joint,0.0,0.4928161937201714,,0.18521405093371868,0.24709573201098545,0.8147859490662813,0.11075007259845733,pd,0.01874973476909635,0.029933929443359375,0.01960389157107365,0.03543576970696449,0.0,0.0,0.2119903564453125,0.25750732421875,0.8895503282546997,0.2140337830429644,0.24110276441439282,,False,0.1581855260389793,0.6183245778083801,,0.2164459228515625,0.25655412673950195,0.099817126818971,False,False,rope_taut_during_settle,True,9,1.0050000000000001,0.29320100281303396,0.9123568534851074,RL_shank_joint,0.0,1.458700932929197,0.09219955269106747,True,17,2.005,0.21250982309858613,0.7642557621002197,RL_shank_joint,0.0,1.0572551738787777,0.011508372976619635,True,9,6.005,0.1795386162014821,0.6183245778083801,FL_thigh_joint,0.0,0.8932205021035377,-0.021462833920484398,False,0,,,,,,,,True,120,,0.2010014501219665,0.7561548948287964,RL_shank_joint,0.0,,,28.40342140197754,0.8510566353797913,1.0,False,,,0.2,1.0
13,13,13,0,0.0,1.0,rigid,30.0,0.5,SPD,speed_track_error,0.24602256726625787,0.9157882928848267,RL_shank_joint,0.0,0.5201897503953473,,0.20647096171975135,0.2654981001499831,0.7935290382802487,0.13071683943271636,pd,0.014757063762044265,0.03476715087890625,0.016785293294380072,0.029113812372088432,0.0,0.0,0.2445526123046875,0.28955078125,0.873733639717102,0.22477248462041644,0.24130966634115225,,False,0.15643890874301913,0.5915377140045166,0.6749999999999998,0.2480926513671875,0.2569623589515686,0.10764851148091635,False,False,rope_taut_during_settle,True,9,1.0050000000000001,0.29444268462275563,0.9157882928848267,RL_shank_joint,0.0,1.4537183657526223,0.09189816736317205,True,17,2.005,0.21203351247551253,0.7532466650009155,RL_shank_joint,0.0,1.0468489364427858,0.009488995215928941,True,9,6.005,0.1878744962329787,0.5915377140045166,FR_thigh_joint,0.0,0.9275713743077844,-0.01467002102660489,False,0,,,,,,,,True,120,,0.20254451725958358,0.7778058052062988,RL_shank_joint,0.0,,,40.86513137817383,0.8219107389450073,1.0,False,,,0.2,1.0
14,14,14,0,0.0,1.0,rigid,35.0,0.5,SPD,speed_track_error,0.250898495228536,0.9178894758224487,RL_shank_joint,0.0,0.5459787964689737,,0.2058081330358982,0.27191788685981755,0.7941918669641018,0.12327738761901856,pd,0.01714598853303266,0.03450775146484375,0.01483627924956229,0.02547953464090824,0.0,0.0,0.250640869140625,0.31494140625,0.8728315830230713,0.22604610674520131,0.2412104251363303,,False,0.1632576107509496,0.5943583250045776,,0.25396728515625,0.2569889426231384,0.10487543998006181,False,False,rope_taut_during_settle,True,9,1.0050000000000001,0.2973430149115211,0.9178894758224487,RL_shank_joint,0.0,1.481104092995546,0.0965853393924816,True,17,2.005,0.21459681393425023,0.7759467363357544,RL_shank_joint,0.0,1.0689345420015997,0.013839138415210728,True,9,6.005,0.18208756008656163,0.5943583250045776,FR_thigh_joint,0.0,0.9070017353796904,-0.018670115432477874,False,0,,,,,,,,True,120,,0.2007576755190395,0.7292357683181763,RL_shank_joint,0.0,,,40.25248336791992,0.7842026948928833,1.0,False,,,0.2,1.0
15,15,15,0,0.0,1.0,rigid,40.0,0.5,SPD,speed_track_error,0.2525947123628356,0.9277181625366211,RL_shank_joint,0.0,0.5718907839203409,,0.23224247796460987,0.2929106535663011,0.7677575220353902,0.14231163263320923,pd,0.023304883922805834,0.04836463928222656,0.020365466181710024,0.036650124937295914,0.0,0.0,0.2878875732421875,0.3494873046875,0.8726139664649963,0.21866518832504767,0.2458441079308784,,False,0.15892882520756862,0.6237046718597412,0.7999999999999998,0.292724609375,0.25701704621315,0.11741135356190713,False,False,rope_taut_during_settle,True,9,1.0050000000000001,0.30026724952863904,0.9277181625366211,RL_shank_joint,0.0,1.447135248388506,0.09277645012823107,True,17,2.005,0.22402256149766606,0.801002025604248,RL_shank_joint,0.0,1.0796746754315392,0.016531762097258096,True,9,6.005,0.19524477874044768,0.6237046718597412,FR_thigh_joint,0.0,0.9409804160215877,-0.012246020659960277,False,0,,,,,,,,True,120,,0.20749079940040796,0.7747951745986938,RL_shank_joint,0.0,,,36.41435623168945,0.7662333250045776,1.0,False,,,0.2,1.0
16,16,16,0,0.0,1.5,inextensible,5.0,0.5,OK,,0.22616940127880858,0.9254295825958252,RR_shank_joint,0.0,0.5002687652577915,0.5499999999999998,0.07649817733094096,0.22481548489697778,0.9704897560800115,0.021384748220443724,pd,0.01472739347716537,0.03158378601074219,0.03139228059571706,0.058419689536094666,0.0,0.0,-0.3152923583984375,-0.3005523681640625,-0.11768163740634918,,,,,0.16691416666133152,0.7557318210601807,0.47500000000000053,0.2396392822265625,0.25384706258773804,0.08565333236298,False,False,rope_taut_during_settle|robot_and_load_speeds_differ,True,9,1.0050000000000001,0.2899867809286739,0.9254295825958252,RR_shank_joint,0.0,1.6152635147594852,0.11045769587294335,True,17,2.005,0.18931795006357505,0.5938796997070312,FL_shank_joint,0.0,1.0545252319689913,0.009788865007844483,True,9,6.005,0.19597259866288602,0.7557318210601807,FR_thigh_joint,0.0,1.0915924770744025,0.016443513607155458,False,0,,,,,,,,True,120,,0.17952908505573056,0.5963361263275146,FL_shank_joint,0.0,,,377.59814453125,1.5021439790725708,1.0,False,,,0.2,1.0
17,17,17,0,0.0,1.5,inextensible,10.0,0.5,COL,stop_collision,0.24501858448975142,0.9249362945556641,RR_shank_joint,0.0,0.6651097468640079,,0.2658918661996722,0.3431471747415757,0.8227387558668852,0.19051861882209778,pd,0.018458793256013482,0.027362823486328125,0.018080738944000703,0.04084886610507965,0.0,0.0,0.4491119384765625,0.4671173095703125,1.346513032913208,-0.007026163198531776,-0.00403290845332549,0.625,True,0.15169933379622516,0.642558753490448,0.6500000000000004,0.215240478515625,0.25384578108787537,0.13357135720737967,False,False,rope_not_continuously_taut,True,9,1.0050000000000001,0.2926852627578705,0.9249362945556641,RR_shank_joint,0.0,1.309902355981282,0.06924474337762068,True,16,2.18,0.2390997199975812,0.8337982892990112,RR_shank_joint,0.0,1.0700821885876601,0.015659200617331392,True,9,6.005,0.20106960113612715,0.642558753490448,FR_thigh_joint,0.0,0.8998797608143223,-0.022370918244122656,True,11,6.055,0.19494961999767388,0.642558753490448,FL_thigh_joint,0.0,0.8724900055656858,-0.02849089938257593,True,120,,0.2234405193802498,0.8337982892990112,RL_shank_joint,0.0,,,33.87173080444336,1.3180121183395386,1.0,True,load_velocity_jump,0.0,0.2,1.0
18,18,18,0,0.0,1.5,inextensible,15.0,0.5,COL,stop_collision,0.24971799520271906,0.9257872104644775,RL_shank_joint,0.0,0.7437080731528855,,0.2937708104774356,0.3777186349080294,0.8041527930150428,0.19959672093391417,pd,0.02586717204734312,0.039734840393066406,0.03131959457899468,0.057451654225587845,0.0,0.0,0.39642333984375,0.490142822265625,1.2680587768554688,-0.0015031164778633865,0.05492234643938332,0.5,True,0.15535128677105295,0.7236214280128479,,0.209442138671875,0.2538449168205261,0.10741030179655475,False,False,rope_not_continuously_taut,True,9,1.0050000000000001,0.2947651477199159,0.9257872104644775,RR_shank_joint,0.0,1.3201030533297937,0.07147564999744041,True,16,2.1550000000000002,0.21992777406259498,0.6684730052947998,RR_shank_joint,0.0,0.984944550934237,-0.0033617236598805222,True,9,6.005,0.19864763757712617,0.7236214280128479,FL_thigh_joint,0.0,0.8896416517718335,-0.02464186014534933,True,17,6.48,0.13973006208408792,0.49270427227020264,RL_shank_joint,0.0,0.6257798217530014,-0.08355943563838758,True,120,,0.2232894977224755,0.8252427577972412,RL_shank_joint,0.0,,,15.338269233703613,1.292615294456482,1.0,True,deck_contact_force|load_velocity_jump,-154.7159881591797,0.2,1.0
19,19,19,0,0.0,1.5,inextensible,20.0,0.5,COL,stop_collision|speed_track_error,0.25454493425847347,0.9283571243286133,RL_shank_joint,0.0,0.7958471666435881,,0.3371188929490745,0.4143454808599631,0.7752540713672836,0.23355022311210633,pd,0.02388672941953081,0.042713165283203125,0.027724155615948026,0.045770831406116486,0.0,0.0,0.4108123779296875,0.4217987060546875,1.2816717624664307,-0.0005646930774787506,0.043879599763812394,0.5,True,0.1826187778570606,0.645815372467041,,0.2122802734375,0.2538476288318634,0.10067298750213846,False,False,rope_not_continuously_taut,True,9,1.0050000000000001,0.2943419542955563,0.9283571243286133,RR_shank_joint,0.0,1.2854073799099692,0.06535466287657271,True,16,2.1550000000000002,0.22786787791014587,0.7356703281402588,RR_shank_joint,0.0,0.9951114601081091,-0.0011194135088377355,True,9,6.005,0.1914656782572608,0.645815372467041,FR_thigh_joint,0.0,0.8361410673526479,-0.03752161316172281,True,17,6.43,0.1823225999261997,0.6077654361724854,FL_thigh_joint,0.0,0.7962127452418293,-0.046664691492783905,True,120,,0.2289872914189836,0.7931467294692993,RL_shank_joint,0.0,,,0.0,1.2199859619140625,1.0,True,deck_contact_force|load_velocity_jump,-345.10357666015625,0.2,1.0
20,20,20,0,5.0,1.5,compliant,25.0,0.5,COL,stop_collision|speed_track_error,0.2572933296961502,0.9251148700714111,RL_shank_joint,0.0,0.8006291834231968,,0.4308703363314271,0.4865867089731793,0.712753109112382,0.4128294986486435,pd,0.012986150577142884,0.028041601181030273,0.01849962427440273,0.03509834036231041,0.0,0.0,-0.0283660888671875,0.415496826171875,1.0008344650268555,0.005134576386154777,0.25559869952289205,,True,0.14614961101172963,0.5657263398170471,0.9249999999999998,-0.0457916259765625,0.25384631752967834,0.09079792646845707,False,True,,True,9,1.0050000000000001,0.2901847405620624,0.9251148700714111,RR_shank_joint,0.0,1.242824864857969,0.05669670152510209,True,17,2.205,0.2376833489182754,0.7509869337081909,RL_shank_joint,0.0,1.017967986277237,0.004195309881315085,True,9,6.005,0.18516275124321657,0.5657263398170471,FR_thigh_joint,0.0,0.7930288506723292,-0.04832528779374373,True,17,6.605,0.12553524167455044,0.5053699016571045,FR_shank_joint,0.0,0.5376517023841151,-0.10795279736240987,True,120,,0.2334880390369603,0.8408554792404175,RL_shank_joint,0.0,,,38.633731842041016,1.22428297996521,1.0,True,deck_contact_force|load_velocity_jump,-26.615842819213867,0.2,1.0
21,21,21,0,5.0,1.5,compliant,30.0,0.5,COL,stop_collision|speed_track_error,0.2573661516176577,0.927078127861023,RR_shank_joint,0.0,0.8774686396778223,,0.4677146201208234,0.5297452806480683,0.6881902532527845,0.4363583141565323,pd,0.014952028341405799,0.033229827880859375,0.01839848900434028,0.03649602830410004,0.0,0.0,-0.2686920166015625,0.36444091796875,0.9378867745399475,0.0079686592524979,0.24669116491764953,,True,0.15261495584664125,0.5272607207298279,,-0.269561767578125,0.24970227479934692,0.09073444777467138,False,False,tension_not_steady,True,9,1.0050000000000001,0.29139032471627785,0.927078127861023,RR_shank_joint,0.0,1.2296588483436548,0.05442189635195602,True,17,2.205,0.24797684218472085,0.7496390342712402,RR_shank_joint,0.0,1.0464551919274006,0.011008413820399021,True,9,6.005,0.17635457208059654,0.5272607207298279,FR_thigh_joint,0.0,0.744211257583496,-0.06061385628372529,True,17,6.53,0.13914010100293292,0.4395524263381958,RL_shank_joint,0.0,0.5871672524620667,-0.09782832736138891,True,120,,0.23696842836432183,0.8622959852218628,RL_shank_joint,0.0,,,39.8674201965332,1.216838002204895,1.0,True,deck_contact_force|load_velocity_jump,-60.612361907958984,0.2,1.0
22,22,22,0,5.0,1.5,compliant,35.0,0.5,COL,stop_collision|speed_track_error,0.2583303298146672,0.9250786304473877,RR_shank_joint,0.0,0.9145350646752737,,0.49044122219085695,0.5560669604124665,0.6730391852060954,0.4530245363712311,pd,0.013505525586344843,0.03171825408935547,0.017698777132631384,0.0323248989880085,0.0,0.0,-0.3744659423828125,0.3519287109375,0.899641215801239,0.007610893052856227,0.23370026817894995,,True,0.14814113622163133,0.6112086772918701,,-0.374267578125,0.2503308355808258,0.137383163590515,False,False,rope_not_continuously_taut|tension_not_steady,True,9,1.0050000000000001,0.2904017885227822,0.9250786304473877,RR_shank_joint,0.0,1.2239958074652255,0.0531446126798554,True,17,2.205,0.23980584600044258,0.7852581739425659,RR_shank_joint,0.0,1.01074222580818,0.002548670157515781,True,9,6.005,0.17753930789179048,0.6112086772918701,FR_thigh_joint,0.0,0.7482990019628667,-0.059717867951136316,True,17,6.58,0.12523705250431882,0.42423534393310547,RL_shank_joint,0.0,0.5278535920331046,-0.11202012333860797,True,120,,0.2372571758429268,0.8241032361984253,RL_shank_joint,0.0,,,77.31515502929688,1.131730556488037,1.0,True,deck_contact_force|load_velocity_jump,-82.60458374023438,0.2,1.0
23,23,23,0,5.0,1.5,compliant,40.0,0.5,COL,stop_collision|speed_track_error,0.2695597963572012,0.9265743494033813,RL_shank_joint,0.0,0.9570598436008437,,0.5157771569862962,0.5818776972734097,0.6561485620091358,0.4675379067659378,pd,0.015822210788560127,0.03827095031738281,0.021126497499315163,0.03384757786989212,0.0,0.0,-0.610992431640625,0.30133056640625,0.8180261254310608,0.012024430367148398,0.2543879372350375,,True,0.14880063718441375,0.6020941734313965,,-0.6020355224609375,0.24861465394496918,0.09626377422907895,False,False,rope_not_continuously_taut|tension_not_steady,True,9,1.0050000000000001,0.29081125577351047,0.9265743494033813,RR_shank_joint,0.0,1.2206428884396239,0.05256691868876223,True,17,2.205,0.2359938603465388,0.7758046388626099,RR_shank_joint,0.0,0.9905539129880393,-0.0022504767382094393,True,9,6.005,0.17040779973333625,0.502476155757904,FR_thigh_joint,0.0,0.7152648487620455,-0.06783653735141199,True,17,6.605,0.13501692792679715,0.6020941734313965,RL_shank_joint,0.0,0.566716210672277,-0.10322740915795109,True,120,,0.23824433708474824,0.8517745733261108,RL_shank_joint,0.0,,,77.63290405273438,1.053503394126892,1.0,True,load_velocity_jump,0.0,0.2,1.0
24,24,24,0,5.0,2.0,rigid,5.0,0.5,OK,,0.2678069831066214,0.9704467058181763,RR_shank_joint,0.0,0.7356340164505092,0.44999999999999996,0.1291872969083488,0.33214590175404185,0.9610762517247349,0.04289129137992859,pd,0.011228183823520936,0.040920257568359375,0.024662910159858876,0.04421659931540489,0.0,0.0,-0.3907623291015625,,-0.0715188980102539,,,,,0.16734185926922165,0.8486087322235107,0.4500000000000002,0.4101409912109375,0.2538619339466095,0.09963950493985442,False,False,rope_taut_during_settle|robot_and_load_speeds_differ,True,9,1.0050000000000001,0.31928385927232117,0.9704467058181763,RR_shank_joint,0.0,1.466505285016962,0.10156636276249562,True,17,2.005,0.23020988051814123,0.5888725519180298,FL_shank_joint,0.0,1.0573788703644766,0.012492384008315677,True,9,6.005,0.2116618997756937,0.8486087322235107,FR_thigh_joint,0.0,0.9721859894992014,-0.006055596734131863,False,0,,,,,,,,True,120,,0.21771749650982555,0.6656862497329712,RR_shank_joint,0.0,,,589.1843872070312,1.996366262435913,1.0,False,,,0.2,1.0
25,25,25,0,5.0,2.0,rigid,10.0,0.5,COL,stop_collision|speed_track_error,0.2722384819192538,0.985399603843689,RL_shank_joint,0.0,1.0902951221914636,4.45,0.45700264055281875,0.5766493052741677,0.7714986797235907,0.34657941102981565,pd,0.03164041388780527,0.051509857177734375,0.021554000196393305,0.04492596909403801,0.0,0.0,0.6233367919921875,0.6336822509765625,1.831032633781433,0.22450701469000478,0.2345616915883113,,True,0.18485638649901667,1.2119358777999878,0.7999999999999998,0.62554931640625,0.25567957758903503,0.15842048788868793,False,False,rope_taut_during_settle,True,9,1.0050000000000001,0.3275242718269563,0.985399603843689,RL_shank_joint,0.0,1.3046212771833474,0.07647496153663591,True,16,2.0300000000000002,0.2675040842976845,0.7634700536727905,RR_shank_joint,0.0,1.06554399208799,0.016454774007364115,True,9,6.005,0.2728303511831736,1.2119358777999878,FR_thigh_joint,0.0,1.0867600108825832,0.02178104089285321,True,13,6.105,0.24797536820960528,1.2119358777999878,FR_thigh_joint,0.0,0.987755624274927,-0.003073942080715125,True,120,,0.2510493102903204,0.8061939477920532,RL_shank_joint,0.0,,,48.529624938964844,1.6722608804702759,1.0,True,load_velocity_jump,0.0,0.2,1.0
26,26,26,0,5.0,2.0,rigid,15.0,0.5,COL,stop_collision|speed_track_error,0.2769080395157104,0.9902867078781128,RL_shank_joint,0.0,1.180252238409421,,0.5506049556285143,0.6524000103486981,0.7246975221857429,0.4519326066970825,pd,0.034560952459180776,0.05303192138671875,0.028905882009864894,0.047126464545726776,0.0,0.0,0.8885040283203125,0.8918304443359375,1.85837984085083,0.21322160286356961,0.22019352760136712,,True,0.20229915596941167,1.250924825668335,,0.8778228759765625,0.2561672031879425,0.19018184577239244,False,False,rope_taut_during_settle,True,9,1.0050000000000001,0.33000780587513845,0.9902867078781128,RL_shank_joint,0.0,1.2862304961724462,0.07343807995340601,True,16,2.0300000000000002,0.2787108860570241,0.8191947937011719,RL_shank_joint,0.0,1.0862968538308604,0.02214116013529166,True,9,6.005,0.2866159570736319,1.250924825668335,FR_thigh_joint,0.0,1.117107468716185,0.030046231151899472,True,17,6.48,0.1540579778660387,0.8007000684738159,FL_thigh_joint,0.0,0.6004526734889785,-0.10251174805569374,True,120,,0.25656972592173244,0.8191947937011719,RL_shank_joint,0.0,,,46.0081901550293,1.5237352848052979,1.0,True,load_velocity_jump,0.0,0.2,1.0
27,27,27,0,5.0,2.0,rigid,20.0,0.5,SPD,speed_track_error,0.28842920811379386,0.9935215711593628,RL_shank_joint,0.0,1.261536410887864,,0.6355039099045098,0.7239707510244505,0.682248045047745,0.5516068112850189,pd,0.01813149805824851,0.0325927734375,0.03206605108022287,0.06069958209991455,0.0,0.0,0.9683074951171875,0.971099853515625,1.64495050907135,0.22558404094593243,0.2285662256813623,,False,0.18839005404730363,1.0661741495132446,,0.9641571044921875,0.25648462772369385,0.12698022565594727,False,False,rope_taut_during_settle,True,9,1.0050000000000001,0.33105437341775734,0.9935215711593628,RL_shank_joint,0.0,1.2935369942496333,0.0751247982378852,True,16,2.0300000000000002,0.2739191731015749,0.8028991222381592,RL_shank_joint,0.0,1.070291203777677,0.017989597921702738,True,9,6.005,0.24877506043746428,1.0661741495132446,FR_thigh_joint,0.0,0.9720449864484028,-0.007154514742407858,False,0,,,,,,,,True,120,,0.25592957517987214,0.8337959051132202,RL_shank_joint,0.0,,,6.555966854095459,1.3565832376480103,1.0,False,,,0.2,1.0
28,28,28,0,5.0,2.0,inextensible,25.0,0.5,COL,stop_collision|speed_track_error,0.28736636394058745,0.9710289239883423,RL_shank_joint,0.0,1.2426793429001997,,0.698571957424283,0.7635302858246248,0.6507140212878585,0.6293221831321716,pd,0.013432256865813912,0.03673553466796875,0.025330340850439097,0.05219866335391998,0.0,0.0,0.994873046875,0.991180419921875,1.471182942390442,-0.0031326187844342712,-0.002598779133705875,0.5,True,0.1723003063281638,0.9320999383926392,,0.7510833740234375,0.25386670231819153,0.12947350053323758,False,False,rope_not_continuously_taut,True,9,1.0050000000000001,0.32116382623365575,0.9710289239883423,RR_shank_joint,0.0,1.2313334508933607,0.06033778759997449,True,16,2.1550000000000002,0.2786561705422913,0.7762305736541748,RL_shank_joint,0.0,1.0683602450200598,0.017830131908610047,True,9,6.005,0.19704948714208242,0.7584755420684814,FR_shank_joint,0.0,0.7554824210585424,-0.06377655149159883,True,17,6.455,0.16023176658001953,0.9320999383926392,FL_thigh_joint,0.0,0.6143242730648455,-0.10059427205366173,True,120,,0.26082603863368126,0.8374435901641846,RL_shank_joint,0.0,,,52.31522750854492,1.3190430402755737,1.0,True,deck_contact_force|load_velocity_jump,-1068.231201171875,0.2,1.0
29,29,29,0,5.0,2.0,inextensible,30.0,0.5,COL,stop_collision|speed_track_error,0.28743209762350985,0.9719177484512329,RL_shank_joint,0.0,1.2951805379405448,,0.7632591695152223,0.8229527175585106,0.6183704152423889,0.6951936244964599,pd,0.01275075712296324,0.034801483154296875,0.02338531699804086,0.04316360503435135,0.0,0.0,0.787353515625,0.785888671875,1.317527413368225,-0.002221340835092178,-0.0018953199738689364,0.5,True,0.16504700943298634,0.9089556932449341,,0.548553466796875,0.2538451850414276,0.1398415213330282,False,False,rope_not_continuously_taut,True,9,1.0050000000000001,0.3222337615986396,0.9719177484512329,RR_shank_joint,0.0,1.2062750058732097,0.055102502118237806,True,16,2.1550000000000002,0.2891192890520742,0.7756367921829224,RL_shank_joint,0.0,1.0823117055429656,0.021988029571672396,True,9,6.005,0.21297648840332742,0.7356095314025879,FR_thigh_joint,0.0,0.7972728044542183,-0.054154771077074365,True,17,6.505,0.15122121311388834,0.9089556932449341,FR_shank_joint,0.0,0.5660932884007263,-0.11591004636651345,True,120,,0.2671312594804018,0.8346582651138306,RL_shank_joint,0.0,,,54.40380096435547,1.2456151247024536,1.0,True,deck_contact_force|load_velocity_jump,-208.17257690429688,0.2,1.0
30,30,30,0,10.0,2.0,compliant,35.0,0.5,SPD,speed_track_error,0.290699894260427,0.9729229211807251,RL_shank_joint,0.0,1.3247466520519724,,1.1060907418420538,1.2017279762385216,0.4469546290789731,1.3123033669497817,pd,0.01437003755135519,0.038280487060546875,0.03114593303084528,0.0656367614865303,0.0,0.0,-1.5173492431640625,0.0046844482421875,0.07318781316280365,0.2310690392461936,0.23354663393192254,,False,0.19809151494730734,0.5893083810806274,,-1.56170654296875,0.25384554266929626,0.1100852414207738,False,False,robot_not_tracking_command,True,9,1.0050000000000001,0.3176754104986373,0.9729229211807251,RR_shank_joint,0.0,1.1981859433778081,0.05254510058774153,True,16,2.18,0.2861885849927617,0.7658178806304932,RL_shank_joint,0.0,1.079426132338257,0.021058275081865918,True,9,6.005,0.17555654749853553,0.4529554843902588,FR_shank_joint,0.0,0.6621519341094425,-0.08957376241236023,False,0,,,,,,,,True,120,,0.26513030991089576,0.9055650234222412,RL_shank_joint,0.0,,,56.237430572509766,1.152832269668579,1.0,False,,,0.2,1.0
31,31,31,0,10.0,2.0,compliant,40.0,0.5,SPD,speed_track_error,0.2914374372459978,0.9746769666671753,RL_shank_joint,0.0,1.39224568080941,,1.1478669556993555,1.2493562344198623,0.42606652215032226,1.3504478516093514,pd,0.012598631778335787,0.0323333740234375,0.029434942557870953,0.05713062733411789,0.0,0.0,-1.327178955078125,-1.399261474609375,-0.0324057936668396,0.20229301613335338,0.2072418308917463,,False,0.21972028118751238,0.7439073324203491,,-1.3544769287109375,0.2538636028766632,0.12521995067242453,False,False,robot_not_tracking_command,True,9,1.0050000000000001,0.319631890975097,0.9746769666671753,RR_shank_joint,0.0,1.1889492101428925,0.05079627693176675,True,16,2.18,0.28764196475373777,0.7657196521759033,RL_shank_joint,0.0,1.069954833839003,0.018806350710407538,True,9,6.005,0.17737351354300263,0.3834453821182251,FR_shank_joint,0.0,0.6597842855538255,-0.0914621005003276,False,0,,,,,,,,True,120,,0.26883561404333023,0.9384781122207642,RL_shank_joint,0.0,,,56.84916687011719,1.1189494132995605,1.0,False,,,0.2,1.0
32,32,32,0,10.0,0.5,compliant,5.0,0.5,OK,,0.16128599761155651,0.5922282934188843,FL_shank_joint,0.0,0.13577356180904335,0.17499999999999982,0.04486078762449324,0.0742303825507873,0.9983792753331363,0.04528174489736557,pd,0.004632433990323616,0.0097198486328125,0.02453988570507609,0.04712807387113571,0.0,0.0,-0.4469757080078125,,-0.08189412206411362,,,,,0.14675507579044167,0.44333434104919434,0.625,-0.0479583740234375,0.25385087728500366,0.1728851185122962,False,False,rope_taut_during_settle|robot_and_load_speeds_differ,True,9,1.0050000000000001,0.19404772233298737,0.5922282934188843,RR_shank_joint,0.0,1.2890013000219287,0.0435065845314303,True,17,2.005,0.14767918998336374,0.48856019973754883,FR_shank_joint,0.0,0.9809889319292515,-0.0028619478181933222,True,9,6.005,0.14805114266590974,0.44079530239105225,FR_shank_joint,0.0,0.9834597029621921,-0.0024899951356473216,False,0,,,,,,,,True,120,,0.15054113780155706,0.5253039598464966,FR_shank_joint,0.0,,,34167.57421875,0.5089840292930603,1.0,False,,,0.2,1.0
33,33,33,0,10.0,0.5,compliant,10.0,0.5,COL,stop_collision,0.17490234556093448,0.6468676328659058,FL_shank_joint,0.0,0.1580542763696589,0.6499999999999999,0.05820622175000608,0.08275497312092707,0.8840402132458984,0.0459296727180481,pd,0.006339670894701213,0.00873565673828125,0.013101153745554785,0.039533935487270355,0.0,0.0,0.155426025390625,0.1666107177734375,0.42670542001724243,0.0020744439620159483,0.0020907737940092375,,True,0.15139202370980656,0.4730304479598999,0.7750000000000004,-0.0729827880859375,0.2538626194000244,0.20940488483834405,False,False,rope_not_continuously_taut,True,9,1.0050000000000001,0.19420653973273666,0.5926296710968018,RR_shank_joint,0.0,1.209770015807555,0.03367475501735967,True,17,2.2800000000000002,0.16236417215625792,0.571007490158081,RL_shank_joint,0.0,1.011414483705702,0.0018323874408809337,True,9,6.005,0.141582088384926,0.3658033013343811,FR_thigh_joint,0.0,0.8819567329669398,-0.018949696330450988,True,17,6.83,0.15473932436645374,0.42674481868743896,RL_shank_joint,0.0,0.9639170500770717,-0.005792460348923251,True,120,,0.160531784715377,0.5816265344619751,RL_shank_joint,0.0,,,0.0,0.4573316276073456,1.0,True,deck_contact_force,-111.34204864501953,0.2,1.0
34,34,34,0,10.0,0.5,rigid,15.0,0.5,OK,,0.17351063591521776,0.611929178237915,RR_shank_joint,0.0,0.17938387610106596,,0.06086521403864026,0.09125535130631415,0.8782695719227195,0.04736218094825745,pd,0.006228946827897304,0.01378631591796875,0.015761714701794972,0.036628372967243195,0.0,0.0,-0.10015869140625,0.0549468994140625,0.4211500883102417,0.22427844317229528,0.23878932066713787,,False,0.15885077742132736,0.4686446785926819,0.9000000000000004,-0.093353271484375,0.2561671733856201,0.2037109150852067,False,False,rope_taut_during_settle,True,9,1.0050000000000001,0.2086633273838172,0.611929178237915,RR_shank_joint,0.0,1.2889989640501864,0.0467831915548694,True,16,2.0300000000000002,0.1600597986035998,0.5925904512405396,FR_shank_joint,0.0,0.9887550302819644,-0.0018203372253479955,True,9,6.005,0.15134197217127257,0.4686446785926819,FR_thigh_joint,0.0,0.9349014404780924,-0.010538163657675237,False,0,,,,,,,,True,120,,0.1618801358289478,0.5925904512405396,RL_shank_joint,0.0,,,25.173381805419922,0.4377773106098175,1.0,False,,,0.2,1.0
35,35,35,0,10.0,0.5,rigid,20.0,0.5,OK,,0.17457248938100145,0.6316657066345215,RR_shank_joint,0.0,0.18866716035260475,,0.06478336416184902,0.09531205686387913,0.8704332716763019,0.04641057670116425,pd,0.006396474908981228,0.0154266357421875,0.038836955384478226,0.08384964615106583,0.0,0.0,-0.055023193359375,0.069244384765625,0.43709704279899597,0.21772712272152717,0.259164104768729,,False,0.15549954640482555,0.5038343071937561,0.9750000000000005,-0.0476531982421875,0.25657719373703003,0.21401653607587867,False,False,rope_taut_during_settle,True,9,1.0050000000000001,0.21071280223582314,0.6081453561782837,RR_shank_joint,0.0,1.3076061482722163,0.049568865650449184,True,16,2.0300000000000002,0.160112699059248,0.5571432113647461,RL_shank_joint,0.0,0.9936005192129608,-0.0010312375261259665,True,9,6.005,0.16320769998412846,0.5038343071937561,FR_thigh_joint,0.0,1.0128069565786058,0.002063763398754498,False,0,,,,,,,,True,120,,0.16114393658537396,0.5973581075668335,RL_shank_joint,0.0,,,13.1240816116333,0.4645865261554718,1.0,False,,,0.2,1.0
36,36,36,0,10.0,0.5,rigid,25.0,0.5,OK,,0.17995722774514697,0.633804202079773,RL_shank_joint,0.0,0.19564393799796556,,0.06638591196388006,0.09844030098880685,0.8672281760722399,0.04762057363986969,pd,0.006830540926958545,0.01422882080078125,0.027948770709408724,0.05544985085725784,0.0,0.0,-0.059967041015625,0.0769805908203125,0.43782326579093933,0.21953391440214887,0.25232996662296614,,False,0.15352906861653123,0.48568886518478394,,-0.0519866943359375,0.25690552592277527,0.21740552703238367,False,False,rope_taut_during_settle,True,9,1.0050000000000001,0.21363547470769723,0.6092643737792969,RR_shank_joint,0.0,1.3311710652088478,0.053148606948007826,True,17,2.005,0.16043710933212815,0.5747138261795044,FR_shank_joint,0.0,0.9996899532762036,-4.9758427561247265e-05,True,9,6.005,0.15512177648815995,0.48568886518478394,FR_thigh_joint,0.0,0.9665699047752426,-0.005365091271529454,False,0,,,,,,,,True,120,,0.1604868677596894,0.5906569957733154,RL_shank_joint,0.0,,,6.381354331970215,0.46558380126953125,1.0,False,,,0.2,1.0
37,37,37,0,10.0,0.5,rigid,30.0,0.5,OK,,0.18440775660946226,0.6264837980270386,RL_shank_joint,0.0,0.20554468018032135,,0.06971955470740795,0.10256742612517272,0.8605608905851841,0.04765550762414932,pd,0.007243311184786928,0.0142059326171875,0.02526244263344689,0.05107522010803223,0.0,0.0,-0.054534912109375,0.0872039794921875,0.43818220496177673,0.22077212317833528,0.2521672006613471,,False,0.15352608909952808,0.4712885618209839,,-0.046630859375,0.2571437358856201,0.21274078251231712,False,False,rope_taut_during_settle,True,9,1.0050000000000001,0.2168175803577269,0.6101975440979004,RR_shank_joint,0.0,1.3481176712074998,0.055987717365481665,True,16,2.0300000000000002,0.16442058986603722,0.572992205619812,FR_shank_joint,0.0,1.0223262446848265,0.0035907268737919718,True,9,6.005,0.15701275889988728,0.44795143604278564,FR_thigh_joint,0.0,0.9762661981964007,-0.00381710409235797,False,0,,,,,,,,True,120,,0.16082986299224525,0.6106427907943726,RL_shank_joint,0.0,,,5.025137424468994,0.4530404210090637,1.0,False,,,0.2,1.0
38,38,38,0,10.0,0.5,inextensible,35.0,0.5,COL,stop_collision,0.1831239937258044,0.7024085521697998,RL_shank_joint,0.0,0.2243884237153369,,0.08015926701016723,0.11179186338407639,0.8397417286597192,0.04862514287233353,pd,0.0064677829955668955,0.011627197265625,0.011644173298957741,0.03843086585402489,0.0,0.0,0.1815032958984375,0.2465362548828125,0.44550713896751404,-2.893202778864179e-05,0.024813315090824517,2.000000000000001,True,0.14172781983787885,0.49274981021881104,0.7750000000000004,-0.0302886962890625,0.2538660764694214,0.0644166337906983,False,False,rope_not_continuously_taut,True,9,1.0050000000000001,0.19441616952830615,0.5911341905593872,RR_shank_joint,0.0,1.1943502532639358,0.031636307425875865,True,17,2.255,0.16626163948058512,0.6000051498413086,RL_shank_joint,0.0,1.0213894847506622,0.0034817773781548322,True,9,6.005,0.14190391245206593,0.39751505851745605,FR_thigh_joint,0.0,0.8717534873126503,-0.02087594965036435,True,17,6.655,0.1355705407545936,0.49274981021881104,RR_shank_joint,0.0,0.8328459000001177,-0.027209321347836685,True,120,,0.16277986210243028,0.6000051498413086,RL_shank_joint,0.0,,,10.089578628540039,0.44363313913345337,1.0,True,deck_contact_force|load_velocity_jump,-106.99356842041016,0.2,1.0
39,39,39,0,10.0,0.5,inextensible,40.0,0.5,COL,stop_collision,0.18502019736616954,0.7073068618774414,RL_shank_joint,0.0,0.23540154954380801,,0.08412294913083315,0.11685326789321657,0.8317889573425055,0.0512995457649231,pd,0.005894354256978755,0.0094146728515625,0.010932932111599103,0.038928646594285965,0.0,0.0,0.0887298583984375,0.252105712890625,0.4401329457759857,-0.0007740455102407395,0.11307057051229208,0.75,True,0.1344755255262436,0.41341280937194824,0.8250000000000002,-0.0338592529296875,0.2538730502128601,0.07643094151990609,False,False,rope_not_continuously_taut,True,9,1.0050000000000001,0.1938246765526592,0.5883047580718994,RR_shank_joint,0.0,1.1773594658410673,0.02919808444028582,True,17,2.255,0.17028683349047852,0.5862274169921875,RL_shank_joint,0.0,1.0343823030379047,0.005660241378105141,True,9,6.005,0.14567960299765056,0.4029977321624756,FR_thigh_joint,0.0,0.8849093037059913,-0.018946989114722812,True,17,6.58,0.13617610154752247,0.41341280937194824,RL_shank_joint,0.0,0.8271816831060274,-0.02845049056485091,True,120,,0.16462659211237338,0.610489010810852,RL_shank_joint,0.0,,,18.63942527770996,0.4478789269924164,1.0,True,deck_contact_force,-84.44725036621094,0.2,1.0
40,40,0,1,0.0,0.5,compliant,10.0,0.5526315789473684,OK,,0.16106236119720088,0.5917662382125854,FL_shank_joint,0.0,0.13583474096032744,0.19999999999999996,0.03934219776652753,0.06824214608719906,1.0366212117858231,0.032284239530563356,pd,0.006534196737031647,0.00921630859375,0.013647053868586351,0.03976010903716087,0.0,0.0,-0.85125732421875,,-0.13809175789356232,,,,,0.1491033607298338,0.4542374610900879,0.6749999999999998,-0.01663970947265625,0.25384968519210815,0.0831162674560641,False,False,rope_taut_during_settle|robot_and_load_speeds_differ,True,9,1.0050000000000001,0.19374693082224917,0.5917662382125854,RR_shank_joint,0.0,1.2922864661810347,0.043821248016941955,True,17,2.005,0.1471281611453441,0.48830580711364746,FR_shank_joint,0.0,0.9813406108438675,-0.002797521659963109,True,9,6.005,0.148962810674863,0.4542374610900879,FR_thigh_joint,0.0,0.993577670533643,-0.0009628721304442145,False,0,,,,,,,,True,120,,0.14992568280530721,0.5118952989578247,FR_shank_joint,0.0,,,1695.4488525390625,0.5064655542373657,1.0,False,,,0.2,1.0
41,41,1,1,0.0,0.5,compliant,15.0,0.5526315789473684,LOW,stop_margin_low,0.1736353892788253,0.6438615322113037,RR_shank_joint,0.0,0.20470623470649618,,0.0767408845666796,0.10482560725855783,0.8465182308666408,0.05467684149742127,pd,0.006449701526031241,0.0093841552734375,0.012094417770590542,0.042238492518663406,0.0,0.0,0.13407135009765625,0.21985626220703125,0.4582638144493103,0.07524326439647666,0.16296584633569466,,False,0.13819937099563684,0.3583102226257324,0.5499999999999998,0.00289154052734375,0.25385159254074097,0.07242474925130109,False,False,load_moved_during_settle,True,9,1.0050000000000001,0.19484984437065256,0.5872989892959595,RR_shank_joint,0.0,1.2486415832362734,0.03880038471255448,True,17,2.23,0.16590092086308128,0.5804187059402466,RL_shank_joint,0.0,1.0631303769110614,0.009851461204983203,True,9,6.005,0.13875505022152465,0.33192670345306396,FR_shank_joint,0.0,0.8891735384764214,-0.017294409436573427,False,0,,,,,,,,True,120,,0.15604945965809808,0.613297700881958,FR_shank_joint,0.0,,,9.580297470092773,0.464863121509552,1.0,False,,,0.2,1.0
42,42,2,1,0.0,0.5,compliant,20.0,0.5526315789473684,LOW,stop_margin_low,0.18179289958140135,0.6717798709869385,RL_shank_joint,0.0,0.20882156090832385,,0.0902005800139159,0.11529403053707225,0.8201237041689455,0.07450203359127044,pd,0.00559605776064212,0.007904052734375,0.013597979026051945,0.038957975804805756,0.0,0.0,0.1452178955078125,0.24086761474609375,0.4376884698867798,0.014042575712153393,0.11304359108125084,,False,0.1509755331289758,0.43323051929473877,0.75,-0.036346435546875,0.25384992361068726,0.08141648511433601,False,True,,True,9,1.0050000000000001,0.19498021192751364,0.5870305299758911,RR_shank_joint,0.0,1.2290783636231788,0.03634084628712042,True,17,2.2800000000000002,0.16048692500043252,0.5702978372573853,FL_shank_joint,0.0,1.0116462856024486,0.0018475593600393025,True,9,6.005,0.14621923744015822,0.4099579453468323,FR_thigh_joint,0.0,0.9217084098256596,-0.012420128200234998,False,0,,,,,,,,True,120,,0.15863936564039322,0.6877987384796143,RL_shank_joint,0.0,,,21.67123031616211,0.44524314999580383,1.0,False,,,0.2,1.0
43,43,3,1,0.0,0.5,compliant,25.0,0.5526315789473684,LOW,stop_margin_low,0.18462919039913944,0.6326158046722412,RR_shank_joint,0.0,0.23001704226235795,,0.09633127980865538,0.12337241831530528,0.8073374403826893,0.07299365609884262,pd,0.005661802942173029,0.0082244873046875,0.013173214428267249,0.041616491973400116,0.0,0.0,0.141998291015625,0.21135711669921875,0.41281184554100037,0.04494627516356786,0.11500985971420619,,False,0.1451912171040656,0.3998699188232422,0.6500000000000004,-0.03015899658203125,0.2538512945175171,0.0815884517565478,False,False,load_moved_during_settle,True,9,1.0050000000000001,0.194485583228523,0.5916491746902466,RR_shank_joint,0.0,1.2021526355800791,0.032704477009280586,True,17,2.205,0.16439564848065744,0.5946036577224731,FR_shank_joint,0.0,1.0161609864249033,0.002614542261415026,True,9,6.005,0.13287687305983217,0.3502631187438965,FR_thigh_joint,0.0,0.821337399435013,-0.028904233159410236,False,0,,,,,,,,True,120,,0.1617811062192424,0.5952285528182983,RL_shank_joint,0.0,,,12.51728630065918,0.3948824405670166,1.0,False,,,0.2,1.0
44,44,4,1,0.0,0.5,compliant,30.0,0.5526315789473684,LOW,stop_margin_low,0.18748976917129948,0.7110720872879028,RR_shank_joint,0.0,0.2418824974885503,,0.09790934957098216,0.126811716981795,0.8044587652478367,0.06924041002988815,pd,0.004931360829319477,0.009735107421875,0.011497119302821771,0.041389524936676025,0.0,0.0,0.18854522705078125,0.266021728515625,0.4325159788131714,0.014800985819974244,0.09195728756628796,,False,0.13257462530273523,0.39336133003234863,0.5,-0.0086212158203125,0.25385114550590515,0.079719812184521,False,False,load_moved_during_settle|rope_not_continuously_taut,True,9,1.0050000000000001,0.1938344072446886,0.5924736261367798,RR_shank_joint,0.0,1.17508845736916,0.028881372407929456,True,17,2.205,0.16939920732075459,0.592476487159729,FL_shank_joint,0.0,1.0269541720671915,0.004446172483995453,True,9,6.005,0.13749902285244597,0.39336133003234863,FR_thigh_joint,0.0,0.8335646748695336,-0.02745401198431316,False,0,,,,,,,,True,120,,0.16495303483675913,0.6378300189971924,RL_shank_joint,0.0,,,28.292064666748047,0.4236525893211365,1.0,False,,,0.2,1.0
45,45,5,1,0.0,0.5,compliant,35.0,0.5526315789473684,COL,stop_collision|speed_track_error,0.18562371807391356,0.7179111242294312,RL_shank_joint,0.0,0.25174913998270354,,0.10744100949377752,0.13524094794272534,0.7851444407063536,0.07694954007863998,pd,0.007609094871672428,0.01122283935546875,0.013646096251916985,0.037859462201595306,0.0,0.0,0.14788818359375,0.23967742919921875,0.4209439754486084,0.012037770485704868,0.09653576534645936,,True,0.14898990586941072,0.41226911544799805,0.7000000000000002,-0.03713226318359375,0.2538492977619171,0.08404943369202435,False,False,rope_not_continuously_taut,True,9,1.0050000000000001,0.1942058274827029,0.5880194902420044,RR_shank_joint,0.0,1.1748487985630096,0.028903000667676593,True,17,2.255,0.17598245166217863,0.6001297235488892,RL_shank_joint,0.0,1.0646064259935664,0.01067962484715232,True,9,6.005,0.13268218071966656,0.3340904116630554,FL_thigh_joint,0.0,0.8026612930711571,-0.03262064609535975,True,17,7.08,0.15427127330487395,0.3931770324707031,RL_shank_joint,0.0,0.9332645803904088,-0.011031553510152364,True,120,,0.1653028268150263,0.6171125173568726,RL_shank_joint,0.0,,,13.74903678894043,0.4037626087665558,1.0,True,deck_contact_force,-12.668296813964844,0.2,1.0
46,46,6,1,0.0,0.5,compliant,40.0,0.5526315789473684,SPD,stop_margin_low|speed_track_error,0.18664051094346268,0.6142444610595703,RR_shank_joint,0.0,0.26865287088101414,,0.12124631699174643,0.14620483595674666,0.7575073660165071,0.08294699221849441,pd,0.0034266454235397253,0.00868988037109375,0.010209859929328572,0.04157751798629761,0.0,0.0,0.19493865966796875,0.27732086181640625,0.42116326093673706,0.005759273656082087,0.08727152403552907,,False,0.130331146332197,0.4016510248184204,0.5250000000000004,-0.00450897216796875,0.25385281443595886,0.07516737045378996,False,False,load_moved_during_settle|rope_not_continuously_taut,True,9,1.0050000000000001,0.19477469204268655,0.5876110792160034,RR_shank_joint,0.0,1.152737987334941,0.025807681167133112,True,17,2.23,0.17397001991342384,0.5965842008590698,FR_shank_joint,0.0,1.0296093835829006,0.005003009037870404,True,9,6.005,0.13290817967877533,0.4016510248184204,FR_thigh_joint,0.0,0.7865924773721898,-0.03605883119677811,False,0,,,,,,,,True,120,,0.16896701087555344,0.6481003761291504,RL_shank_joint,0.0,,,17.734907150268555,0.37482115626335144,1.0,False,,,0.2,1.0
47,47,7,1,0.0,1.0,compliant,5.0,0.5526315789473684,COL,stop_collision,0.21543004015604025,0.8761601448059082,RR_shank_joint,0.0,0.32982382619529815,,0.12192249394021928,0.1707463359706056,0.8780775060597807,0.09137733399868012,pd,0.022521998736020343,0.0365447998046875,0.022376163939969922,0.037523459643125534,0.0,0.0,0.2365264892578125,0.23201751708984375,0.8970416188240051,0.13836227325306538,0.13836230287270723,,True,0.14939804998297115,0.5673400163650513,0.25,0.08405303955078125,0.2538521885871887,0.09973901955666553,False,False,load_moved_during_settle,True,9,1.0050000000000001,0.26474341615104147,0.8761601448059082,RR_shank_joint,0.0,1.376758663312082,0.07244870015910024,True,16,2.18,0.1974885570666846,0.6833549737930298,RL_shank_joint,0.0,1.0270097961244087,0.005193841074743383,True,9,6.005,0.17247130259731355,0.5673400163650513,FR_thigh_joint,0.0,0.8969112942476358,-0.019823413394627676,True,10,6.03,0.17049422155260643,0.5673400163650513,FR_thigh_joint,0.0,0.8866297790509833,-0.021800494439334794,True,120,,0.19229471599194123,0.7320383787155151,RL_shank_joint,0.0,,,18.96546745300293,0.8997979164123535,1.0,True,load_velocity_jump,0.0,0.2,1.0
48,48,8,1,0.0,1.0,rigid,10.0,0.5263157894736842,OK,,0.19090291293606543,0.8758801221847534,RR_shank_joint,0.0,0.2928870117434171,0.575,0.05499745011329651,0.13438724838646113,0.9995708513259888,0.02796853184700012,pd,0.013252678820210632,0.02382659912109375,0.006889640006615401,0.02299286611378193,0.0,0.0,0.00555419921875,0.0,-0.002209592843428254,,,,,0.14865394387577047,0.5742906332015991,0.2999999999999998,0.1444549560546875,0.25385287404060364,0.0698381061850074,False,False,rope_taut_during_settle|robot_and_load_speeds_differ,True,9,1.0050000000000001,0.26083189289529624,0.8758801221847534,RR_shank_joint,0.0,1.4949662589064368,0.08635846157779348,True,17,2.005,0.16843820386604041,0.5891298055648804,RL_shank_joint,0.0,0.9654089026283917,-0.006035227451462344,True,9,6.005,0.17056446156501748,0.5742906332015991,FL_thigh_joint,0.0,0.9775956160031505,-0.003908969752485281,False,0,,,,,,,,True,120,,0.17447343131750276,0.6098675727844238,FR_shank_joint,0.0,,,375.7297668457031,0.9803142547607422,1.0,False,,,0.2,1.0
49,49,9,1,0.0,1.0,rigid,15.0,0.5263157894736842,OK,,0.2270475259905701,0.8916860818862915,RL_shank_joint,0.0,0.43160592331822834,,0.16415334787219762,0.22039255097255867,0.8358466521278024,0.1119014972448349,pd,0.018740030672725158,0.045406341552734375,0.010403791833755588,0.02303003892302513,0.0,0.0,0.14917755126953125,0.19678497314453125,0.8807612657546997,0.24687381856107038,0.2652932966878012,,False,0.1492143291564013,0.5561242699623108,,0.1514434814453125,0.25595447421073914,0.1085959216162097,False,False,rope_taut_during_settle,True,9,1.0050000000000001,0.28418237686536707,0.8916860818862915,RR_shank_joint,0.0,1.426081919137145,0.08490744528407865,True,16,2.0300000000000002,0.200491051970868,0.7476634979248047,RL_shank_joint,0.0,1.0061027264188698,0.001216120389579578,True,9,6.005,0.1823005635107878,0.5561242699623108,FR_thigh_joint,0.0,0.9148193506538658,-0.016974368070500623,False,0,,,,,,,,True,120,,0.19927493158128842,0.7625573873519897,RL_shank_joint,0.0,,,32.95964813232422,0.8493829965591431,1.0,False,,,0.2,1.0
50,50,10,1,0.0,1.0,rigid,20.0,0.5263157894736842,OK,,0.23145826798511906,0.9047281742095947,RL_shank_joint,0.0,0.4626319376771172,,0.17591761758551003,0.23490754773033767,0.82408238241449,0.11932472050189973,pd,0.02117790541411671,0.042865753173828125,0.011302315170992297,0.019624439999461174,0.0,0.0,0.191497802734375,0.23609161376953125,0.8860600590705872,0.25396669284751283,0.2652190590856378,,False,0.1447501338496887,0.5974218845367432,,0.19429779052734375,0.2560940086841583,0.11321477768528149,False,False,rope_taut_during_settle,True,9,1.0050000000000001,0.2926662491599784,0.9047281742095947,RL_shank_joint,0.0,1.4740568273808154,0.09412149584812424,True,17,2.005,0.20083347027945356,0.7209820747375488,RL_shank_joint,0.0,1.0115274613376688,0.0022887169675993857,True,9,6.005,0.184126377611869,0.5974218845367432,FR_thigh_joint,0.0,0.927379719385794,-0.014418375699985164,False,0,,,,,,,,True,120,,0.19854475331185417,0.7678009271621704,RL_shank_joint,0.0,,,20.945964813232422,0.8908629417419434,1.0,False,,,0.2,1.0
51,51,11,1,0.0,1.0,rigid,25.0,0.5263157894736842,SPD,speed_track_error,0.24189168701828173,0.9114446640014648,RL_shank_joint,0.0,0.49812207606921766,,0.20435599606484176,0.2588019789263413,0.7956440039351582,0.15018533527851105,pd,0.016934492949463097,0.03496551513671875,0.014993228307209795,0.02535323053598404,0.0,0.0,0.1583251953125,0.21195220947265625,0.8365360498428345,0.2530308992449477,0.26856919156166725,,False,0.1564276546397266,0.5874000787734985,0.9750000000000005,0.1607666015625,0.25666335225105286,0.09935112822673585,False,False,rope_taut_during_settle,True,9,1.0050000000000001,0.29410645513340916,0.9114446640014648,RL_shank_joint,0.0,1.47337390537965,0.09449218610125495,True,17,2.005,0.21130196595342726,0.7584754228591919,RL_shank_joint,0.0,1.0585514100667341,0.011687696921273055,True,9,6.005,0.18870315634643609,0.5874000787734985,FR_thigh_joint,0.0,0.9453390143970092,-0.010911112685718122,False,0,,,,,,,,True,120,,0.1996142690321542,0.764634370803833,RL_shank_joint,0.0,,,37.79872512817383,0.8615089058876038,1.0,False,,,0.2,1.0
52,52,12,1,0.0,1.0,rigid,30.0,0.5263157894736842,SPD,speed_track_error,0.24725516270284667,0.9140979051589966,RL_shank_joint,0.0,0.5214084593754535,,0.2048483176715672,0.2652760396142273,0.7951516823284328,0.1320319527387619,pd,0.021459986816558665,0.039783477783203125,0.015587453466724464,0.029385339468717575,0.0,0.0,0.28424835205078125,0.30144500732421875,0.8898680210113525,0.2537444746982658,0.2655092216878785,,False,0.1810072953445191,0.7698766887187958,0.7750000000000004,0.28688812255859375,0.2569051682949066,0.1429738317468081,False,False,rope_taut_during_settle,True,9,1.0050000000000001,0.29660962095050686,0.9140979051589966,RL_shank_joint,0.0,1.472466892367261,0.09517241208148272,True,17,2.005,0.21390923998413766,0.7603371143341064,RL_shank_joint,0.0,1.061915229987241,0.012472031115113524,True,9,6.005,0.21392275146055945,0.7698766887187958,FR_thigh_joint,0.0,1.061982305362727,0.012485542591535309,False,0,,,,,,,,True,120,,0.20143720886902414,0.7641115188598633,RL_shank_joint,0.0,,,38.23814010620117,0.8336083292961121,1.0,False,,,0.2,1.0
53,53,13,1,0.0,1.0,rigid,35.0,0.5263157894736842,SPD,speed_track_error,0.2502106636078584,0.9185069799423218,RL_shank_joint,0.0,0.557093320731156,,0.24532707324251532,0.2961153240194194,0.7546729267574847,0.17437589526176453,pd,0.016037132100889504,0.0298004150390625,0.019450143934750804,0.03446322679519653,0.0,0.0,0.19092559814453125,0.2442626953125,0.8368698954582214,0.24238050411547363,0.2703303474420551,,False,0.1561841119140865,0.5937597751617432,,0.19525909423828125,0.25688618421554565,0.09447650275741101,False,False,rope_taut_during_settle,True,9,1.0050000000000001,0.29844670006329577,0.9185069799423218,RL_shank_joint,0.0,1.4396604277977747,0.09114316215899645,True,17,2.005,0.21651542155373268,0.7944313287734985,RL_shank_joint,0.0,1.0444366928927473,0.009211883649433372,True,9,6.005,0.17678397689856667,0.5937597751617432,FL_thigh_joint,0.0,0.8527783880860642,-0.030519561005732637,False,0,,,,,,,,True,120,,0.2073035379042993,0.7731266021728516,RL_shank_joint,0.0,,,37.41743850708008,0.7692733407020569,1.0,False,,,0.2,1.0
54,54,14,1,0.0,1.0,rigid,40.0,0.5263157894736842,SPD,speed_track_error,0.25374873928786557,0.9244512319564819,RL_shank_joint,0.0,0.5811013352617328,,0.264827433899045,0.31347082214899435,0.735172566100955,0.19322727024555206,pd,0.014805695118643217,0.026050567626953125,0.01936540113724822,0.03434710577130318,0.0,0.0,0.23028564453125,0.28711700439453125,0.8185467720031738,0.25039344458983237,0.2706798200962055,,False,0.1616858250475608,0.612896203994751,0.7250000000000005,0.2344818115234375,0.25687503814697266,0.10409657460760267,False,False,rope_taut_during_settle,True,9,1.0050000000000001,0.3014012156735094,0.9244512319564819,RL_shank_joint,0.0,1.4298067296315728,0.09060264449097391,True,17,2.005,0.2195654986189013,0.7592247724533081,RL_shank_joint,0.0,1.0415891217249964,0.008766927436365785,True,9,6.005,0.17953934268390032,0.612896203994751,FR_thigh_joint,0.0,0.8517104346425238,-0.03125922849863519,False,0,,,,,,,,True,120,,0.2107985711825355,0.7745764255523682,RL_shank_joint,0.0,,,54.53486633300781,0.7183218002319336,1.0,False,,,0.2,1.0
55,55,15,1,0.0,1.5,rigid,5.0,0.5263157894736842,COL,stop_collision,0.2430671786742135,0.9047832489013672,RR_shank_joint,0.0,0.623448954545314,4.375,0.22186903450638057,0.3139447576977687,0.8520873103290797,0.15500229954719544,pd,0.02998275136887672,0.04194831848144531,0.021559252438922906,0.03883786499500275,0.0,0.0,0.227264404296875,0.22550201416015625,1.3003425598144531,0.24622959036156544,0.26280894256487386,,True,0.1633215563260224,0.7999982237815857,0.40000000000000036,0.230316162109375,0.2549963891506195,0.10381700907074456,False,False,rope_taut_during_settle,True,9,1.0050000000000001,0.30071529998440616,0.9047832489013672,RR_shank_joint,0.0,1.3914703903163987,0.08460196974241074,True,17,2.005,0.2145224487959441,0.7370657920837402,RL_shank_joint,0.0,0.9926386704407826,-0.0015908814460513232,True,9,6.005,0.21154701812447935,0.7999982237815857,FR_thigh_joint,0.0,0.9788707521539607,-0.004566312117516069,True,10,6.03,0.207043169002949,0.7999982237815857,FR_thigh_joint,0.0,0.9580305331980679,-0.009070161239046415,True,120,,0.21611333024199542,0.8375523090362549,RL_shank_joint,0.0,,,32.801822662353516,1.3903939723968506,1.0,True,load_velocity_jump,0.0,0.2,1.0
56,56,16,1,0.0,1.5,inextensible,10.0,0.5526315789473684,OK,,0.22562050773713818,0.9250729084014893,RR_shank_joint,0.0,0.5002958427831775,0.5499999999999998,0.07604600958526135,0.2247992730339801,0.9705974694589773,0.020971753597259522,pd,0.01700450163960939,0.03269386291503906,0.033343288553596896,0.06193900853395462,0.0,0.0,-0.850555419921875,,-0.12986184656620026,,,,,0.16631775414049704,0.7495642900466919,0.4249999999999998,0.24512481689453125,0.25385159254074097,0.08629833283497784,False,False,rope_taut_during_settle|robot_and_load_speeds_differ,True,9,1.0050000000000001,0.2902450373590014,0.9250729084014893,RR_shank_joint,0.0,1.6148518697147454,0.11051026242247947,True,17,2.005,0.18846194230199342,0.5854614973068237,FL_shank_joint,0.0,1.0485558087941174,0.008727167365471467,True,9,6.005,0.1956507391335418,0.7495642900466919,FR_thigh_joint,0.0,1.0885525030013863,0.01591596419701985,False,0,,,,,,,,True,120,,0.17973477493652196,0.5960551500320435,FL_shank_joint,0.0,,,602.063720703125,1.5022236108779907,1.0,False,,,0.2,1.0
57,57,17,1,0.0,1.5,inextensible,15.0,0.5526315789473684,COL,stop_collision,0.24924882162433587,0.9246981143951416,RR_shank_joint,0.0,0.7352854386949085,,0.2977164833806455,0.3774138337591172,0.8015223444129029,0.2069904065132141,pd,0.01484522827720911,0.0242919921875,0.024782364899472355,0.043991319835186005,0.0,0.0,0.49596405029296875,0.5267333984375,1.2704048156738281,-0.0021423966743867595,0.02017700343274953,0.625,True,0.1602506248306495,0.7580362558364868,0.7750000000000004,0.22852325439453125,0.2538544535636902,0.11345874954919502,False,False,rope_not_continuously_taut,True,9,1.0050000000000001,0.2921724996225177,0.9246981143951416,RR_shank_joint,0.0,1.288831056414602,0.06547676772782535,True,16,2.18,0.2396041714312539,0.7446640729904175,RR_shank_joint,0.0,1.0569416963816414,0.012908439536561567,True,9,6.005,0.21570737407861226,0.7101402282714844,FR_thigh_joint,0.0,0.9515281663036138,-0.010988357816080069,True,17,6.555,0.14937689865750003,0.7580362558364868,RL_shank_joint,0.0,0.6589312353127608,-0.0773188332371923,True,120,,0.22669573189469233,0.7853525876998901,RL_shank_joint,0.0,,,55.74325942993164,1.3029288053512573,1.0,True,deck_contact_force|load_velocity_jump,-66.2072982788086,0.2,1.0
58,58,18,1,0.0,1.5,inextensible,20.0,0.5526315789473684,COL,stop_collision|speed_track_error,0.2519179626453051,0.9249320030212402,RR_shank_joint,0.0,0.8016675918429095,,0.3334999092668295,0.41393975711230435,0.7776667271554469,0.21804358839988708,pd,0.013957911654947,0.03042888641357422,0.0227052100693575,0.04785770922899246,0.0,0.0,0.5200119018554688,0.5584487915039062,1.2851345539093018,-0.0003700579628258538,-0.0001221530105368629,0.5,True,0.15640408479843226,0.6935199499130249,0.9500000000000002,0.22414398193359375,0.25385376811027527,0.10816984164906097,False,False,rope_not_continuously_taut,True,9,1.0050000000000001,0.29282949068718717,0.9249320030212402,RR_shank_joint,0.0,1.2763593186248787,0.0634038999353014,True,16,2.18,0.22578935164296465,0.7762535810470581,RR_shank_joint,0.0,0.9841506821579745,-0.0036362391089211077,True,9,6.005,0.20321354521981744,0.6935199499130249,FR_thigh_joint,0.0,0.8857492512227393,-0.026212045532068323,True,17,6.505,0.13772293484348916,0.41485196352005005,FR_thigh_joint,0.0,0.6002945634448896,-0.0917026559083966,True,120,,0.22942559075188576,0.8390516042709351,RL_shank_joint,0.0,,,65.44465637207031,1.2318273782730103,1.0,True,deck_contact_force|load_velocity_jump,-854.8817138671875,0.2,1.0
59,59,19,1,0.0,1.5,inextensible,25.0,0.5526315789473684,COL,stop_collision|speed_track_error,0.2585655430019849,0.9244384765625,RL_shank_joint,0.0,0.856883631172927,,0.35704603178426625,0.44213178645141865,0.7619693121438225,0.2188143515586853,pd,0.030012525125072933,0.046810150146484375,0.029885972014111695,0.05185201019048691,0.0,0.0,0.5545578002929688,0.6051788330078125,1.2739653587341309,-0.00038628404341523037,0.01789383826913138,0.5,True,0.16191629035608668,0.6788678169250488,,0.2758941650390625,0.2538525462150574,0.10399532172607229,False,False,rope_not_continuously_taut,True,9,1.0050000000000001,0.2945516327848267,0.9244384765625,RR_shank_joint,0.0,1.2747751239062277,0.06348999119721296,True,16,2.1550000000000002,0.2317393029910014,0.7751023769378662,RR_shank_joint,0.0,1.0029328165364508,0.0006776614033876527,True,9,6.005,0.19506255770442232,0.6788678169250488,FR_thigh_joint,0.0,0.84420138437586,-0.035999083883191424,True,17,6.48,0.14790673283274772,0.5547842979431152,FL_thigh_joint,0.0,0.6401180733266131,-0.08315490875486603,True,120,,0.23106164158761375,0.7937295436859131,RL_shank_joint,0.0,,,10.055193901062012,1.1441398859024048,1.0,True,deck_contact_force|load_velocity_jump,-602.6105346679688,0.2,1.0
60,60,20,1,5.0,1.5,compliant,30.0,0.5526315789473684,COL,stop_collision|speed_track_error,0.2567963330262552,0.9257221221923828,RL_shank_joint,0.0,0.8403189151210176,,0.45902456365525723,0.5163793005034131,0.6939836242298285,0.43324675917625427,pd,0.010380994214541693,0.022077560424804688,0.016633109694625812,0.03330918401479721,0.0,0.0,-0.225006103515625,0.40172576904296875,0.9305598735809326,0.010132930737626111,0.31799323813373803,,True,0.15223566869755145,0.5948306322097778,,-0.2422943115234375,0.25068381428718567,0.0959305505643451,False,False,tension_not_steady,True,9,1.0050000000000001,0.29038921043511323,0.9257221221923828,RR_shank_joint,0.0,1.24374403380221,0.056909328286554345,True,17,2.205,0.24410606120006248,0.7567954063415527,RL_shank_joint,0.0,1.0455121826930782,0.010626179051503593,True,9,6.005,0.17754479524667727,0.5948306322097778,FL_thigh_joint,0.0,0.7604286656856749,-0.05593508690188162,True,17,6.655,0.13784827806451938,0.5007684230804443,FR_shank_joint,0.0,0.5904075194658917,-0.0956316040840395,True,120,,0.2334798821485589,0.8279052972793579,RL_shank_joint,0.0,,,42.97195816040039,1.170794129371643,1.0,True,deck_contact_force|load_velocity_jump,-121.4626693725586,0.2,1.0
61,61,21,1,5.0,1.5,compliant,35.0,0.5526315789473684,COL,stop_collision|speed_track_error,0.25746549013351666,0.9357973337173462,RL_shank_joint,0.0,0.9080718806212027,,0.49072560695931317,0.5541914702167805,0.672849595360458,0.44809924125671385,pd,0.015158622084698491,0.034346580505371094,0.022023453478771417,0.04092990607023239,0.0,0.0,-0.43453216552734375,0.379669189453125,0.8719719648361206,0.007774831776060864,0.31801017680041355,,True,0.1549875573733866,0.6732684373855591,0.7250000000000005,-0.42597198486328125,0.24978964030742645,0.12980209872724235,False,False,tension_not_steady,True,9,1.0050000000000001,0.29035194774418605,0.9252092838287354,RR_shank_joint,0.0,1.2286143063727193,0.05402721488200557,True,17,2.205,0.24787357103778054,0.7759201526641846,RL_shank_joint,0.0,1.0488685125578248,0.011548838175600068,True,9,6.005,0.17693056049369374,0.6732684373855591,FR_thigh_joint,0.0,0.7486755971364024,-0.059394172368486736,True,17,6.805,0.1489875489519082,0.3886209726333618,RL_shank_joint,0.0,0.6304357023807344,-0.08733718391027229,True,120,,0.23632473286218048,0.8547176122665405,RL_shank_joint,0.0,,,41.39158248901367,1.1581745147705078,1.0,True,deck_contact_force,-44.90887451171875,0.2,1.0
62,62,22,1,5.0,1.5,compliant,40.0,0.5526315789473684,COL,stop_collision|speed_track_error,0.2571279652308308,0.9246300458908081,RR_shank_joint,0.0,0.9492192545046646,,0.5144034223072231,0.5808406388093619,0.657064385128518,0.4614259475469589,pd,0.016899679141875724,0.036983489990234375,0.02026820240892007,0.033298976719379425,0.0,0.0,-0.593994140625,0.32530975341796875,0.8060757517814636,0.020066870060574615,0.2849057843029783,,True,0.14288869140835575,0.4509578347206116,0.5499999999999998,-0.5903167724609375,0.2529296875,0.09572189900664321,False,False,rope_not_continuously_taut|tension_not_steady,True,9,1.0050000000000001,0.2912306060946633,0.9246300458908081,RR_shank_joint,0.0,1.230514973360951,0.054556845596475806,True,17,2.205,0.23341793100696967,0.7878439426422119,RR_shank_joint,0.0,0.9862433863206279,-0.0032558294912178043,True,9,6.005,0.1666050676914633,0.4509578347206116,FR_thigh_joint,0.0,0.7039439747810118,-0.07006869280672418,True,17,7.805000000000001,0.20941098530924804,0.6665464639663696,RR_shank_joint,0.0,0.8848086279968149,-0.027262775188939437,True,120,,0.23667376049818747,0.843569278717041,RL_shank_joint,0.0,,,65.58145141601562,1.0829875469207764,1.0,True,load_velocity_jump,0.0,0.2,1.0
63,63,23,1,5.0,2.0,compliant,5.0,0.5526315789473684,COL,stop_collision,0.27424564236939547,0.9708448648452759,RL_shank_joint,0.0,0.8658345348774289,3.7750000000000004,0.32603301279246805,0.4439712790583644,0.836983493603766,0.2244073724746704,pd,0.01644096312237814,0.029294967651367188,0.014865483409691823,0.03124813362956047,0.0,0.0,0.7257232666015625,0.723907470703125,1.8235054016113281,-0.0022449180933392654,-0.001843022587920018,1.0,True,0.1611449156956426,0.6881295740604401,,0.4331817626953125,0.25385257601737976,0.12633903669338875,False,False,rope_not_continuously_taut|tension_not_steady,True,9,1.0050000000000001,0.32025395946041607,0.9708448648452759,RR_shank_joint,0.0,1.3207466152581646,0.0777744741748782,True,17,2.255,0.22680616652146754,0.7392970323562622,RR_shank_joint,0.0,0.9353622895330143,-0.015673318764070326,True,9,6.005,0.2084112472457844,0.6881295740604401,FL_thigh_joint,0.0,0.859500534654981,-0.03406823803975348,True,10,6.03,0.20700288709730932,0.6881295740604401,FL_thigh_joint,0.0,0.8536923725879235,-0.03547659818822854,True,120,,0.24247948528553787,0.7916076183319092,RR_shank_joint,0.0,,,28.525859832763672,1.852614402770996,1.0,True,load_velocity_jump,0.0,0.2,1.0
64,64,24,1,5.0,2.0,rigid,10.0,0.5263157894736842,OK,,0.2667665883946529,0.973413348197937,RR_shank_joint,0.0,0.7296777381322687,0.44999999999999996,0.12787947580218315,0.32978949772243904,0.9633636299520731,0.04582058310508728,pd,0.009963651562692797,0.037570953369140625,0.028279171454751638,0.05145446956157684,0.0,0.0,-0.3790435791015625,,-0.06946694105863571,,,,,0.16843517166576139,0.8653305172920227,0.4249999999999998,0.41070556640625,0.2538522481918335,0.09852096950288386,False,False,rope_taut_during_settle|robot_and_load_speeds_differ,True,9,1.0050000000000001,0.31899569455443555,0.973413348197937,RR_shank_joint,0.0,1.4692380289497926,0.10187927892336668,True,17,2.005,0.228336755385429,0.5910955667495728,FL_shank_joint,0.0,1.0516789102369215,0.011220339754360126,True,9,6.005,0.21926381855410865,0.8653305172920227,FR_thigh_joint,0.0,1.0098905599413022,0.002147402923039776,False,0,,,,,,,,True,120,,0.21711641563106887,0.6731237173080444,RR_shank_joint,0.0,,,920.0562744140625,2.0062255859375,1.0,False,,,0.2,1.0
65,65,25,1,5.0,2.0,rigid,15.0,0.5263157894736842,COL,stop_collision|speed_track_error,0.2752043368444363,0.9903665781021118,RL_shank_joint,0.0,1.1811574128155586,,0.5515371600724757,0.6542707393323408,0.7242314199637622,0.46169732689857484,pd,0.036128694004911116,0.053737640380859375,0.02927784703750489,0.051683664321899414,0.0,0.0,0.8887481689453125,0.8924331665039062,1.8554660081863403,0.24967880119380936,0.2576880635794083,,True,0.19744549605815095,1.1519464254379272,,0.887969970703125,0.2560286521911621,0.16972048969755887,False,False,rope_taut_during_settle,True,9,1.0050000000000001,0.3298182412661771,0.9903665781021118,RL_shank_joint,0.0,1.2852542930949,0.07320113207763451,True,16,2.0300000000000002,0.27412323394298616,0.8149445056915283,RL_shank_joint,0.0,1.0682188526314564,0.017506124754443575,True,9,6.005,0.271570317797165,1.1519464254379272,FR_thigh_joint,0.0,1.0582705052516042,0.014953208608622426,True,17,6.23,0.22465199843531533,1.1519464254379272,FR_thigh_joint,0.0,0.8754365566103322,-0.03196511075322725,True,120,,0.2566171091885426,0.8149445056915283,RL_shank_joint,0.0,,,65.61237335205078,1.49522066116333,1.0,True,load_velocity_jump,0.0,0.2,1.0
66,66,26,1,5.0,2.0,rigid,20.0,0.5263157894736842,SPD,speed_track_error,0.2806263999010487,0.992050051689148,RL_shank_joint,0.0,1.2526154210391984,,0.6269190942309797,0.7172697650497393,0.6865404528845102,0.5441797363758087,pd,0.023551173046951722,0.041477203369140625,0.03256558194574958,0.04998205974698067,0.0,0.0,0.9971084594726562,1.00653076171875,1.687713623046875,0.24780385720644915,0.253282881012737,,False,0.2271025158561055,1.3179186582565308,,0.9933090209960938,0.25639355182647705,0.2555312924592344,False,False,rope_taut_during_settle,True,9,1.0050000000000001,0.32888094922360234,0.992050051689148,RL_shank_joint,0.0,1.26333981486998,0.06855435668487986,True,16,2.0300000000000002,0.2881732578003192,0.8019018173217773,RR_shank_joint,0.0,1.1069681932607582,0.027846665261596737,True,9,6.005,0.32189547349974756,1.3179186582565308,FR_thigh_joint,0.0,1.2365063067917925,0.061568880961025085,False,0,,,,,,,,True,120,,0.2603265925387225,0.8279143571853638,RL_shank_joint,0.0,,,48.795440673828125,1.3787182569503784,1.0,False,,,0.2,1.0
67,67,27,1,5.0,2.0,rigid,25.0,0.5263157894736842,SPD,speed_track_error,0.2827786110444992,0.9916831254959106,RL_shank_joint,0.0,1.310752751978814,,0.7052761528268456,0.7822742835469639,0.6473619235865772,0.6208391582965851,pd,0.0238158497482604,0.036708831787109375,0.03364336737638275,0.04587125405669212,0.0,0.0,0.8472061157226562,0.8593597412109375,1.4920734167099,0.25030544679040645,0.25926435135956183,,False,0.18590653027615867,0.9514114856719971,,0.8458633422851562,0.25669488310813904,0.1314558598562151,False,False,rope_taut_during_settle,True,9,1.0050000000000001,0.33117803597540924,0.9916831254959106,RL_shank_joint,0.0,1.2664160294348061,0.06966994678673083,True,16,2.0300000000000002,0.2916226906580478,0.7984230518341064,RL_shank_joint,0.0,1.1151574376257312,0.030114601469369395,True,9,6.005,0.2183729359825092,0.9514114856719971,FR_shank_joint,0.0,0.8350523177313757,-0.0431351532061692,False,0,,,,,,,,True,120,,0.2615080891886784,0.8291791677474976,RL_shank_joint,0.0,,,48.88593292236328,1.2643622159957886,1.0,False,,,0.2,1.0
68,68,28,1,5.0,2.0,inextensible,30.0,0.5526315789473684,COL,stop_collision|speed_track_error,0.2880539259039254,0.9708231687545776,RL_shank_joint,0.0,1.295765415276401,,0.7548424207419157,0.8161063837333761,0.6225787896290421,0.6815780937671662,pd,0.011739354442740324,0.03603363037109375,0.024171526524106816,0.04587040841579437,0.0,0.0,0.8168563842773438,0.81915283203125,1.3013817071914673,-0.002625134567722398,-0.0024464164818454037,0.625,True,0.15935452599999697,0.6743588447570801,,0.5224609375,0.25385206937789917,0.13050031931620393,False,False,rope_not_continuously_taut,True,9,1.0050000000000001,0.3217327886392748,0.9708231687545776,RR_shank_joint,0.0,1.2213825992410194,0.05831591268312225,True,16,2.18,0.2871986855830655,0.7745727300643921,RL_shank_joint,0.0,1.0902820274539722,0.023781809626912953,True,9,6.005,0.18327120256882057,0.6743588447570801,FR_shank_joint,0.0,0.6957458663329044,-0.08014567338733197,True,17,6.58,0.136871049327983,0.5333592891693115,FR_thigh_joint,0.0,0.5195986355512244,-0.12654582662816954,True,120,,0.26341687595615254,0.8045281171798706,RL_shank_joint,0.0,,,33.965389251708984,1.2650415897369385,1.0,True,deck_contact_force|load_velocity_jump,-114.70922088623047,0.2,1.0
69,69,29,1,5.0,2.0,inextensible,35.0,0.5526315789473684,COL,stop_collision|speed_track_error,0.29223302801812817,0.9738284349441528,RL_shank_joint,0.0,1.3454169030636565,,0.8066063749603927,0.8664142464811975,0.5966968125198037,0.7268834292888642,pd,0.01823991322458666,0.037872314453125,0.023770199876320015,0.045290764421224594,0.0,0.0,0.6947479248046875,0.704345703125,1.1516337394714355,-0.0003398011788533495,0.008758106692042134,0.75,True,0.16626493111829832,0.9791370630264282,,0.41419219970703125,0.25385141372680664,0.11816560634735876,False,False,rope_not_continuously_taut,True,9,1.0050000000000001,0.32218710101055276,0.9738284349441528,RR_shank_joint,0.0,1.220362564279076,0.058177772601758604,True,16,2.18,0.28620891646049634,0.7777787446975708,RL_shank_joint,0.0,1.0840863774984806,0.02219958805170219,True,9,6.005,0.19386377058980162,0.7056561708450317,FR_thigh_joint,0.0,0.7343065177213034,-0.07014555781899254,True,17,6.63,0.14781772023512624,0.9791370630264282,FR_shank_joint,0.0,0.5598958230985085,-0.11619160817366792,True,120,,0.26400932840879415,0.838394284248352,RL_shank_joint,0.0,,,71.68330383300781,1.1872280836105347,1.0,True,deck_contact_force|load_velocity_jump,-55.84101104736328,0.2,1.0
70,70,30,1,10.0,2.0,compliant,40.0,0.5526315789473684,SPD,speed_track_error,0.29010106971065,0.970995306968689,RL_shank_joint,0.0,1.362583793749885,,1.1455506479198811,1.2455410175644075,0.4272246760400594,1.3445841169764754,pd,0.01530615105151754,0.0357208251953125,0.028477100302354418,0.05362432822585106,0.0,0.0,-1.2490386962890625,-1.30670166015625,-0.05314144119620323,0.2551511268270019,0.2634152852964604,,False,0.20660005004221382,0.716363787651062,,-1.3121490478515625,0.25385230779647827,0.09919948677933699,False,False,robot_not_tracking_command|tension_not_steady,True,9,1.0050000000000001,0.3176767565646082,0.970995306968689,RR_shank_joint,0.0,1.2035606941555554,0.053729322831324644,True,17,2.205,0.28696758047634047,0.7764503955841064,RL_shank_joint,0.0,1.0872148913041473,0.023020146743056913,True,9,6.005,0.18460344094084058,0.47485148906707764,FR_shank_joint,0.0,0.6993947178413588,-0.07934399279244297,False,0,,,,,,,,True,120,,0.26394743373328355,0.8474818468093872,RL_shank_joint,0.0,,,58.904518127441406,1.0720233917236328,1.0,False,,,0.2,1.0
71,71,31,1,10.0,0.5,compliant,5.0,0.5526315789473684,OK,,0.17000107554423902,0.5925841331481934,FL_shank_joint,0.0,0.14682888628241914,1.925,0.04465014555491507,0.0743960353954466,0.9118593875877559,0.03516420334577561,pd,0.009629439751911344,0.01964569091796875,0.01605605786184584,0.039816346019506454,0.0,0.0,0.11319732666015625,0.10865020751953125,0.4452512264251709,0.11964280454382958,0.11964280454382958,,False,0.14821334212516651,0.4248002767562866,0.8250000000000002,-0.05371856689453125,0.253851979970932,0.1760561333068513,False,True,,True,9,1.0050000000000001,0.19363632941295883,0.5925841331481934,RR_shank_joint,0.0,1.248473042643072,0.038537802813600086,True,17,2.305,0.16397639699864403,0.5842083692550659,RL_shank_joint,0.0,1.057240198175564,0.008877870399285281,True,9,6.005,0.14610277739170557,0.4248002767562866,FL_shank_joint,0.0,0.9419997764976166,-0.00899574920765317,False,0,,,,,,,,True,120,,0.15509852659935874,0.5842083692550659,FR_shank_joint,0.0,,,10.3157958984375,0.48855823278427124,1.0,False,,,0.2,1.0
72,72,32,1,10.0,0.5,compliant,10.0,0.5526315789473684,OK,,0.16154011078384603,0.5887571573257446,FL_shank_joint,0.0,0.13465392119632227,0.17499999999999982,0.0452596047334373,0.07388911284751362,0.9998087007179857,0.04510975867509842,pd,0.005241174669307617,0.01474761962890625,0.020704045849411486,0.03935078904032707,0.0,0.0,-0.4446563720703125,,-0.08263679593801498,,,,,0.14681339807873298,0.4256635904312134,0.6749999999999998,-0.06671142578125,0.25385063886642456,0.17976723985890208,False,False,rope_taut_during_settle|robot_and_load_speeds_differ,True,9,1.0050000000000001,0.19441427641429743,0.5887571573257446,RR_shank_joint,0.0,1.2920907192217799,0.043949395332733565,True,17,2.005,0.14723715710562937,0.4834367036819458,FR_shank_joint,0.0,0.9785483233513819,-0.003227723975934488,True,9,6.005,0.1493166354296422,0.3926246166229248,FR_shank_joint,0.0,0.992368680029068,-0.0011482456519216477,False,0,,,,,,,,True,120,,0.15046488108156386,0.5201356410980225,FR_shank_joint,0.0,,,33557.64453125,0.5046766996383667,1.0,False,,,0.2,1.0
73,73,33,1,10.0,0.5,compliant,15.0,0.5526315789473684,COL,stop_collision,0.1761678542822087,0.6432435512542725,RL_shank_joint,0.0,0.18096326310949867,,0.0634765449166298,0.09217514412513592,0.8739820724725723,0.04731100708246231,pd,0.006227143368243064,0.00856781005859375,0.015852495644766023,0.03911308944225311,0.0,0.0,0.20781707763671875,0.22048187255859375,0.4254210591316223,0.004421797807964367,0.00468092851050983,,True,0.15543796842310106,0.4715813398361206,0.8500000000000005,-0.070159912109375,0.2538501024246216,0.0581721594169391,False,False,rope_not_continuously_taut,True,9,1.0050000000000001,0.1947480091857141,0.5876566171646118,RR_shank_joint,0.0,1.215870574255506,0.03457634839446505,True,17,2.305,0.16092890926164735,0.5552159547805786,RL_shank_joint,0.0,1.0047277306525852,0.0007572484703982918,True,9,6.005,0.13999006630994432,0.3597095012664795,FR_thigh_joint,0.0,0.8740002171319974,-0.020181594481304743,True,17,6.98,0.1585868964173745,0.42029285430908203,RL_shank_joint,0.0,0.9901058379113645,-0.0015847643738745587,True,120,,0.16017166079124906,0.5911861658096313,RL_shank_joint,0.0,,,0.0,0.46236515045166016,1.0,True,deck_contact_force,-26.177974700927734,0.2,1.0
74,74,34,1,10.0,0.5,rigid,20.0,0.5263157894736842,OK,,0.17668685721459904,0.6104844808578491,RR_shank_joint,0.0,0.1871703071039645,,0.06298119589686393,0.09451274702407719,0.8740376082062721,0.04781109184026718,pd,0.007682113310248333,0.01717376708984375,0.024952761416193694,0.04817625507712364,0.0,0.0,-0.06513214111328125,0.0691070556640625,0.43397995829582214,0.2503737722912547,0.26775983420021987,,False,0.15976954648751115,0.5055671334266663,,-0.06011199951171875,0.2562650740146637,0.2155629484643002,False,False,rope_taut_during_settle,True,9,1.0050000000000001,0.2109292379266493,0.6104844808578491,RR_shank_joint,0.0,1.302981824619512,0.04904728843111936,True,17,2.005,0.16152790346101212,0.577806830406189,FR_shank_joint,0.0,0.9978129369233498,-0.0003540460345178298,True,9,6.005,0.16551612597710133,0.5055671334266663,FR_thigh_joint,0.0,1.0224495472960173,0.003634176481571383,False,0,,,,,,,,True,120,,0.16188194949552995,0.5848969221115112,RL_shank_joint,0.0,,,11.703969955444336,0.4796755909919739,1.0,False,,,0.2,1.0
75,75,35,1,10.0,0.5,rigid,25.0,0.5263157894736842,OK,,0.17951965821715812,0.6190407276153564,RL_shank_joint,0.0,0.1965239637885107,,0.06621738603338599,0.09841571994480236,0.867565227933228,0.04728414684534073,pd,0.006107917812839748,0.0135345458984375,0.03540555710066549,0.07433276623487473,0.0,0.0,-0.033477783203125,0.07857513427734375,0.43508440256118774,0.2444059720258025,0.2879268435862343,,False,0.15323385417764473,0.5014422535896301,,-0.02758026123046875,0.256687730550766,0.21545184110704607,False,False,rope_taut_during_settle,True,9,1.0050000000000001,0.2128856851118591,0.604935884475708,RR_shank_joint,0.0,1.321578499769833,0.05180128100802764,True,16,2.0300000000000002,0.15967261484062534,0.5788027048110962,RL_shank_joint,0.0,0.9912357172560534,-0.0014117892632061202,True,9,6.005,0.1638615440365879,0.5014422535896301,FR_thigh_joint,0.0,1.0172402781523553,0.0027771399327564394,False,0,,,,,,,,True,120,,0.16108440410383146,0.5948091745376587,RL_shank_joint,0.0,,,9.697644233703613,0.479909211397171,1.0,False,,,0.2,1.0
76,76,36,1,10.0,0.5,rigid,30.0,0.5263157894736842,OK,,0.18363716255613868,0.6372886896133423,RL_shank_joint,0.0,0.2052498579756959,,0.06908405961468816,0.10191680205206476,0.8618318807706237,0.04677197754383087,pd,0.007441038716067135,0.01636505126953125,0.02591917008980528,0.05379869416356087,0.0,0.0,-0.04747772216796875,0.0868682861328125,0.4399873912334442,0.24567633544430123,0.2783941242518182,,False,0.1529834725864882,0.5014452934265137,,-0.04061126708984375,0.2569633424282074,0.21790754261662995,False,False,rope_taut_during_settle,True,9,1.0050000000000001,0.21587982735409103,0.6085729598999023,RR_shank_joint,0.0,1.342447385705252,0.055069184305552465,True,16,2.0300000000000002,0.16417893204998543,0.5723733901977539,FR_shank_joint,0.0,1.0209456845491887,0.003368289001446867,True,9,6.005,0.1567369228388705,0.5014452934265137,FR_thigh_joint,0.0,0.9746675957981309,-0.004073720209668064,False,0,,,,,,,,True,120,,0.16081064304853857,0.5973048210144043,RL_shank_joint,0.0,,,5.160494327545166,0.4536692798137665,1.0,False,,,0.2,1.0
77,77,37,1,10.0,0.5,rigid,35.0,0.5263157894736842,OK,,0.1874989717732241,0.6435103416442871,RL_shank_joint,0.0,0.21559229062404595,,0.07391405796632171,0.1070201642326215,0.8521718840673566,0.049689057469367984,pd,0.006227595957627027,0.01316070556640625,0.02694410131236113,0.05447058752179146,0.0,0.0,-0.03849029541015625,0.098602294921875,0.43962541222572327,0.2510026499192577,0.2783143492664948,,False,0.15116433944992264,0.4755287170410156,,-0.030975341796875,0.25716617703437805,0.20464260501758663,False,False,rope_taut_during_settle,True,9,1.0050000000000001,0.21745776718982748,0.6067547798156738,RR_shank_joint,0.0,1.3547088936590292,0.05693784426935386,True,16,2.0300000000000002,0.1678997019435212,0.5809500217437744,RL_shank_joint,0.0,1.045974224811357,0.007379779023047567,True,9,6.005,0.1511653173367988,0.42416346073150635,FR_thigh_joint,0.0,0.9417230869945697,-0.009354605583674819,False,0,,,,,,,,True,120,,0.16051992292047362,0.6174839735031128,RL_shank_joint,0.0,,,-9.918262481689453,0.4560587406158447,1.0,False,,,0.2,1.0
78,78,38,1,10.0,0.5,inextensible,40.0,0.5526315789473684,COL,stop_collision,0.1845684979352474,0.7155319452285767,RL_shank_joint,0.0,0.23695256340448514,,0.082813081163913,0.11679713940314398,0.8347997820004821,0.048623571395874025,pd,0.00617109290844278,0.0098114013671875,0.01008873523305108,0.03929605334997177,0.0,0.0,0.1916656494140625,0.2937164306640625,0.4352528154850006,-9.93722689202059e-06,0.06423794320882337,1.125,True,0.1393891964711064,0.411690354347229,0.9750000000000005,-0.03362274169921875,0.25385284423828125,0.07441957897640374,False,False,rope_not_continuously_taut,True,9,1.0050000000000001,0.19365141315001969,0.5921186208724976,RR_shank_joint,0.0,1.1816891885023129,0.02977463824658183,True,17,2.2800000000000002,0.16791637418755737,0.5933626890182495,FL_shank_joint,0.0,1.024650224453708,0.0040395992841195105,True,9,6.005,0.1460103113930005,0.39527028799057007,FR_thigh_joint,0.0,0.890976231861013,-0.017866463510437358,True,17,6.755,0.13526505612471496,0.411690354347229,RL_shank_joint,0.0,0.8254071158308921,-0.0286117187787229,True,120,,0.16387677490343786,0.5933626890182495,RL_shank_joint,0.0,,,12.059288024902344,0.43723922967910767,1.0,True,deck_contact_force,-72.40947723388672,0.2,1.0
79,79,39,1,10.0,1.0,inextensible,5.0,0.5526315789473684,COL,stop_collision,0.21324050310480555,0.8761218786239624,RR_shank_joint,0.0,0.318478317708259,0.5,0.17785874275490643,0.21896576569033346,0.8221412572450936,0.22096380054950715,pd,0.02270522352665688,0.0431365966796875,0.013496408369967848,0.025926167145371437,0.0,0.0,-0.02890777587890625,0.076019287109375,0.6523461937904358,0.25405804110545205,0.29409376225832773,,True,0.15400588654660538,0.4092748165130615,0.8250000000000002,-0.02500152587890625,0.2538502514362335,0.16771108114057465,False,False,rope_not_continuously_taut|tension_not_steady,True,9,1.0050000000000001,0.26135729215960185,0.8761218786239624,RR_shank_joint,0.0,1.3377572467247139,0.06598754716327035,True,17,2.205,0.19931821765962324,0.6712008714675903,RL_shank_joint,0.0,1.0202102565234237,0.0039484726632917355,True,9,6.005,0.1538306743343361,0.379425048828125,FR_shank_joint,0.0,0.7873822752710488,-0.041539070661995414,True,11,6.055,0.1576734021736153,0.379425048828125,FR_shank_joint,0.0,0.8070512769342867,-0.037696342822716195,True,120,,0.1953697449963315,0.8081568479537964,RL_shank_joint,0.0,,,16.381425857543945,0.963409960269928,1.0,True,load_velocity_jump,0.0,0.2,1.0
80,80,0,2,0.0,0.5,compliant,15.0,0.6052631578947368,OK,,0.16142971276098736,0.5878357887268066,FL_shank_joint,0.0,0.1348619035438828,0.17499999999999982,0.03995085987262428,0.06852888949052115,1.0376714866794645,0.03310150682926178,pd,0.007425856921309609,0.0097198486328125,0.011601901136371242,0.03918713703751564,0.0,0.0,0.000335693359375,0.0,-0.008525116369128227,,,,,0.149834085970221,0.45974189043045044,0.6000000000000005,0.00049591064453125,0.2538468837738037,0.07691275903664857,False,False,rope_taut_during_settle|robot_and_load_speeds_differ,True,9,1.0050000000000001,0.19485283345991947,0.5878357887268066,RR_shank_joint,0.0,1.295537322855541,0.04444973042122255,True,17,2.005,0.14856416638457542,0.5160261392593384,FR_shank_joint,0.0,0.9877732798262256,-0.0018389366541214924,True,9,6.005,0.14600085030594015,0.45974189043045044,FR_thigh_joint,0.0,0.9707303064643279,-0.004402252732756767,False,0,,,,,,,,True,120,,0.15040310303869692,0.5160261392593384,FR_shank_joint,0.0,,,1660.91357421875,0.5017141103744507,1.0,False,,,0.2,1.0
81,81,1,2,0.0,0.5,compliant,20.0,0.6052631578947368,OK,,0.17945955892185209,0.630707859992981,RR_shank_joint,0.0,0.20591171550935963,,0.08699772145599127,0.1112375727613299,0.8260045570880175,0.07159730106592178,pd,0.00588841633168172,0.00830841064453125,0.01190305859175926,0.03932537883520126,0.0,0.0,0.13219451904296875,0.21994781494140625,0.4159257411956787,0.10671034650458466,0.19562484135666125,,False,0.14041900635802115,0.3817110061645508,0.6000000000000005,-0.025177001953125,0.2538502812385559,0.08315726852763909,False,False,load_moved_during_settle,True,9,1.0050000000000001,0.19387602579573085,0.5921465158462524,RR_shank_joint,0.0,1.2458807387272146,0.03826239459552977,True,17,2.255,0.1524534583706827,0.5418740510940552,FL_shank_joint,0.0,0.9796921850281051,-0.0031601728295183873,True,9,6.005,0.1343795806511243,0.35317742824554443,FR_thigh_joint,0.0,0.8635463334072667,-0.02123405054907679,False,0,,,,,,,,True,120,,0.15561363120020108,0.5936698913574219,RL_shank_joint,0.0,,,13.14268684387207,0.43202513456344604,1.0,False,,,0.2,1.0
82,82,2,2,0.0,0.5,compliant,25.0,0.6052631578947368,LOW,stop_margin_low,0.18087029277725783,0.6813794374465942,RL_shank_joint,0.0,0.23175717729828152,,0.09528619389049708,0.12367135546384773,0.8099435071088373,0.07308921813964844,pd,0.00344314731569971,0.00782012939453125,0.010577219987978653,0.03894606605172157,0.0,0.0,0.217315673828125,0.3153228759765625,0.44939950108528137,0.02481975915344492,0.124440691342798,,False,0.12376303550601915,0.308879017829895,0.375,-0.00107574462890625,0.25385159254074097,0.07425995170119756,False,True,,True,9,1.0050000000000001,0.19497767241453734,0.5866683721542358,RR_shank_joint,0.0,1.2213231359148726,0.03533304874294624,True,17,2.2800000000000002,0.16180622466462188,0.5766528844833374,FL_shank_joint,0.0,1.013540080106158,0.0021616009930307822,True,9,6.005,0.13113135230654704,0.308879017829895,FL_shank_joint,0.0,0.8213953548244793,-0.028513271365044057,False,0,,,,,,,,True,120,,0.1596446236715911,0.608833909034729,RL_shank_joint,0.0,,,16.887638092041016,0.41840076446533203,1.0,False,,,0.2,1.0
83,83,3,2,0.0,0.5,compliant,30.0,0.6052631578947368,SPD,stop_margin_low|speed_track_error,0.18443712521041772,0.6730016469955444,RR_shank_joint,0.0,0.25061971600665967,,0.10235434764064849,0.13229424323647462,0.795291304718703,0.07020706653594971,pd,0.00493577041513268,0.0077667236328125,0.014214847356274957,0.042882710695266724,0.0,0.0,0.2310638427734375,0.27452850341796875,0.4347982108592987,0.07222121056980768,0.11737078487416852,,False,0.13801575683133308,0.3383035659790039,0.5,0.01271820068359375,0.25384989380836487,0.07915530827871832,False,False,load_moved_during_settle,True,9,1.0050000000000001,0.1945446137359616,0.5925301313400269,RR_shank_joint,0.0,1.2082036123400564,0.033524888460379654,True,17,2.23,0.17214495497165336,0.6062377691268921,FL_shank_joint,0.0,1.069092340562815,0.01112522969607141,True,9,6.005,0.13470030667395044,0.3199787139892578,FR_shank_joint,0.0,0.8365453763097263,-0.026319418601631506,False,0,,,,,,,,True,120,,0.16101972527558195,0.6062377691268921,FL_shank_joint,0.0,,,26.104272842407227,0.43060198426246643,1.0,False,,,0.2,1.0
84,84,4,2,0.0,0.5,compliant,35.0,0.6052631578947368,SPD,stop_margin_low|speed_track_error,0.18875172528514397,0.6698628664016724,RR_shank_joint,0.0,0.263100347432728,,0.11594956786371767,0.14271696080367108,0.7681354981474579,0.08011384457349777,pd,0.0064475021410485165,0.012359619140625,0.010525077733736746,0.04208257049322128,0.0,0.0,0.211822509765625,0.28307342529296875,0.44199129939079285,0.04525210701625326,0.11710266223892063,,False,0.12682919351180255,0.3281456232070923,0.4249999999999998,-0.00811004638671875,0.25385338068008423,0.07726498995577011,False,False,load_moved_during_settle|rope_not_continuously_taut,True,9,1.0050000000000001,0.19485308480620053,0.5873264074325562,RR_shank_joint,0.0,1.1532958769617954,0.0258998363826346,True,17,2.23,0.16958475531055903,0.6151251792907715,FL_shank_joint,0.0,1.003737761143307,0.000631506886993094,True,9,6.005,0.133620162100713,0.3281456232070923,FL_shank_joint,0.0,0.7908706304700762,-0.035333086322852925,False,0,,,,,,,,True,120,,0.16895324842356593,0.6377676725387573,RL_shank_joint,0.0,,,14.79371452331543,0.38473108410835266,1.0,False,,,0.2,1.0
85,85,5,2,0.0,0.5,compliant,40.0,0.6052631578947368,COL,stop_collision|speed_track_error,0.1918735561778922,0.7083052396774292,RL_shank_joint,0.0,0.2774811907491467,,0.11584581209346652,0.14661191436728643,0.768320069052279,0.0741019856929779,pd,0.00685264950833794,0.00994110107421875,0.015589404407929155,0.04205890744924545,0.0,0.0,0.19969940185546875,0.3221282958984375,0.4345073401927948,0.010328447092248894,0.12888753230441807,,True,0.11839917424799346,0.31938695907592773,0.40000000000000036,-0.00543975830078125,0.25385022163391113,0.07700090172124506,False,False,load_moved_during_settle|rope_not_continuously_taut,True,9,1.0050000000000001,0.19464521034526636,0.5883632898330688,RR_shank_joint,0.0,1.1680759950420265,0.028007755957494995,True,17,2.23,0.16993144819911024,0.6372133493423462,RL_shank_joint,0.0,1.019767427577678,0.00329399381133888,True,9,6.005,0.13001289166864408,0.31938695907592773,FL_shank_joint,0.0,0.7802141010033639,-0.036624562719127285,True,17,7.405,0.11773505387288974,0.27437853813171387,RL_shank_joint,0.0,0.7065341600749374,-0.04890240051488162,True,120,,0.16663745438777136,0.6385667324066162,RL_shank_joint,0.0,,,14.316668510437012,0.36661502718925476,1.0,True,deck_contact_force,-52.92684555053711,0.2,1.0
86,86,6,2,0.0,1.0,compliant,5.0,0.6052631578947368,OK,,0.21326800283419053,0.8758386373519897,RR_shank_joint,0.0,0.3233822172827647,0.575,0.10977940660901368,0.16274641498511364,0.8902205933909864,0.08077997267246247,pd,0.020014378555012514,0.03369140625,0.031878453971104816,0.05465828254818916,0.0,0.0,0.2371063232421875,0.23249053955078125,0.860777735710144,0.19975252247526498,0.19975252247526498,,False,0.14880670693765377,0.5640880465507507,0.35000000000000053,0.092987060546875,0.25385209918022156,0.08249980627572444,False,False,load_moved_during_settle|rope_not_continuously_taut,True,9,1.0050000000000001,0.2626318632502357,0.8758386373519897,RR_shank_joint,0.0,1.3743375806842992,0.07153480897375428,True,17,2.255,0.18989218830172827,0.6610974073410034,RL_shank_joint,0.0,0.9936950049841693,-0.0012048659747531387,True,9,6.005,0.17511418807293644,0.5640880465507507,FR_thigh_joint,0.0,0.9163625715526689,-0.01598286620354497,False,0,,,,,,,,True,120,,0.1910970542764814,0.722578763961792,RL_shank_joint,0.0,,,12.532364845275879,0.897699773311615,1.0,False,,,0.2,1.0
87,87,7,2,0.0,1.0,compliant,10.0,0.6052631578947368,COL,stop_collision,0.22470555449903615,0.8765177726745605,RR_shank_joint,0.0,0.3666452824133173,,0.14128363265655935,0.18944286208590091,0.8587163673434407,0.10418159306049347,pd,0.015972593349731525,0.0270233154296875,0.016591620491197,0.027925297617912292,0.0,0.0,0.43926239013671875,0.438934326171875,0.9107838273048401,0.0019491922446945864,0.002291463331999921,,True,0.1567300645308728,0.5373209714889526,0.27500000000000036,0.09906768798828125,0.25385281443595886,0.07962297501203036,False,False,load_moved_during_settle|rope_not_continuously_taut,True,9,1.0050000000000001,0.26628210471110864,0.8765177726745605,RR_shank_joint,0.0,1.372549553134103,0.072276646690977,True,17,2.305,0.20001139579416555,0.6892212629318237,RL_shank_joint,0.0,1.0309575711700374,0.006005937774033909,True,9,6.005,0.16686193369479219,0.5373209714889526,FL_thigh_joint,0.0,0.8600888624353918,-0.027143524325339452,True,17,7.555,0.15243761170538098,0.3898681402206421,RL_shank_joint,0.0,0.7857387790067368,-0.04156784631475066,True,120,,0.19400545802013164,0.7325204610824585,RL_shank_joint,0.0,,,1.8261842727661133,0.8899539113044739,1.0,True,deck_contact_force,-42.91499710083008,0.2,1.0
88,88,8,2,0.0,1.0,rigid,15.0,0.5526315789473684,OK,,0.19100978582951322,0.8758845329284668,RR_shank_joint,0.0,0.29260513388900905,0.575,0.0540608976688236,0.13404319929402814,0.9991457380447537,0.026818296313285826,pd,0.013596316656205087,0.02391815185546875,0.006948142786034991,0.023090360686182976,0.0,0.0,-1.0469207763671875,,-0.19442754983901978,,,,,0.14705749061587306,0.5683363676071167,0.2999999999999998,0.14550018310546875,0.25384873151779175,0.06886442786118283,False,False,rope_taut_during_settle|robot_and_load_speeds_differ,True,9,1.0050000000000001,0.2601912842091672,0.8758845329284668,RR_shank_joint,0.0,1.4967825106803914,0.08635755596037023,True,17,2.005,0.16843116990876078,0.5913716554641724,RL_shank_joint,0.0,0.968921115628931,-0.005402558340036195,True,9,6.005,0.17135790349851923,0.5683363676071167,FL_thigh_joint,0.0,0.9857575122203313,-0.002475824750277744,False,0,,,,,,,,True,120,,0.17383372824879698,0.6148769855499268,FR_shank_joint,0.0,,,481.8056945800781,0.9793771505355835,1.0,False,,,0.2,1.0
89,89,9,2,0.0,1.0,rigid,20.0,0.5526315789473684,OK,,0.23209451768145425,0.8991047143936157,RL_shank_joint,0.0,0.46857432700797286,,0.18632330387830734,0.24157313627906293,0.8136766961216927,0.13645389318466186,pd,0.014429728422866666,0.026401519775390625,0.019870079886037985,0.034938979893922806,0.0,0.0,0.1494598388671875,0.19441986083984375,0.856473445892334,0.2733012934605341,0.29672524656461974,,False,0.15544931251636035,0.5952599048614502,,0.15364837646484375,0.2559797763824463,0.09858384267589394,False,False,rope_taut_during_settle,True,9,1.0050000000000001,0.29011323354033275,0.8991047143936157,RL_shank_joint,0.0,1.4496994984733615,0.08999366817810217,True,17,2.005,0.2101687596730795,0.7205095291137695,RL_shank_joint,0.0,1.0502159511123221,0.010049194310848913,True,9,6.005,0.17939661234657056,0.5952599048614502,FL_thigh_joint,0.0,0.8964471415968248,-0.020722953015660017,False,0,,,,,,,,True,120,,0.20011956536223058,0.7225314378738403,RL_shank_joint,0.0,,,37.893638610839844,0.8871499300003052,1.0,False,,,0.2,1.0
90,90,10,2,0.0,1.0,rigid,25.0,0.5526315789473684,OK,,0.2431806784840174,0.9165025949478149,RL_shank_joint,0.0,0.5084556867306026,,0.19668874107301235,0.25738159974687863,0.8033112589269876,0.12857980370521546,pd,0.014667691695167438,0.024890899658203125,0.021399429454381922,0.03731669485569,0.0,0.0,0.22278594970703125,0.2602386474609375,0.9060239195823669,0.27958744153713155,0.296950543531878,,False,0.16443294757848292,0.673416793346405,,0.22672271728515625,0.25617578625679016,0.10881361324046408,False,False,rope_taut_during_settle,True,9,1.0050000000000001,0.2938984632055808,0.9165025949478149,RL_shank_joint,0.0,1.480651664207147,0.09540581952023683,True,17,2.005,0.2129761818366347,0.7250834703445435,RL_shank_joint,0.0,1.0729676318597,0.014483538151290748,True,9,6.005,0.19645075036625437,0.673416793346405,FR_thigh_joint,0.0,0.9897130025517397,-0.002041893319089577,False,0,,,,,,,,True,120,,0.19849264368534394,0.7774089574813843,RL_shank_joint,0.0,,,41.563411712646484,0.8236864805221558,1.0,False,,,0.2,1.0
91,91,11,2,0.0,1.0,rigid,30.0,0.5526315789473684,SPD,speed_track_error,0.24456016088125276,0.9153529405593872,RL_shank_joint,0.0,0.5283572364497408,,0.21039925787597893,0.2697230127929204,0.7896007421240211,0.13484767377376555,pd,0.02427693233157273,0.04412078857421875,0.02127100596826119,0.03756912425160408,0.0,0.0,0.22672271728515625,0.28433990478515625,0.8686069250106812,0.276916830856635,0.2974612561361738,,False,0.1632961384521609,0.5964013934135437,,0.2298583984375,0.25641608238220215,0.09459042002336673,False,False,rope_taut_during_settle|tension_not_steady,True,9,1.0050000000000001,0.2944384107790253,0.9153529405593872,RL_shank_joint,0.0,1.4497596748064128,0.0913437766160618,True,17,2.005,0.21470441831348946,0.7617101669311523,RL_shank_joint,0.0,1.0571644061320216,0.011609784150525992,True,9,6.005,0.17770761937161428,0.5913031101226807,FR_thigh_joint,0.0,0.874999086529393,-0.025387014791349194,False,0,,,,,,,,True,120,,0.20309463416296347,0.7655479907989502,RL_shank_joint,0.0,,,32.74000549316406,0.811947226524353,1.0,False,,,0.2,1.0
92,92,12,2,0.0,1.0,rigid,35.0,0.5526315789473684,SPD,speed_track_error,0.24915150798175256,0.9229484796524048,RL_shank_joint,0.0,0.5662152282128259,,0.22035749398171903,0.28584576077074664,0.779642506018281,0.12701305687427522,pd,0.021987889841223025,0.039936065673828125,0.02081064267875382,0.03828565031290054,0.0,0.0,0.267608642578125,0.33005523681640625,0.8879559636116028,0.27383929311112354,0.2987615828947128,,False,0.17031784741505232,0.7135937213897705,,0.2706298828125,0.25654807686805725,0.13780383811525618,False,False,rope_taut_during_settle,True,9,1.0050000000000001,0.29809614832620296,0.9229484796524048,RL_shank_joint,0.0,1.4628143333907089,0.09431352087871589,True,17,2.005,0.2159999947982345,0.7646868228912354,RL_shank_joint,0.0,1.0599529385982411,0.012217367350747438,True,9,6.005,0.21015298742994373,0.7135937213897705,FR_thigh_joint,0.0,1.0312605645645543,0.006370359982456664,False,0,,,,,,,,True,120,,0.20378262744748707,0.7654685974121094,RL_shank_joint,0.0,,,43.61326217651367,0.7610228061676025,1.0,False,,,0.2,1.0
93,93,13,2,0.0,1.0,rigid,40.0,0.5526315789473684,SPD,speed_track_error,0.2531960704644477,0.9185894727706909,RL_shank_joint,0.0,0.5798367660765431,,0.22624507810920477,0.2920601287767808,0.7737549218907952,0.13283216655254365,pd,0.02180434175661478,0.041065216064453125,0.019394058568029896,0.03375411406159401,0.0,0.0,0.27632904052734375,0.3338470458984375,0.8655499219894409,0.27047824571906176,0.2982532661297057,,False,0.16576135879120416,0.6134219169616699,0.7999999999999998,0.27962493896484375,0.25662919878959656,0.11092191524132267,False,False,rope_taut_during_settle,True,9,1.0050000000000001,0.2993958793211652,0.9185894727706909,RL_shank_joint,0.0,1.4643270434056648,0.09493617158754034,True,17,2.005,0.22225663738683218,0.7795295715332031,RL_shank_joint,0.0,1.0870437009349228,0.01779692965320734,True,9,6.005,0.18575150645085148,0.6134219169616699,FR_thigh_joint,0.0,0.908499324927399,-0.018708201282773368,False,0,,,,,,,,True,120,,0.20445970773362485,0.7795295715332031,RL_shank_joint,0.0,,,40.97770309448242,0.7391934394836426,1.0,False,,,0.2,1.0
94,94,14,2,0.0,1.5,rigid,5.0,0.5526315789473684,COL,stop_collision,0.2437393206428176,0.9033262729644775,RR_shank_joint,0.0,0.617096202653856,0.7249999999999999,0.22311567932367324,0.3128576506195564,0.8512562137842178,0.16247864961624145,pd,0.03676879533731765,0.0580596923828125,0.011013771027449293,0.02373398467898369,0.0,0.0,0.24469757080078125,0.24428558349609375,1.3459057807922363,0.27722178338044046,0.28640102423072733,,True,0.16314495116743438,0.722907304763794,0.47500000000000053,0.2489471435546875,0.2548976540565491,0.1257165974668675,False,False,rope_taut_during_settle,True,9,1.0050000000000001,0.29950291324736916,0.9033262729644775,RR_shank_joint,0.0,1.3861520853204787,0.08343505430235015,True,16,2.0300000000000002,0.20983907666155646,0.714274525642395,FL_shank_joint,0.0,0.9711721016079141,-0.006228782283462547,True,9,6.005,0.21458816972843667,0.722907304763794,FR_thigh_joint,0.0,0.9931517384223312,-0.0014796892165823416,True,11,6.055,0.20885232304222942,0.722907304763794,FR_thigh_joint,0.0,0.9666052325504569,-0.007215535902789588,True,120,,0.216067858945019,0.8117988109588623,RL_shank_joint,0.0,,,1.7969461679458618,1.3711801767349243,1.0,True,load_velocity_jump,0.0,0.2,1.0
95,95,15,2,0.0,1.5,rigid,10.0,0.5526315789473684,COL,stop_collision,0.24722163175013667,0.9219838380813599,RL_shank_joint,0.0,0.7070942219113551,,0.2698798422329128,0.35907094965277464,0.8200801051780582,0.18860345244407653,pd,0.021737941050153742,0.05074501037597656,0.010708295512547641,0.023414449766278267,0.0,0.0,0.2929229736328125,0.307586669921875,1.3271355628967285,0.27540358041086677,0.28085657860140145,,True,0.17286861614782892,0.9349021911621094,0.5499999999999998,0.29496002197265625,0.255331426858902,0.12818113166301687,False,False,rope_taut_during_settle,True,9,1.0050000000000001,0.30708960908997046,0.9219838380813599,RR_shank_joint,0.0,1.393710483733741,0.0867500101028986,True,16,2.0300000000000002,0.22331875366996387,0.6593924760818481,RL_shank_joint,0.0,1.0135207411495144,0.0029791546828920046,True,9,6.005,0.24578743402834083,0.9349021911621094,FR_thigh_joint,0.0,1.1154936977204994,0.025447835041268962,True,11,6.055,0.23599999834639152,0.9349021911621094,FR_thigh_joint,0.0,1.0710739214889762,0.01566039935931965,True,120,,0.22033959898707187,0.7526861429214478,RL_shank_joint,0.0,,,27.372344970703125,1.3310637474060059,1.0,True,load_velocity_jump,0.0,0.2,1.0
96,96,16,2,0.0,1.5,inextensible,15.0,0.6052631578947368,OK,,0.22582566053009648,0.92561936378479,RR_shank_joint,0.0,0.49972888477673166,0.5499999999999998,0.07629040392115712,0.22455958430827425,0.9707582257067164,0.02102330207824707,pd,0.016856294990215633,0.03372383117675781,0.03063162278245389,0.05692465603351593,0.0,0.0,0.00688934326171875,0.0,0.0004200583789497614,,,,,0.16700144199530628,0.7621346116065979,0.47500000000000053,0.24539947509765625,0.25384852290153503,0.08723750788329064,False,False,rope_taut_during_settle|robot_and_load_speeds_differ,True,9,1.0050000000000001,0.2906031408925631,0.92561936378479,RR_shank_joint,0.0,1.6105400057831132,0.11016481595243877,True,17,2.005,0.18885182548502166,0.5700792074203491,FR_shank_joint,0.0,1.0466281237519202,0.008413500544897312,True,9,6.005,0.19754622808677352,0.7621346116065979,FR_thigh_joint,0.0,1.0948130235210627,0.017107903146649173,False,0,,,,,,,,True,120,,0.18043832494012435,0.6379952430725098,FR_shank_joint,0.0,,,717.23193359375,1.499709129333496,1.0,False,,,0.2,1.0
97,97,17,2,0.0,1.5,inextensible,20.0,0.6052631578947368,COL,stop_collision|speed_track_error,0.2517851363230619,0.9254765510559082,RL_shank_joint,0.0,0.8055014566077721,,0.3464522326178849,0.4221737939747757,0.7690318449214101,0.241574969291687,pd,0.023291887717919818,0.03940296173095703,0.021794200037185154,0.04732055589556694,0.0,0.0,0.5417861938476562,0.58551025390625,1.2449381351470947,-0.003863640830090276,-0.0007989442438969263,0.625,True,0.15790701010387173,0.6249911189079285,0.9750000000000005,0.19493865966796875,0.25385376811027527,0.09202151519619495,False,False,rope_not_continuously_taut,True,9,1.0050000000000001,0.29354837965544334,0.9254765510559082,RR_shank_joint,0.0,1.2856716051291095,0.06522539384448683,True,16,2.18,0.22440263943513064,0.7540947198867798,RR_shank_joint,0.0,0.9828298217023503,-0.003920346375825862,True,9,6.005,0.18635566678010396,0.6249911189079285,FR_thigh_joint,0.0,0.8161931928062642,-0.041967319030852546,True,17,6.63,0.14690533167040948,0.5809311866760254,RL_shank_joint,0.0,0.6434101724302168,-0.08141765414054702,True,120,,0.2283229858109565,0.7686206102371216,RL_shank_joint,0.0,,,37.399803161621094,1.226691484451294,1.0,True,deck_contact_force|load_velocity_jump,-639.427490234375,0.2,1.0
98,98,18,2,0.0,1.5,inextensible,25.0,0.6052631578947368,COL,stop_collision|speed_track_error,0.26140231749517256,0.9258882999420166,RL_shank_joint,0.0,0.9004011662252662,,0.3609188448265195,0.4570414755753823,0.7593874367823203,0.2104842495918274,pd,0.02135859182563386,0.040191650390625,0.02167654763104776,0.034964703023433685,0.0,0.0,0.5370407104492188,0.6532135009765625,1.2766355276107788,-0.00034821511604832267,0.07251075910372151,0.625,True,0.1628829651398285,0.9512890577316284,0.9249999999999998,0.261627197265625,0.25385385751724243,0.10820587472642153,False,False,load_moved_during_settle|rope_not_continuously_taut,True,9,1.0050000000000001,0.298274367745247,0.9258882999420166,RR_shank_joint,0.0,1.3223848989269296,0.07271646248839891,True,16,2.1550000000000002,0.23789000783379,0.7658010721206665,RR_shank_joint,0.0,1.0546737768419114,0.012332102576941895,True,9,6.005,0.18983000473081968,0.6635015606880188,FR_thigh_joint,0.0,0.8416020911111751,-0.03572790052602842,True,17,6.555,0.1587558978891194,0.9512890577316284,FR_shank_joint,0.0,0.703836550123749,-0.0668020073677287,True,120,,0.2255579052568481,0.8102024793624878,RL_shank_joint,0.0,,,12.321619033813477,1.128367304801941,1.0,True,deck_contact_force|load_velocity_jump,-52.31538772583008,0.2,1.0
99,99,19,2,0.0,1.5,inextensible,30.0,0.6052631578947368,COL,stop_collision|speed_track_error,0.25969637683931085,0.9259943962097168,RL_shank_joint,0.0,0.9127181618264787,,0.4000110537186265,0.48131358204667035,0.7333259641875823,0.25588517904281616,pd,0.02178019991974067,0.044653892517089844,0.02443815251613407,0.039166409522295,0.0,0.0,0.6485748291015625,0.7379302978515625,1.2806973457336426,-0.004137810538153985,0.05207479578481866,0.625,True,0.16790453790959398,0.974819540977478,,0.35367584228515625,0.2538522183895111,0.12814278711035762,False,False,rope_not_continuously_taut,True,9,1.0050000000000001,0.29323460775346144,0.9259943962097168,RR_shank_joint,0.0,1.2598151873340802,0.06047458810805534,True,16,2.18,0.2337886901213707,0.7617204189300537,RR_shank_joint,0.0,1.0044194465936707,0.0010286704759646104,True,9,6.005,0.2203076961420989,0.7588921785354614,FR_thigh_joint,0.0,0.9465014501963118,-0.012452323503307189,True,17,6.53,0.15077442388155302,0.974819540977478,FR_shank_joint,0.0,0.6477677056018791,-0.08198559576385309,True,120,,0.2327600196454061,0.7617204189300537,RL_shank_joint,0.0,,,56.101722717285156,1.0678761005401611,1.0,True,deck_contact_force,-275.6129455566406,0.2,1.0
100,100,20,2,5.0,1.5,compliant,35.0,0.6052631578947368,SPD,stop_margin_low|speed_track_error,0.25885448240248954,0.9247573614120483,RL_shank_joint,0.0,0.8811355588139131,,0.4834626579843462,0.543105753707027,0.6776915613437692,0.4444082313776016,pd,0.01634654246857792,0.03408312797546387,0.020154793912237203,0.03192603215575218,0.0,0.0,-0.41534423828125,0.3966064453125,0.8704524040222168,0.056871621230939695,0.38084435017860585,,False,0.15733202757042375,0.626240611076355,0.7750000000000004,-0.43408203125,0.25114116072654724,0.13111023470974056,False,False,tension_not_steady,True,9,1.0050000000000001,0.29006788312785753,0.9247573614120483,RR_shank_joint,0.0,1.2478770172171643,0.057618788284581085,True,17,2.205,0.23893496256601782,0.7536535263061523,RR_shank_joint,0.0,1.0279023143846369,0.006485867722741373,True,9,6.005,0.17370709145934377,0.626240611076355,FR_thigh_joint,0.0,0.7472908921261313,-0.05874200338393268,False,0,,,,,,,,True,120,,0.23244909484327644,0.8429787158966064,RL_shank_joint,0.0,,,42.45002365112305,1.0959579944610596,1.0,False,,,0.2,1.0
101,101,21,2,5.0,1.5,compliant,40.0,0.6052631578947368,SPD,stop_margin_low|speed_track_error,0.2620096090617889,0.9508646726608276,RL_shank_joint,0.0,0.9388566614097795,,0.5118836996145546,0.5776485712500383,0.6587442002569636,0.4562651610374451,pd,0.02208658279481125,0.051517486572265625,0.020799816037910847,0.0509159080684185,0.0,0.0,-0.546966552734375,0.33887481689453125,0.808875322341919,0.07170684983840658,0.3686210669206673,,False,0.1455126165423646,0.4463149309158325,0.5750000000000002,-0.5450592041015625,0.24719512462615967,0.09892932914991934,False,False,tension_not_steady,True,9,1.0050000000000001,0.29049034838405235,0.9239852428436279,RR_shank_joint,0.0,1.2354938379871168,0.05536950888450201,True,17,2.205,0.24419082487317997,0.7842552661895752,RL_shank_joint,0.0,1.0385758463304864,0.00906998537362963,True,9,6.005,0.16907663185239089,0.4463149309158325,FR_thigh_joint,0.0,0.719105257586979,-0.06604420764715946,False,0,,,,,,,,True,120,,0.23512083949955034,0.8388534784317017,RL_shank_joint,0.0,,,37.575477600097656,1.1076669692993164,1.0,False,,,0.2,1.0
102,102,22,2,5.0,2.0,compliant,5.0,0.6052631578947368,COL,stop_collision,0.2746541276144281,0.9750674962997437,RL_shank_joint,0.0,0.8752139674644751,0.8999999999999999,0.3276369130052626,0.4478698082604521,0.8361815434973687,0.2260069406032562,pd,0.010143483507250679,0.026479721069335938,0.02118610825855974,0.031084297224879265,0.0,0.0,0.775360107421875,0.7751007080078125,1.8496508598327637,-0.001701930033917165,-0.001661124636484601,1.125,True,0.16436938333986997,0.8692519068717957,0.8500000000000005,0.43427276611328125,0.25385311245918274,0.11525665984553118,False,False,tension_not_steady,True,9,1.0050000000000001,0.3186228736530179,0.9750674962997437,RR_shank_joint,0.0,1.3205401873044265,0.07734064936614338,True,17,2.205,0.2212088942672233,0.7337088584899902,RR_shank_joint,0.0,0.9168055994220906,-0.020073330019651225,True,9,6.005,0.21863602091803302,0.8692519068717957,FR_thigh_joint,0.0,0.9061422637503702,-0.02264620336884149,True,10,6.03,0.2179592139512654,0.8692519068717957,FR_thigh_joint,0.0,0.9033372209472049,-0.0233230103356091,True,120,,0.2412822242868745,0.8657267093658447,RR_shank_joint,0.0,,,24.283309936523438,1.820312738418579,1.0,True,load_velocity_jump,0.0,0.2,1.0
103,103,23,2,5.0,2.0,compliant,10.0,0.6052631578947368,COL,stop_collision|speed_track_error,0.2796589279539994,0.9710296392440796,RL_shank_joint,0.0,1.0018687891791822,4.2250000000000005,0.44577606035396455,0.5461116675290546,0.7771119698230177,0.3535646653175354,pd,0.03362384721742612,0.057048797607421875,0.021069342160395334,0.04590146243572235,0.0,0.0,0.8030471801757812,0.8052139282226562,1.7706024646759033,-0.003347147214910251,-0.003005392860785605,0.625,True,0.16594197452386505,0.9411661624908447,0.7999999999999998,0.453704833984375,0.2538524866104126,0.09816704601891822,False,False,rope_not_continuously_taut,True,9,1.0050000000000001,0.31942843947288313,0.9710296392440796,RR_shank_joint,0.0,1.2684677664792976,0.06760616387854584,True,17,2.205,0.2496533317830457,0.737607479095459,RR_shank_joint,0.0,0.9913870057516851,-0.002168943811291596,True,9,6.005,0.22847818135868359,0.9411661624908447,FL_thigh_joint,0.0,0.90729932774788,-0.0233440942356537,True,17,6.63,0.13541214465687212,0.4709581136703491,FL_thigh_joint,0.0,0.5377290167729591,-0.11641013093746516,True,120,,0.2518222755943373,0.8259636163711548,RL_shank_joint,0.0,,,0.0,1.746508002281189,1.0,True,deck_contact_force|load_velocity_jump,-614.3045654296875,0.2,1.0
104,104,24,2,5.0,2.0,rigid,15.0,0.5526315789473684,OK,,0.2724050318214718,0.9710043668746948,RR_shank_joint,0.0,0.7342947069470684,0.7,0.13216829257085919,0.3319358274873465,0.96394651315175,0.044741499423980716,pd,0.009413213180755838,0.035160064697265625,0.028675862556784292,0.049951739609241486,0.0,0.0,-0.36395263671875,,-0.06512295454740524,,,,,0.17083197456337954,0.9032013416290283,0.5250000000000004,0.375579833984375,0.2538527250289917,0.10516446498116497,False,False,rope_taut_during_settle|robot_and_load_speeds_differ,True,9,1.0050000000000001,0.32050177691804765,0.9710043668746948,RR_shank_joint,0.0,1.4449925225629814,0.09870009150200545,True,17,2.005,0.24163791497500148,0.6354178190231323,FL_shank_joint,0.0,1.0894322760521484,0.01983622955895928,True,9,6.005,0.20833691706064691,0.9032013416290283,FR_thigh_joint,0.0,0.9392936607756659,-0.013464768355395285,False,0,,,,,,,,True,120,,0.2218016854160422,0.7214103937149048,RR_shank_joint,0.0,,,1124.4932861328125,2.0087578296661377,1.0,False,,,0.2,1.0
105,105,25,2,5.0,2.0,rigid,20.0,0.5526315789473684,SPD,speed_track_error,0.27786319388545133,0.9930990934371948,RL_shank_joint,0.0,1.2571224679251087,,0.6329874995164573,0.7216990709137822,0.6835062502417714,0.548896187543869,pd,0.015129203723378481,0.03240966796875,0.028749269667927606,0.0529421828687191,0.0,0.0,0.93963623046875,0.9607315063476562,1.696901798248291,0.2699398252641316,0.2842192877340608,,False,0.19647032521409782,1.0066715478897095,,0.9378433227539062,0.2561641037464142,0.14650047468791855,False,False,rope_taut_during_settle,True,9,1.0050000000000001,0.32966523344704557,0.9930990934371948,RL_shank_joint,0.0,1.2766533993282352,0.07143912946258685,True,16,2.0300000000000002,0.288673482279758,0.8088078498840332,RR_shank_joint,0.0,1.1179097613505864,0.030447378295299254,True,9,6.005,0.24890164851170737,1.0066715478897095,FR_thigh_joint,0.0,0.9638903452095899,-0.009324455472751347,False,0,,,,,,,,True,120,,0.2582261039844587,0.8124055862426758,RL_shank_joint,0.0,,,39.17152404785156,1.387973666191101,1.0,False,,,0.2,1.0
106,106,26,2,5.0,2.0,rigid,25.0,0.5526315789473684,SPD,speed_track_error,0.2834248157762519,0.9923015832901001,RL_shank_joint,0.0,1.3162307344436195,,0.7125728094577789,0.7886064435874452,0.6437135952711105,0.6283819103240966,pd,0.034865490881119905,0.0540618896484375,0.03410293207209511,0.05182795226573944,0.0,0.0,0.771697998046875,0.7844161987304688,1.4369062185287476,0.2805833496896071,0.28075651240983746,,False,0.1759956386139254,0.7216625213623047,,0.771331787109375,0.2564897835254669,0.10718722555770879,False,False,rope_taut_during_settle,True,9,1.0050000000000001,0.32974209854345826,0.9923015832901001,RL_shank_joint,0.0,1.2694834094461993,0.06999699585849661,True,17,2.005,0.28472612802643976,0.7586187124252319,RL_shank_joint,0.0,1.096175154346517,0.024981025341478114,True,9,6.005,0.19875622960317013,0.7216625213623047,FR_thigh_joint,0.0,0.7651972166121515,-0.06098887308179152,False,0,,,,,,,,True,120,,0.25974510268496165,0.830214262008667,RL_shank_joint,0.0,,,25.255924224853516,1.2124007940292358,1.0,False,,,0.2,1.0
107,107,27,2,5.0,2.0,rigid,30.0,0.5526315789473684,SPD,speed_track_error,0.28424183972379874,0.9918280839920044,RL_shank_joint,0.0,1.3661217417373928,,0.7607749227434397,0.8346843254557478,0.6196125386282801,0.6718843019008637,pd,0.019230530310674693,0.031269073486328125,0.02972515433315524,0.04960975795984268,0.0,0.0,0.6209487915039062,0.63140869140625,1.2975839376449585,0.2816289046032807,0.2879014914135922,,False,0.17131416317694792,0.6738466024398804,,0.6272201538085938,0.2567631006240845,0.13951553307202869,False,False,rope_taut_during_settle,True,9,1.0050000000000001,0.3304612926359638,0.9918280839920044,RL_shank_joint,0.0,1.2507867559892725,0.06625854899994305,True,16,2.0300000000000002,0.29058949501082615,0.803282618522644,RL_shank_joint,0.0,1.099873116424397,0.026386751374805395,True,9,6.005,0.18863686415366765,0.6738466024398804,FR_shank_joint,0.0,0.713985258281585,-0.0755658794823531,False,0,,,,,,,,True,120,,0.26420274363602075,0.819019079208374,RL_shank_joint,0.0,,,49.91401672363281,1.1846204996109009,1.0,False,,,0.2,1.0
108,108,28,2,5.0,2.0,inextensible,35.0,0.6052631578947368,COL,stop_collision|speed_track_error,0.290299892666818,0.9708589315414429,RL_shank_joint,0.0,1.3453770540088088,,0.801562547069043,0.8620283409576053,0.5992187264654786,0.7198260450363159,pd,0.01728260031327789,0.03673553466796875,0.024217637647738207,0.047380201518535614,0.0,0.0,0.706390380859375,0.7138214111328125,1.1515246629714966,-2.3551783684183647e-05,0.0018178136424751301,0.75,True,0.15716883697120412,0.6855217218399048,,0.3642730712890625,0.2538509964942932,0.11538483844838013,False,False,rope_not_continuously_taut,True,9,1.0050000000000001,0.31990373734561484,0.9708589315414429,RR_shank_joint,0.0,1.215280712089236,0.056669297628674065,True,16,2.18,0.2904935009911311,0.7766897678375244,RL_shank_joint,0.0,1.1035543119034967,0.02725906127419031,True,9,6.005,0.1913099764869756,0.6855217218399048,FR_thigh_joint,0.0,0.7267665154023674,-0.07192446322996518,True,17,6.705,0.13826837952467771,0.5426774024963379,FL_thigh_joint,0.0,0.5252670572792808,-0.12496606019226306,True,120,,0.26323443971694077,0.8378281593322754,RL_shank_joint,0.0,,,50.75648880004883,1.2044858932495117,1.0,True,deck_contact_force|load_velocity_jump,-471.133544921875,0.2,1.0
109,109,29,2,5.0,2.0,inextensible,40.0,0.6052631578947368,COL,stop_collision|speed_track_error,0.29093779855493657,0.9708985090255737,RL_shank_joint,0.0,1.3844986681522486,,0.8490048360452056,0.9069932324549346,0.5754975819773972,0.757406895160675,pd,0.02114129960675788,0.037952423095703125,0.024684830116117346,0.04515300691127777,0.0,0.0,-0.24396514892578125,0.5625228881835938,1.0574114322662354,-0.0003825879648076125,0.34266870864219356,1.0,True,0.1478374883224433,0.6444902420043945,,-0.24163818359375,0.25223490595817566,0.10744627794684306,False,False,rope_not_continuously_taut,True,9,1.0050000000000001,0.3199419846138484,0.9708985090255737,RR_shank_joint,0.0,1.2157694009605868,0.056781894911755004,True,16,2.18,0.29028909163473543,0.7633867263793945,RL_shank_joint,0.0,1.1030893474894048,0.02712900193264206,True,9,6.005,0.1768495159803854,0.6444902420043945,FR_thigh_joint,0.0,0.6720225554740666,-0.08631057372170797,True,17,6.78,0.1368756060112301,0.4238104820251465,RL_shank_joint,0.0,0.5201229645657067,-0.12628448369086326,True,120,,0.26316008970209337,0.8158186674118042,RL_shank_joint,0.0,,,50.069091796875,1.126231074333191,1.0,True,deck_contact_force,-36.43168640136719,0.2,1.0
110,110,30,2,10.0,0.5,compliant,5.0,0.6052631578947368,OK,,0.16487773541915568,0.6234445571899414,FL_shank_joint,0.0,0.1508862207703552,1.325,0.05104313651099801,0.07722395276521603,0.8994962410256266,0.04138689249753952,pd,0.00553650549032353,0.008823394775390625,0.01771629046542556,0.03915322944521904,0.0,0.0,0.1060943603515625,0.101959228515625,0.39710602164268494,0.15552932750533444,0.15558406014284287,,False,0.15452575166909244,0.4878854751586914,0.7999999999999998,-0.080230712890625,0.25384780764579773,0.2101600580333575,False,True,,True,9,1.0050000000000001,0.1945990738790713,0.5908153057098389,RR_shank_joint,0.0,1.2722961250935647,0.041647988010786924,True,17,2.33,0.1571346622035233,0.554165244102478,FR_shank_joint,0.0,1.0273523807398246,0.004183576335238914,True,9,6.005,0.1395487535525234,0.372084379196167,FR_thigh_joint,0.0,0.9123750430428291,-0.013402332315760962,False,0,,,,,,,,True,120,,0.15295108586828438,0.5735874176025391,FR_shank_joint,0.0,,,7.168382167816162,0.4579179584980011,1.0,False,,,0.2,1.0
111,111,31,2,10.0,0.5,compliant,10.0,0.6052631578947368,LOW,stop_margin_low,0.1728548768355817,0.5917463302612305,RR_shank_joint,0.0,0.16243442803895014,,0.05699498656205833,0.08436627317166698,0.8873993551172316,0.04426053047180176,pd,0.006620520397463893,0.00920867919921875,0.013978670281884245,0.03956035152077675,0.0,0.0,0.19709014892578125,0.18896484375,0.40738150477409363,0.06744718342184797,0.06744718342184797,,False,0.15218859422577574,0.4867415428161621,0.7999999999999998,-0.07916259765625,0.2538524866104126,0.2115074093507464,False,True,,True,9,1.0050000000000001,0.19434599874236191,0.5917463302612305,RR_shank_joint,0.0,1.233898404588304,0.0368403256499274,True,17,2.33,0.16390043415575545,0.5702377557754517,RL_shank_joint,0.0,1.040600195140705,0.006394761063320931,True,9,6.005,0.14224482010629144,0.3428038954734802,FR_thigh_joint,0.0,0.9031091852978081,-0.015260852986143075,False,0,,,,,,,,True,120,,0.15750567309243452,0.5841681957244873,FR_shank_joint,0.0,,,5.872989177703857,0.49398893117904663,1.0,False,,,0.2,1.0
112,112,32,2,10.0,0.5,compliant,15.0,0.6052631578947368,OK,,0.16135656248765398,0.5912710428237915,FL_shank_joint,0.0,0.13572269860794764,0.17499999999999982,0.04469127248041332,0.0739415405127802,0.9986771080829203,0.04425889939069748,pd,0.004738050500578167,0.00902557373046875,0.02406678595982298,0.04559975862503052,0.0,0.0,-0.38419342041015625,,-0.0727386400103569,,,,,0.14653344716526387,0.4358865022659302,0.6000000000000005,-0.04871368408203125,0.2538524866104126,0.1723624738889497,False,False,rope_taut_during_settle|robot_and_load_speeds_differ,True,9,1.0050000000000001,0.19421201933084772,0.5912710428237915,RR_shank_joint,0.0,1.2918802097837063,0.04387918052734616,True,17,2.005,0.14778464350567563,0.4870171546936035,FR_shank_joint,0.0,0.9830496429249457,-0.0025481952978259337,True,9,6.005,0.14838831071818329,0.4312474727630615,FR_shank_joint,0.0,0.987065180829453,-0.0019445280853182811,False,0,,,,,,,,True,120,,0.15033283880350157,0.5270440578460693,FR_shank_joint,0.0,,,32957.53125,0.5077356696128845,1.0,False,,,0.2,1.0
113,113,33,2,10.0,0.5,compliant,20.0,0.6052631578947368,COL,stop_collision,0.17927495689790016,0.6652886867523193,RL_shank_joint,0.0,0.19741883397224946,,0.06778372540138662,0.09865393338365126,0.8652099701948464,0.04747781068086624,pd,0.00567129240645053,0.0076141357421875,0.015530723961803442,0.03914642333984375,0.0,0.0,0.2866058349609375,0.293731689453125,0.42215797305107117,0.0035779919743532673,0.003597726416089131,,True,0.1517818652332185,0.46157407760620117,0.8500000000000005,-0.04727935791015625,0.253848671913147,0.05830111722940765,False,False,rope_not_continuously_taut,True,9,1.0050000000000001,0.194742030882023,0.592024564743042,RR_shank_joint,0.0,1.2123477279756125,0.03410987363188758,True,17,2.455,0.1545967387310828,0.49565887451171875,FR_shank_joint,0.0,0.9624270842004923,-0.006035418519052621,True,9,6.005,0.13787378240359002,0.39958858489990234,FR_shank_joint,0.0,0.8583199327199087,-0.022758374846545387,True,17,7.305,0.15517836599458806,0.41308510303497314,RL_shank_joint,0.0,0.9660479486242923,-0.005453791255547347,True,120,,0.1606321572501354,0.6032705307006836,RL_shank_joint,0.0,,,4.33479118347168,0.4527503550052643,1.0,True,deck_contact_force,-23.010812759399414,0.2,1.0
114,114,34,2,10.0,0.5,rigid,25.0,0.5526315789473684,OK,,0.1794105527251449,0.6284692287445068,RL_shank_joint,0.0,0.1967323204651715,,0.06449058908969164,0.09792254927594135,0.8710188218206167,0.043955752551555635,pd,0.006689039354320268,0.013275146484375,0.02494786985426252,0.04731778800487518,0.0,0.0,-0.0501251220703125,0.075592041015625,0.43326786160469055,0.2736347856484542,0.30934236512077007,,False,0.15352117684158978,0.5229452848434448,,-0.04372406005859375,0.2565024495124817,0.21838403715722862,False,False,rope_taut_during_settle,True,9,1.0050000000000001,0.21323475860798594,0.6081205606460571,RR_shank_joint,0.0,1.3405397153438112,0.054168409310533655,True,16,2.0300000000000002,0.15901650220439553,0.5713187456130981,RL_shank_joint,0.0,0.9996866270378562,-4.9847093056748504e-05,True,9,6.005,0.15965093056342433,0.5229452848434448,FR_thigh_joint,0.0,1.003675078157976,0.0005845812659720506,False,0,,,,,,,,True,120,,0.15906634929745228,0.5977761745452881,RL_shank_joint,0.0,,,14.256220817565918,0.4776649475097656,1.0,False,,,0.2,1.0
115,115,35,2,10.0,0.5,rigid,30.0,0.5526315789473684,OK,,0.1843066380252909,0.6473058462142944,RL_shank_joint,0.0,0.2055246678574841,,0.0703533691726625,0.10271753326815411,0.859293261654675,0.048143881857395175,pd,0.0059737320542746376,0.012542724609375,0.028328858800448175,0.05783599242568016,0.0,0.0,-0.0535430908203125,0.0844879150390625,0.43719688057899475,0.27623958732017684,0.30631067062755335,,False,0.15267333848809136,0.46219271421432495,,-0.0464019775390625,0.25676700472831726,0.20393271704537314,False,False,rope_taut_during_settle,True,9,1.0050000000000001,0.21634737589636185,0.6133922338485718,RR_shank_joint,0.0,1.3518040943504752,0.056303937057456704,True,16,2.0300000000000002,0.16502628416293616,0.5570420026779175,FR_shank_joint,0.0,1.0311343305303917,0.00498284532403101,True,9,6.005,0.1581937827289679,0.4445543885231018,FR_thigh_joint,0.0,0.9884427870123494,-0.0018496561099372588,False,0,,,,,,,,True,120,,0.16004343883890515,0.5973381996154785,RL_shank_joint,0.0,,,7.736489295959473,0.457192063331604,1.0,False,,,0.2,1.0
116,116,36,2,10.0,0.5,rigid,35.0,0.5526315789473684,OK,,0.18766839815829034,0.6389094591140747,RL_shank_joint,0.0,0.21521098335517055,,0.07231119280681014,0.10616716010386554,0.8553776143863797,0.049267422258853916,pd,0.00647050958519432,0.01456451416015625,0.028455262479493388,0.0612352229654789,0.0,0.0,-0.03659820556640625,0.09571075439453125,0.4387219548225403,0.27783932012820856,0.30736011591035606,,False,0.15242909132228127,0.504096508026123,,-0.02971649169921875,0.2569565176963806,0.21395707026927957,False,False,rope_taut_during_settle,True,9,1.0050000000000001,0.21775113187749245,0.6088656187057495,RR_shank_joint,0.0,1.3631040775314391,0.05800461254212633,True,16,2.0300000000000002,0.16767408199451803,0.5743405818939209,RL_shank_joint,0.0,1.0496258866367476,0.007927562659151899,True,9,6.005,0.15417489070965618,0.46179336309432983,FR_thigh_joint,0.0,0.9651220655768212,-0.005571628625709951,False,0,,,,,,,,True,120,,0.15974651933536613,0.5920830965042114,RL_shank_joint,0.0,,,-7.687258720397949,0.4513951241970062,1.0,False,,,0.2,1.0
117,117,37,2,10.0,0.5,rigid,40.0,0.5526315789473684,OK,,0.18999943699329064,0.636599063873291,RL_shank_joint,0.0,0.22469553163690553,,0.07756656678393484,0.11120850118832722,0.8448668664321304,0.04990204602479935,pd,0.004553263541104768,0.0120391845703125,0.01049258284406183,0.02281300723552704,0.0,0.0,-0.03204345703125,0.10564422607421875,0.43974965810775757,0.2789568009335568,0.29074557071454876,,False,0.15819458195116073,0.48429375886917114,,-0.027252197265625,0.25712400674819946,0.06065295135966729,False,False,rope_taut_during_settle,True,9,1.0050000000000001,0.21974510225495048,0.6093939542770386,RR_shank_joint,0.0,1.368376512774748,0.0591569160331929,True,17,2.005,0.16661283370715377,0.5853756666183472,RL_shank_joint,0.0,1.0375161313365648,0.0060246474853961896,True,9,6.005,0.1659647039619541,0.48429375886917114,FR_thigh_joint,0.0,1.033480157330951,0.0053765177401965125,False,0,,,,,,,,True,120,,0.16058818622175758,0.601603627204895,RL_shank_joint,0.0,,,15.0377836227417,0.4514318108558655,1.0,False,,,0.2,1.0
118,118,38,2,10.0,1.0,inextensible,5.0,0.6052631578947368,COL,stop_collision,0.21397329251474267,0.8758703470230103,RR_shank_joint,0.0,0.31865432793600235,0.575,0.18097010963596405,0.22111778610849273,0.819029890364036,0.22448551237583161,pd,0.025749748807392645,0.04659271240234375,0.012898875330745735,0.027872366830706596,0.0,0.0,-0.2294464111328125,0.0724945068359375,0.6593881249427795,0.3110231407984969,0.34052535190420485,,True,0.15748955378976393,0.4445769786834717,0.9249999999999998,-0.224884033203125,0.25385212898254395,0.17416925610831072,False,False,tension_not_steady,True,9,1.0050000000000001,0.2613845805366601,0.8758703470230103,RR_shank_joint,0.0,1.3438623444545255,0.06688208434330462,True,17,2.205,0.1974902795484882,0.6715092658996582,RL_shank_joint,0.0,1.0153611568674294,0.0029877833551327226,True,9,6.005,0.14719902063550772,0.4445769786834717,FR_thigh_joint,0.0,0.7567975913747491,-0.04730347555784775,True,11,6.055,0.14402885260513104,0.4445769786834717,FR_thigh_joint,0.0,0.7404987361290807,-0.050473643588224426,True,120,,0.19450249619335547,0.7725363969802856,RL_shank_joint,0.0,,,22.258546829223633,0.9565466642379761,1.0,True,load_velocity_jump,0.0,0.2,1.0
119,119,39,2,10.0,1.0,inextensible,10.0,0.6052631578947368,COL,stop_collision|speed_track_error,0.22319248518796236,0.8758257627487183,RR_shank_joint,0.0,0.349913982556326,,0.21652823065407575,0.2598741053623145,0.7834717693459242,0.2676645743846893,pd,0.01936601891947436,0.03398895263671875,0.013051362964001329,0.034077953547239304,0.0,0.0,-0.0919952392578125,0.07523345947265625,0.5818276405334473,0.27734362914469557,0.35138773067011186,,True,0.1650043760313989,0.44478607177734375,,-0.0876922607421875,0.2538524866104126,0.1796575673917349,False,False,rope_not_continuously_taut|tension_not_steady,True,9,1.0050000000000001,0.26090157761588456,0.8758257627487183,RR_shank_joint,0.0,1.318602153236375,0.063039336169116,True,17,2.205,0.18389058859432408,0.6469594240188599,FL_shank_joint,0.0,0.9293869676685973,-0.013971652852444477,True,9,6.005,0.1601438008714604,0.43385154008865356,FL_thigh_joint,0.0,0.8093701946389016,-0.037718440575308154,True,17,6.73,0.17512270519305081,0.44478607177734375,RR_shank_joint,0.0,0.8850738974377007,-0.022739536253717746,True,120,,0.19786224144676856,0.7713074684143066,RL_shank_joint,0.0,,,33.032997131347656,0.8994645476341248,1.0,True,load_velocity_jump,0.0,0.2,1.0
120,120,0,3,0.0,0.5,compliant,20.0,0.6578947368421053,OK,,0.16120268512114344,0.5916742086410522,FL_shank_joint,0.0,0.13545394833180807,0.17499999999999982,0.040988487144932154,0.06902108924541571,1.0405265888758004,0.032734308838844296,pd,0.007685554150660207,0.01000213623046875,0.011288720558609059,0.03984055295586586,0.0,0.0,0.00684356689453125,0.0,0.00017096687224693596,,,,,0.14640589320773267,0.4350953698158264,0.5499999999999998,0.0142059326171875,0.25385046005249023,0.07446369278583405,False,False,rope_taut_during_settle|robot_and_load_speeds_differ,True,9,1.0050000000000001,0.1941788446838812,0.5916742086410522,RR_shank_joint,0.0,1.2858531412730296,0.04316716344970942,True,17,2.005,0.1475976669536228,0.4723169803619385,FR_shank_joint,0.0,0.9773923828100761,-0.003414014280548966,True,9,6.005,0.14156709380121196,0.4350953698158264,FR_thigh_joint,0.0,0.9374579015625009,-0.009444587432959811,False,0,,,,,,,,True,120,,0.15101168123417177,0.5073784589767456,FR_shank_joint,0.0,,,1623.7841796875,0.5088453888893127,1.0,False,,,0.2,1.0
121,121,1,3,0.0,0.5,compliant,25.0,0.6578947368421053,OK,,0.1818543104970255,0.644020676612854,RR_shank_joint,0.0,0.22236809321960352,,0.08854620539583266,0.11546600512061245,0.8229075892083347,0.06528995096683503,pd,0.004392575089896419,0.00762939453125,0.011461052337597186,0.03943490982055664,0.0,0.0,0.201202392578125,0.2960357666015625,0.4330451190471649,0.10533370747590709,0.20171704387702505,,False,0.12293456960846795,0.3254380226135254,0.40000000000000036,-0.005706787109375,0.2538517117500305,0.07876901890472104,False,False,load_moved_during_settle,True,9,1.0050000000000001,0.19396013813079788,0.592069149017334,RR_shank_joint,0.0,1.241298950622033,0.03770435620686924,True,17,2.255,0.1538030117042015,0.5358630418777466,FL_shank_joint,0.0,0.9843028514559464,-0.002452770219727146,True,9,6.005,0.13527632192419875,0.3254380226135254,FR_thigh_joint,0.0,0.8657364243331265,-0.020979459999729888,False,0,,,,,,,,True,120,,0.15625578192392864,0.5919835567474365,FR_shank_joint,0.0,,,14.243109703063965,0.43988481163978577,1.0,False,,,0.2,1.0
122,122,2,3,0.0,0.5,compliant,30.0,0.6578947368421053,LOW,stop_margin_low,0.18470028969881622,0.7543901205062866,RR_shank_joint,0.0,0.24566673391700072,,0.09772719122469425,0.12824183789198704,0.8046149937808513,0.06801001697778702,pd,0.003329036672975974,0.0077972412109375,0.011543841847301391,0.03826873376965523,0.0,0.0,0.2504425048828125,0.3468475341796875,0.4307505190372467,0.04407971964636204,0.14266337448600552,,False,0.13200424001112854,0.3565220832824707,0.5,-0.007904052734375,0.2538520097732544,0.07894321616036985,False,False,load_moved_during_settle,True,9,1.0050000000000001,0.19457962067827772,0.5917884111404419,RR_shank_joint,0.0,1.2080002080243968,0.03350380348409063,True,17,2.255,0.16800803034181253,0.6156589984893799,RL_shank_joint,0.0,1.0430369578027234,0.006932213147625432,True,9,6.005,0.13446609513052266,0.3565220832824707,FR_thigh_joint,0.0,0.8348000182325027,-0.026609722063664437,False,0,,,,,,,,True,120,,0.1610758171941871,0.6156589984893799,RL_shank_joint,0.0,,,8.750061988830566,0.4572594165802002,1.0,False,,,0.2,1.0
123,123,3,3,0.0,0.5,compliant,35.0,0.6578947368421053,SPD,speed_track_error,0.18221429639525444,0.6430222988128662,RR_shank_joint,0.0,0.2469822985437823,,0.12022969681769609,0.1434499842506082,0.7603947027772665,0.0949632078409195,pd,0.005677206441274507,0.008026123046875,0.012190947600267265,0.03980778157711029,0.0,0.0,0.1344451904296875,0.21968841552734375,0.3909732401371002,0.1319394880624003,0.21646207757510183,,False,0.15208141162484531,0.4067617654800415,0.75,-0.0419769287109375,0.2538498044013977,0.08896122706705101,False,True,,True,9,1.0050000000000001,0.19408355046788947,0.5919389724731445,RR_shank_joint,0.0,1.2271341745931619,0.03592354279616525,True,17,2.305,0.16795422483230527,0.6070393323898315,FL_shank_joint,0.0,1.0619260033225963,0.009794217160581042,True,9,6.005,0.13600610334510882,0.33915239572525024,FR_thigh_joint,0.0,0.8599272682598885,-0.022153904326615403,False,0,,,,,,,,True,120,,0.15816000767172422,0.641936182975769,FL_shank_joint,0.0,,,19.831256866455078,0.39831414818763733,1.0,False,,,0.2,1.0
124,124,4,3,0.0,0.5,compliant,40.0,0.6578947368421053,SPD,speed_track_error,0.187201316523262,0.7521204948425293,RL_shank_joint,0.0,0.27159068542773107,,0.12120277237612755,0.148425966934864,0.7578865215834231,0.08717882126569748,pd,0.005359898255678517,0.0076141357421875,0.014038989380687959,0.03946908190846443,0.0,0.0,0.174774169921875,0.27361297607421875,0.40000778436660767,0.11701245844557207,0.2186214734673939,,False,0.14240227777538625,0.35162484645843506,0.5750000000000002,0.00661468505859375,0.25385111570358276,0.08469101092605304,False,False,load_moved_during_settle|rope_not_continuously_taut,True,9,1.0050000000000001,0.1935847936190493,0.5926183462142944,RR_shank_joint,0.0,1.146921853991145,0.02479840861348126,True,17,2.2800000000000002,0.17416391733597403,0.6389249563217163,RL_shank_joint,0.0,1.0318599887676283,0.0053775323304059985,True,9,6.005,0.13892073433464264,0.3164505958557129,FR_shank_joint,0.0,0.8230565180364509,-0.029865650670925392,False,0,,,,,,,,True,120,,0.16878638500556803,0.6425292491912842,RL_shank_joint,0.0,,,27.692991256713867,0.38773199915885925,1.0,False,,,0.2,1.0
125,125,5,3,0.0,1.0,compliant,5.0,0.6578947368421053,COL,stop_collision,0.21516043127464762,0.8757425546646118,RR_shank_joint,0.0,0.32176278931323293,3.7,0.1214217795804143,0.16739247403254187,0.8785782204195857,0.09346175491809845,pd,0.02277322016604975,0.0349884033203125,0.02525028879533605,0.04304203763604164,0.0,0.0,0.2497100830078125,0.2454376220703125,0.9205135703086853,0.2376603652869136,0.2376603652869136,,True,0.1526439018651772,0.5539747476577759,0.25,0.08631134033203125,0.25384843349456787,0.10183798002946857,False,True,,True,9,1.0050000000000001,0.2612281890397065,0.8757425546646118,RR_shank_joint,0.0,1.3523722511855685,0.06806525715412648,True,17,2.23,0.19276152253518847,0.6739324331283569,RL_shank_joint,0.0,0.9979219131410298,-0.00040140935039156833,True,9,6.005,0.1714104144785863,0.5539747476577759,FR_thigh_joint,0.0,0.8873877239558632,-0.021752517406993743,True,11,6.055,0.16801432007505798,0.5539747476577759,FR_thigh_joint,0.0,0.8698062223169256,-0.025148611810522054,True,120,,0.19316293188558004,0.7360419034957886,RL_shank_joint,0.0,,,7.649063587188721,0.9148955345153809,1.0,True,load_velocity_jump,0.0,0.2,1.0
126,126,6,3,0.0,1.0,compliant,10.0,0.6578947368421053,LOW,stop_margin_low,0.21888263436297753,0.8760558366775513,RR_shank_joint,0.0,0.36194381285602384,,0.14009213632903994,0.18699326093628732,0.8599078636709601,0.10495090246200561,pd,0.01920994331676995,0.02610015869140625,0.03219359205355215,0.06162426620721817,0.0,0.0,0.44513702392578125,0.43630218505859375,0.8898642063140869,0.045972232970243,0.045972232970243,,False,0.15651528775253232,0.5937288403511047,0.40000000000000036,0.088348388671875,0.25385135412216187,0.09001711061450067,False,False,rope_not_continuously_taut,True,9,1.0050000000000001,0.26103540027621314,0.8760558366775513,RR_shank_joint,0.0,1.3507244662442113,0.06777955365485056,True,17,2.205,0.18360076779353948,0.6880896091461182,RL_shank_joint,0.0,0.9500399134276136,-0.0096550788278231,True,9,6.005,0.17935074678479918,0.5937288403511047,FR_thigh_joint,0.0,0.9280482320216318,-0.013905099836563406,False,0,,,,,,,,True,120,,0.19325584662136258,0.749599814414978,RL_shank_joint,0.0,,,24.001493453979492,0.9043194055557251,1.0,False,,,0.2,1.0
127,127,7,3,0.0,1.0,compliant,15.0,0.6578947368421053,LOW,stop_margin_low,0.2241048114217448,0.8759959936141968,RR_shank_joint,0.0,0.4102013902064085,,0.17101673543453216,0.2164567504557431,0.8289832645654678,0.1310879111289978,pd,0.014595483809977888,0.0263519287109375,0.013735288410858635,0.022524219006299973,0.0,0.0,0.3855743408203125,0.4552154541015625,0.8656802177429199,0.02086059710681809,0.09062547115210862,,False,0.14575806469818914,0.49914830923080444,0.47500000000000053,0.07793426513671875,0.25384989380836487,0.10433247164374986,False,False,load_moved_during_settle|rope_not_continuously_taut,True,9,1.0050000000000001,0.2644037775431893,0.8759959936141968,RR_shank_joint,0.0,1.3291230431022403,0.06547277644786742,True,17,2.205,0.20922435231889763,0.737838864326477,RL_shank_joint,0.0,1.0517433239007503,0.010293351223575775,True,9,6.005,0.1641448440201334,0.49914830923080444,FR_thigh_joint,0.0,0.8251345598038792,-0.03478615707518845,False,0,,,,,,,,True,120,,0.19893100109532186,0.737838864326477,RL_shank_joint,0.0,,,28.22481918334961,0.903805136680603,1.0,False,,,0.2,1.0
128,128,8,3,0.0,1.0,rigid,20.0,0.5789473684210527,OK,,0.19099515689764743,0.8760970830917358,RR_shank_joint,0.0,0.2924088447118832,0.575,0.057452535843476656,0.13485293985555685,1.0029656133893878,0.031212289929389955,pd,0.014650291218110735,0.0225067138671875,0.01652026366285662,0.02666127309203148,0.0,0.0,-0.7344589233398438,,-0.15205229818820953,,,,,0.158151311293862,0.5625615119934082,0.27500000000000036,0.1131439208984375,0.2538512945175171,0.07845739104955755,False,False,rope_taut_during_settle|robot_and_load_speeds_differ,True,9,1.0050000000000001,0.2606253334603803,0.8760970830917358,RR_shank_joint,0.0,1.477287020776661,0.08420373779553753,True,17,2.005,0.16766687237096808,0.5890841484069824,RL_shank_joint,0.0,0.9503761245278243,-0.008754723293874694,True,9,6.005,0.1748409075918538,0.5625615119934082,FL_thigh_joint,0.0,0.9910402801480614,-0.0015806880729889727,False,0,,,,,,,,True,120,,0.17642159566484278,0.6227052211761475,FR_shank_joint,0.0,,,553.3113403320312,0.9799402356147766,1.0,False,,,0.2,1.0
129,129,9,3,0.0,1.0,rigid,25.0,0.5789473684210527,OK,,0.24196031705356363,0.9093008041381836,RL_shank_joint,0.0,0.49914303542024735,,0.19772499967366458,0.25562397931753866,0.8022750003263355,0.12501287400722505,pd,0.016114957433642996,0.02532958984375,0.01667980457323827,0.027642594650387764,0.0,0.0,0.206207275390625,0.2584686279296875,0.9033583998680115,0.30582048254578353,0.3226030022698012,,False,0.1631073784268343,0.6423742175102234,,0.2102203369140625,0.25605419278144836,0.10555701176927132,False,False,rope_taut_during_settle,True,9,1.0050000000000001,0.29196368838222275,0.9093008041381836,RL_shank_joint,0.0,1.457194916368215,0.09160360950554955,True,16,2.0300000000000002,0.1980337101495413,0.6969558000564575,RL_shank_joint,0.0,0.9883890606343599,-0.0023263687271319056,True,9,6.005,0.19130787407060343,0.6423742175102234,FR_thigh_joint,0.0,0.9548203172167763,-0.009052204806069775,False,0,,,,,,,,True,120,,0.2003600788766732,0.7515289783477783,RL_shank_joint,0.0,,,39.87989044189453,0.8552773594856262,1.0,False,,,0.2,1.0
130,130,10,3,0.0,1.0,rigid,30.0,0.5789473684210527,SPD,speed_track_error,0.24666467694694721,0.9112626314163208,RL_shank_joint,0.0,0.5275489174800103,,0.2253414751775563,0.27747924848421496,0.7746585248224437,0.1653057062625885,pd,0.0208376878498519,0.037647247314453125,0.02064804370026016,0.03839128091931343,0.0,0.0,0.21222686767578125,0.2525787353515625,0.8297150731086731,0.29998444495151944,0.323936146502092,,False,0.15654277624917998,0.5933136343955994,0.625,0.2144927978515625,0.25621408224105835,0.11471220322124934,False,False,rope_taut_during_settle,True,9,1.0050000000000001,0.29448068689599916,0.9112626314163208,RL_shank_joint,0.0,1.4401363745718705,0.08999957517937887,True,17,2.005,0.22064772615639297,0.7721859216690063,RL_shank_joint,0.0,1.0790616517293643,0.016166614439772686,True,9,6.005,0.191806982741801,0.5933136343955994,FL_thigh_joint,0.0,0.9380180943441676,-0.012674128974819288,False,0,,,,,,,,True,120,,0.20448111171662028,0.7632400989532471,RL_shank_joint,0.0,,,39.63059616088867,0.816809892654419,1.0,False,,,0.2,1.0
131,131,11,3,0.0,1.0,rigid,35.0,0.5789473684210527,SPD,speed_track_error,0.2508897566016571,0.9155908823013306,RL_shank_joint,0.0,0.552690035946975,,0.218101754412055,0.2811333419994919,0.781898245587945,0.12529289662837984,pd,0.026142275003545365,0.047313690185546875,0.020122573631441588,0.0365278534591198,0.0,0.0,0.25991058349609375,0.3142852783203125,0.8748447299003601,0.3033365748293164,0.3239265734132033,,False,0.16405088388843292,0.6193122863769531,,0.26267242431640625,0.2564166188240051,0.09965607435046593,False,False,rope_taut_during_settle,True,9,1.0050000000000001,0.29770854924687673,0.9155908823013306,RL_shank_joint,0.0,1.4538599784671753,0.09293742021369777,True,17,2.005,0.22048813819678906,0.7569562196731567,RL_shank_joint,0.0,1.0767540289386375,0.0157170091636101,True,9,6.005,0.1804747343259866,0.6193122863769531,FR_thigh_joint,0.0,0.8813485337415138,-0.02429639470719236,False,0,,,,,,,,True,120,,0.20477112903317896,0.7603931427001953,RL_shank_joint,0.0,,,48.67879867553711,0.7822229266166687,1.0,False,,,0.2,1.0
132,132,12,3,0.0,1.0,rigid,40.0,0.5789473684210527,SPD,speed_track_error,0.2521051193974188,0.919945240020752,RL_shank_joint,0.0,0.5781679240174563,,0.2618561456166208,0.3109392275085738,0.7381438543833793,0.18824376106262208,pd,0.017053908371851063,0.02957916259765625,0.017368022114776335,0.028344662860035896,0.0,0.0,0.2235107421875,0.2921905517578125,0.8060448169708252,0.30034607494729926,0.3228031877348201,,False,0.16518759620172044,0.6039573550224304,,0.227264404296875,0.25638872385025024,0.10026639496509201,False,False,rope_taut_during_settle,True,9,1.0050000000000001,0.30005283876798566,0.919945240020752,RL_shank_joint,0.0,1.4326283424492818,0.09061063392161031,True,17,2.005,0.22106663741574334,0.7736870050430298,RL_shank_joint,0.0,1.0555018630456763,0.011624432569367987,True,9,6.005,0.1729686479992534,0.6039573550224304,FR_thigh_joint,0.0,0.8258538345990242,-0.036473556847121946,False,0,,,,,,,,True,120,,0.20944220484637535,0.7696456909179688,RL_shank_joint,0.0,,,56.9814567565918,0.7215958833694458,1.0,False,,,0.2,1.0
133,133,13,3,0.0,1.5,rigid,5.0,0.5789473684210527,COL,stop_collision,0.24345372776803664,0.8992643356323242,RR_shank_joint,0.0,0.6194856300353112,0.7249999999999999,0.21498193053528666,0.3095910379171857,0.8566787129764756,0.1544088292121887,pd,0.012140924905804497,0.020626068115234375,0.01968719918623201,0.03490479663014412,0.0,0.0,0.2305450439453125,0.2353515625,1.3209654092788696,0.3018165029619553,0.3207907934019829,,True,0.16164977323945584,0.744596004486084,0.40000000000000036,0.2344818115234375,0.2548094391822815,0.09731621479714944,False,False,rope_taut_during_settle,True,9,1.0050000000000001,0.30026862507202134,0.8992643356323242,RR_shank_joint,0.0,1.4260495778894149,0.08970888736891455,True,16,2.0300000000000002,0.20668055851921857,0.6044691801071167,RR_shank_joint,0.0,0.9815768236311259,-0.0038791791838882206,True,9,6.005,0.20799928760099753,0.744596004486084,FR_thigh_joint,0.0,0.9878397924976543,-0.0025604501021092574,True,10,6.03,0.20433721342722752,0.744596004486084,FR_thigh_joint,0.0,0.9704477012378637,-0.006222524275879271,True,120,,0.2105597377031068,0.7930624485015869,RL_shank_joint,0.0,,,17.634260177612305,1.415976643562317,1.0,True,load_velocity_jump,0.0,0.2,1.0
134,134,14,3,0.0,1.5,rigid,10.0,0.5789473684210527,COL,stop_collision,0.2459940320206495,0.9205213785171509,RL_shank_joint,0.0,0.6939096807656895,,0.2699137949757278,0.3564948278000679,0.8200574700161815,0.19601818323135375,pd,0.027172435231358365,0.05438995361328125,0.008147416429066906,0.023379206657409668,0.0,0.0,0.30147552490234375,0.31204986572265625,1.347051978111267,0.2959180231899552,0.316649540710614,,True,0.16977729748792875,0.9557397365570068,0.5250000000000004,0.30480194091796875,0.2552494406700134,0.12738988371491017,False,False,rope_taut_during_settle,True,9,1.0050000000000001,0.3063170871707407,0.9205213785171509,RR_shank_joint,0.0,1.3914109386166926,0.08616854681552846,True,16,2.0300000000000002,0.2250522832517634,0.773100733757019,RL_shank_joint,0.0,1.022274700929831,0.004903742896551183,True,9,6.005,0.24278039323294962,0.9557397365570068,FR_thigh_joint,0.0,1.102802647890468,0.02263185287773739,True,10,6.03,0.24320355582089073,0.9557397365570068,FR_thigh_joint,0.0,1.1047248163829702,0.023055015465678508,True,120,,0.22014854035521222,0.7734375,RL_shank_joint,0.0,,,34.1958122253418,1.3306019306182861,1.0,True,load_velocity_jump,0.0,0.2,1.0
135,135,15,3,0.0,1.5,rigid,15.0,0.5789473684210527,COL,stop_collision|speed_track_error,0.25101121428772993,0.9281182289123535,RL_shank_joint,0.0,0.780156378289817,,0.30166244443506,0.39398742930203884,0.79889170370996,0.2034326696395874,pd,0.02182951938644592,0.02999114990234375,0.025536035464360448,0.04661189392209053,0.0,0.0,0.30451202392578125,0.33568572998046875,1.278023600578308,0.30305754289058484,0.31738417213658465,,True,0.1668640951851912,0.9051846861839294,0.7750000000000004,0.30852508544921875,0.2555760145187378,0.12814115449468605,False,False,rope_taut_during_settle,True,9,1.0050000000000001,0.31168494852830436,0.9281182289123535,RL_shank_joint,0.0,1.3888326660527162,0.08726270087613566,True,16,2.0300000000000002,0.22525935647932444,0.772406816482544,RL_shank_joint,0.0,1.0037300616846738,0.0008371088271557359,True,9,6.005,0.223176456989796,0.9051846861839294,FL_thigh_joint,0.0,0.9944488985588293,-0.0012457906623727089,True,15,6.155,0.20010009070089563,0.9051846861839294,FL_thigh_joint,0.0,0.8916232360841074,-0.024322156951273072,True,120,,0.2244222476521687,0.7942450046539307,RL_shank_joint,0.0,,,55.27042770385742,1.2490344047546387,1.0,True,load_velocity_jump,0.0,0.2,1.0
136,136,16,3,0.0,1.5,inextensible,20.0,0.6578947368421053,OK,,0.22532391998130993,0.9263807535171509,RR_shank_joint,0.0,0.5004959038166205,0.5499999999999998,0.07635638784617185,0.2249174717653802,0.9703576361387968,0.021374138593673705,pd,0.014262467962953768,0.03201866149902344,0.030587016621639346,0.05563931167125702,0.0,0.0,-0.08238983154296875,-0.06299591064453125,-0.07976754754781723,,,,,0.16796342969542707,0.7606759667396545,0.47500000000000053,0.2363739013671875,0.25385063886642456,0.08646181479427778,False,False,rope_taut_during_settle|robot_and_load_speeds_differ,True,9,1.0050000000000001,0.29049768544976645,0.9263807535171509,RR_shank_joint,0.0,1.6174811839184888,0.11089888186677171,True,17,2.005,0.18834527338631304,0.5905593633651733,FL_shank_joint,0.0,1.04870004492695,0.008746469803318307,True,9,6.005,0.1970354669263733,0.7606759667396545,FR_thigh_joint,0.0,1.0970867455434963,0.017436663343378567,False,0,,,,,,,,True,120,,0.17959880358299474,0.5958294868469238,FL_shank_joint,0.0,,,854.5119018554688,1.500832438468933,1.0,False,,,0.2,1.0
137,137,17,3,0.0,1.5,inextensible,25.0,0.6578947368421053,COL,stop_collision|speed_track_error,0.25780927965134315,0.925958514213562,RL_shank_joint,0.0,0.8805399902733752,,0.373477564137429,0.4574245601883701,0.751014957241714,0.24190229892730714,pd,0.022615587987009873,0.03832721710205078,0.02756825658046951,0.047047488391399384,0.0,0.0,0.5909347534179688,0.6837234497070312,1.24044668674469,-0.0009789744035657577,0.05718035490725981,0.75,True,0.1645166979249238,0.6291029453277588,0.9750000000000005,0.24333953857421875,0.2538510262966156,0.0965432492116199,False,False,load_moved_during_settle|rope_not_continuously_taut,True,9,1.0050000000000001,0.29513510318372177,0.925958514213562,RR_shank_joint,0.0,1.3000798245949412,0.06812204013916956,True,16,2.1550000000000002,0.2282635985747919,0.7645450830459595,RR_shank_joint,0.0,1.0055086500903,0.0012505355302396826,True,9,6.005,0.1827929667364627,0.5731698870658875,FR_thigh_joint,0.0,0.805209023150306,-0.04422009630808951,True,17,6.655,0.15833240961161207,0.5563409328460693,RL_shank_joint,0.0,0.6974594654957751,-0.06868065343294014,True,120,,0.2270130630445522,0.7645450830459595,RL_shank_joint,0.0,,,0.0,1.1352899074554443,1.0,True,deck_contact_force|load_velocity_jump,-266.833984375,0.2,1.0
138,138,18,3,0.0,1.5,inextensible,30.0,0.6578947368421053,COL,stop_collision|speed_track_error,0.2587176080281209,0.9249871969223022,RL_shank_joint,0.0,0.9495105923816731,,0.39141239542514084,0.48833652653109694,0.739058403049906,0.22148327469825746,pd,0.02569658181695366,0.042629241943359375,0.02285812247996236,0.03666144236922264,0.0,0.0,0.6984100341796875,0.736907958984375,1.286331057548523,-0.0003568286671224996,0.012723734736809433,0.625,True,0.17069279164043036,0.9720140695571899,,0.3086395263671875,0.2538507580757141,0.10943023203485867,False,False,load_moved_during_settle|rope_not_continuously_taut,True,9,1.0050000000000001,0.2984634377095061,0.9249871969223022,RR_shank_joint,0.0,1.311021631551544,0.07080629573215669,True,16,2.1550000000000002,0.23762283552570912,0.7384128570556641,RL_shank_joint,0.0,1.0437750094804898,0.009965693548359689,True,9,6.005,0.19370518697806546,0.5956698060035706,FR_thigh_joint,0.0,0.8508636509077234,-0.03395195499928397,True,17,6.555,0.16303757882048112,0.9720140695571899,RL_shank_joint,0.0,0.7161540262009545,-0.06461956315686831,True,120,,0.22765714197734943,0.7779818773269653,RL_shank_joint,0.0,,,38.614437103271484,1.0577590465545654,1.0,True,deck_contact_force|load_velocity_jump,-698.9434814453125,0.2,1.0
139,139,19,3,0.0,1.5,inextensible,35.0,0.6578947368421053,COL,stop_collision|speed_track_error,0.2603779551649512,0.9251933097839355,RL_shank_joint,0.0,0.9601399224771358,,0.4112705270573497,0.5027509718622877,0.7258196486284335,0.2422512650489807,pd,0.02430548212812402,0.054784536361694336,0.02073754496975548,0.03333897516131401,0.0,0.0,0.7245864868164062,0.8045120239257812,1.2907254695892334,-0.0005417653042485426,0.054919023616832874,0.625,True,0.16682574677832956,0.7174642086029053,,0.379058837890625,0.2538503408432007,0.10855378217832395,False,False,rope_not_continuously_taut,True,9,1.0050000000000001,0.2927041717758012,0.9251933097839355,RR_shank_joint,0.0,1.2752425190421295,0.06317593114306294,True,16,2.18,0.2383829244530579,0.7445218563079834,RR_shank_joint,0.0,1.0385777532033096,0.00885468382031962,True,9,6.005,0.21230456967820358,0.7174642086029053,FR_thigh_joint,0.0,0.9249605586351624,-0.017223670954534698,True,17,6.58,0.14071776972363287,0.4455626606941223,FR_thigh_joint,0.0,0.613073882916183,-0.0888104709091054,True,120,,0.22952824063273827,0.7880423069000244,RL_shank_joint,0.0,,,34.16179275512695,0.9955828785896301,1.0,True,deck_contact_force|load_velocity_jump,-57.19854736328125,0.2,1.0
140,140,20,3,5.0,1.5,compliant,40.0,0.6578947368421053,SPD,speed_track_error,0.2606907736810686,0.9250518083572388,RL_shank_joint,0.0,0.9157840649505906,,0.5066707092896103,0.5669933581578998,0.6622195271402598,0.44969397127628324,pd,0.02339013217939511,0.04928278923034668,0.017963160782589985,0.032178934663534164,0.0,0.0,-0.516845703125,0.36000823974609375,0.8152737617492676,0.12105785305244865,0.43932333511195054,,False,0.14259968164945525,0.446857213973999,0.875,-0.53216552734375,0.25153714418411255,0.10376723622280346,False,False,tension_not_steady,True,9,1.0050000000000001,0.2909681452172904,0.9250518083572388,RR_shank_joint,0.0,1.2416962633999367,0.05663696955555553,True,17,2.23,0.23920647021504635,0.7670787572860718,RL_shank_joint,0.0,1.0208051469871389,0.0048752945533114544,True,9,6.005,0.16757347596221034,0.446857213973999,FL_shank_joint,0.0,0.7151138788468693,-0.06675769969952455,False,0,,,,,,,,True,120,,0.2343311756617349,0.8472224473953247,RL_shank_joint,0.0,,,47.93659973144531,1.0556583404541016,1.0,False,,,0.2,1.0
141,141,21,3,5.0,2.0,compliant,5.0,0.6578947368421053,COL,stop_collision,0.27461686447776884,0.9735490083694458,RL_shank_joint,0.0,0.8709828988518198,0.8999999999999999,0.3324158074147999,0.44930147574697915,0.8337920962926,0.23262153148651124,pd,0.016114817960697792,0.031754493713378906,0.01349721253271182,0.03020128235220909,0.0,0.0,0.8543319702148438,0.8348159790039062,1.7828961610794067,-0.0007522786210216736,0.0030305402759296385,1.375,True,0.18152046568229255,1.1362224817276,0.5250000000000004,0.4637298583984375,0.25385016202926636,0.12145828143583373,False,False,tension_not_steady,True,9,1.0050000000000001,0.31882632647348486,0.9735490083694458,RR_shank_joint,0.0,1.3325467743385186,0.07956543701483793,True,17,2.205,0.22415280356400133,0.7294361591339111,RR_shank_joint,0.0,0.9368551795956738,-0.015108085894645601,True,9,6.005,0.2589925053004324,1.1362224817276,FL_thigh_joint,0.0,1.082469039910494,0.019731615841785455,True,12,6.08,0.23398258909128186,1.1362224817276,FR_thigh_joint,0.0,0.9779391425848671,-0.005278300367365069,True,120,,0.23926088945864693,0.7855348587036133,RR_shank_joint,0.0,,,16.008285522460938,1.8101446628570557,1.0,True,load_velocity_jump,0.0,0.2,1.0
142,142,22,3,5.0,2.0,compliant,10.0,0.6578947368421053,COL,stop_collision|speed_track_error,0.27740589726345677,0.9742897748947144,RL_shank_joint,0.0,1.0017122543383636,4.625,0.44317059947177767,0.5431477061584146,0.7784147002641112,0.34454435110092163,pd,0.027103075947788446,0.053928375244140625,0.02048623264374333,0.04524567350745201,0.0,0.0,0.8546676635742188,0.8565673828125,1.8126599788665771,-0.0019367018798703839,-0.0013052595519411625,0.75,True,0.1772588556282821,1.0286474227905273,0.8250000000000002,0.45357513427734375,0.2538503408432007,0.1410697597716638,False,False,rope_not_continuously_taut,True,9,1.0050000000000001,0.3182974035647194,0.9742897748947144,RR_shank_joint,0.0,1.2770187853363633,0.06904703448664767,True,17,2.205,0.25854036571936767,0.779045820236206,RR_shank_joint,0.0,1.0372717467807884,0.009289996641295928,True,9,6.005,0.27141149919175556,1.0286474227905273,FR_thigh_joint,0.0,1.088911122561838,0.022161130113683813,True,17,6.655,0.1324726235679482,0.3308471441268921,FR_thigh_joint,0.0,0.5314841621215586,-0.11677774551012354,True,120,,0.24925036907807174,0.8193806409835815,RL_shank_joint,0.0,,,0.0,1.651669979095459,1.0,True,deck_contact_force|load_velocity_jump,-85.97540283203125,0.2,1.0
143,143,23,3,5.0,2.0,compliant,15.0,0.6578947368421053,COL,stop_collision|speed_track_error,0.2792183247695945,0.9739092588424683,RL_shank_joint,0.0,1.0957474647986396,,0.5406521913968027,0.6253159038207733,0.7296739043015986,0.4618412935733795,pd,0.02747619620026345,0.06979560852050781,0.02495780169944765,0.0531163364648819,0.0,0.0,1.0348587036132812,1.0230178833007812,1.818015694618225,-0.009727763567255465,-0.00031411304463802026,0.625,True,0.1800323759255352,1.0665396451950073,,0.640960693359375,0.2538503408432007,0.12504033486684113,False,False,rope_not_continuously_taut,True,9,1.0050000000000001,0.31883798071208974,0.9739092588424683,RR_shank_joint,0.0,1.2451392440926066,0.06277185620049547,True,17,2.205,0.26337797034750154,0.7714076042175293,RL_shank_joint,0.0,1.0285545221955987,0.007311845835907271,True,9,6.005,0.249285047611764,1.0665396451950073,FL_thigh_joint,0.0,0.973518258564017,-0.006781076899830263,True,17,6.605,0.15709294396733275,0.9734050035476685,FR_shank_joint,0.0,0.613485849668568,-0.09897318054426152,True,120,,0.2560661245115943,0.8440026044845581,RL_shank_joint,0.0,,,0.0,1.6085309982299805,1.0,True,deck_contact_force|load_velocity_jump,-53.26517868041992,0.2,1.0
144,144,24,3,5.0,2.0,rigid,20.0,0.5789473684210527,OK,,0.2682156765492798,0.9706553220748901,RR_shank_joint,0.0,0.7317517864402153,0.44999999999999996,0.13039572231471538,0.3309272419169514,0.9625920343771577,0.04654556632041931,pd,0.009649389177078629,0.03466224670410156,0.024923073118895283,0.044183917343616486,0.0,0.0,-0.35370635986328125,,-0.06373889744281769,,,,,0.17055056157538157,1.0047039985656738,0.4249999999999998,0.3943328857421875,0.25384992361068726,0.1025521818655011,False,False,rope_taut_during_settle|robot_and_load_speeds_differ,True,9,1.0050000000000001,0.3196722510635876,0.9706553220748901,RR_shank_joint,0.0,1.4737157309853706,0.1027564345717292,True,17,2.005,0.22886790121560877,0.5846086740493774,FL_shank_joint,0.0,1.055100107115513,0.011952084723750367,True,9,6.005,0.22272343375710846,1.0047039985656738,FR_thigh_joint,0.0,1.0267735998193936,0.005807617265250059,False,0,,,,,,,,True,120,,0.2169158164918584,0.6802834272384644,RR_shank_joint,0.0,,,1275.756591796875,1.990269660949707,1.0,False,,,0.2,1.0
145,145,25,3,5.0,2.0,rigid,25.0,0.5789473684210527,COL,stop_collision|speed_track_error,0.2820655779148335,0.9910582304000854,RL_shank_joint,0.0,1.3144557792168887,,0.7067149985209107,0.7844651617528555,0.6466425007395447,0.6197390472888946,pd,0.0309913484173781,0.045940399169921875,0.032295499493314395,0.05136850103735924,0.0,0.0,0.80694580078125,0.8291015625,1.4634242057800293,0.30526903541178285,0.31047107308897637,,True,0.17970155222677414,0.7643334865570068,,0.8097915649414062,0.2563725709915161,0.13195910293666557,False,False,rope_taut_during_settle,True,9,1.0050000000000001,0.32887789993053684,0.9910582304000854,RL_shank_joint,0.0,1.2653825909297003,0.06897397657332982,True,17,2.005,0.2842229037146482,0.7491323947906494,RL_shank_joint,0.0,1.0935691160152963,0.024318980357441178,True,9,6.005,0.20222021560253467,0.7643334865570068,FL_thigh_joint,0.0,0.7780575721614138,-0.05768370775467235,True,17,6.23,0.2018491690103567,0.7643334865570068,FL_thigh_joint,0.0,0.7766299423381118,-0.05805475434685031,True,120,,0.259903923357207,0.8340408802032471,RL_shank_joint,0.0,,,1.636885643005371,1.2306041717529297,1.0,True,load_velocity_jump,0.0,0.2,1.0
146,146,26,3,5.0,2.0,rigid,30.0,0.5789473684210527,SPD,speed_track_error,0.285494355699257,0.9917393922805786,RL_shank_joint,0.0,1.362529037488939,,0.754344612210989,0.830746385196025,0.6228276938945055,0.6750712931156159,pd,0.021520940889998216,0.0348663330078125,0.03005087486580854,0.04473292827606201,0.0,0.0,0.641845703125,0.6512298583984375,1.309465765953064,0.2974623918029522,0.3123564507265826,,False,0.17380023457657146,0.66057288646698,,0.6488571166992188,0.25656992197036743,0.1327032327764095,False,False,rope_taut_during_settle,True,9,1.0050000000000001,0.3314675631605379,0.9917393922805786,RL_shank_joint,0.0,1.2775841024839212,0.07201884075072729,True,17,2.005,0.2828385739005201,0.7802726030349731,RL_shank_joint,0.0,1.0901521166628225,0.02338985149070949,True,9,6.005,0.19132745430297712,0.5867562294006348,FR_shank_joint,0.0,0.7374384137485444,-0.06812126810683347,False,0,,,,,,,,True,120,,0.2594487224098106,0.820046067237854,RL_shank_joint,0.0,,,31.57201385498047,1.1670688390731812,1.0,False,,,0.2,1.0
147,147,27,3,5.0,2.0,rigid,35.0,0.5789473684210527,SPD,speed_track_error,0.28223890357448195,0.9928301572799683,RL_shank_joint,0.0,1.4099546241386476,,0.813096154872328,0.8826609848461422,0.5934519225638359,0.7146627271175384,pd,0.012534182521153084,0.03411102294921875,0.02378461904370835,0.04528401046991348,0.0,0.0,0.4430389404296875,0.4644012451171875,1.1471673250198364,0.30871792355669925,0.3198485630674668,,False,0.15789144937423996,0.5813536643981934,0.875,0.44805908203125,0.2567515969276428,0.1223283376445232,False,False,rope_taut_during_settle,True,9,1.0050000000000001,0.3325668766279926,0.9928301572799683,RL_shank_joint,0.0,1.2639266964218925,0.06944491111411327,True,16,2.0300000000000002,0.28999896877107756,0.7970414161682129,RL_shank_joint,0.0,1.1021465585539665,0.026877003257198218,True,9,6.005,0.1809126646833635,0.5813536643981934,FR_thigh_joint,0.0,0.6875619993566087,-0.08220930083051584,False,0,,,,,,,,True,120,,0.26312196551387934,0.8256169557571411,RL_shank_joint,0.0,,,54.037899017333984,1.0962908267974854,1.0,False,,,0.2,1.0
148,148,28,3,5.0,2.0,inextensible,40.0,0.6578947368421053,COL,stop_collision|speed_track_error,0.28880127290421354,0.9739519357681274,RL_shank_joint,0.0,1.3767523682568445,,0.8487874666973948,0.90572506164601,0.5756062666513025,0.7544091463088989,pd,0.021770969922587067,0.041606903076171875,0.024072252036853314,0.044884879142045975,0.0,0.0,-0.16886138916015625,0.6167144775390625,1.066142201423645,0.0013184799686314363,0.3934267960425899,,True,0.150318854752031,0.714177131652832,0.375,-0.1687164306640625,0.253850519657135,0.10773753141701774,False,False,rope_not_continuously_taut,True,9,1.0050000000000001,0.321224482005992,0.9739519357681274,RR_shank_joint,0.0,1.2239883420309783,0.058783680100166325,True,16,2.18,0.28820249105162854,0.7652003765106201,RL_shank_joint,0.0,1.0981619053086387,0.025761689145802846,True,9,6.005,0.18677150699104558,0.714177131652832,FR_thigh_joint,0.0,0.7116709964103322,-0.07566929491478011,True,17,7.155,0.12475326093368866,0.2695244550704956,RR_shank_joint,0.0,0.4753577188750366,-0.13768754097213703,True,120,,0.2624408019058257,0.8100963830947876,RL_shank_joint,0.0,,,54.734580993652344,1.1171163320541382,1.0,True,deck_contact_force,-145.8297119140625,0.2,1.0
149,149,29,3,5.0,0.5,inextensible,5.0,0.6578947368421053,OK,,0.16782983056974338,0.5920208692550659,FL_shank_joint,0.0,0.14610005016938526,0.625,0.043584501165896655,0.07227381037677526,0.9140410744771361,0.03176448434591293,pd,0.007571722514649857,0.0132293701171875,0.011436296304093225,0.039314523339271545,0.0,0.0,0.1211700439453125,0.11688995361328125,0.4836771786212921,0.25621098155073696,0.25621098155073696,,False,0.1388925570406146,0.38814520835876465,0.6500000000000004,-0.01844024658203125,0.25384992361068726,0.1239457956815852,False,True,,True,9,1.0050000000000001,0.1943765057463588,0.5920208692550659,RR_shank_joint,0.0,1.2555445465932011,0.03956200213214561,True,17,2.305,0.15509942562410578,0.5522719621658325,RL_shank_joint,0.0,1.0018404090265507,0.00028492200989257976,True,9,6.005,0.13628621401197133,0.343677282333374,FL_shank_joint,0.0,0.8803194198883778,-0.01852828960224187,False,0,,,,,,,,True,120,,0.1548145036142132,0.5795564651489258,FR_shank_joint,0.0,,,9.92070198059082,0.48549050092697144,1.0,False,,,0.2,1.0
150,150,30,3,10.0,0.5,compliant,10.0,0.6578947368421053,OK,,0.16412039517628557,0.5879716873168945,RR_shank_joint,0.0,0.16137801797401985,,0.05625795451924205,0.08267350208703457,0.8886231392994524,0.042594131529331204,pd,0.00874376632899041,0.016971588134765625,0.01260245049283093,0.03967997059226036,0.0,0.0,0.21692657470703125,0.2084808349609375,0.433285117149353,0.14851444137697456,0.14851444137697456,,False,0.14641050343525452,0.4233161211013794,0.8250000000000002,-0.03907012939453125,0.25384777784347534,0.1929913266626269,False,True,,True,9,1.0050000000000001,0.194098198142634,0.5879716873168945,RR_shank_joint,0.0,1.246700667422532,0.03840870248854192,True,17,2.33,0.14945331406050352,0.538970947265625,FL_shank_joint,0.0,0.9599447504959231,-0.006236181593588547,True,9,6.005,0.14051967731693918,0.395102858543396,FL_shank_joint,0.0,0.9025636362079501,-0.01516981833715289,False,0,,,,,,,,True,120,,0.15568949565409207,0.5786621570587158,FR_shank_joint,0.0,,,9.434988975524902,0.4511600434780121,1.0,False,,,0.2,1.0
151,151,31,3,10.0,0.5,compliant,15.0,0.6578947368421053,LOW,stop_margin_low,0.1735264831986601,0.5918550491333008,RR_shank_joint,0.0,0.1842975209289321,,0.061614752598106864,0.09284239987525286,0.8775489433854818,0.04331496804952621,pd,0.009583925386763795,0.01322174072265625,0.01329424143389447,0.03941294923424721,0.0,0.0,0.30352020263671875,0.29187774658203125,0.4555213153362274,0.05574226254694281,0.05574842277783887,,False,0.13243014071011516,0.36359918117523193,0.875,-0.04160308837890625,0.25385135412216187,0.19010329480744204,False,True,,True,9,1.0050000000000001,0.1943877150251755,0.5918550491333008,RR_shank_joint,0.0,1.232096797981082,0.0366178747466358,True,17,2.33,0.15094894723855665,0.5471560955047607,FL_shank_joint,0.0,0.9567668127955199,-0.006820893039983039,True,9,6.005,0.13073906901718105,0.3556343913078308,FR_thigh_joint,0.0,0.8286695910090527,-0.027030771261358638,False,0,,,,,,,,True,120,,0.15776984027853969,0.589688777923584,RL_shank_joint,0.0,,,18.319225311279297,0.4668700397014618,1.0,False,,,0.2,1.0
152,152,32,3,10.0,0.5,compliant,20.0,0.6578947368421053,OK,,0.1609187682531211,0.5917222499847412,FL_shank_joint,0.0,0.13473852867331154,0.17499999999999982,0.04504830239340663,0.07374572205581151,0.9995323288813234,0.04435360312461853,pd,0.004880802488597444,0.01021575927734375,0.023938467500541176,0.04584437981247902,0.0,0.0,-0.36219024658203125,,-0.06405489891767502,,,,,0.1471810874885941,0.44836902618408203,0.625,-0.04727935791015625,0.2538508176803589,0.17179832832556055,False,False,rope_taut_during_settle|robot_and_load_speeds_differ,True,9,1.0050000000000001,0.1946280123476437,0.5917222499847412,RR_shank_joint,0.0,1.2922782129269836,0.04401956719958597,True,17,2.005,0.14879986084856664,0.4825103282928467,FR_shank_joint,0.0,0.9879914815021618,-0.0018085842994911006,True,9,6.005,0.14694167752586104,0.44686293601989746,FR_shank_joint,0.0,0.9756536386881092,-0.0036667676221966983,False,0,,,,,,,,True,120,,0.15060844514805774,0.5075236558914185,FR_shank_joint,0.0,,,32010.396484375,0.5228474736213684,1.0,False,,,0.2,1.0
153,153,33,3,10.0,0.5,compliant,25.0,0.6578947368421053,COL,stop_collision,0.18209328317454052,0.7021797895431519,RR_shank_joint,0.0,0.200741192151588,,0.06996035137213767,0.10038707792928096,0.8610665730945766,0.04877707093954086,pd,0.005970207873337324,0.00797271728515625,0.015175773683009796,0.03996194899082184,0.0,0.0,0.34040069580078125,0.347625732421875,0.4267972409725189,0.0034135302957878366,0.003974170439875024,,True,0.1520565804947052,0.4600405693054199,0.8250000000000002,-0.0477752685546875,0.25384896993637085,0.058420076478384195,False,False,rope_not_continuously_taut,True,9,1.0050000000000001,0.19413946036948562,0.5918673276901245,RR_shank_joint,0.0,1.206211757506141,0.0331897273218891,True,17,2.33,0.1651550239962794,0.564345121383667,RL_shank_joint,0.0,1.0261279771581806,0.004205290948682883,True,9,6.005,0.13662693956203265,0.3858015537261963,FR_thigh_joint,0.0,0.8488795661539179,-0.024322793485563876,True,17,7.505,0.15544095479554648,0.4130474328994751,RL_shank_joint,0.0,0.9657732998511966,-0.0055087782520500395,True,120,,0.16094973304759652,0.5888998508453369,RL_shank_joint,0.0,,,0.0,0.4532582759857178,1.0,True,deck_contact_force,-124.20391082763672,0.2,1.0
154,154,34,3,10.0,0.5,rigid,30.0,0.5789473684210527,OK,,0.18390159613837903,0.6507961750030518,RL_shank_joint,0.0,0.20604729960830934,,0.07103452209383249,0.10309538785733538,0.857930955812335,0.04893457412719727,pd,0.006078902729121116,0.01413726806640625,0.028285703896157564,0.0566333644092083,0.0,0.0,-0.03383636474609375,0.08396148681640625,0.4394696056842804,0.30401441838813525,0.33714638560878996,,False,0.15158067755498875,0.48341071605682373,,-0.028472900390625,0.2565670907497406,0.19923093242654616,False,False,rope_taut_during_settle,True,9,1.0050000000000001,0.21536091715553282,0.6076679229736328,RR_shank_joint,0.0,1.3385323854658764,0.0544675988511151,True,16,2.0300000000000002,0.1659139486872541,0.5588562488555908,FR_shank_joint,0.0,1.0312047164900726,0.005020630382836372,True,9,6.005,0.1599989154026278,0.4680049419403076,FR_thigh_joint,0.0,0.9944410189856507,-0.0008944029017899091,False,0,,,,,,,,True,120,,0.16089331830441772,0.6025844812393188,RL_shank_joint,0.0,,,9.355154991149902,0.4544931650161743,1.0,False,,,0.2,1.0
155,155,35,3,10.0,0.5,rigid,35.0,0.5789473684210527,OK,,0.18797150693158313,0.6429746150970459,RL_shank_joint,0.0,0.2151187429435466,,0.07349190268665552,0.10673143109348734,0.853016194626689,0.04897919803857803,pd,0.006301058699558867,0.01311492919921875,0.026560262453851295,0.055063582956790924,0.0,0.0,-0.0437164306640625,0.096466064453125,0.43711987137794495,0.30564609991611746,0.33323809727883713,,False,0.15204844757816008,0.4813166856765747,,-0.03664398193359375,0.2566653788089752,0.20169567170154407,False,False,rope_taut_during_settle,True,9,1.0050000000000001,0.2183355568318934,0.6083488464355469,RR_shank_joint,0.0,1.3619773184254078,0.058027779398189316,True,17,2.005,0.1660892328627248,0.5843052864074707,RL_shank_joint,0.0,1.0360647220089598,0.0057814554290207265,True,9,6.005,0.1510833700059279,0.430001437664032,FR_thigh_joint,0.0,0.9424581416108088,-0.009224407427776193,False,0,,,,,,,,True,120,,0.16030777743370409,0.5981477499008179,RL_shank_joint,0.0,,,8.515922546386719,0.4570973515510559,1.0,False,,,0.2,1.0
156,156,36,3,10.0,0.5,rigid,40.0,0.5789473684210527,OK,,0.18946735663502395,0.6247975826263428,RL_shank_joint,0.0,0.22491623599777702,,0.07849836420267821,0.1115148841254555,0.8430032715946436,0.0518432429432869,pd,0.005315028615639796,0.01390838623046875,0.012261728264657325,0.023394200950860977,0.0,0.0,-0.03049468994140625,0.105194091796875,0.44031351804733276,0.3065630968934556,0.3181498558391098,,False,0.15905984883618726,0.4894997477531433,,-0.026092529296875,0.2568790912628174,0.06016689218812817,False,False,rope_taut_during_settle,True,9,1.0050000000000001,0.21936411128781416,0.6046220064163208,RR_shank_joint,0.0,1.3664960216032696,0.058833741773499204,True,16,2.0300000000000002,0.16813635077760802,0.5933901071548462,RL_shank_joint,0.0,1.0473803261420565,0.007605981263293066,True,9,6.005,0.16632901277404818,0.48769474029541016,FR_thigh_joint,0.0,1.0361217835433696,0.005798643259733227,False,0,,,,,,,,True,120,,0.16053036951431496,0.6027967929840088,RL_shank_joint,0.0,,,-0.2983013689517975,0.45129290223121643,1.0,False,,,0.2,1.0
157,157,37,3,10.0,1.0,rigid,5.0,0.5789473684210527,COL,stop_collision,0.21686065678887284,0.8813203573226929,RR_shank_joint,0.0,0.36258315557025134,0.5499999999999998,0.18395600140094756,0.23302715750907244,0.8160439985990524,0.22102140247821808,pd,0.02037721877144393,0.0408782958984375,0.016242448990579188,0.02784838154911995,0.0,0.0,-0.02313232421875,0.0672607421875,0.6607875227928162,0.29483243176566987,0.3241315913442264,,True,0.15753711878932738,0.46131932735443115,0.75,-0.01915740966796875,0.2548968493938446,0.16463689921206032,False,False,rope_taut_during_settle|tension_not_steady,True,9,1.0050000000000001,0.26974429519725224,0.8813203573226929,RR_shank_joint,0.0,1.384952239391594,0.07497635481271578,True,16,2.0300000000000002,0.1957194637707617,0.6833881139755249,RL_shank_joint,0.0,1.0048854210007387,0.0009515233862252281,True,9,6.005,0.15512021941899656,0.3853214979171753,FR_shank_joint,0.0,0.7964361029476301,-0.039647720965539895,True,11,6.055,0.158167344584171,0.3853214979171753,FR_shank_joint,0.0,0.8120810040497233,-0.036600595800365454,True,120,,0.19476794038453646,0.7772547006607056,RL_shank_joint,0.0,,,17.965816497802734,0.9197967648506165,1.0,True,load_velocity_jump,0.0,0.2,1.0
158,158,38,3,10.0,1.0,inextensible,10.0,0.6578947368421053,COL,stop_collision|speed_track_error,0.21722818171801925,0.8760101795196533,RR_shank_joint,0.0,0.3474450077921593,,0.21182250736281275,0.25328830086017784,0.7881774926371873,0.2588876312971115,pd,0.02804156225062617,0.05382537841796875,0.016181060022854667,0.04284299910068512,0.0,0.0,-0.26526641845703125,0.0792694091796875,0.5901308655738831,0.35325147098306786,0.3908320995479926,,True,0.15956430528286647,0.482613205909729,,-0.2617645263671875,0.2530483603477478,0.16810228199886257,False,False,rope_not_continuously_taut|tension_not_steady,True,9,1.0050000000000001,0.2608666043193962,0.8760101795196533,RR_shank_joint,0.0,1.3226626572295321,0.0636382310123195,True,17,2.23,0.19227386513608707,0.6988304853439331,RL_shank_joint,0.0,0.9748793335973236,-0.004954508170989608,True,9,6.005,0.1342992184092927,0.309411883354187,FL_shank_joint,0.0,0.6809325461514313,-0.06292915489778397,True,17,6.68,0.17377817245052396,0.482613205909729,RL_shank_joint,0.0,0.8811012814061915,-0.023450200856552722,True,120,,0.19722837330707668,0.7744497060775757,RL_shank_joint,0.0,,,17.165386199951172,0.930734395980835,1.0,True,load_velocity_jump,0.0,0.2,1.0
159,159,39,3,10.0,1.0,inextensible,15.0,0.6578947368421053,SPD,speed_track_error,0.22452719324747886,0.8759950399398804,RR_shank_joint,0.0,0.3814236832802006,,0.23696135291829706,0.2824137625156416,0.763038647081703,0.283623663187027,pd,0.02307705887626166,0.0369110107421875,0.023374071255103695,0.06631069630384445,0.0,0.0,-0.335693359375,0.0674896240234375,0.5027834177017212,0.358446941861871,0.39933671252347835,,False,0.17900599194177183,0.5006775856018066,,-0.3323211669921875,0.2538488805294037,0.1677339346405941,False,False,rope_not_continuously_taut|tension_not_steady,True,9,1.0050000000000001,0.26094219522279916,0.8759950399398804,RR_shank_joint,0.0,1.3131256953577608,0.062223827175248686,True,17,2.23,0.1937436051981328,0.6718535423278809,RL_shank_joint,0.0,0.9749657623585793,-0.004974762849417669,True,9,6.005,0.1427016683763265,0.376444935798645,FR_shank_joint,0.0,0.7181101061688471,-0.05601669967122397,False,0,,,,,,,,True,120,,0.19871836804755047,0.7924199104309082,RL_shank_joint,0.0,,,29.191068649291992,0.8882739543914795,1.0,False,,,0.2,1.0
160,160,0,4,0.0,0.5,compliant,25.0,0.7105263157894737,OK,,0.16149847226009836,0.5917805433273315,FL_shank_joint,0.0,0.1346821124403557,0.17499999999999982,0.037466380000114444,0.06733350311374375,1.0324672174453735,0.030768897533416748,pd,0.006422971878730507,0.00841522216796875,0.01146370981407864,0.03968937695026398,0.0,0.0,-1.026275634765625,,-0.17307093739509583,,,,,0.14872080274031002,0.42123156785964966,0.6000000000000005,-0.00426483154296875,0.2538505792617798,0.07828722497969935,False,False,rope_taut_during_settle|robot_and_load_speeds_differ,True,9,1.0050000000000001,0.19435473450439567,0.5917805433273315,RR_shank_joint,0.0,1.2873995342562274,0.04338782071202685,True,17,2.005,0.14737310800842607,0.48014068603515625,FR_shank_joint,0.0,0.9761947456322418,-0.0035938057839427495,True,9,6.005,0.14703739537304267,0.42123156785964966,FR_thigh_joint,0.0,0.9739709958916523,-0.00392951841932615,False,0,,,,,,,,True,120,,0.15096691379236882,0.5266151428222656,FR_shank_joint,0.0,,,1601.58740234375,0.5057681798934937,1.0,False,,,0.2,1.0
161,161,1,4,0.0,0.5,compliant,30.0,0.7105263157894737,SPD,speed_track_error,0.1774070242296807,0.592343807220459,RR_shank_joint,0.0,0.2247174414778852,,0.1072099739778787,0.12958130004214732,0.7863056170009076,0.0847042229771614,pd,0.0035507362279818887,0.0076904296875,0.010645174349585312,0.03985106572508812,0.0,0.0,0.19045257568359375,0.2905731201171875,0.42262235283851624,0.17425978582774349,0.2754698609269468,,False,0.12064319893045333,0.2928684949874878,0.375,0.00284576416015625,0.25385022163391113,0.07382024596159432,False,True,,True,9,1.0050000000000001,0.19371004750953064,0.592343807220459,RR_shank_joint,0.0,1.2345040253167767,0.03679679041437928,True,17,2.33,0.1586228169253852,0.577113151550293,FL_shank_joint,0.0,1.0108949355961503,0.0017095598302338533,True,9,6.005,0.1299151884114328,0.2928684949874878,FL_shank_joint,0.0,0.827942716992057,-0.026998068683718568,False,0,,,,,,,,True,120,,0.15691325709515136,0.625517725944519,FL_shank_joint,0.0,,,16.35756492614746,0.42198672890663147,1.0,False,,,0.2,1.0
162,162,2,4,0.0,0.5,compliant,35.0,0.7105263157894737,SPD,speed_track_error,0.18308606904314717,0.6407816410064697,RR_shank_joint,0.0,0.24759844138035228,,0.11449497791007161,0.13969551671002078,0.7717966276034712,0.0942448690533638,pd,0.006167729641420329,0.00800323486328125,0.016254195341063732,0.03918200358748436,0.0,0.0,0.2445220947265625,0.3162689208984375,0.43304678797721863,0.12478591221038471,0.1995284712576222,,False,0.12671135021283342,0.3322962522506714,0.47500000000000053,-0.00127410888671875,0.2538512647151947,0.07644293025024233,False,True,,True,9,1.0050000000000001,0.19453028560297897,0.5901092290878296,RR_shank_joint,0.0,1.2165143671468466,0.034622362723925104,True,17,2.305,0.1704781957229788,0.6241350173950195,RR_shank_joint,0.0,1.0661022459276126,0.010570272843924922,True,9,6.005,0.13368049602946305,0.3322962522506714,FL_shank_joint,0.0,0.835984194045045,-0.026227426849590812,False,0,,,,,,,,True,120,,0.15990792287905387,0.6599950790405273,RL_shank_joint,0.0,,,19.508785247802734,0.4003349244594574,1.0,False,,,0.2,1.0
163,163,3,4,0.0,0.5,compliant,40.0,0.7105263157894737,SPD,stop_margin_low|speed_track_error,0.1858262568091335,0.6814138889312744,RR_shank_joint,0.0,0.2643643426672091,,0.11912744502536952,0.1470067265667831,0.7624698547460139,0.09577535957098007,pd,0.004479852478607682,0.0084228515625,0.015428305918201149,0.03991759568452835,0.0,0.0,0.30515289306640625,0.36821746826171875,0.4179288148880005,0.07392570361858475,0.1399765738500065,,False,0.1404941403658708,0.35674595832824707,0.5,0.003021240234375,0.25384846329689026,0.08521471245665149,False,True,,True,9,1.0050000000000001,0.19358562416930986,0.5891726016998291,RR_shank_joint,0.0,1.1916699588184678,0.031136598130885096,True,17,2.33,0.17238319515278078,0.6200032234191895,RR_shank_joint,0.0,1.0611525310838505,0.009934169114356017,True,9,6.005,0.13624746626606452,0.31194353103637695,FR_shank_joint,0.0,0.8387090374665425,-0.026201559772360244,False,0,,,,,,,,True,120,,0.16244902603842476,0.6780771017074585,RL_shank_joint,0.0,,,21.674650192260742,0.39762023091316223,1.0,False,,,0.2,1.0
164,164,4,4,0.0,1.0,compliant,5.0,0.7105263157894737,OK,,0.21060534274250303,0.8758997917175293,RR_shank_joint,0.0,0.3181583063965713,0.5499999999999998,0.11781527232378722,0.1655949611513384,0.8821847276762128,0.09232943773269653,pd,0.02210552960590714,0.03913116455078125,0.03169635869365901,0.053119536489248276,0.0,0.0,0.2465057373046875,0.24166107177734375,0.8934592604637146,0.306027987897977,0.3060349630283099,,False,0.15367959612155419,0.5960025787353516,0.25,0.09708404541015625,0.25384989380836487,0.08700907760679052,False,True,,True,9,1.0050000000000001,0.26059663847607806,0.8758997917175293,RR_shank_joint,0.0,1.348778839735386,0.0673873214265876,True,17,2.255,0.19904214847795965,0.704078197479248,RL_shank_joint,0.0,1.030189182993567,0.005832831428469187,True,9,6.005,0.1812146977298958,0.5960025787353516,FR_thigh_joint,0.0,0.9379190429179859,-0.011994619319594668,False,0,,,,,,,,True,120,,0.19320931704949046,0.7219809293746948,RL_shank_joint,0.0,,,21.357980728149414,0.9033294916152954,1.0,False,,,0.2,1.0
165,165,5,4,0.0,1.0,compliant,10.0,0.7105263157894737,LOW,stop_margin_low,0.21895018605747626,0.8759976625442505,RR_shank_joint,0.0,0.36122737977807806,0.825,0.1362573338113725,0.18530284537770988,0.8637426661886275,0.09940743625164032,pd,0.01805984228596652,0.0302581787109375,0.014156387968622175,0.0231552105396986,0.0,0.0,0.44891357421875,0.44011688232421875,0.871435821056366,0.0847489945185913,0.0847621045196405,,False,0.14695979717968718,0.5310466289520264,0.5,0.08194732666015625,0.25384750962257385,0.10033199914049487,False,False,rope_not_continuously_taut,True,9,1.0050000000000001,0.2607956008417605,0.8759976625442505,RR_shank_joint,0.0,1.3395582660629157,0.06610783887656982,True,17,2.255,0.1901396684687906,0.7169122695922852,RL_shank_joint,0.0,0.9766390375517632,-0.004548093496400091,True,9,6.005,0.16969459699703332,0.5310466289520264,FR_thigh_joint,0.0,0.8716243655180235,-0.024993164968157372,False,0,,,,,,,,True,120,,0.1946877619651907,0.7442213296890259,RL_shank_joint,0.0,,,2.586071014404297,0.899654746055603,1.0,False,,,0.2,1.0
166,166,6,4,0.0,1.0,compliant,15.0,0.7105263157894737,COL,stop_collision,0.22326343820175487,0.8759078979492188,RR_shank_joint,0.0,0.3997864258870784,,0.16979296321980655,0.21260916828154366,0.8302070367801935,0.12682991623878478,pd,0.017859557488595672,0.0343170166015625,0.012026878943674952,0.022960614413022995,0.0,0.0,0.5257034301757812,0.5338363647460938,0.8826154470443726,-0.00018813670314443698,0.0020879875036285966,1.25,True,0.1485250384932397,0.4961742162704468,0.47500000000000053,0.0751953125,0.2538507878780365,0.10275338468793463,False,False,rope_not_continuously_taut,True,9,1.0050000000000001,0.2607895096132545,0.8759078979492188,RR_shank_joint,0.0,1.3147081681851867,0.06242646911184316,True,17,2.23,0.19339362146770828,0.7243503332138062,RL_shank_joint,0.0,0.9749478581234609,-0.004969419033703043,True,9,6.005,0.16824801219681296,0.4961742162704468,FR_thigh_joint,0.0,0.8481822610276832,-0.030115028304598362,True,17,7.255,0.13888130820048564,0.36965060234069824,RL_shank_joint,0.0,0.7001370207344524,-0.05948173230092568,True,120,,0.19836304050141132,0.7243503332138062,RL_shank_joint,0.0,,,45.41791534423828,0.8431448340415955,1.0,True,deck_contact_force,-29.929584503173828,0.2,1.0
167,167,7,4,0.0,1.0,compliant,20.0,0.7105263157894737,COL,stop_collision,0.2292357016699245,0.8762054443359375,RR_shank_joint,0.0,0.42791941283508295,,0.18297089219093324,0.22701474328622645,0.8170291078090668,0.13625056743621827,pd,0.015424481939509049,0.02862548828125,0.015024083773017375,0.025169067084789276,0.0,0.0,0.49835968017578125,0.546234130859375,0.8859603404998779,-0.000672286924853438,0.031179738412546953,1.0,True,0.14491358153503553,0.5004559755325317,,0.07672119140625,0.2538486123085022,0.10334313411069397,False,False,rope_not_continuously_taut,True,9,1.0050000000000001,0.2620885340838361,0.8762054443359375,RR_shank_joint,0.0,1.3182281229948478,0.06326973367135205,True,17,2.23,0.19842237581698896,0.7152256965637207,RL_shank_joint,0.0,0.9980061010594943,-0.00039642459549507625,True,9,6.005,0.1652904429913322,0.5004559755325317,FR_thigh_joint,0.0,0.8313622386233522,-0.033528357421151844,True,17,6.955,0.12966120431895747,0.42636728286743164,RL_shank_joint,0.0,0.6521576634098629,-0.06915759609352656,True,120,,0.19881880041248404,0.7179906368255615,RL_shank_joint,0.0,,,0.0,0.8568651676177979,1.0,True,deck_contact_force|load_velocity_jump,-30.39383316040039,0.2,1.0
168,168,8,4,0.0,1.0,rigid,25.0,0.6052631578947368,OK,,0.19080883024782588,0.8757960796356201,RR_shank_joint,0.0,0.29280723060311803,0.575,0.05462829919531941,0.1342948594967475,0.9995885374955833,0.02742431879043579,pd,0.013042215913555666,0.02346038818359375,0.006724260423874549,0.022956006228923798,0.0,0.0,0.00347137451171875,0.0,-0.0006296486244536936,,,,,0.14931561186502862,0.5792105793952942,0.2999999999999998,0.14470672607421875,0.25384974479675293,0.0688401327343711,False,False,rope_taut_during_settle|robot_and_load_speeds_differ,True,9,1.0050000000000001,0.2606949457828691,0.8757960796356201,RR_shank_joint,0.0,1.498584501560096,0.0867341544417912,True,17,2.005,0.1687075836508239,0.5889300107955933,RL_shank_joint,0.0,0.9698023465531709,-0.00525320769025403,True,9,6.005,0.17125256088580135,0.5792105793952942,FL_thigh_joint,0.0,0.9844319490938239,-0.0027082304552765724,False,0,,,,,,,,True,120,,0.17396079134107792,0.6060760021209717,FR_shank_joint,0.0,,,582.86474609375,0.9795504808425903,1.0,False,,,0.2,1.0
169,169,9,4,0.0,1.0,rigid,30.0,0.6052631578947368,OK,,0.24707834613551896,0.9136406183242798,RL_shank_joint,0.0,0.5275309530698219,,0.1981455779261887,0.2629671438476295,0.8018544220738113,0.12604788482189178,pd,0.01262430777023443,0.02603912353515625,0.01778805547773113,0.031565017998218536,0.0,0.0,0.2172088623046875,0.2779083251953125,0.8847023248672485,0.3321563169075006,0.3519653228474624,,False,0.1585913197326704,0.5803229808807373,,0.221343994140625,0.25609058141708374,0.10041381909607813,False,False,rope_taut_during_settle,True,9,1.0050000000000001,0.29516065562406574,0.9136406183242798,RL_shank_joint,0.0,1.4803898303248104,0.09578029676324804,True,17,2.005,0.2187305169274588,0.7536834478378296,RL_shank_joint,0.0,1.0970514757682273,0.019350158066641088,True,9,6.005,0.17496889857427442,0.5803229808807373,FR_thigh_joint,0.0,0.8775633646863666,-0.024411460286543285,False,0,,,,,,,,True,120,,0.1993803588608177,0.7207869291305542,RL_shank_joint,0.0,,,37.9849739074707,0.8216367959976196,1.0,False,,,0.2,1.0
170,170,10,4,0.0,1.0,rigid,35.0,0.6052631578947368,SPD,speed_track_error,0.24901320682603706,0.9145655632019043,RL_shank_joint,0.0,0.5629159035464038,,0.24388587256893515,0.2968175334188191,0.7561141274310649,0.17200166702270508,pd,0.02109019382644898,0.035839080810546875,0.019722371720436713,0.033247750252485275,0.0,0.0,0.23062896728515625,0.29979705810546875,0.8594157099723816,0.32978617039121616,0.35047160106145725,,False,0.17037702610789227,0.643568754196167,,0.23468017578125,0.25618332624435425,0.10862684235167783,False,False,rope_taut_during_settle,True,9,1.0050000000000001,0.2981341195055495,0.9145655632019043,RL_shank_joint,0.0,1.4663733267416754,0.09482019250715526,True,17,2.005,0.21477973372322617,0.7702881097793579,RL_shank_joint,0.0,1.0563945957569472,0.011465806724831912,True,9,6.005,0.18081184004073197,0.643568754196167,FL_thigh_joint,0.0,0.8893234354878208,-0.022502086957662287,False,0,,,,,,,,True,120,,0.20331392699839426,0.7605117559432983,RL_shank_joint,0.0,,,45.325809478759766,0.7599436640739441,1.0,False,,,0.2,1.0
171,171,11,4,0.0,1.0,rigid,40.0,0.6052631578947368,SPD,speed_track_error,0.24826783269313543,0.9111871719360352,RL_shank_joint,0.0,0.5734790522379739,,0.2535927065089345,0.3049847415664405,0.7464072934910655,0.17313862085342407,pd,0.018629078264238735,0.03437042236328125,0.020526546391321242,0.038124166429042816,0.0,0.0,0.27816009521484375,0.3348236083984375,0.8834304809570312,0.3220733846166297,0.35217523008543594,,False,0.16728056252216017,0.6074418425559998,0.7999999999999998,0.28228759765625,0.25635308027267456,0.09073011140266965,False,False,rope_taut_during_settle,True,9,1.0050000000000001,0.29441890105689295,0.9111871719360352,RL_shank_joint,0.0,1.4066716093149474,0.08511710019075072,True,17,2.005,0.21747826662305567,0.7477599382400513,RL_shank_joint,0.0,1.0390654343301262,0.008176465756913442,True,9,6.005,0.18287265344731193,0.6074418425559998,FL_thigh_joint,0.0,0.8737270902139399,-0.02642914741883029,False,0,,,,,,,,True,120,,0.20930180086614222,0.7747118473052979,RL_shank_joint,0.0,,,54.59253692626953,0.7250895500183105,1.0,False,,,0.2,1.0
172,172,12,4,0.0,1.5,rigid,5.0,0.6052631578947368,COL,stop_collision,0.2433276212148545,0.9024935960769653,RR_shank_joint,0.0,0.6219432186073711,0.7249999999999999,0.21884696193039418,0.31265090974467946,0.8541020253797372,0.1588783049583435,pd,0.012688507064949192,0.02545166015625,0.02541049525116625,0.04434748366475105,0.0,0.0,0.2189483642578125,0.23461151123046875,1.3470189571380615,0.32628034172250864,0.34760189750448944,,True,0.1642387603306037,0.7586236000061035,0.40000000000000036,0.2220458984375,0.2547568380832672,0.11286531972752359,False,False,rope_taut_during_settle,True,9,1.0050000000000001,0.29963710061189364,0.9024935960769653,RR_shank_joint,0.0,1.4208635152006965,0.08875329832806203,True,16,2.0300000000000002,0.20675141210585746,0.6550798416137695,RR_shank_joint,0.0,0.980404421139883,-0.004132390177974149,True,9,6.005,0.20456941873631665,0.7586236000061035,FL_thigh_joint,0.0,0.9700575222983872,-0.006314383547514957,True,10,6.03,0.20140095244946907,0.7586236000061035,FL_thigh_joint,0.0,0.9550328202940905,-0.009482849834362539,True,120,,0.2108838022838316,0.7691694498062134,RL_shank_joint,0.0,,,12.372297286987305,1.4348835945129395,1.0,True,load_velocity_jump,0.0,0.2,1.0
173,173,13,4,0.0,1.5,rigid,10.0,0.6052631578947368,COL,stop_collision,0.246569919491749,0.9203810691833496,RL_shank_joint,0.0,0.7078105826909898,,0.26297441525384785,0.3560178258820619,0.8246837231641014,0.18776483535766603,pd,0.024924561144175208,0.04003143310546875,0.022448149624216776,0.03917751461267471,0.0,0.0,0.26032257080078125,0.2873077392578125,1.3181227445602417,0.31806965866977066,0.3498452972931574,,True,0.1623557337917858,0.6741471588611603,0.7000000000000002,0.26363372802734375,0.25518089532852173,0.12224319893149946,False,False,rope_taut_during_settle,True,9,1.0050000000000001,0.3060870103144992,0.9203810691833496,RR_shank_joint,0.0,1.408660197257849,0.08879755263667191,True,16,2.0300000000000002,0.22056061662405502,0.752627968788147,RL_shank_joint,0.0,1.0150543840515165,0.0032711589462277313,True,9,6.005,0.19676902367992524,0.6610211133956909,FR_thigh_joint,0.0,0.9055617597963382,-0.020520433997902043,True,10,6.03,0.2007376515502656,0.6741471588611603,FR_thigh_joint,0.0,0.9238260047015127,-0.016551806127561686,True,120,,0.21728945767782729,0.7757800817489624,RL_shank_joint,0.0,,,28.920412063598633,1.370948076248169,1.0,True,load_velocity_jump,0.0,0.2,1.0
174,174,14,4,0.0,1.5,rigid,15.0,0.6052631578947368,COL,stop_collision|speed_track_error,0.2511869287912983,0.9274575710296631,RL_shank_joint,0.0,0.7814621866793072,,0.30633775670081376,0.3968294382659582,0.795774828866124,0.20648003578186036,pd,0.018209440235910212,0.027362823486328125,0.02531898103478986,0.04306226596236229,0.0,0.0,0.29448699951171875,0.33592987060546875,1.2852551937103271,0.3235189797232465,0.3525451138385449,,True,0.16700838228332315,0.6447288990020752,,0.2990264892578125,0.2554939091205597,0.09238907315829631,False,False,rope_taut_during_settle,True,9,1.0050000000000001,0.3111000796215864,0.9274575710296631,RL_shank_joint,0.0,1.3835780874384236,0.08624823898745093,True,16,2.0300000000000002,0.22829519454880323,0.7575201988220215,RL_shank_joint,0.0,1.0153138791524083,0.0034433539146677405,True,9,6.005,0.20103632301326094,0.6447288990020752,FL_thigh_joint,0.0,0.8940835104853527,-0.023815517620874554,True,12,6.08,0.19642614477662138,0.6447288990020752,FR_thigh_joint,0.0,0.8735803283737997,-0.028425695857514116,True,120,,0.2248518406341355,0.8089909553527832,RL_shank_joint,0.0,,,28.41260528564453,1.2316843271255493,1.0,True,load_velocity_jump,0.0,0.2,1.0
175,175,15,4,0.0,1.5,rigid,20.0,0.6052631578947368,SPD,speed_track_error,0.2559757672169857,0.9297271966934204,RL_shank_joint,0.0,0.835374693853822,,0.33970077643170954,0.4283493561530057,0.7735328157121937,0.2295088565349579,pd,0.017560961671715607,0.030187606811523438,0.023828114402650567,0.04086671769618988,0.0,0.0,0.32892608642578125,0.3710479736328125,1.2654615640640259,0.33389706522609686,0.35214661483114185,,False,0.1709711088047556,0.8235797882080078,0.9750000000000005,0.33292388916015625,0.25571873784065247,0.12778527598853034,False,False,rope_taut_during_settle,True,9,1.0050000000000001,0.31215134567597247,0.9297271966934204,RL_shank_joint,0.0,1.3836887830506115,0.08655773712783205,True,17,2.005,0.23504797169406869,0.7744741439819336,RL_shank_joint,0.0,1.0419088253730857,0.009454363145928263,True,9,6.005,0.20727347825531872,0.8235797882080078,FR_thigh_joint,0.0,0.9187914479903703,-0.0183201302928217,False,0,,,,,,,,True,120,,0.22559360854814042,0.7744741439819336,RL_shank_joint,0.0,,,12.981356620788574,1.1836880445480347,1.0,False,,,0.2,1.0
176,176,16,4,0.0,1.5,inextensible,25.0,0.7105263157894737,OK,,0.22613743157705,0.9260721206665039,RR_shank_joint,0.0,0.4999270717162251,0.5499999999999998,0.0762805638089776,0.22464937533523782,0.9707742192099492,0.02103317379951477,pd,0.017018784623234938,0.03346061706542969,0.031185226110175764,0.057930827140808105,0.0,0.0,-1.05853271484375,,-0.19691666960716248,,,,,0.1664325423649842,0.7618891596794128,0.4500000000000002,0.24686431884765625,0.2538490891456604,0.08713569106044533,False,False,rope_taut_during_settle|robot_and_load_speeds_differ,True,9,1.0050000000000001,0.2904947799754648,0.9260721206665039,RR_shank_joint,0.0,1.6101134565659148,0.11007595371769385,True,17,2.005,0.18932461358913327,0.590144157409668,FL_shank_joint,0.0,1.0493617407677749,0.008905787331362325,True,9,6.005,0.19717264606330473,0.7618891596794128,FR_thigh_joint,0.0,1.0928607072390384,0.01675381980553378,False,0,,,,,,,,True,120,,0.18041882625777095,0.6384644508361816,FR_shank_joint,0.0,,,951.9654541015625,1.5022845268249512,1.0,False,,,0.2,1.0
177,177,17,4,0.0,1.5,inextensible,30.0,0.7105263157894737,COL,stop_collision|speed_track_error,0.2580429386993907,0.9251348972320557,RL_shank_joint,0.0,0.9283926889077363,,0.40495685908943413,0.48918331511452395,0.7300287606070439,0.24870428681373596,pd,0.02306975590220226,0.049869537353515625,0.022846579866960752,0.03675355017185211,0.0,0.0,0.6876068115234375,0.8027801513671875,1.2938258647918701,-0.004161695615295002,0.06927268576269796,0.75,True,0.1625545359652324,0.7052045464515686,,0.3020782470703125,0.25384974479675293,0.11941065667083822,False,False,load_moved_during_settle|rope_not_continuously_taut,True,9,1.0050000000000001,0.29286483026710464,0.9251348972320557,RR_shank_joint,0.0,1.2773226842611434,0.0635846069721509,True,16,2.18,0.22802023816525935,0.7550898790359497,RR_shank_joint,0.0,0.9945046061470662,-0.0012599851296943854,True,9,6.005,0.21206728458856888,0.7052045464515686,FR_thigh_joint,0.0,0.9249261952949097,-0.01721293870638485,True,17,6.655,0.14427567129111527,0.48686087131500244,FR_thigh_joint,0.0,0.629254757421944,-0.08500455200383847,True,120,,0.22928022329495373,0.7762601375579834,RL_shank_joint,0.0,,,40.99325180053711,1.0570812225341797,1.0,True,deck_contact_force|load_velocity_jump,-198.45388793945312,0.2,1.0
178,178,18,4,0.0,1.5,inextensible,35.0,0.7105263157894737,COL,stop_collision|speed_track_error,0.2609432168103812,0.926011323928833,RL_shank_joint,0.0,0.9914455550607101,,0.42422219501808284,0.5193897461886646,0.7171852033212781,0.23734142184257506,pd,0.02438599222314889,0.04138374328613281,0.025208138823581052,0.04122447967529297,0.0,0.0,0.781005859375,0.8523712158203125,1.2676773071289062,-0.005347408826921196,0.037938714290575604,0.625,True,0.16096558824341778,0.660332441329956,,0.363677978515625,0.2538505792617798,0.13515535425185213,False,False,load_moved_during_settle|rope_not_continuously_taut,True,9,1.0050000000000001,0.296771298525345,0.926011323928833,RR_shank_joint,0.0,1.292231795396586,0.06711335357881482,True,16,2.1550000000000002,0.23688331807332805,0.764217734336853,RL_shank_joint,0.0,1.031461455115259,0.007225373126797857,True,9,6.005,0.20301244319870831,0.660332441329956,FL_thigh_joint,0.0,0.8839774441331626,-0.026645501747821876,True,17,6.63,0.14204937737812887,0.5627076625823975,FR_thigh_joint,0.0,0.6185258577106981,-0.08760856756840132,True,120,,0.2296579449465302,0.7818937301635742,RL_shank_joint,0.0,,,41.231021881103516,0.9814401268959045,1.0,True,deck_contact_force|load_velocity_jump,-446.72894287109375,0.2,1.0
179,179,19,4,0.0,1.5,inextensible,40.0,0.7105263157894737,COL,stop_collision|speed_track_error,0.2599955819891273,0.9251240491867065,RL_shank_joint,0.0,1.0063722516882758,,0.47132576230913403,0.5498321693520104,0.685782825127244,0.30291201949119567,pd,0.01516571919328734,0.023152589797973633,0.024010648251122806,0.03987095504999161,0.0,0.0,0.5983505249023438,0.73809814453125,1.2038898468017578,-0.0004871816250329175,0.09029966503057096,0.75,True,0.15692435231547816,0.7904038429260254,,0.2303009033203125,0.25385046005249023,0.0947537877681069,False,False,load_moved_during_settle|rope_not_continuously_taut,True,9,1.0050000000000001,0.29334411973415475,0.9251240491867065,RR_shank_joint,0.0,1.2460793773280199,0.057930449408292034,True,16,2.18,0.23989195131451216,0.77583909034729,RR_shank_joint,0.0,1.0190230286221296,0.004478280988649441,True,9,6.005,0.17348324222484535,0.6544114947319031,FR_thigh_joint,0.0,0.7369293464763857,-0.06193042810101737,True,17,6.705,0.1541118777351474,0.7904038429260254,RL_shank_joint,0.0,0.6546428570686813,-0.08130179259071532,True,120,,0.23541367032586272,0.8144968748092651,RL_shank_joint,0.0,,,41.66938400268555,0.9216645359992981,1.0,True,deck_contact_force,-211.7179412841797,0.2,1.0
180,180,20,4,5.0,2.0,compliant,5.0,0.7105263157894737,COL,stop_collision,0.27470269776107253,0.9708901643753052,RL_shank_joint,0.0,0.8675412657047621,3.9000000000000004,0.3352881404571235,0.44845790099252186,0.8323559297714382,0.23503389239311218,pd,0.009200110923585025,0.03261446952819824,0.01365197813465323,0.03136147931218147,0.0,0.0,0.8939056396484375,0.8818206787109375,1.7781530618667603,-0.0014184970914641326,0.00043235064808300194,1.375,True,0.1549630685575668,0.856198787689209,0.75,0.4252777099609375,0.2538504898548126,0.11481059276961451,False,True,,True,9,1.0050000000000001,0.3198306131204914,0.9708901643753052,RR_shank_joint,0.0,1.331701860666251,0.0796637840672677,True,17,2.23,0.2284838915130406,0.7377490997314453,RR_shank_joint,0.0,0.9513549078103788,-0.01168293754018307,True,9,6.005,0.21584082637960486,0.856198787689209,FL_thigh_joint,0.0,0.8987120629042911,-0.024326002673618813,True,14,6.13,0.19830819169308983,0.856198787689209,FL_thigh_joint,0.0,0.8257101635344593,-0.041858637360133844,True,120,,0.24016682905322367,0.8336520195007324,RR_shank_joint,0.0,,,23.515361785888672,1.8035026788711548,1.0,True,load_velocity_jump,0.0,0.2,1.0
181,181,21,4,5.0,2.0,compliant,10.0,0.7105263157894737,COL,stop_collision|speed_track_error,0.2754491828539431,0.9729992151260376,RL_shank_joint,0.0,0.9913448307298168,4.65,0.45671808704733846,0.5497727773863226,0.7716409564763308,0.3683633899688721,pd,0.019508643722967803,0.03828620910644531,0.021192560344984204,0.049032241106033325,0.0,0.0,0.9283370971679688,0.9229202270507812,1.8028672933578491,-0.001970687095635526,0.004011623355381744,0.75,True,0.18594872980759763,1.165442168712616,0.9249999999999998,0.47782135009765625,0.25385135412216187,0.15551971100852127,False,True,,True,9,1.0050000000000001,0.31836645020013055,0.9729992151260376,RR_shank_joint,0.0,1.2795525849673812,0.06955569092348349,True,17,2.23,0.25873797819561245,0.7934763431549072,RR_shank_joint,0.0,1.039898672178913,0.009927218918965391,True,9,6.005,0.2697316443491353,1.165442168712616,FR_thigh_joint,0.0,1.084083522486368,0.020920885072488266,True,17,6.705,0.155182757325808,0.8327856063842773,RR_shank_joint,0.0,0.6236979372474154,-0.09362800195083906,True,120,,0.24881075927664706,0.8213201761245728,RL_shank_joint,0.0,,,17.343015670776367,1.704225778579712,1.0,True,deck_contact_force|load_velocity_jump,-58.49364471435547,0.2,1.0
182,182,22,4,5.0,2.0,compliant,15.0,0.7105263157894737,COL,stop_collision|speed_track_error,0.2825295757821045,0.970833420753479,RL_shank_joint,0.0,1.0929744280775722,,0.5455303582921625,0.6281228052829975,0.7272348208539188,0.4643997848033905,pd,0.014863887456658556,0.02911663055419922,0.026120913476502573,0.052053432911634445,0.0,0.0,1.0870208740234375,1.0871353149414062,1.8724254369735718,-0.010990032779986336,-0.009376705293377086,0.625,True,0.17693692838208347,1.0659605264663696,,0.6231765747070312,0.25384974479675293,0.1396525237847768,False,False,rope_not_continuously_taut,True,9,1.0050000000000001,0.3198738378167946,0.970833420753479,RR_shank_joint,0.0,1.2697057873278799,0.06794631176371169,True,17,2.23,0.24404033200601818,0.754524827003479,RL_shank_joint,0.0,0.9686926070738182,-0.007887194047064755,True,9,6.005,0.2511375440971066,1.0659605264663696,FR_thigh_joint,0.0,0.9968642491419938,-0.0007899819559763488,True,17,6.605,0.15401113482648326,0.9511309862136841,FL_shank_joint,0.0,0.6113311127186317,-0.09791639122659967,True,120,,0.25192752605308294,0.8060277700424194,RL_shank_joint,0.0,,,58.184417724609375,1.6545082330703735,1.0,True,deck_contact_force|load_velocity_jump,-88.44985961914062,0.2,1.0
183,183,23,4,5.0,2.0,compliant,20.0,0.7105263157894737,COL,stop_collision|speed_track_error,0.2735087266100329,0.9711190462112427,RL_shank_joint,0.0,1.1794930517637248,,0.6249937875568867,0.6983472432181709,0.6875031062215566,0.5495732080936432,pd,0.013810857075035455,0.029384613037109375,0.02703672528053479,0.06383740156888962,0.0,0.0,1.1761398315429688,1.1649932861328125,1.6761749982833862,-0.008073565026691654,-0.001516013690192608,0.625,True,0.17397867020473382,0.9488826394081116,,0.71923828125,0.25385090708732605,0.1274787808095768,False,False,rope_not_continuously_taut,True,9,1.0050000000000001,0.31728502285602844,0.9711190462112427,RR_shank_joint,0.0,1.2379942073545491,0.060995436869976105,True,17,2.38,0.27618779172932617,0.8068907260894775,RL_shank_joint,0.0,1.077639540704384,0.019898205743273834,True,9,6.005,0.22159111332720444,0.9488826394081116,FR_thigh_joint,0.0,0.8646122411671606,-0.0346984726588479,True,10,6.03,0.21619687038927002,0.9488826394081116,FR_thigh_joint,0.0,0.8435647884695392,-0.04009271559678232,True,120,,0.25628958598605234,0.8068907260894775,RL_shank_joint,0.0,,,35.696083068847656,1.5635875463485718,1.0,True,load_velocity_jump,0.0,0.2,1.0
184,184,24,4,5.0,2.0,rigid,25.0,0.6052631578947368,OK,,0.2715700660731685,0.9709841012954712,RR_shank_joint,0.0,0.7347025468463487,0.7,0.13613082753494382,0.33266271659121954,0.9651530737336725,0.05205830931663513,pd,0.00972576513100943,0.03642845153808594,0.02282985863460396,0.04010003060102463,0.0,0.0,-0.3482513427734375,,-0.06123245880007744,,,,,0.16951808437762983,0.9358776211738586,0.5750000000000002,0.3876495361328125,0.25385019183158875,0.09403942892008386,False,False,rope_taut_during_settle|robot_and_load_speeds_differ,True,9,1.0050000000000001,0.3195318203361756,0.9709841012954712,RR_shank_joint,0.0,1.454847395037192,0.09989928607439003,True,17,2.005,0.2376005112787117,0.6292630434036255,FL_shank_joint,0.0,1.081809268728419,0.017967977016926123,True,9,6.005,0.21313411162287488,0.9358776211738586,FR_thigh_joint,0.0,0.970412294969173,-0.006498422638910706,False,0,,,,,,,,True,120,,0.21963253426178558,0.677680492401123,RR_shank_joint,0.0,,,1400.474609375,2.0158157348632812,1.0,False,,,0.2,1.0
185,185,25,4,5.0,2.0,rigid,30.0,0.6052631578947368,SPD,speed_track_error,0.2841287863933731,0.9906758069992065,RL_shank_joint,0.0,1.3700235578775377,,0.7700562018528581,0.84247997362985,0.614971899073571,0.6799462795257568,pd,0.01610353653275567,0.03586578369140625,0.024711459036639648,0.04371083155274391,0.0,0.0,0.5301437377929688,0.5496368408203125,1.2700529098510742,0.33385635944858905,0.3446565882680801,,False,0.1659175091843591,0.5797843933105469,0.9500000000000002,0.537261962890625,0.25639185309410095,0.12222325336783088,False,False,rope_taut_during_settle,True,9,1.0050000000000001,0.33023039241826935,0.9906758069992065,RL_shank_joint,0.0,1.2713747055445233,0.07048761872761822,True,16,2.0300000000000002,0.2883014653726323,0.787286639213562,RL_shank_joint,0.0,1.1099498988025516,0.028558691681981163,True,9,6.005,0.1841402412002167,0.5797843933105469,FR_thigh_joint,0.0,0.7089330670639727,-0.07560253249043444,False,0,,,,,,,,True,120,,0.25974277369065113,0.8108342885971069,RL_shank_joint,0.0,,,49.21241760253906,1.1607332229614258,1.0,False,,,0.2,1.0
186,186,26,4,5.0,2.0,rigid,35.0,0.6052631578947368,SPD,speed_track_error,0.2873680822504729,0.9898661375045776,RL_shank_joint,0.0,1.414470286639506,,0.8230828981101513,0.8909438834574201,0.5884585509449244,0.7266111946105958,pd,0.011269889994758196,0.0307769775390625,0.027926261274589907,0.04956242814660072,0.0,0.0,0.40287017822265625,0.456787109375,1.1468563079833984,0.3308593060652214,0.35003984868144755,,False,0.16098258004415877,0.8023226857185364,0.8250000000000002,0.41002655029296875,0.2565586566925049,0.09524223663531693,False,False,rope_taut_during_settle,True,9,1.0050000000000001,0.33126932290895844,0.9898661375045776,RL_shank_joint,0.0,1.2446141308704408,0.06510705245708759,True,16,2.0300000000000002,0.28840639758003234,0.7685114145278931,RL_shank_joint,0.0,1.083573554923457,0.022244127128161484,True,9,6.005,0.1925712175351791,0.8023226857185364,FR_thigh_joint,0.0,0.7235105757410536,-0.07359105291669174,False,0,,,,,,,,True,120,,0.26616227045187085,0.818588376045227,RL_shank_joint,0.0,,,52.909629821777344,1.0924538373947144,1.0,False,,,0.2,1.0
187,187,27,4,5.0,2.0,rigid,40.0,0.6052631578947368,SPD,speed_track_error,0.2879164622708844,0.9932740926742554,RL_shank_joint,0.0,1.4511000809541807,,0.8525112783722579,0.9213367632674306,0.573744360813871,0.745358999967575,pd,0.015978000968776992,0.042995452880859375,0.023163753527292757,0.04471823200583458,0.0,0.0,-0.07524871826171875,0.370391845703125,1.068027377128601,0.32938498315617437,0.34152497884062427,,False,0.1548278180650935,0.5800168514251709,,-0.0716552734375,0.24804621934890747,0.10765329171571175,False,False,rope_taut_during_settle,True,9,1.0050000000000001,0.3311660285808603,0.9932740926742554,RL_shank_joint,0.0,1.2698102556537498,0.07036641138894956,True,16,2.0300000000000002,0.2901730338852954,0.7905229330062866,RL_shank_joint,0.0,1.1126282968113794,0.02937341669338467,True,9,6.005,0.18537317264538056,0.5800168514251709,FR_thigh_joint,0.0,0.710787748238805,-0.07542644454653019,False,0,,,,,,,,True,120,,0.26079961719191075,0.8254655599594116,RL_shank_joint,0.0,,,38.66185760498047,1.0401009321212769,1.0,False,,,0.2,1.0
188,188,28,4,5.0,0.5,inextensible,5.0,0.7105263157894737,OK,,0.16540877136528886,0.592145562171936,FL_shank_joint,0.0,0.14495012786562467,0.8999999999999999,0.04319195885211229,0.07181240091152787,0.9147521670907736,0.031581638157367704,pd,0.0073970391135240125,0.00998687744140625,0.011495871209186045,0.03920922428369522,0.0,0.0,0.1208648681640625,0.11666107177734375,0.478330135345459,0.3127058774840208,0.3127058774840208,,False,0.1355039784810492,0.35826575756073,0.6000000000000005,-0.017608642578125,0.2538522183895111,0.12216515062932817,False,True,,True,9,1.0050000000000001,0.19460443769380667,0.592145562171936,RR_shank_joint,0.0,1.251352910548245,0.03908920609655389,True,17,2.33,0.16036726223385184,0.5624418258666992,RL_shank_joint,0.0,1.0311997132805915,0.004852030636599058,True,9,6.005,0.13461141357615666,0.32308006286621094,FL_shank_joint,0.0,0.8655834685361753,-0.020903818021096116,False,0,,,,,,,,True,120,,0.15551523159725278,0.5670249462127686,FR_shank_joint,0.0,,,8.200653076171875,0.4736472964286804,1.0,False,,,0.2,1.0
189,189,29,4,5.0,0.5,inextensible,10.0,0.7105263157894737,OK,,0.17352608660646046,0.5918542146682739,RR_shank_joint,0.0,0.16001439172085272,,0.0532528695743531,0.08039784328370647,0.8942585914768278,0.03744886606931686,pd,0.008289048327859394,0.0108184814453125,0.01259469637480975,0.038987427949905396,0.0,0.0,0.21099090576171875,0.20307159423828125,0.44984325766563416,0.1775693828546281,0.17761439297356674,,False,0.15166504635631353,0.4472818374633789,0.8250000000000002,-0.060028076171875,0.25385230779647827,0.14478399256837512,False,False,rope_not_continuously_taut,True,9,1.0050000000000001,0.1947150759717421,0.5918542146682739,RR_shank_joint,0.0,1.2478405220091493,0.038673440412230725,True,17,2.33,0.16424984629375491,0.5680117607116699,RL_shank_joint,0.0,1.0526026960997412,0.008208210734243548,True,9,6.005,0.1385426467199637,0.34472036361694336,FR_thigh_joint,0.0,0.8878569250008028,-0.017498988839547674,False,0,,,,,,,,True,120,,0.15604163555951137,0.574365496635437,FR_shank_joint,0.0,,,14.388505935668945,0.4836655855178833,1.0,False,,,0.2,1.0
190,190,30,4,10.0,0.5,compliant,15.0,0.7105263157894737,LOW,stop_margin_low,0.17225923479510022,0.5912314653396606,RR_shank_joint,0.0,0.17233992080225302,0.95,0.057172541487962004,0.08666594797927808,0.8875107028707862,0.04328773647546768,pd,0.00504046329764025,0.01119232177734375,0.0151705886960664,0.03918241336941719,0.0,0.0,0.2833709716796875,0.27165985107421875,0.4239652454853058,0.08892948420900382,0.08893075765817571,,False,0.15532444037670642,0.49413585662841797,0.8500000000000005,-0.080078125,0.25384998321533203,0.21842881879122722,False,True,,True,9,1.0050000000000001,0.194621835996625,0.5912314653396606,RR_shank_joint,0.0,1.2499300093095873,0.03891564881249096,True,17,2.355,0.15465151612522443,0.5500037670135498,FR_shank_joint,0.0,0.9932265308271766,-0.0010546710589096064,True,9,6.005,0.14348081609696217,0.3585125207901001,FL_thigh_joint,0.0,0.9214843590466032,-0.012225371087171866,False,0,,,,,,,,True,120,,0.15570618718413404,0.5864814519882202,FR_shank_joint,0.0,,,8.279670715332031,0.4749138057231903,1.0,False,,,0.2,1.0
191,191,31,4,10.0,0.5,compliant,20.0,0.7105263157894737,LOW,stop_margin_low,0.17821263270130058,0.5926810503005981,RR_shank_joint,0.0,0.201020842481139,,0.06746229404583573,0.10080668645432908,0.8658562863990664,0.04701981425285339,pd,0.006050083307279892,0.0081329345703125,0.013267554512363378,0.039508357644081116,0.0,0.0,0.35878753662109375,0.34429168701171875,0.4323084056377411,0.028147657661833136,0.028147657661833136,,False,0.15289542325809102,0.4546765089035034,0.7750000000000004,-0.064300537109375,0.2538507580757141,0.06389097377599938,False,True,,True,9,1.0050000000000001,0.1944746490545408,0.5926810503005981,RR_shank_joint,0.0,1.2546673115856044,0.03947368006558183,True,17,2.355,0.1540971218174177,0.5108309984207153,FL_shank_joint,0.0,0.9941687643797527,-0.0009038471715412666,True,9,6.005,0.14042309621093282,0.38334667682647705,FR_thigh_joint,0.0,0.9059497958424728,-0.014577872778026135,False,0,,,,,,,,True,120,,0.15500096898895896,0.5685365200042725,FR_shank_joint,0.0,,,14.781057357788086,0.4508451819419861,1.0,False,,,0.2,1.0
192,192,32,4,10.0,0.5,compliant,25.0,0.7105263157894737,OK,,0.1610460295342657,0.5926101207733154,FL_shank_joint,0.0,0.13579031608768496,0.19999999999999996,0.045783463083207604,0.07470840286851746,0.9996565569192171,0.04523801803588867,pd,0.005058799044712737,0.0102691650390625,0.02291269615516484,0.0435086153447628,0.0,0.0,-0.34102630615234375,,-0.05638674274086952,,,,,0.14818574164773632,0.4343916177749634,0.6500000000000004,-0.051055908203125,0.25384998321533203,0.1744602944482675,False,False,rope_taut_during_settle|robot_and_load_speeds_differ,True,9,1.0050000000000001,0.19365825670028297,0.5926101207733154,RR_shank_joint,0.0,1.2912885340099685,0.043685379531695046,True,17,2.005,0.1471727456574431,0.4868302345275879,FR_shank_joint,0.0,0.9813290805376952,-0.002800131511144832,True,9,6.005,0.14979416910528942,0.426568865776062,FR_shank_joint,0.0,0.9988083974471089,-0.00017870806329850497,False,0,,,,,,,,True,120,,0.14997287716858793,0.5115121603012085,FR_shank_joint,0.0,,,31370.69921875,0.5064032077789307,1.0,False,,,0.2,1.0
193,193,33,4,10.0,0.5,compliant,30.0,0.7105263157894737,COL,stop_collision,0.1860376295944642,0.6241860389709473,RR_shank_joint,0.0,0.21453942017952107,,0.07340959792025387,0.1063480320078924,0.8539204262755811,0.04916366308927536,pd,0.007133738801116987,0.0088958740234375,0.014687935057788152,0.03980094939470291,0.0,0.0,0.40776824951171875,0.4116058349609375,0.43565839529037476,0.003934673777237663,0.004600946156514851,,True,0.15016232408353422,0.4403107166290283,0.75,-0.03334808349609375,0.25384843349456787,0.0586813296902202,False,False,rope_not_continuously_taut,True,9,1.0050000000000001,0.19374538516514928,0.5927572250366211,RR_shank_joint,0.0,1.205761751212861,0.03306241029862764,True,17,2.355,0.16291134576665478,0.5636069774627686,RL_shank_joint,0.0,1.013868120763785,0.002228370900133142,True,9,6.005,0.13476184869560104,0.3603624701499939,FR_thigh_joint,0.0,0.8386815641641368,-0.0259211261709206,True,17,7.88,0.15537325099182353,0.4080178737640381,RL_shank_joint,0.0,0.9669552802398085,-0.005309723874698108,True,120,,0.16068297486652164,0.6025227308273315,RL_shank_joint,0.0,,,0.0,0.43981021642684937,1.0,True,deck_contact_force,-22.7578125,0.2,1.0
194,194,34,4,10.0,0.5,rigid,35.0,0.6052631578947368,OK,,0.18800977558618118,0.6486753225326538,RL_shank_joint,0.0,0.21522067314396257,,0.0733052851818502,0.1065447436230586,0.8533894296362996,0.04914828151464462,pd,0.0067562357416417595,0.0141143798828125,0.024820961623633616,0.048638615757226944,0.0,0.0,-0.052398681640625,0.0938873291015625,0.44057753682136536,0.3324726782156233,0.3599096193719902,,False,0.15383338522451404,0.478429913520813,,-0.0455474853515625,0.25656282901763916,0.20215950826145745,False,False,rope_taut_during_settle,True,9,1.0050000000000001,0.2169094468826457,0.6068626642227173,RR_shank_joint,0.0,1.3524233666359151,0.056523688817701145,True,16,2.0300000000000002,0.16974275047854911,0.6178463697433472,RL_shank_joint,0.0,1.0583405442384457,0.009356992413604548,True,9,6.005,0.15801375389685446,0.44645535945892334,FR_thigh_joint,0.0,0.9852106309393779,-0.0023720041680901083,False,0,,,,,,,,True,120,,0.16038575806494457,0.6014405488967896,RL_shank_joint,0.0,,,-10.140013694763184,0.447775661945343,1.0,False,,,0.2,1.0
195,195,35,4,10.0,0.5,rigid,40.0,0.6052631578947368,OK,,0.18984602631194758,0.6729718446731567,RL_shank_joint,0.0,0.22467394737193805,,0.07563997881487011,0.11029219816674435,0.8487200423702598,0.04932568281888962,pd,0.006986074729699885,0.0138702392578125,0.025589926365680544,0.05205808952450752,0.0,0.0,-0.0357513427734375,0.10492706298828125,0.43944135308265686,0.3335749402242527,0.3627090897050209,,False,0.15683447945207799,0.5272649526596069,,-0.02831268310546875,0.2567065954208374,0.199899988904229,False,False,rope_taut_during_settle,True,9,1.0050000000000001,0.21872763754431887,0.603620171546936,RR_shank_joint,0.0,1.3645337649043277,0.05843285908593851,True,17,2.005,0.1674892845965408,0.6038661003112793,RL_shank_joint,0.0,1.0448829725294417,0.007194506138160445,True,9,6.005,0.15944400188843966,0.47786545753479004,FR_thigh_joint,0.0,0.9946924249303504,-0.0008507765699407033,False,0,,,,,,,,True,120,,0.16029477845838036,0.5943055152893066,RL_shank_joint,0.0,,,14.883835792541504,0.46233850717544556,1.0,False,,,0.2,1.0
196,196,36,4,10.0,1.0,rigid,5.0,0.6052631578947368,COL,stop_collision,0.2160821990309104,0.8815164566040039,RR_shank_joint,0.0,0.3630287179636026,0.5499999999999998,0.18418224630877375,0.2319087969844339,0.8158177536912262,0.2160637843608856,pd,0.021196928344710854,0.04201507568359375,0.01651466872775658,0.027699444442987442,0.0,0.0,-0.01914215087890625,0.068817138671875,0.6784433126449585,0.31903055312092476,0.34950321719635724,,True,0.15866898535386376,0.45620107650756836,0.75,-0.015289306640625,0.25483155250549316,0.1716733250664633,False,False,rope_taut_during_settle|tension_not_steady,True,9,1.0050000000000001,0.26971440037281996,0.8815164566040039,RR_shank_joint,0.0,1.3839585111278683,0.07482821108018428,True,16,2.0300000000000002,0.1951770531404151,0.6777290105819702,RL_shank_joint,0.0,1.0014924805540872,0.0002908638477794323,True,9,6.005,0.15555118231066897,0.4012485146522522,FR_shank_joint,0.0,0.7981642151004228,-0.03933500698196671,True,11,6.055,0.15881326584600106,0.4012485146522522,FR_shank_joint,0.0,0.8149026178942391,-0.036072923446634625,True,120,,0.19488618929263568,0.75577712059021,RL_shank_joint,0.0,,,16.234058380126953,0.9109408855438232,1.0,True,load_velocity_jump,0.0,0.2,1.0
197,197,37,4,10.0,1.0,rigid,10.0,0.6052631578947368,COL,stop_collision|speed_track_error,0.22243046321275237,0.8843710422515869,RR_shank_joint,0.0,0.4024672723091986,,0.22130312748253345,0.27318359567115125,0.7786968725174666,0.2654150903224945,pd,0.01916392830966365,0.02989959716796875,0.011281372885703092,0.03269270434975624,0.0,0.0,-0.0772705078125,0.05864715576171875,0.5726489424705505,0.31658331018542185,0.35013698518099545,,True,0.16754400686037266,0.4505990743637085,0.875,-0.07259368896484375,0.2553243041038513,0.1725277196029998,False,False,rope_taut_during_settle|tension_not_steady,True,9,1.0050000000000001,0.27602574218825016,0.8843710422515869,RR_shank_joint,0.0,1.3968238859036723,0.07841619027993935,True,16,2.0300000000000002,0.19809417563050427,0.672053337097168,RL_shank_joint,0.0,1.0024524306518257,0.0004846237221934613,True,9,6.005,0.15062761851411177,0.3709389567375183,FR_thigh_joint,0.0,0.762248671987282,-0.04698193339419904,True,11,6.055,0.15077748789764386,0.3709389567375183,FL_thigh_joint,0.0,0.7630070836231811,-0.046832064010666946,True,120,,0.1976095519083108,0.8000510931015015,RL_shank_joint,0.0,,,-5.684935092926025,0.9082847237586975,1.0,True,load_velocity_jump,0.0,0.2,1.0
198,198,38,4,10.0,1.0,inextensible,15.0,0.7105263157894737,SPD,speed_track_error,0.21587574641798413,0.8757293224334717,RR_shank_joint,0.0,0.3834694553578932,,0.23345402807928622,0.2778363999130911,0.7665459719207138,0.27515096247196197,pd,0.023394790818303174,0.04132080078125,0.02578766931464135,0.07260424643754959,0.0,0.0,-0.32421875,0.06938934326171875,0.5157807469367981,0.4057283420798541,0.45399597193710406,,False,0.17516471660736524,0.5062955617904663,,-0.3189544677734375,0.25385165214538574,0.1731133659869428,False,False,rope_not_continuously_taut|tension_not_steady,True,9,1.0050000000000001,0.26123175886221145,0.8757293224334717,RR_shank_joint,0.0,1.3142204419510812,0.062458592258297696,True,17,2.23,0.19414505851119854,0.6971495151519775,RL_shank_joint,0.0,0.9767166354906573,-0.004628108092715216,True,9,6.005,0.1412011013085786,0.35534071922302246,FR_shank_joint,0.0,0.7103629917510124,-0.05757206529533515,False,0,,,,,,,,True,120,,0.19877316660391375,0.7797666788101196,RL_shank_joint,0.0,,,16.000017166137695,0.8904768228530884,1.0,False,,,0.2,1.0
199,199,39,4,10.0,1.0,inextensible,20.0,0.7105263157894737,SPD,speed_track_error,0.21900117465737604,0.8758220672607422,RR_shank_joint,0.0,0.42414259122634884,,0.2504207536764443,0.29535641343249863,0.7495792463235557,0.28185516119003295,pd,0.018890320125392,0.02972412109375,0.0167479833222691,0.035750798881053925,0.0,0.0,-0.31778717041015625,0.05585479736328125,0.46001705527305603,0.4044917038974205,0.446893027942906,,False,0.18089795459880448,0.5781501531600952,,-0.3176116943359375,0.25384801626205444,0.16865262015773572,False,False,rope_not_continuously_taut|tension_not_steady,True,9,1.0050000000000001,0.26118008581782476,0.8758220672607422,RR_shank_joint,0.0,1.3201561310227357,0.06333978520467953,True,17,2.23,0.19822466859036525,0.6799094676971436,RL_shank_joint,0.0,1.0019428194156033,0.0003843679772200237,True,9,6.005,0.1562005410227705,0.4602231979370117,FL_shank_joint,0.0,0.7895284253950026,-0.04163975959037472,False,0,,,,,,,,True,120,,0.19784030061314523,0.7904109954833984,RL_shank_joint,0.0,,,24.275480270385742,0.9036025404930115,1.0,False,,,0.2,1.0
200,200,0,5,0.0,0.5,compliant,30.0,0.763157894736842,OK,,0.16113560524725398,0.5922231674194336,FL_shank_joint,0.0,0.13602875612591675,0.19999999999999996,0.0402630178257823,0.06880833572178818,1.0386389199644328,0.03297339856624603,pd,0.0073402688514228945,0.00984954833984375,0.01182135152415922,0.039868585765361786,0.0,0.0,-0.7975234985351562,,-0.1297081559896469,,,,,0.14980978142548088,0.4600709080696106,0.6000000000000005,0.0005950927734375,0.25384899973869324,0.07683431274796573,False,False,rope_taut_during_settle|robot_and_load_speeds_differ,True,9,1.0050000000000001,0.1938963114456192,0.5922231674194336,RR_shank_joint,0.0,1.2897441913212322,0.04355928124198705,True,17,2.005,0.14742272616114022,0.48021960258483887,FR_shank_joint,0.0,0.9806148622295885,-0.002914304042491933,True,9,6.005,0.14599722288222244,0.4600709080696106,FR_thigh_joint,0.0,0.9711328119523751,-0.0043398073214097055,False,0,,,,,,,,True,120,,0.15033703020363215,0.5100804567337036,FR_shank_joint,0.0,,,1569.909912109375,0.5073812007904053,1.0,False,,,0.2,1.0
201,201,1,5,0.0,0.5,compliant,35.0,0.763157894736842,SPD,speed_track_error,0.18279019699225124,0.5874481201171875,RR_shank_joint,0.0,0.24059064243866068,,0.12148612880147994,0.1429268878640242,0.7579416651837527,0.10300502240657806,pd,0.004825664537538385,0.0099945068359375,0.011239956634224004,0.03965947404503822,0.0,0.0,0.18282318115234375,0.2821197509765625,0.4221833348274231,0.23697659096322354,0.33393889197824933,,False,0.12517983832253987,0.31184518337249756,0.2999999999999998,-0.00182342529296875,0.2538517117500305,0.07397669388353827,False,False,load_moved_during_settle,True,9,1.0050000000000001,0.19429623095725224,0.5874481201171875,RR_shank_joint,0.0,1.210734589329902,0.033818259426936725,True,17,2.305,0.1571694943201385,0.5476672649383545,FL_shank_joint,0.0,0.9793836052473281,-0.003308477210177019,True,9,6.005,0.13097484616813276,0.31184518337249756,FL_shank_joint,0.0,0.8161546716920622,-0.029503125362182747,False,0,,,,,,,,True,120,,0.1604779715303155,0.6599358320236206,FL_shank_joint,0.0,,,17.757802963256836,0.41304636001586914,1.0,False,,,0.2,1.0
202,202,2,5,0.0,0.5,compliant,40.0,0.763157894736842,SPD,speed_track_error,0.18577127961363837,0.6729389429092407,RR_shank_joint,0.0,0.26116412521160104,,0.11952786398003809,0.14663943511136568,0.761673098562751,0.09164066910743714,pd,0.007400187893705181,0.01050567626953125,0.012232522355362728,0.03977346420288086,0.0,0.0,0.25196075439453125,0.333953857421875,0.4093635678291321,0.12361252957119007,0.2079424640816967,,False,0.15068193644226938,0.42410850524902344,0.7999999999999998,-0.04164886474609375,0.2538519501686096,0.08716231490256471,False,False,rope_not_continuously_taut,True,9,1.0050000000000001,0.19372447184568528,0.5926282405853271,RR_shank_joint,0.0,1.205506306772155,0.033024796732081835,True,17,2.33,0.17188497355966328,0.5986566543579102,RR_shank_joint,0.0,1.069603740257425,0.011185298446059838,True,9,6.005,0.13344541129059118,0.3372509479522705,FR_thigh_joint,0.0,0.8304024958124812,-0.02725426382301227,False,0,,,,,,,,True,120,,0.16069967511360345,0.66823410987854,FL_shank_joint,0.0,,,23.413028717041016,0.4050821363925934,1.0,False,,,0.2,1.0
203,203,3,5,0.0,1.0,compliant,5.0,0.763157894736842,OK,,0.21132918379009796,0.8756165504455566,RR_shank_joint,0.0,0.31703103038549724,2.05,0.11374018965288997,0.1636611943721604,0.88625981034711,0.09400849461555481,pd,0.022042565466821065,0.03749847412109375,0.030718400441842326,0.05293778330087662,0.0,0.0,0.24944686889648438,0.2452239990234375,0.8825353384017944,0.3535336838356571,0.3535336838356571,,False,0.1480304643181166,0.5820986032485962,0.35000000000000053,0.0930023193359375,0.2538500428199768,0.08306444795593936,False,True,,True,9,1.0050000000000001,0.2610446071099056,0.8756165504455566,RR_shank_joint,0.0,1.37154041937897,0.0707151035666517,True,17,2.255,0.19957434031648114,0.7014912366867065,RL_shank_joint,0.0,1.0485727992829355,0.00924483677322721,True,9,6.005,0.17507833399966777,0.5820986032485962,FR_thigh_joint,0.0,0.9198696510017418,-0.015251169543586157,False,0,,,,,,,,True,120,,0.19032950354325393,0.7371490001678467,RL_shank_joint,0.0,,,13.716310501098633,0.9151252508163452,1.0,False,,,0.2,1.0
204,204,4,5,0.0,1.0,compliant,10.0,0.763157894736842,OK,,0.21978877987487852,0.8757673501968384,RR_shank_joint,0.0,0.3651266639083423,2.175,0.14710868008434771,0.19219339902527055,0.8528913199156523,0.11199339151382447,pd,0.014593605716359767,0.022674560546875,0.014468949910322984,0.023406486958265305,0.0,0.0,0.32373809814453125,0.3536186218261719,0.909959614276886,0.23401631372075826,0.2683851768492147,,False,0.15630083006663795,0.5240851640701294,0.25,0.08659744262695312,0.25385233759880066,0.08041465311281866,False,False,rope_not_continuously_taut,True,9,1.0050000000000001,0.2605451855531463,0.8757673501968384,RR_shank_joint,0.0,1.3396039360424514,0.06605099324518213,True,17,2.23,0.18786763706738044,0.7338335514068604,RL_shank_joint,0.0,0.9659292899086097,-0.0066265552405837536,True,9,6.005,0.16721701355861715,0.5240851640701294,FL_thigh_joint,0.0,0.859753248024208,-0.027277178749347042,False,0,,,,,,,,True,120,,0.1944941923079642,0.7402667999267578,RL_shank_joint,0.0,,,37.66798400878906,0.8760602474212646,1.0,False,,,0.2,1.0
205,205,5,5,0.0,1.0,compliant,15.0,0.763157894736842,COL,stop_collision,0.2255179430023401,0.8764495849609375,RR_shank_joint,0.0,0.4025079684434144,,0.1607117372378707,0.20954348896169536,0.8392882627621293,0.11277446687221528,pd,0.02032117593932145,0.0359344482421875,0.02336387575317851,0.037934187799692154,0.0,0.0,0.6105461120605469,0.614532470703125,0.8685435056686401,0.001191548244143803,0.002875351312923158,,True,0.15373801473354412,0.5659591555595398,0.25,0.10443878173828125,0.2538485527038574,0.09191018832921416,False,False,rope_not_continuously_taut,True,9,1.0050000000000001,0.260837969356273,0.8764495849609375,RR_shank_joint,0.0,1.3273203976457864,0.06432326965082844,True,17,2.23,0.19092064366246267,0.7168135643005371,RL_shank_joint,0.0,0.9715336509107623,-0.00559405604298191,True,9,6.005,0.1842609675359697,0.5659591555595398,FR_thigh_joint,0.0,0.9376447045038261,-0.012253732169474868,True,17,8.105,0.1434579205012041,0.3669654130935669,RL_shank_joint,0.0,0.7300111427604796,-0.053056779204240484,True,120,,0.19651469970544458,0.7439923286437988,RL_shank_joint,0.0,,,11.918807029724121,0.8708095550537109,1.0,True,deck_contact_force,-17.071428298950195,0.2,1.0
206,206,6,5,0.0,1.0,compliant,20.0,0.763157894736842,OK,,0.2291057182581152,0.8760172128677368,RR_shank_joint,0.0,0.4356320058467132,,0.18848454801365733,0.23296207752171752,0.8115154519863427,0.14315965056419372,pd,0.014586519791954782,0.02507781982421875,0.01158952138267179,0.022963998839259148,0.0,0.0,0.41710662841796875,0.47718048095703125,0.8453493118286133,0.1074045896292759,0.16804022381538886,,False,0.14462575310828046,0.49672770500183105,0.5,0.08028030395507812,0.2538526952266693,0.1028429833819747,False,False,load_moved_during_settle|rope_not_continuously_taut,True,9,1.0050000000000001,0.2605466643002527,0.8760172128677368,RR_shank_joint,0.0,1.3134128301976251,0.06217288698527926,True,17,2.23,0.20237623064216614,0.7099848985671997,RL_shank_joint,0.0,1.0201763226035552,0.0040024533271927065,True,9,6.005,0.16355777853078488,0.49672770500183105,FR_thigh_joint,0.0,0.8244929382530812,-0.03481599878418856,False,0,,,,,,,,True,120,,0.19837377731497344,0.7443645000457764,RL_shank_joint,0.0,,,0.0,0.8469619154930115,1.0,False,,,0.2,1.0
207,207,7,5,0.0,1.0,compliant,25.0,0.763157894736842,COL,stop_collision|speed_track_error,0.2348525314810338,0.8759019374847412,RR_shank_joint,0.0,0.48089603022712535,,0.2081158131081611,0.2551022726224456,0.7918841868918389,0.14740249574184416,pd,0.01346705644025473,0.02213287353515625,0.02117126624934108,0.03653310611844063,0.0,0.0,0.5335464477539062,0.6019744873046875,0.8812730312347412,-0.00026492081443052484,0.044395147866822526,1.0,True,0.15587175206737602,0.5048807859420776,0.3250000000000002,0.0684356689453125,0.25385168194770813,0.08359521268902068,False,False,rope_not_continuously_taut,True,9,1.0050000000000001,0.2608558180706332,0.8759019374847412,RR_shank_joint,0.0,1.2910229230613364,0.05880222675865307,True,17,2.23,0.21399358034241528,0.753921389579773,RL_shank_joint,0.0,1.0590931789576523,0.011939989030435166,True,9,6.005,0.16660621059670533,0.5048807859420776,FR_thigh_joint,0.0,0.824564460917983,-0.035447380715274784,True,17,6.98,0.14429779437476406,0.40475714206695557,RL_shank_joint,0.0,0.7141560485899089,-0.05775579693721605,True,120,,0.2020535913119801,0.7745077610015869,RL_shank_joint,0.0,,,33.4459228515625,0.8413443565368652,1.0,True,deck_contact_force,-152.34312438964844,0.2,1.0
208,208,8,5,0.0,1.0,rigid,30.0,0.631578947368421,OK,,0.1907353107105983,0.8760204315185547,RR_shank_joint,0.0,0.2926967535584054,0.575,0.05510820767842233,0.13437114045139645,0.9998910436872392,0.02861752688884735,pd,0.0127338752354564,0.02405548095703125,0.006290911554377274,0.022946443408727646,0.0,0.0,-1.0806045532226562,,-0.2074771523475647,,,,,0.14816800343595748,0.5943704843521118,0.2999999999999998,0.14377212524414062,0.2538515627384186,0.06946982675087776,False,False,rope_taut_during_settle|robot_and_load_speeds_differ,True,9,1.0050000000000001,0.26066235372039065,0.8760204315185547,RR_shank_joint,0.0,1.4960350792668595,0.08642689805973214,True,17,2.005,0.16830783853782336,0.5880125761032104,RL_shank_joint,0.0,0.9659792715532033,-0.005927617122835155,True,9,6.005,0.171168240110459,0.5943704843521118,FL_thigh_joint,0.0,0.9823961458443152,-0.003067215550199509,False,0,,,,,,,,True,120,,0.1742354556606585,0.6066803932189941,FR_shank_joint,0.0,,,650.2532348632812,0.9801735281944275,1.0,False,,,0.2,1.0
209,209,9,5,0.0,1.0,rigid,35.0,0.631578947368421,SPD,speed_track_error,0.2494497999707926,0.9137146472930908,RL_shank_joint,0.0,0.5627045823038758,,0.23905628588050604,0.29433169104946144,0.7609437141194939,0.1612684714794159,pd,0.016624658797469934,0.033855438232421875,0.018010375067988305,0.03275848180055618,0.0,0.0,0.22019195556640625,0.26938629150390625,0.8237283229827881,0.36143398431167384,0.3790811745140985,,False,0.15718612523332498,0.5832213759422302,0.7000000000000002,0.22380828857421875,0.25592777132987976,0.10893970110878393,False,False,rope_taut_during_settle,True,9,1.0050000000000001,0.29792158987113465,0.9137146472930908,RL_shank_joint,0.0,1.4679884197685538,0.09497612663777644,True,17,2.005,0.21518462358772647,0.7485041618347168,RL_shank_joint,0.0,1.0603076322050864,0.012239160354368256,True,9,6.005,0.17991830223275565,0.5832213759422302,FR_thigh_joint,0.0,0.8865352265888071,-0.023027161000602564,False,0,,,,,,,,True,120,,0.20294546323335821,0.7685098648071289,RL_shank_joint,0.0,,,45.932342529296875,0.7573886513710022,1.0,False,,,0.2,1.0
210,210,10,5,0.0,1.0,rigid,40.0,0.631578947368421,SPD,speed_track_error,0.251904383077645,0.9184578657150269,RL_shank_joint,0.0,0.5953957813996205,,0.268269260507077,0.3191467499429533,0.731730739492923,0.19078047811985016,pd,0.014613826929470013,0.023891448974609375,0.019387543833999245,0.03451463580131531,0.0,0.0,0.16814422607421875,0.25392913818359375,0.7919873595237732,0.3571137662313504,0.3800178142641357,,False,0.16144622777289608,0.6197081804275513,,0.17245864868164062,0.25619855523109436,0.10115929030765058,False,False,rope_taut_during_settle,True,9,1.0050000000000001,0.30022964206212327,0.9184578657150269,RL_shank_joint,0.0,1.4362129535925765,0.0911870754210678,True,17,2.005,0.22248280957799937,0.7757458686828613,RL_shank_joint,0.0,1.0642942877754749,0.013440242936943902,True,9,6.005,0.17759781376610506,0.6197081804275513,FR_thigh_joint,0.0,0.8495772732787776,-0.03144475287495041,False,0,,,,,,,,True,120,,0.20904256664105547,0.7757458686828613,RL_shank_joint,0.0,,,43.42692565917969,0.7229191064834595,1.0,False,,,0.2,1.0
211,211,11,5,0.0,1.5,rigid,5.0,0.631578947368421,COL,stop_collision,0.24392765193431964,0.9026978015899658,RR_shank_joint,0.0,0.6227149310288995,0.7249999999999999,0.21989322610199452,0.31297044317746564,0.8534045159320036,0.16153680562973022,pd,0.01893865537358877,0.02915191650390625,0.020062376517397115,0.03555484116077423,0.0,0.0,0.23321914672851562,0.23418807983398438,1.316660761833191,0.35715975021596336,0.37495857982108305,,True,0.16312448917292502,0.7687118053436279,0.4249999999999998,0.23674774169921875,0.25473806262016296,0.09909569259310325,False,False,rope_taut_during_settle,True,9,1.0050000000000001,0.2993917247785619,0.9026978015899658,RR_shank_joint,0.0,1.4212472547160278,0.08873750976768974,True,16,2.0300000000000002,0.20791983577142556,0.7277073860168457,FL_shank_joint,0.0,0.9870195844915541,-0.0027343792394466104,True,9,6.005,0.21145060571126037,0.7687118053436279,FR_thigh_joint,0.0,1.0037805590566848,0.0007963907003881998,True,10,6.03,0.20743087893817283,0.7687118053436279,FR_thigh_joint,0.0,0.9846984496724502,-0.00322333607269934,True,120,,0.21065421501087217,0.7990325689315796,RL_shank_joint,0.0,,,8.727970123291016,1.4057024717330933,1.0,True,load_velocity_jump,0.0,0.2,1.0
212,212,12,5,0.0,1.5,rigid,10.0,0.631578947368421,COL,stop_collision,0.24791028312508837,0.9176598787307739,RR_shank_joint,0.0,0.6922304216147435,,0.26824392104521394,0.3550032381693896,0.8211707193031907,0.19402730584144592,pd,0.029053761625702595,0.050563812255859375,0.0227107262930782,0.038963377475738525,0.0,0.0,0.229583740234375,0.2795600891113281,1.305712342262268,0.3445695544430123,0.37927596998856217,,True,0.17201885276644227,0.7048786878585815,0.7750000000000004,0.23357772827148438,0.25511986017227173,0.12602946504890974,False,False,rope_taut_during_settle,True,9,1.0050000000000001,0.3071136428306739,0.9176598787307739,RR_shank_joint,0.0,1.4030866953130763,0.0882293473294993,True,16,2.0300000000000002,0.21704570311254337,0.747226357460022,RL_shank_joint,0.0,0.9916001630705327,-0.0018385923886312106,True,9,6.005,0.2004650788392596,0.7048786878585815,FR_thigh_joint,0.0,0.915849528538624,-0.018419216661914983,True,10,6.03,0.20293879188075317,0.7048786878585815,FR_thigh_joint,0.0,0.9271509927931955,-0.01594550362042141,True,120,,0.21888429550117458,0.7726370096206665,RL_shank_joint,0.0,,,36.092193603515625,1.3705487251281738,1.0,True,load_velocity_jump,0.0,0.2,1.0
213,213,13,5,0.0,1.5,rigid,15.0,0.631578947368421,COL,stop_collision,0.24847345802490686,0.9240212440490723,RL_shank_joint,0.0,0.7735587009091883,,0.29905637914314864,0.39111383018459406,0.8006290805712343,0.2038503396511078,pd,0.018954310282901076,0.0284271240234375,0.02226372654241494,0.04042642563581467,0.0,0.0,0.2933807373046875,0.3451271057128906,1.2970858812332153,0.3596019038449967,0.37936071791299497,,True,0.1771006594389439,0.7798445224761963,,0.2980461120605469,0.25540080666542053,0.13159578716753756,False,False,rope_taut_during_settle,True,9,1.0050000000000001,0.3109118344725714,0.9240212440490723,RL_shank_joint,0.0,1.3889291413045561,0.08706180121562176,True,17,2.005,0.2239006353012279,0.6825810670852661,RL_shank_joint,0.0,1.0002260533248175,5.0602044278230673e-05,True,9,6.005,0.21786342342707302,0.7798445224761963,FR_thigh_joint,0.0,0.973256158407603,-0.0059866098298766435,True,14,6.13,0.19212972595774758,0.7798445224761963,FL_thigh_joint,0.0,0.8582966156507493,-0.03172030729920208,True,120,,0.22385003325694966,0.7933721542358398,RL_shank_joint,0.0,,,26.897239685058594,1.2425880432128906,1.0,True,load_velocity_jump,0.0,0.2,1.0
214,214,14,5,0.0,1.5,rigid,20.0,0.631578947368421,SPD,speed_track_error,0.25353867110359113,0.927858829498291,RL_shank_joint,0.0,0.8337078746863026,,0.32589781187474726,0.4207816187173681,0.7827347920835018,0.20311637759208678,pd,0.04205419599929464,0.07522201538085938,0.025271005791006048,0.05351152643561363,0.0,0.0,0.394989013671875,0.427337646484375,1.2937817573547363,0.3368719751568605,0.34667531221354153,,False,0.19650386332571185,1.2307335138320923,,0.3873786926269531,0.2556355595588684,0.19231815578621875,False,False,rope_taut_during_settle,True,9,1.0050000000000001,0.31117020672263346,0.927858829498291,RL_shank_joint,0.0,1.3632907767276,0.08292087647369228,True,16,2.0300000000000002,0.2301013998225543,0.6979707479476929,RL_shank_joint,0.0,1.0081142388089075,0.0018520695736131132,True,9,6.005,0.2636868023593392,1.2307335138320923,FL_thigh_joint,0.0,1.1552577265911275,0.03543747211039805,False,0,,,,,,,,True,120,,0.22824933024894117,0.8611202239990234,RL_shank_joint,0.0,,,-3.983468532562256,1.16043221950531,1.0,False,,,0.2,1.0
215,215,15,5,0.0,1.5,rigid,25.0,0.631578947368421,SPD,speed_track_error,0.2640214054712574,0.9389115571975708,RL_shank_joint,0.0,0.895997748069616,,0.3753163076750934,0.4641379741153988,0.7497891282166044,0.24423831343650818,pd,0.02727878193685339,0.047306060791015625,0.024794557750971138,0.042906906455755234,0.0,0.0,0.4094581604003906,0.4563751220703125,1.2661980390548706,0.35443369224341836,0.3785302654197906,,False,0.17256228303898327,0.6977329850196838,0.75,0.4123954772949219,0.2557935118675232,0.12294877837218383,False,False,rope_taut_during_settle,True,9,1.0050000000000001,0.31516040766700976,0.9389115571975708,RL_shank_joint,0.0,1.3742776985765235,0.08583237011429909,True,17,2.005,0.24374355910347564,0.7396023273468018,RL_shank_joint,0.0,1.0628598304184746,0.014415521550764976,True,9,6.005,0.19544279716818874,0.6762133240699768,FR_thigh_joint,0.0,0.8522411792900226,-0.033885240384521925,False,0,,,,,,,,True,120,,0.22932803755271067,0.7714554071426392,RL_shank_joint,0.0,,,47.324745178222656,1.0929208993911743,1.0,False,,,0.2,1.0
216,216,16,5,0.0,1.5,inextensible,30.0,0.763157894736842,OK,,0.22561687254558035,0.9251596927642822,RR_shank_joint,0.0,0.5000870682115155,0.5499999999999998,0.0761977356299758,0.22470310235332785,0.9707008143514395,0.020955643653869628,pd,0.017050540926888715,0.03307914733886719,0.03261238754457819,0.0608343668282032,0.0,0.0,-0.9261856079101562,,-0.17973817884922028,,,,,0.16702697764373456,0.7582888007164001,0.4500000000000002,0.2435150146484375,0.25385016202926636,0.08664265382164925,False,False,rope_taut_during_settle|robot_and_load_speeds_differ,True,9,1.0050000000000001,0.2902660408045096,0.9251596927642822,RR_shank_joint,0.0,1.6149362260705677,0.11052764858899813,True,17,2.005,0.1884645275143395,0.5871119499206543,FL_shank_joint,0.0,1.0485490895476866,0.00872613529882807,True,9,6.005,0.19672879924164002,0.7582888007164001,FR_thigh_joint,0.0,1.0945285357051409,0.016990407026128584,False,0,,,,,,,,True,120,,0.17973839221551144,0.5962677001953125,FL_shank_joint,0.0,,,1024.4560546875,1.499314308166504,1.0,False,,,0.2,1.0
217,217,17,5,0.0,1.5,inextensible,35.0,0.763157894736842,COL,stop_collision|speed_track_error,0.2552039245050757,0.9253044128417969,RL_shank_joint,0.0,0.9476906075388326,,0.41212259301915766,0.5000939879384565,0.7252516046538949,0.24562011837959288,pd,0.023558704139998953,0.04387378692626953,0.023305693704974224,0.038683146238327026,0.0,0.0,0.7783660888671875,0.8666496276855469,1.2952954769134521,-0.0008677810693598076,0.04490169652761011,0.75,True,0.1628869135363106,0.6058938503265381,,0.3145408630371094,0.25385069847106934,0.11136613183359843,False,False,load_moved_during_settle|rope_not_continuously_taut,True,9,1.0050000000000001,0.29107675270473277,0.9253044128417969,RR_shank_joint,0.0,1.2674216957038904,0.06141621139367612,True,17,2.205,0.23021165478569533,0.7507792711257935,RR_shank_joint,0.0,1.0023996872579528,0.0005511134746386814,True,9,6.005,0.19176043755422528,0.6058938503265381,FR_thigh_joint,0.0,0.8349733761817676,-0.037900103756831366,True,17,6.68,0.1499518769119416,0.4711850881576538,RR_shank_joint,0.0,0.6529283439632927,-0.07970866439911506,True,120,,0.22966054131105665,0.7982385158538818,RL_shank_joint,0.0,,,68.60913848876953,1.0151876211166382,1.0,True,deck_contact_force|load_velocity_jump,-300.63934326171875,0.2,1.0
218,218,18,5,0.0,1.5,inextensible,40.0,0.763157894736842,COL,stop_collision|speed_track_error,0.26000828679833243,0.9263221025466919,RL_shank_joint,0.0,0.9898616768807461,,0.46667224222794174,0.5435374882713542,0.6888851718480389,0.2953425967693329,pd,0.01586971974910464,0.026396751403808594,0.03191599595835166,0.05845325067639351,0.0,0.0,0.6754684448242188,0.791961669921875,1.1856502294540405,-0.004587522787609544,0.06463007405046994,0.875,True,0.1663877106896533,0.7713627219200134,,0.22581100463867188,0.25385069847106934,0.11096515452410892,False,False,load_moved_during_settle|rope_not_continuously_taut,True,9,1.0050000000000001,0.2915261627619293,0.9263221025466919,RR_shank_joint,0.0,1.2474820255784598,0.05783448882638856,True,16,2.18,0.24203946323010309,0.7721537351608276,RR_shank_joint,0.0,1.0357213808861028,0.008347789294562369,True,9,6.005,0.204271967267542,0.7713627219200134,FR_thigh_joint,0.0,0.8741088795653302,-0.02941970666799873,True,17,6.805,0.15032761628598434,0.47161006927490234,RL_shank_joint,0.0,0.6432733086051208,-0.08336405764955637,True,120,,0.23369167393554072,0.7721537351608276,RL_shank_joint,0.0,,,59.09831619262695,0.928984522819519,1.0,True,deck_contact_force,-48.64790344238281,0.2,1.0
219,219,19,5,0.0,2.0,inextensible,5.0,0.763157894736842,COL,stop_collision,0.274861332376475,0.9708505868911743,RL_shank_joint,0.0,0.868255265481505,,0.30546952968463303,0.4284800270150979,0.8472652351576835,0.20182382464408874,pd,0.009047926946047318,0.030397415161132812,0.009799153074629993,0.02536354400217533,0.0,0.0,0.5701217651367188,0.5464324951171875,1.8376712799072266,0.31938356774933396,0.31938356774933396,,True,0.17502703108731524,0.9789280891418457,0.6000000000000005,0.3819618225097656,0.25385066866874695,0.13705440968055285,False,True,,True,9,1.0050000000000001,0.3173575619453823,0.9708505868911743,RR_shank_joint,0.0,1.3430765732744108,0.08106607398377866,True,17,2.205,0.22402148611578088,0.7460404634475708,RR_shank_joint,0.0,0.9480726032424132,-0.012270001845822748,True,9,6.005,0.22866257910339297,0.9789280891418457,FR_thigh_joint,0.0,0.9677139920526874,-0.007628908858210659,True,10,6.03,0.22358010374374837,0.9789280891418457,FR_thigh_joint,0.0,0.9462046461025257,-0.012711384217855254,True,120,,0.23629148796160362,0.7678490877151489,RR_shank_joint,0.0,,,28.66877555847168,1.7962310314178467,1.0,True,load_velocity_jump,0.0,0.2,1.0
220,220,20,5,5.0,2.0,compliant,10.0,0.763157894736842,COL,stop_collision|speed_track_error,0.2775912507114306,0.9709447622299194,RL_shank_joint,0.0,0.9794132540455107,4.75,0.44850029349327086,0.5426146660684246,0.7757498532533645,0.3641404592990875,pd,0.011182431789496154,0.036930084228515625,0.019152323302857065,0.039765603840351105,0.0,0.0,0.9532966613769531,0.9588584899902344,1.8249033689498901,-0.006109232512969243,-0.002815655453055399,0.75,True,0.16369446349644173,0.7579193115234375,0.9500000000000002,0.4202537536621094,0.253850519657135,0.10306754141187605,False,True,,True,9,1.0050000000000001,0.31994740394764365,0.9709447622299194,RR_shank_joint,0.0,1.3010096826796218,0.0740250190437399,True,17,2.23,0.23600292896731762,0.7475720643997192,RR_shank_joint,0.0,0.9596642821251825,-0.009919455936586136,True,9,6.005,0.22470173877532984,0.7579193115234375,FL_thigh_joint,0.0,0.9137099856246674,-0.02122064612857391,True,17,6.755,0.1393692590332718,0.42466413974761963,FR_thigh_joint,0.0,0.5667205085365918,-0.10655312587063195,True,120,,0.24592238490390375,0.8094764947891235,RL_shank_joint,0.0,,,25.0164852142334,1.716970682144165,1.0,True,deck_contact_force|load_velocity_jump,-15.187115669250488,0.2,1.0
221,221,21,5,5.0,2.0,compliant,15.0,0.763157894736842,COL,stop_collision|speed_track_error,0.27823773065637125,0.9709044694900513,RL_shank_joint,0.0,1.093842873044415,,0.5485888319648802,0.6302168981119213,0.7257055840175599,0.47064136266708373,pd,0.013599435000753302,0.03501415252685547,0.023594326153880605,0.05223598703742027,0.0,0.0,1.1506843566894531,1.140655517578125,1.8425053358078003,-0.0027085537209856625,-0.0012779722972453555,0.75,True,0.17867931307827226,1.1042598485946655,,0.6377143859863281,0.2538504898548126,0.14519511102221952,False,True,,True,9,1.0050000000000001,0.31962896104638466,0.9709044694900513,RR_shank_joint,0.0,1.261910249037915,0.06633918763336188,True,17,2.23,0.26192591726904885,0.8120896816253662,RL_shank_joint,0.0,1.0340959042272255,0.008636143856026068,True,9,6.005,0.24296755794457808,1.1042598485946655,FR_thigh_joint,0.0,0.9592474053359709,-0.010322215468444695,True,13,6.105,0.21781793946123024,1.1042598485946655,FR_thigh_joint,0.0,0.8599555225865713,-0.03547183395179254,True,120,,0.2532897734130228,0.8143806457519531,RL_shank_joint,0.0,,,16.91890525817871,1.5887353420257568,1.0,True,load_velocity_jump,0.0,0.2,1.0
222,222,22,5,5.0,2.0,compliant,20.0,0.763157894736842,COL,stop_collision|speed_track_error,0.2786999748308526,0.9709955453872681,RL_shank_joint,0.0,1.1746219365335067,,0.638217858504504,0.708366283828383,0.680891070747748,0.5737270021438599,pd,0.01908430939880087,0.03211784362792969,0.027239917841635222,0.05549246445298195,0.0,0.0,1.13409423828125,1.1341819763183594,1.5811957120895386,-0.002936216046364848,-0.0028836700790009218,0.75,True,0.17112206889878212,0.9189245700836182,,0.619354248046875,0.2538505792617798,0.11548224211990753,False,False,rope_not_continuously_taut,True,9,1.0050000000000001,0.3200283148905572,0.9709955453872681,RR_shank_joint,0.0,1.2485013173052097,0.06369833713665884,True,17,2.23,0.2804071518149653,0.7906018495559692,RL_shank_joint,0.0,1.0939303871987354,0.02407717406106691,True,9,6.005,0.20803061319676894,0.8205690383911133,FR_thigh_joint,0.0,0.81157348437996,-0.04829936455712944,True,17,6.655,0.15356864649714108,0.9189245700836182,FL_shank_joint,0.0,0.5991052932738982,-0.1027613312567573,True,120,,0.2563299777538984,0.7932310104370117,RL_shank_joint,0.0,,,0.0,1.469831943511963,1.0,True,deck_contact_force|load_velocity_jump,-225.1005859375,0.2,1.0
223,223,23,5,5.0,2.0,compliant,25.0,0.763157894736842,COL,stop_collision|speed_track_error,0.28304595347330647,0.9710417985916138,RL_shank_joint,0.0,1.2422705195020425,,0.6955578750558198,0.7613683673007815,0.6522210624720901,0.6188241767883301,pd,0.011270838162058337,0.03215980529785156,0.02667336861659525,0.05830635502934456,0.0,0.0,1.1891555786132812,1.1695175170898438,1.4840809106826782,-0.01418564432905356,-0.0021019066126015673,0.75,True,0.16322129891983003,1.087993085384369,,0.684295654296875,0.25385016202926636,0.13890173270810466,False,False,rope_not_continuously_taut,True,9,1.0050000000000001,0.3197814146829665,0.9710417985916138,RR_shank_joint,0.0,1.2473422066952633,0.0634111796612537,True,17,2.23,0.26905571180741655,0.7709066867828369,RL_shank_joint,0.0,1.049481082640617,0.012685476785703753,True,9,6.005,0.22570821397427804,1.087993085384369,FR_thigh_joint,0.0,0.8803994502527257,-0.030662021047434762,True,17,6.755,0.13899382349941716,0.5665521621704102,FL_shank_joint,0.0,0.5421605339155122,-0.11737641152229564,True,120,,0.2563702350217128,0.8043839931488037,RL_shank_joint,0.0,,,117.93927764892578,1.3776315450668335,1.0,True,deck_contact_force,-49.009368896484375,0.2,1.0
224,224,24,5,5.0,2.0,rigid,30.0,0.631578947368421,OK,,0.2686725732607916,0.9708753824234009,RR_shank_joint,0.0,0.7325423425274462,0.7,0.1322021816857159,0.3314176275370272,0.9627484346088022,0.049431087970733645,pd,0.010425970012299918,0.0384521484375,0.027084626462840038,0.048524826765060425,0.0,0.0,-0.3401947021484375,,-0.060678426176309586,,,,,0.170470927093002,0.9981484413146973,0.40000000000000036,0.3862495422363281,0.25385013222694397,0.09905557697496603,False,False,rope_taut_during_settle|robot_and_load_speeds_differ,True,9,1.0050000000000001,0.31980923830080554,0.9708753824234009,RR_shank_joint,0.0,1.4767438094510883,0.10324544690107729,True,17,2.005,0.22970604173409742,0.5910730361938477,FL_shank_joint,0.0,1.0606853539524135,0.013142250334369165,True,9,6.005,0.21699311990357562,0.9981484413146973,FR_thigh_joint,0.0,1.0019824574600973,0.0004293285038473593,False,0,,,,,,,,True,120,,0.21656379139972826,0.6799472570419312,RR_shank_joint,0.0,,,1481.2073974609375,1.9879167079925537,1.0,False,,,0.2,1.0
225,225,25,5,5.0,2.0,rigid,35.0,0.631578947368421,SPD,speed_track_error,0.28459331734330884,0.9897273778915405,RL_shank_joint,0.0,1.417074211519161,,0.8209226382896304,0.8911863672727296,0.5895386808551848,0.7242307770252228,pd,0.013836553001194728,0.039699554443359375,0.028888677033201086,0.0452682226896286,0.0,0.0,0.17407608032226562,0.4285774230957031,1.1304104328155518,0.3606129499672832,0.38449398959522796,,False,0.1626671713523144,0.5797699093818665,,0.183868408203125,0.25086256861686707,0.11244995372542159,False,False,rope_taut_during_settle,True,9,1.0050000000000001,0.3291833275313141,0.9897273778915405,RL_shank_joint,0.0,1.2646565096358287,0.0688886743799173,True,16,2.0300000000000002,0.28883474566485284,0.7759076356887817,RL_shank_joint,0.0,1.1096453275851814,0.028540092513456072,True,9,6.005,0.17672244869988324,0.5302227735519409,FR_thigh_joint,0.0,0.6789323044492008,-0.08357220445151353,False,0,,,,,,,,True,120,,0.26029465315139677,0.8169798851013184,RL_shank_joint,0.0,,,47.96193313598633,1.0967919826507568,1.0,False,,,0.2,1.0
226,226,26,5,5.0,2.0,rigid,40.0,0.631578947368421,SPD,speed_track_error,0.28164036659245256,0.9920336008071899,RL_shank_joint,0.0,1.4549925416706333,,0.8553482337482273,0.923585152908216,0.5723258831258863,0.739676697254181,pd,0.013718554107058446,0.038295745849609375,0.022858473008925174,0.04420444369316101,0.0,0.0,-0.15163803100585938,0.34644317626953125,1.0531089305877686,0.356154508153125,0.3698578214481998,,False,0.15507033012614832,0.578754723072052,,-0.148040771484375,0.24857375025749207,0.1085698854786101,False,False,rope_taut_during_settle,True,9,1.0050000000000001,0.33322008837657585,0.9920336008071899,RL_shank_joint,0.0,1.2723086787517104,0.07131816634967802,True,16,2.0300000000000002,0.2896460117776666,0.8187435865402222,RL_shank_joint,0.0,1.105933127699305,0.027744089750768752,True,9,6.005,0.1842659771744043,0.578754723072052,FR_thigh_joint,0.0,0.7035686326711258,-0.07763594485249353,False,0,,,,,,,,True,120,,0.2619019220268978,0.8187435865402222,RL_shank_joint,0.0,,,51.98760223388672,1.02849280834198,1.0,False,,,0.2,1.0
227,227,27,5,5.0,0.5,rigid,5.0,0.631578947368421,COL,stop_collision,0.1710829769267637,0.595833420753479,RR_shank_joint,0.0,0.1592077731281345,1.9749999999999999,0.043008059561252594,0.07713032877420972,0.9142980521917343,0.028811134099960327,pd,0.008176923488411963,0.016262054443359375,0.013226340250725237,0.04297727718949318,0.0,0.0,-0.022674560546875,0.04701995849609375,0.4992395043373108,0.36069698425616536,0.3708022439736851,,True,0.14238888273394093,0.38630878925323486,0.8250000000000002,-0.01982879638671875,0.25477445125579834,0.12654040760579335,False,False,rope_taut_during_settle,True,9,1.0050000000000001,0.20701416210913426,0.595833420753479,RR_shank_joint,0.0,1.3317640668758586,0.05157059124093841,True,16,2.0300000000000002,0.16238684698436162,0.5551300048828125,FR_shank_joint,0.0,1.0446675026659875,0.00694327611616577,True,9,6.005,0.1401123254409355,0.3513587713241577,FR_thigh_joint,0.0,0.9013709905039426,-0.01533124542726036,True,11,6.055,0.14327977627036018,0.3513587713241577,FR_thigh_joint,0.0,0.9217478437358491,-0.012163794597835675,True,120,,0.15544357086819585,0.5742673873901367,FR_shank_joint,0.0,,,6.973757743835449,0.46017906069755554,1.0,True,load_velocity_jump,0.0,0.2,1.0
228,228,28,5,5.0,0.5,inextensible,10.0,0.763157894736842,OK,,0.16885911454966335,0.5874285697937012,RR_shank_joint,0.0,0.16067102983578846,,0.054504260737448934,0.08089772704252687,0.8919286077842117,0.04076242178678512,pd,0.00983821872763041,0.012264251708984375,0.015657590442340174,0.03928645700216293,0.0,0.0,0.19841766357421875,0.19078826904296875,0.4363948404788971,0.28296791084484596,0.28296791084484596,,False,0.14021756231089594,0.3891993761062622,0.6500000000000004,-0.017120361328125,0.25385069847106934,0.12371652955288148,False,False,rope_not_continuously_taut,True,9,1.0050000000000001,0.19480456411725575,0.5874285697937012,RR_shank_joint,0.0,1.255237306785397,0.03961114924326595,True,17,2.355,0.15662150568774236,0.5419963598251343,FR_shank_joint,0.0,1.0092020065085372,0.0014280908137525583,True,9,6.005,0.12933644263522784,0.3642117381095886,FR_thigh_joint,0.0,0.8333887281251161,-0.02585697223876196,False,0,,,,,,,,True,120,,0.1551934148739898,0.5785255432128906,RL_shank_joint,0.0,,,3.4533731937408447,0.48385319113731384,1.0,False,,,0.2,1.0
229,229,29,5,5.0,0.5,inextensible,15.0,0.763157894736842,OK,,0.17149765888363785,0.5911762714385986,RR_shank_joint,0.0,0.17462051050005786,,0.06267741935327649,0.08884361528203692,0.875419760607183,0.047879842221736905,pd,0.007863571488568285,0.011119842529296875,0.013901953772026519,0.03931315988302231,0.0,0.0,0.3089599609375,0.29778289794921875,0.4709521234035492,0.17722272675032968,0.17722918748764016,,False,0.1311998971344054,0.3382294178009033,0.4500000000000002,-0.01801300048828125,0.25384974479675293,0.1388098166573025,False,False,rope_not_continuously_taut,True,9,1.0050000000000001,0.19451208122700775,0.5911762714385986,RR_shank_joint,0.0,1.2191387722782439,0.034963319716030006,True,17,2.355,0.15736263533312717,0.5575380325317383,FR_shank_joint,0.0,0.9862980686459283,-0.002186126177850578,True,9,6.005,0.13430895977457097,0.322384238243103,FL_shank_joint,0.0,0.8418050914505523,-0.025239801736406775,False,0,,,,,,,,True,120,,0.15954876151097774,0.6110169887542725,RL_shank_joint,0.0,,,10.619088172912598,0.46840789914131165,1.0,False,,,0.2,1.0
230,230,30,5,10.0,0.5,compliant,20.0,0.763157894736842,LOW,stop_margin_low,0.1789088180600092,0.6283109188079834,RR_shank_joint,0.0,0.18536260283743328,1.3499999999999999,0.06224990721791983,0.09261126811949544,0.8779839266091585,0.04317524313926697,pd,0.004950449857434613,0.0091705322265625,0.016008534766153038,0.03983131796121597,0.0,0.0,0.361602783203125,0.3475189208984375,0.4372456669807434,0.08688883277960713,0.08688883277960713,,False,0.152081025907875,0.47151505947113037,0.8500000000000005,-0.05724334716796875,0.2538500428199768,0.20894138427101067,False,True,,True,9,1.0050000000000001,0.19376598171547757,0.5892641544342041,RR_shank_joint,0.0,1.239632700051737,0.03745679294739282,True,17,2.38,0.16053413716670645,0.5898885726928711,RL_shank_joint,0.0,1.0270294307834342,0.004224948398621697,True,9,6.005,0.14253647292043767,0.3793882131576538,FR_shank_joint,0.0,0.9118879961172238,-0.013772715847647082,False,0,,,,,,,,True,120,,0.15630918876808475,0.5898885726928711,FR_shank_joint,0.0,,,7.616958141326904,0.468906968832016,1.0,False,,,0.2,1.0
231,231,31,5,10.0,0.5,compliant,25.0,0.763157894736842,LOW,stop_margin_low,0.17857093420066833,0.6040724515914917,RR_shank_joint,0.0,0.20836618000364285,,0.07234861277975142,0.10544000524287844,0.8560873491875828,0.05394961565732956,pd,0.0053826770232369816,0.00832366943359375,0.01119652263870549,0.03917161747813225,0.0,0.0,0.45123291015625,0.43549346923828125,0.44116491079330444,0.014854122444006634,0.014854122444006634,,False,0.14911058385390516,0.49264657497406006,0.9249999999999998,-0.0411834716796875,0.25385093688964844,0.06662657867551555,False,True,,True,9,1.0050000000000001,0.19467442537964388,0.5920606851577759,RR_shank_joint,0.0,1.272771981453204,0.041721321275818596,True,17,2.38,0.15625661416347852,0.5248712301254272,FR_shank_joint,0.0,1.0215981890593786,0.0033035100596532363,True,9,6.005,0.14352280002527426,0.39782190322875977,FR_thigh_joint,0.0,0.9383451278494506,-0.009430304078551027,False,0,,,,,,,,True,120,,0.1529531041038253,0.5486602783203125,FR_shank_joint,0.0,,,0.6090669631958008,0.46857669949531555,1.0,False,,,0.2,1.0
232,232,32,5,10.0,0.5,compliant,30.0,0.763157894736842,OK,,0.16120872254199253,0.5885452032089233,FL_shank_joint,0.0,0.13627529526916243,0.19999999999999996,0.04339860233478248,0.07271022766390775,0.9973483138717711,0.04002728372812271,pd,0.004776575514853649,0.0094146728515625,0.025445230249571654,0.04806642234325409,0.0,0.0,-0.2865142822265625,,-0.04755532369017601,,,,,0.15090839066883324,0.4601989984512329,0.7000000000000002,-0.09398651123046875,0.2538505792617798,0.17109121061742813,False,False,rope_taut_during_settle|robot_and_load_speeds_differ,True,9,1.0050000000000001,0.19407933480091935,0.5885452032089233,RR_shank_joint,0.0,1.2856928408855066,0.04312622327293622,True,17,2.005,0.1476071066678896,0.48415493965148926,FR_shank_joint,0.0,0.9778341444821873,-0.0033460048600935377,True,9,6.005,0.1390411174283523,0.3756427764892578,FL_thigh_joint,0.0,0.9210881181642775,-0.01191199409963084,False,0,,,,,,,,True,120,,0.15095311152798313,0.5296890735626221,FR_shank_joint,0.0,,,30746.630859375,0.5071023106575012,1.0,False,,,0.2,1.0
233,233,33,5,10.0,0.5,compliant,35.0,0.763157894736842,COL,stop_collision,0.18417504911503538,0.612625002861023,RR_shank_joint,0.0,0.23773036250470775,,0.07888861436513253,0.11709394509803661,0.8437090536183678,0.04916809201240539,pd,0.007170098157567746,0.00931549072265625,0.015042759629744107,0.039758022874593735,0.0,0.0,0.4672698974609375,0.47072601318359375,0.4368768632411957,0.00450192801812932,0.0050466579493502195,,True,0.15051788692913437,0.4405033588409424,0.7250000000000005,-0.0271148681640625,0.25384876132011414,0.059988241929931796,False,False,rope_not_continuously_taut,True,9,1.0050000000000001,0.19371673704727624,0.5920771360397339,RR_shank_joint,0.0,1.2021666261133592,0.03257706402743185,True,17,2.38,0.16193220822658666,0.587356686592102,RL_shank_joint,0.0,1.0049183121194782,0.0007925352067422731,True,9,6.005,0.1387680579010238,0.360263466835022,FR_thigh_joint,0.0,0.8611663118115829,-0.022371615118820576,True,16,8.055,0.15460502162210274,0.41221773624420166,RL_shank_joint,0.0,0.9594472839910945,-0.006534651397741648,True,120,,0.1611396730198444,0.5963715314865112,RL_shank_joint,0.0,,,17.250782012939453,0.4525991678237915,1.0,True,deck_contact_force,-107.24313354492188,0.2,1.0
234,234,34,5,10.0,0.5,rigid,40.0,0.631578947368421,OK,,0.19010978050973332,0.6663236618041992,RL_shank_joint,0.0,0.22529785687501622,,0.07823609098792077,0.11162021881742179,0.8435278180241584,0.05479997038841247,pd,0.005918823219879663,0.0158233642578125,0.013016250942664427,0.023720066994428635,0.0,0.0,-0.04215240478515625,0.10516357421875,0.442791223526001,0.3607377776051095,0.37336391390904566,,False,0.15887103893151217,0.4925079345703125,,-0.037689208984375,0.25657063722610474,0.06623151814307163,False,False,rope_taut_during_settle,True,9,1.0050000000000001,0.21961117390749227,0.6043317317962646,RR_shank_joint,0.0,1.3725224535538147,0.05960565025368078,True,17,2.005,0.16747790259161102,0.6066757440567017,RL_shank_joint,0.0,1.0467007561186874,0.007472378937799534,True,9,6.005,0.16668897447972417,0.4919412136077881,FR_thigh_joint,0.0,1.0417701256387437,0.006683450825912679,False,0,,,,,,,,True,120,,0.1600055236538115,0.5997295379638672,RL_shank_joint,0.0,,,13.123559951782227,0.4629700183868408,1.0,False,,,0.2,1.0
235,235,35,5,10.0,1.0,rigid,5.0,0.631578947368421,COL,stop_collision,0.21598264129918723,0.8812528848648071,RR_shank_joint,0.0,0.3630856406567878,0.5499999999999998,0.1848227739147842,0.23193137792351187,0.8151772260852158,0.2170932585000992,pd,0.021187117370422,0.04141998291015625,0.016185371411078297,0.02708541229367256,0.0,0.0,-0.01903533935546875,0.06903839111328125,0.672026515007019,0.34929723747804076,0.38266094367137526,,True,0.15786817234179923,0.47015058994293213,0.75,-0.015346527099609375,0.25477689504623413,0.17451366607345145,False,False,rope_taut_during_settle|tension_not_steady,True,9,1.0050000000000001,0.2693030280968687,0.8812528848648071,RR_shank_joint,0.0,1.3838479094943106,0.07469852983572803,True,16,2.0300000000000002,0.19484889605427114,0.6799722909927368,RL_shank_joint,0.0,1.0012558691875793,0.00024439779313048526,True,9,6.005,0.15419160359704123,0.3896244168281555,FR_shank_joint,0.0,0.7923331936044501,-0.04041289466409942,True,11,6.055,0.1572289052194712,0.3896244168281555,FR_shank_joint,0.0,0.8079407548354047,-0.03737559304166946,True,120,,0.19460449826114065,0.7578363418579102,RL_shank_joint,0.0,,,20.093046188354492,0.9095513820648193,1.0,True,load_velocity_jump,0.0,0.2,1.0
236,236,36,5,10.0,1.0,rigid,10.0,0.631578947368421,COL,stop_collision|speed_track_error,0.22286561775330466,0.8842215538024902,RR_shank_joint,0.0,0.4027192031040158,,0.21769012369215487,0.26797530909980055,0.7823098763078451,0.2567684614658356,pd,0.028726735174976183,0.0610809326171875,0.014442336168893143,0.04424445331096649,0.0,0.0,-0.3349456787109375,-0.32355499267578125,0.5858527421951294,0.34506699276415986,0.3807245385699076,,True,0.16278563750469022,0.45326924324035645,,-0.3331451416015625,0.2530299425125122,0.16161085081101453,False,False,rope_taut_during_settle|tension_not_steady,True,9,1.0050000000000001,0.27598620045436706,0.8842215538024902,RR_shank_joint,0.0,1.3983631169415895,0.07862244199226859,True,16,2.0300000000000002,0.19921753655353952,0.6792079210281372,RL_shank_joint,0.0,1.009392697554435,0.0018537780914410495,True,9,6.005,0.13876650120375736,0.31215929985046387,FL_thigh_joint,0.0,0.7031002159923192,-0.05859725725834111,True,11,6.055,0.1359479744121059,0.31215929985046387,FL_thigh_joint,0.0,0.6888193428795754,-0.06141578404999257,True,120,,0.19736375846209847,0.7545408010482788,RL_shank_joint,0.0,,,0.1490004062652588,0.9037506580352783,1.0,True,load_velocity_jump,0.0,0.2,1.0
237,237,37,5,10.0,1.0,rigid,15.0,0.631578947368421,SPD,speed_track_error,0.22524458583968504,0.8912787437438965,RL_shank_joint,0.0,0.43433096520354086,,0.2406472224742174,0.29555042340801235,0.7593527775257826,0.28070383965969087,pd,0.01940679511667242,0.03139495849609375,0.021477773274875316,0.05412536486983299,0.0,0.0,-0.368255615234375,0.0598907470703125,0.5081443786621094,0.33909956122259644,0.37852584785703414,,False,0.1788608982242705,0.5695228576660156,,-0.3638420104980469,0.2555997371673584,0.1700168100111207,False,False,rope_taut_during_settle|tension_not_steady,True,9,1.0050000000000001,0.28330449439355293,0.8912787437438965,RR_shank_joint,0.0,1.4228166503494961,0.08418924344118114,True,16,2.0300000000000002,0.190990053616542,0.6834419965744019,RL_shank_joint,0.0,0.9591934957419543,-0.008125197335829781,True,9,6.005,0.14271500943676313,0.3568747043609619,FR_shank_joint,0.0,0.716745747772482,-0.05640024151560866,False,0,,,,,,,,True,120,,0.1991152509523718,0.8032771348953247,RL_shank_joint,0.0,,,23.473899841308594,0.9122632145881653,1.0,False,,,0.2,1.0
238,238,38,5,10.0,1.0,inextensible,20.0,0.763157894736842,SPD,speed_track_error,0.2219741989334411,0.8764697313308716,RR_shank_joint,0.0,0.4185077990459761,,0.24502182902768255,0.2909093808905641,0.7549781709723175,0.27694461077451704,pd,0.025356484043082977,0.0437774658203125,0.017027623820678028,0.032957177609205246,0.0,0.0,-0.33071136474609375,0.05718994140625,0.4612797498703003,0.4572461504852754,0.4944347712534096,,False,0.17973051278812693,0.5947465896606445,,-0.32822418212890625,0.25385159254074097,0.17170913490519432,False,False,rope_not_continuously_taut|tension_not_steady,True,9,1.0050000000000001,0.2606113674939145,0.8764697313308716,RR_shank_joint,0.0,1.3069043755910212,0.06120016927517852,True,17,2.23,0.19722124585992312,0.6900433301925659,RL_shank_joint,0.0,0.9890179068258209,-0.0021899523588128633,True,9,6.005,0.14799841037513237,0.38810741901397705,FL_shank_joint,0.0,0.7421770276551447,-0.05141278784360362,False,0,,,,,,,,True,120,,0.19941119821873599,0.7517056465148926,RL_shank_joint,0.0,,,0.0,0.8859926462173462,1.0,False,,,0.2,1.0
239,239,39,5,10.0,1.0,inextensible,25.0,0.763157894736842,SPD,speed_track_error,0.22466880515730372,0.8756818771362305,RR_shank_joint,0.0,0.44707303779117386,,0.2537319940607995,0.3026167835287745,0.7462680059392005,0.2759338030219078,pd,0.0221954567137887,0.03505706787109375,0.024953179477046363,0.06339088082313538,0.0,0.0,-0.37036895751953125,0.04583740234375,0.4097014367580414,0.44659845799984055,0.5180391576587624,,False,0.1927350910755858,0.6784851551055908,,-0.3685493469238281,0.25384801626205444,0.1631405139379434,False,False,rope_not_continuously_taut|tension_not_steady,True,9,1.0050000000000001,0.2607844243111676,0.8756818771362305,RR_shank_joint,0.0,1.303907778694658,0.06078222433024652,True,17,2.23,0.19950822785141212,0.6826528310775757,RL_shank_joint,0.0,0.9975301665203878,-0.0004939721295089683,True,9,6.005,0.15398204983837085,0.4766925573348999,FL_shank_joint,0.0,0.7699017803457149,-0.04602015014255023,False,0,,,,,,,,True,120,,0.20000219998092109,0.7982698678970337,RL_shank_joint,0.0,,,1.4734828472137451,0.9030804634094238,1.0,False,,,0.2,1.0
240,240,0,6,0.0,0.5,compliant,35.0,0.8157894736842105,OK,,0.16104402430583126,0.5892168283462524,FL_shank_joint,0.0,0.1360208036771222,0.19999999999999996,0.038057566611096265,0.06778209715026672,1.0328523688949645,0.03129288226366043,pd,0.006405135516165911,0.00878143310546875,0.01138105788955138,0.039844024926424026,0.0,0.0,-1.1730537414550781,,-0.20075425505638123,,,,,0.14896515068291732,0.4239133596420288,0.6000000000000005,-0.00397491455078125,0.25384485721588135,0.07842051229019129,False,False,rope_taut_during_settle|robot_and_load_speeds_differ|tension_not_steady,True,9,1.0050000000000001,0.19372273106370505,0.5892168283462524,RR_shank_joint,0.0,1.282909673162925,0.04272010389815015,True,17,2.005,0.14740986421075697,0.4779198169708252,FR_shank_joint,0.0,0.976207281805376,-0.0035927629547979345,True,9,6.005,0.14734314500574752,0.4201733469963074,FR_thigh_joint,0.0,0.9757654404529318,-0.0036594821598073812,False,0,,,,,,,,True,120,,0.1510026271655549,0.5304267406463623,FR_shank_joint,0.0,,,1538.4747314453125,0.507465660572052,1.0,False,,,0.2,1.0
241,241,1,6,0.0,0.5,compliant,40.0,0.8157894736842105,SPD,speed_track_error,0.18282550602306058,0.613243818283081,RR_shank_joint,0.0,0.25199174300321614,,0.12323856557719409,0.14563700765910736,0.7542605633474886,0.10174373328685761,pd,0.005935370154013594,0.00774383544921875,0.014444088975460614,0.03930286690592766,0.0,0.0,0.2038421630859375,0.3186683654785156,0.40726161003112793,0.26139717053175815,0.37821789040260256,,False,0.13913130108651675,0.34529173374176025,0.17499999999999982,0.014339447021484375,0.25385189056396484,0.08009441103500492,False,False,load_moved_during_settle,True,9,1.0050000000000001,0.1944007124695435,0.5884702205657959,RR_shank_joint,0.0,1.229160477975199,0.036243404328802936,True,17,2.33,0.16254461225106506,0.6203356981277466,RR_shank_joint,0.0,1.0277401288748564,0.004387304110324508,True,9,6.005,0.13371273147330381,0.34529173374176025,FR_shank_joint,0.0,0.8454413712853277,-0.02444457666743674,False,0,,,,,,,,True,120,,0.15815730814074055,0.6483193635940552,RL_shank_joint,0.0,,,20.560110092163086,0.4020898938179016,1.0,False,,,0.2,1.0
242,242,2,6,0.0,1.0,compliant,5.0,0.8157894736842105,OK,,0.21081093434375783,0.8762004375457764,RR_shank_joint,0.0,0.3171237224238549,0.6749999999999998,0.11734735686331987,0.16550250268929997,0.8826526431366801,0.09379373669624329,pd,0.021424269779526304,0.04216766357421875,0.026608680003135574,0.04333092272281647,0.0,0.0,0.248748779296875,0.24396514892578125,0.9090774655342102,0.41618822572669956,0.41618822572669956,,False,0.15166270574030447,0.5581779479980469,0.27500000000000036,0.09682464599609375,0.25383418798446655,0.09751002166712104,False,True,,True,9,1.0050000000000001,0.2606300821222055,0.8762004375457764,RR_shank_joint,0.0,1.3658171198494558,0.06980652431606751,True,17,2.255,0.19889147158159293,0.7269312143325806,RL_shank_joint,0.0,1.0422794432103153,0.008067913775454932,True,9,6.005,0.17738387300773042,0.5581779479980469,FR_thigh_joint,0.0,0.9295700963082281,-0.01343968479840757,False,0,,,,,,,,True,120,,0.190823557806138,0.7440459728240967,RL_shank_joint,0.0,,,12.551355361938477,0.8991006016731262,1.0,False,,,0.2,1.0
243,243,3,6,0.0,1.0,compliant,10.0,0.8157894736842105,OK,,0.21387542804163318,0.8757973909378052,RR_shank_joint,0.0,0.35669886924146965,,0.1394570059608668,0.18737261717511403,0.8605429940391331,0.10478800773620606,pd,0.018147413030460344,0.02774810791015625,0.01742521864556511,0.028771188110113144,0.0,0.0,0.4567985534667969,0.4477806091308594,0.8979820609092712,0.1835717696605883,0.1835717696605883,,False,0.14751450219091364,0.5637438297271729,0.40000000000000036,0.07710647583007812,0.2538452446460724,0.08917559817334392,False,False,load_moved_during_settle,True,9,1.0050000000000001,0.2610604729947916,0.8757973909378052,RR_shank_joint,0.0,1.3642350046435732,0.06970013397241212,True,17,2.255,0.1901485362467904,0.7278180122375488,RL_shank_joint,0.0,0.9936674298249054,-0.0012118027755891048,True,9,6.005,0.16809623404211854,0.5637438297271729,FR_thigh_joint,0.0,0.8784277604277225,-0.023264104980260963,False,0,,,,,,,,True,120,,0.1913603390223795,0.7504476308822632,RL_shank_joint,0.0,,,21.515077590942383,0.8920078277587891,1.0,False,,,0.2,1.0
244,244,4,6,0.0,1.0,compliant,15.0,0.8157894736842105,LOW,stop_margin_low,0.21961743758205282,0.8763555288314819,RR_shank_joint,0.0,0.40390083843884556,,0.16162955108098687,0.2109367050928579,0.8383704489190131,0.11672055721282959,pd,0.018400274942826422,0.02936553955078125,0.02700096665214632,0.04538648575544357,0.0,0.0,0.63397216796875,0.6272621154785156,0.8649118542671204,0.018742219320429854,0.020705814008636025,,False,0.1479955353207579,0.5030425190925598,0.25,0.09516143798828125,0.25385451316833496,0.08959473284336875,False,False,load_moved_during_settle|rope_not_continuously_taut,True,9,1.0050000000000001,0.26045496455513,0.8763555288314819,RR_shank_joint,0.0,1.3260156632554734,0.0640357428427013,True,17,2.255,0.20157801966793992,0.7291306257247925,RL_shank_joint,0.0,1.0262642215488669,0.0051587979555112184,True,9,6.005,0.16814410521731818,0.5030425190925598,FR_thigh_joint,0.0,0.8560471004385343,-0.028275116495110525,False,0,,,,,,,,True,120,,0.1964192217124287,0.7430555820465088,RL_shank_joint,0.0,,,43.708518981933594,0.8871974349021912,1.0,False,,,0.2,1.0
245,245,5,6,0.0,1.0,compliant,20.0,0.8157894736842105,COL,stop_collision,0.22564174169305834,0.875866174697876,RR_shank_joint,0.0,0.4454795500942112,,0.17302807890810074,0.22782517874319988,0.8269719210918993,0.11251956105232239,pd,0.023847052379359468,0.04141998291015625,0.023993891256054514,0.03977975249290466,0.0,0.0,0.6413917541503906,0.6643562316894531,0.8941684365272522,-0.0005640609902499705,0.012561852105591242,1.375,True,0.1498455034711216,0.5547930002212524,0.25,0.0909271240234375,0.253837913274765,0.0916867258767303,False,False,load_moved_during_settle|rope_not_continuously_taut,True,9,1.0050000000000001,0.260935254826612,0.875866174697876,RR_shank_joint,0.0,1.3248684229324579,0.06398342903770907,True,17,2.23,0.19472409567326332,0.734390139579773,RL_shank_joint,0.0,0.988688959309129,-0.00222773011563962,True,9,6.005,0.17569921404793443,0.5547930002212524,FR_thigh_joint,0.0,0.8920923344790542,-0.021252611740968513,True,17,7.38,0.13416319611428373,0.36309170722961426,RL_shank_joint,0.0,0.6811980319394583,-0.0627886296746192,True,120,,0.19695182578890294,0.7405579090118408,RL_shank_joint,0.0,,,2.2195053100585938,0.8258116841316223,1.0,True,deck_contact_force|load_velocity_jump,-80.07389068603516,0.2,1.0
246,246,6,6,0.0,1.0,compliant,25.0,0.8157894736842105,COL,stop_collision,0.23410531155831615,0.8759543895721436,RR_shank_joint,0.0,0.4732267481433538,,0.1914603880327195,0.24388805663574398,0.8085396119672805,0.12203736364841461,pd,0.018991636690867748,0.02994537353515625,0.014124902179685301,0.036497313529253006,0.0,0.0,0.6187782287597656,0.6606178283691406,0.8744814991950989,-0.00032778136229438815,0.025918876978387573,1.25,True,0.14687561014194755,0.5561208128929138,0.40000000000000036,0.0822296142578125,0.2538544237613678,0.0998928331190311,False,False,load_moved_during_settle|rope_not_continuously_taut,True,9,1.0050000000000001,0.26103420788479115,0.8759543895721436,RR_shank_joint,0.0,1.3102068285812598,0.061802909290928215,True,17,2.23,0.20379135217937513,0.7037097215652466,RL_shank_joint,0.0,1.0228882390352128,0.004560053585512203,True,9,6.005,0.1663818798717001,0.5561208128929138,FR_thigh_joint,0.0,0.8351191858206625,-0.03284941872216282,True,17,7.155,0.13601438740740293,0.36562323570251465,RL_shank_joint,0.0,0.682695883464932,-0.06321691118646,True,120,,0.19923129859386293,0.744359016418457,RL_shank_joint,0.0,,,30.65337562561035,0.864057719707489,1.0,True,deck_contact_force|load_velocity_jump,-389.61553955078125,0.2,1.0
247,247,7,6,0.0,1.0,compliant,30.0,0.8157894736842105,COL,stop_collision|speed_track_error,0.2366765687739063,0.8756048679351807,RR_shank_joint,0.0,0.5189890580471028,,0.2130156430695206,0.2683672632253659,0.7869843569304794,0.13283430576324462,pd,0.013044892816448647,0.02281951904296875,0.02134296328243745,0.03809696063399315,0.0,0.0,0.5592002868652344,0.6816177368164062,0.8935190439224243,-0.00023138293062174853,0.08018040717888653,1.125,True,0.1519172815652513,0.5437723994255066,0.25,0.07622528076171875,0.2538401782512665,0.08325978306179942,False,False,load_moved_during_settle|rope_not_continuously_taut,True,9,1.0050000000000001,0.26097479585263333,0.8756048679351807,RR_shank_joint,0.0,1.3026404189414122,0.06063186770618911,True,17,2.23,0.21266688386651975,0.7443066835403442,RL_shank_joint,0.0,1.0615143036696915,0.012323955720075525,True,9,6.005,0.16120869054836207,0.5437723994255066,FR_thigh_joint,0.0,0.8046637435114441,-0.039134237598082156,True,17,7.03,0.14439991144437117,0.4987078905105591,RL_shank_joint,0.0,0.7207637064125343,-0.05594301670207305,True,120,,0.20034292814644422,0.7741422653198242,RL_shank_joint,0.0,,,35.299339294433594,0.8123064637184143,1.0,True,deck_contact_force|load_velocity_jump,-48.119869232177734,0.2,1.0
248,248,8,6,0.0,1.0,rigid,35.0,0.6578947368421053,OK,,0.19087426779127695,0.8759293556213379,RR_shank_joint,0.0,0.2925231256734963,0.575,0.05526044056750834,0.13433486173486847,1.0001844449248165,0.029058542847633363,pd,0.012934396804401983,0.02338409423828125,0.007021941901125442,0.02298138476908207,0.0,0.0,-0.6473541259765625,,-0.10608253628015518,,,,,0.14809932384254015,0.5659119486808777,0.27500000000000036,0.14355087280273438,0.2538474202156067,0.07066807993743329,False,False,rope_taut_during_settle|robot_and_load_speeds_differ,True,9,1.0050000000000001,0.26046388342506804,0.8759293556213379,RR_shank_joint,0.0,1.4952369554110883,0.08626815980916916,True,17,2.005,0.16820366423480226,0.5891848802566528,RL_shank_joint,0.0,0.9656015701378003,-0.0059920593810966205,True,9,6.005,0.17018180624810397,0.5659119486808777,FL_thigh_joint,0.0,0.9769574287791037,-0.004013917367794911,False,0,,,,,,,,True,120,,0.17419572361589888,0.6059397459030151,FR_shank_joint,0.0,,,681.31591796875,0.9801562428474426,1.0,False,,,0.2,1.0
249,249,9,6,0.0,1.0,rigid,40.0,0.6578947368421053,SPD,speed_track_error,0.24827078064979433,0.9119210243225098,RL_shank_joint,0.0,0.5839738753392955,,0.22611376088112592,0.2931802700570871,0.7738862391188741,0.1301298487186432,pd,0.026766080135895765,0.04662322998046875,0.021046187000677053,0.0390193909406662,0.0,0.0,0.2886466979980469,0.3392486572265625,0.8697554469108582,0.38269763614566443,0.40511257369291087,,False,0.16362138738999676,0.6419149041175842,0.7999999999999998,0.2906646728515625,0.25626489520072937,0.11150504190368637,False,False,rope_taut_during_settle,True,9,1.0050000000000001,0.29424829223069526,0.9119210243225098,RL_shank_joint,0.0,1.4484941086564926,0.09110746447571291,True,16,2.0300000000000002,0.21840041718263545,0.7591588497161865,RL_shank_joint,0.0,1.075118279256292,0.015259589427653097,True,9,6.005,0.195455991010127,0.6223337650299072,FR_thigh_joint,0.0,0.9621699053322537,-0.0076848367448553445,False,0,,,,,,,,True,120,,0.20314082775498235,0.7493197917938232,RL_shank_joint,0.0,,,49.019615173339844,0.7360907196998596,1.0,False,,,0.2,1.0
250,250,10,6,0.0,1.5,rigid,5.0,0.6578947368421053,COL,stop_collision,0.24480005854228137,0.9091649055480957,RR_shank_joint,0.0,0.6212070796910643,,0.22883501389995217,0.31675418432595254,0.8474433240666985,0.1696740221977234,pd,0.009531931308232704,0.017047882080078125,0.019586626509400355,0.03454204276204109,0.0,0.0,0.22626876831054688,0.24269485473632812,1.3528348207473755,0.3835969699304229,0.4018572476861024,,True,0.16160293226183275,0.7836921215057373,0.40000000000000036,0.22959136962890625,0.2546982765197754,0.11167829581162919,False,False,rope_taut_during_settle,True,9,1.0050000000000001,0.29951902124869784,0.9091649055480957,RR_shank_joint,0.0,1.4036372853854866,0.08613125763821514,True,16,2.0300000000000002,0.2117571686637947,0.7154754400253296,RR_shank_joint,0.0,0.9923585358452677,-0.001630594946687991,True,9,6.005,0.20292130963441288,0.7836921215057373,FR_thigh_joint,0.0,0.9509510114404908,-0.010466453976069823,True,10,6.03,0.2008523223366709,0.7836921215057373,FR_thigh_joint,0.0,0.9412551073139604,-0.012535441273811787,True,120,,0.2133877636104827,0.7418233156204224,RL_shank_joint,0.0,,,8.822378158569336,1.402814507484436,1.0,True,load_velocity_jump,0.0,0.2,1.0
251,251,11,6,0.0,1.5,rigid,10.0,0.6578947368421053,COL,stop_collision,0.2482834335442739,0.9133288860321045,RR_shank_joint,0.0,0.7135252312319544,,0.2719146461971104,0.36231114109775425,0.8187235692019263,0.19583333015441895,pd,0.022904100353623377,0.0508270263671875,0.016655698617822755,0.02630752883851528,0.0,0.0,0.25536346435546875,0.2975349426269531,1.3218016624450684,0.3756239554795755,0.40247565072768055,,True,0.15951885912715894,0.6659828424453735,0.9750000000000005,0.2582054138183594,0.2551438808441162,0.1273737280803732,False,False,rope_taut_during_settle,True,9,1.0050000000000001,0.30613675752803193,0.9133288860321045,RR_shank_joint,0.0,1.403254264592456,0.08797475706053823,True,16,2.0300000000000002,0.22586774708500856,0.7526156902313232,RL_shank_joint,0.0,1.0353212135981629,0.007705746617514858,True,9,6.005,0.21826374084758673,0.6659828424453735,FR_thigh_joint,0.0,1.0004663524347732,0.00010174038009302944,True,11,6.055,0.20756309262516665,0.6659828424453735,FR_thigh_joint,0.0,0.9514172595611751,-0.01059890784232706,True,120,,0.2181620004674937,0.763261079788208,RL_shank_joint,0.0,,,39.58292770385742,1.3407386541366577,1.0,True,load_velocity_jump,0.0,0.2,1.0
252,252,12,6,0.0,1.5,rigid,15.0,0.6578947368421053,COL,stop_collision|speed_track_error,0.2546224693027371,0.9275709390640259,RL_shank_joint,0.0,0.7810798569629727,,0.30017931109294294,0.3936836839180286,0.7998804592713714,0.20283426523208617,pd,0.019783106180372604,0.036708831787109375,0.02488516795825669,0.048256777226924896,0.0,0.0,0.2915611267089844,0.3494834899902344,1.290032982826233,0.38784876247044053,0.40878572370370847,,True,0.17773998344984468,0.837731808423996,0.9750000000000005,0.2960777282714844,0.2554381191730499,0.139152996643882,False,False,rope_taut_during_settle,True,9,1.0050000000000001,0.3111817666517972,0.9275709390640259,RR_shank_joint,0.0,1.3941076598594775,0.08796961768249628,True,16,2.0300000000000002,0.22377857161986855,0.7280160188674927,RL_shank_joint,0.0,1.0025375977659958,0.0005664226505676384,True,9,6.005,0.23525549100164508,0.837731808423996,FL_thigh_joint,0.0,1.0539546887925018,0.012043342032344168,True,14,6.13,0.2114823333803285,0.837731808423996,FL_thigh_joint,0.0,0.9474499231196164,-0.011729815588972403,True,120,,0.22321214896930092,0.7723113298416138,RL_shank_joint,0.0,,,34.60989761352539,1.2447092533111572,1.0,True,load_velocity_jump,0.0,0.2,1.0
253,253,13,6,0.0,1.5,rigid,20.0,0.6578947368421053,SPD,speed_track_error,0.2539395125305991,0.9311138391494751,RL_shank_joint,0.0,0.841293617924114,,0.3410029868222773,0.4305654161635417,0.7726646754518152,0.2332730746269226,pd,0.01810436407333928,0.030178070068359375,0.022028130557414417,0.036439448595047,0.0,0.0,0.3679389953613281,0.4101829528808594,1.291274070739746,0.38511468382570513,0.405733561516044,,False,0.1741988767269502,0.8740367293357849,,0.3714790344238281,0.2556753158569336,0.13272422724950228,False,False,rope_taut_during_settle,True,9,1.0050000000000001,0.3125131849544983,0.9311138391494751,RL_shank_joint,0.0,1.3920960554811745,0.08802207766055595,True,16,2.0300000000000002,0.22918521767384994,0.7267948389053345,RL_shank_joint,0.0,1.0209100059084355,0.004694110379907579,True,9,6.005,0.21945452397699455,0.8740367293357849,FR_thigh_joint,0.0,0.9775644417382063,-0.0050365833169478125,False,0,,,,,,,,True,120,,0.22449110729394237,0.7873091697692871,RL_shank_joint,0.0,,,16.14384651184082,1.1639243364334106,1.0,False,,,0.2,1.0
254,254,14,6,0.0,1.5,rigid,25.0,0.6578947368421053,SPD,speed_track_error,0.26377388361481563,0.9343029260635376,RL_shank_joint,0.0,0.8914450474909599,,0.37274376256391406,0.4610736272244506,0.7515041582907239,0.25458975553512575,pd,0.020993397612656808,0.038013458251953125,0.0262445956555126,0.044467028230428696,0.0,0.0,0.3412055969238281,0.39614105224609375,1.2358475923538208,0.3718569747556799,0.40806831851509173,,False,0.17134603900561854,0.668159008026123,,0.3455543518066406,0.2558494508266449,0.12836532529077643,False,False,rope_taut_during_settle,True,9,1.0050000000000001,0.31254745035469433,0.9343029260635376,RL_shank_joint,0.0,1.3747635209116782,0.08520111362077543,True,16,2.0300000000000002,0.2399177531977194,0.7492434978485107,RL_shank_joint,0.0,1.0552963229775452,0.0125714164638005,True,9,6.005,0.19256627344602417,0.668159008026123,FR_thigh_joint,0.0,0.8470172698291569,-0.034780063287894736,False,0,,,,,,,,True,120,,0.2273463367339189,0.7840620279312134,RL_shank_joint,0.0,,,5.70842981338501,1.108533501625061,1.0,False,,,0.2,1.0
255,255,15,6,0.0,1.5,rigid,30.0,0.6578947368421053,SPD,speed_track_error,0.2666576292921334,0.935810923576355,RL_shank_joint,0.0,0.9303206486236023,,0.3928157307766378,0.4827294148125383,0.7381228461489081,0.26858219027519226,pd,0.02204656947770909,0.041217803955078125,0.018715563527378333,0.0388454794883728,0.0,0.0,0.4279289245605469,0.4745063781738281,1.2706807851791382,0.37194678220600963,0.4039558802654568,,False,0.17488125788317668,0.6543927192687988,,0.4311714172363281,0.2560231387615204,0.13170104745972347,False,False,rope_taut_during_settle,True,9,1.0050000000000001,0.31341650741853616,0.935810923576355,RL_shank_joint,0.0,1.3747413156573878,0.08543433808316309,True,16,2.0300000000000002,0.24184297332723884,0.7647280693054199,RL_shank_joint,0.0,1.0607977546326257,0.013860803991865761,True,9,6.005,0.20367806324318935,0.6543927192687988,FL_thigh_joint,0.0,0.8933947064235923,-0.024304106092183725,False,0,,,,,,,,True,120,,0.22798216933537307,0.7647280693054199,RL_shank_joint,0.0,,,17.934223175048828,1.0490314960479736,1.0,False,,,0.2,1.0
256,256,16,6,0.0,1.5,inextensible,35.0,0.8157894736842105,OK,,0.2258557396733903,0.9253168106079102,RR_shank_joint,0.0,0.5007621121928488,0.5499999999999998,0.07659288076683879,0.22502020524217123,0.9705148106937607,0.021050350666046144,pd,0.016988713403714512,0.03343772888183594,0.030939589209440482,0.057358577847480774,0.0,0.0,-0.7965164184570312,,-0.154593363404274,,,,,0.16650671672763,0.7615614831447601,0.4500000000000002,0.24645233154296875,0.2538447976112366,0.08714885996126669,False,False,rope_taut_during_settle|robot_and_load_speeds_differ,True,9,1.0050000000000001,0.2905949564817668,0.9253168106079102,RR_shank_joint,0.0,1.6109311150172023,0.11020551973129242,True,17,2.005,0.18943258404574165,0.58711838722229,FL_shank_joint,0.0,1.050131246364366,0.009043147295267256,True,9,6.005,0.1972425937931479,0.7615614831447601,FR_thigh_joint,0.0,1.0934265184606449,0.01685315704267351,False,0,,,,,,,,True,120,,0.1803894367504744,0.6391175985336304,FR_shank_joint,0.0,,,1093.552734375,1.4996198415756226,1.0,False,,,0.2,1.0
257,257,17,6,0.0,1.5,inextensible,40.0,0.8157894736842105,COL,stop_collision|speed_track_error,0.2531285411125078,0.9258290529251099,RL_shank_joint,0.0,0.9690596105912311,,0.46362631268799304,0.5370341593597574,0.6909157915413379,0.29458913683891297,pd,0.01561895667879104,0.03254890441894531,0.01613358521183411,0.0354197695851326,0.0,0.0,0.7793426513671875,0.8232803344726562,1.1969131231307983,-0.0020363745536471356,0.03627980332745295,1.0,True,0.15830206988922985,0.7042446136474609,,0.2567863464355469,0.25384801626205444,0.12657122268482052,False,False,rope_not_continuously_taut,True,9,1.0050000000000001,0.29100100834512466,0.9258290529251099,RR_shank_joint,0.0,1.2514658886691004,0.058472889936243194,True,17,2.205,0.2357614913505999,0.7572933435440063,RR_shank_joint,0.0,1.0139052986961037,0.0032333729417184376,True,9,6.005,0.1989953106887014,0.6372683048248291,FR_thigh_joint,0.0,0.8557903106530309,-0.03353280772018005,True,17,6.905,0.14402004576754318,0.7042446136474609,RR_shank_joint,0.0,0.6193661512982952,-0.08850807264133828,True,120,,0.23252811840888146,0.8283077478408813,RL_shank_joint,0.0,,,54.631595611572266,0.9462196230888367,1.0,True,deck_contact_force|load_velocity_jump,-636.0736083984375,0.2,1.0
258,258,18,6,0.0,2.0,inextensible,5.0,0.8157894736842105,COL,stop_collision,0.27396021427141565,0.9736310243606567,RL_shank_joint,0.0,0.8634689887557759,,0.3074598259106278,0.4279400521060505,0.8462700870446861,0.20783448815345765,pd,0.00893704061337112,0.030977249145507812,0.009906999577717306,0.025073649361729622,0.0,0.0,0.5964393615722656,0.5552520751953125,1.818566083908081,0.3371928360550669,0.3371928360550669,,True,0.17613689595012028,0.9698096811771393,0.5750000000000002,0.3732337951660156,0.25384920835494995,0.14516238350919927,False,False,rope_not_continuously_taut,True,9,1.0050000000000001,0.31867736271388314,0.9736310243606567,RR_shank_joint,0.0,1.3509612088805107,0.082788011769485,True,17,2.205,0.22811303708465447,0.7426636219024658,RR_shank_joint,0.0,0.9670340613995049,-0.007776313859743672,True,9,6.005,0.23652355408730502,0.9698096811771393,FR_thigh_joint,0.0,1.0026885619904748,0.0006342031429068806,True,10,6.03,0.2299726698403562,0.9698096811771393,FR_thigh_joint,0.0,0.9749175574041213,-0.005916681104041949,True,120,,0.23588935094439814,0.7531082630157471,RR_shank_joint,0.0,,,27.78131103515625,1.7859317064285278,1.0,True,load_velocity_jump,0.0,0.2,1.0
259,259,19,6,0.0,2.0,inextensible,10.0,0.8157894736842105,SPD,stop_margin_low|speed_track_error,0.2765017506802993,0.9733985662460327,RL_shank_joint,0.0,0.9876414727166338,,0.40304990492761134,0.5076307014787443,0.7984750475361944,0.2711774075031281,pd,0.0328744816854148,0.046862125396728516,0.043809003867108974,0.0752159059047699,0.0,0.0,0.8480682373046875,0.8593482971191406,1.6977874040603638,0.0007857199638863221,0.007989320519762089,,False,0.1776447126740281,0.8247491717338562,0.5250000000000004,0.2929344177246094,0.25384998321533203,0.12256695201598616,False,False,rope_not_continuously_taut,True,9,1.0050000000000001,0.3185433554717186,0.9733985662460327,RR_shank_joint,0.0,1.3042151691730737,0.07430194270415488,True,17,2.205,0.25507693413730703,0.7736520767211914,RR_shank_joint,0.0,1.044363980894817,0.010835521369743334,True,9,6.005,0.23473834454832554,0.8247491717338562,FL_thigh_joint,0.0,0.9610914950435456,-0.009503068219238159,False,0,,,,,,,,True,120,,0.2442414127675637,0.7736520767211914,RL_shank_joint,0.0,,,21.079416275024414,1.6401482820510864,1.0,False,,,0.2,1.0
260,260,20,6,5.0,2.0,compliant,15.0,0.8157894736842105,COL,stop_collision|speed_track_error,0.27677029958045457,0.9732202291488647,RL_shank_joint,0.0,1.0605619929272814,,0.5432514663785696,0.6190419193560437,0.7283742668107152,0.473653210401535,pd,0.022799378112337326,0.04956865310668945,0.02416581604082604,0.050162360072135925,0.0,0.0,1.1805801391601562,1.1787033081054688,1.82523775100708,-0.007694589497916127,-0.005469088174372416,0.75,True,0.18894330228913264,1.3127365112304688,,0.5839195251464844,0.25384950637817383,0.16704233520425504,False,True,,True,9,1.0050000000000001,0.3181975178720697,0.9732202291488647,RR_shank_joint,0.0,1.2647749441868625,0.06661321875659165,True,17,2.23,0.2646151793953171,0.8256034851074219,RL_shank_joint,0.0,1.0517952842274065,0.013030880279839063,True,9,6.005,0.28452985703791467,1.3127365112304688,FR_thigh_joint,0.0,1.130952360851877,0.03294555792243664,True,17,6.68,0.13824960222703342,0.7588256597518921,FR_shank_joint,0.0,0.5495160179434584,-0.11333469688844461,True,120,,0.251584299115478,0.8256034851074219,RL_shank_joint,0.0,,,28.406946182250977,1.5615037679672241,1.0,True,deck_contact_force|load_velocity_jump,-74.32511138916016,0.2,1.0
261,261,21,6,5.0,2.0,compliant,20.0,0.8157894736842105,COL,stop_collision|speed_track_error,0.27871814018750646,0.9734746217727661,RL_shank_joint,0.0,1.1644440181488975,,0.6259437333419919,0.6971302245441648,0.687028133329004,0.5607182490825653,pd,0.012490565391503287,0.03728008270263672,0.02290489772032503,0.045056506991386414,0.0,0.0,1.2421760559082031,1.231536865234375,1.6417790651321411,-0.0031800441699161297,-0.0020392608506512033,0.75,True,0.1737118354046326,1.0115726590156555,,0.6692733764648438,0.25384995341300964,0.12827874710249967,False,True,,True,9,1.0050000000000001,0.3197115964032548,0.9734746217727661,RR_shank_joint,0.0,1.2622037017101997,0.06641524180528663,True,17,2.23,0.2731702971034698,0.7906053066253662,RL_shank_joint,0.0,1.0784612259305726,0.01987394250550162,True,9,6.005,0.23960138924926486,1.0115726590156555,FR_thigh_joint,0.0,0.9459330341708235,-0.01369496534870332,True,14,6.13,0.21195714320323503,1.0115726590156555,FR_thigh_joint,0.0,0.836795079580412,-0.04133921139473315,True,120,,0.2532963545979682,0.7906053066253662,RL_shank_joint,0.0,,,31.289182662963867,1.4720121622085571,1.0,True,load_velocity_jump,0.0,0.2,1.0
262,262,22,6,5.0,2.0,compliant,25.0,0.8157894736842105,COL,stop_collision|speed_track_error,0.2787435050337273,0.973777174949646,RL_shank_joint,0.0,1.2285921301269074,,0.7026042149402201,0.7660815457028496,0.64869789252989,0.6346114683151245,pd,0.012514784500717085,0.03693580627441406,0.025970430078378817,0.04951866343617439,0.0,0.0,1.1090888977050781,1.1021308898925781,1.4244391918182373,-0.0033499810986299394,-0.0017236364077746202,0.875,True,0.1650547088332319,0.9504365921020508,,0.5480804443359375,0.25384995341300964,0.12773921921478795,False,False,rope_not_continuously_taut,True,9,1.0050000000000001,0.31880385122307986,0.973777174949646,RR_shank_joint,0.0,1.256687158730786,0.06511792071268807,True,17,2.23,0.2699272131597834,0.7749547958374023,RL_shank_joint,0.0,1.0640212195320242,0.01624128264939162,True,9,6.005,0.18886729484408654,0.6184444427490234,FR_thigh_joint,0.0,0.7444925876027245,-0.06481863566630525,True,17,6.855,0.1638545703972641,0.9504365921020508,FR_shank_joint,0.0,0.6458953796436577,-0.0898313601131277,True,120,,0.2536859305103918,0.8024591207504272,RL_shank_joint,0.0,,,0.0,1.3354278802871704,1.0,True,deck_contact_force|load_velocity_jump,-24.82688331604004,0.2,1.0
263,263,23,6,5.0,2.0,compliant,30.0,0.8157894736842105,COL,stop_collision|speed_track_error,0.2821023542063664,0.9732109308242798,RL_shank_joint,0.0,1.2849767668174283,,0.7412757560890167,0.8054056306319121,0.6293621219554916,0.660343725681305,pd,0.011641922693106644,0.029296875,0.025398128142913447,0.04480753466486931,0.0,0.0,1.0244369506835938,1.0265235900878906,1.295546054840088,-0.0012339367418761071,-0.001089093705267885,1.0,True,0.16361394778893676,0.9480459094047546,,0.4676017761230469,0.2538517117500305,0.1251950358982367,False,False,rope_not_continuously_taut,True,9,1.0050000000000001,0.3197658283099726,0.9732109308242798,RR_shank_joint,0.0,1.2398618961984633,0.06186143646568282,True,17,2.23,0.2754034510375338,0.786676287651062,RL_shank_joint,0.0,1.067850954642948,0.017499059193244015,True,9,6.005,0.22478323583016505,0.9480459094047546,FR_thigh_joint,0.0,0.871575835613836,-0.033121156014124714,True,17,6.98,0.1319997042264997,0.7836658954620361,FR_shank_joint,0.0,0.5118164265546697,-0.12590468761779006,True,120,,0.25790439184428976,0.7963470220565796,RL_shank_joint,0.0,,,78.88582611083984,1.2875136137008667,1.0,True,deck_contact_force,-162.64907836914062,0.2,1.0
264,264,24,6,5.0,2.0,rigid,35.0,0.6578947368421053,OK,,0.26774093524853204,0.973563551902771,RR_shank_joint,0.0,0.7271237403165243,0.44999999999999996,0.1283519397675991,0.3288977485282389,0.964868475869298,0.04971254467964172,pd,0.010506747115674989,0.03760719299316406,0.025057223539677903,0.04404159262776375,0.0,0.0,-0.30735015869140625,,-0.05177230387926102,,,,,0.1678683629411265,0.8953759074211121,0.4249999999999998,0.4059028625488281,0.25385186076164246,0.097071603519112,False,False,rope_taut_during_settle|robot_and_load_speeds_differ,True,9,1.0050000000000001,0.3187735239966711,0.973563551902771,RR_shank_joint,0.0,1.4724893459393678,0.10228739126114966,True,17,2.005,0.22691176604594956,0.576073408126831,FL_shank_joint,0.0,1.048158434809148,0.010425633310428145,True,9,6.005,0.21069966214304706,0.8953759074211121,FR_thigh_joint,0.0,0.973270941102063,-0.005786470592474363,False,0,,,,,,,,True,120,,0.21648613273552142,0.6702896356582642,RR_shank_joint,0.0,,,1580.402099609375,2.019036054611206,1.0,False,,,0.2,1.0
265,265,25,6,5.0,2.0,rigid,40.0,0.6578947368421053,SPD,speed_track_error,0.2870022270508101,0.990752100944519,RL_shank_joint,0.0,1.4530688659010647,,0.8509457723423839,0.9202668631315513,0.5745271138288081,0.7354031419754028,pd,0.01319817419634286,0.038349151611328125,0.024495368001240615,0.045097023248672485,0.0,0.0,-0.19141006469726562,0.34860992431640625,1.0592243671417236,0.38090127165433074,0.3980853991452733,,False,0.15710078180403148,0.6006587743759155,,-0.18685150146484375,0.246311753988266,0.10667270950369614,False,False,rope_taut_during_settle,True,9,1.0050000000000001,0.3308286658528482,0.990752100944519,RL_shank_joint,0.0,1.2678828490718008,0.06989867055001464,True,16,2.0300000000000002,0.284260253378102,0.7765146493911743,RL_shank_joint,0.0,1.0894119437981498,0.02333025807526845,True,9,6.005,0.18083920270117332,0.5658578872680664,FR_thigh_joint,0.0,0.693056398101309,-0.08009079260166024,False,0,,,,,,,,True,120,,0.26092999530283356,0.8090178966522217,RL_shank_joint,0.0,,,50.143821716308594,1.0224089622497559,1.0,False,,,0.2,1.0
266,266,26,6,5.0,0.5,rigid,5.0,0.6578947368421053,COL,stop_collision,0.17163187835699367,0.5954028367996216,RR_shank_joint,0.0,0.15773161740211183,0.375,0.042638888880610466,0.07685402574922634,0.9157613529264927,0.030872232615947723,pd,0.008105599420542403,0.020221710205078125,0.013442940783025029,0.042507972568273544,0.0,0.0,-0.02671051025390625,0.045398712158203125,0.4975472688674927,0.3874958887973676,0.3978978970754241,,True,0.14842066659484587,0.42034459114074707,0.8500000000000005,-0.02312469482421875,0.25473344326019287,0.13504234413035965,False,False,rope_taut_during_settle,True,9,1.0050000000000001,0.2067554566399659,0.5954028367996216,RR_shank_joint,0.0,1.3281682791470009,0.051085832627599054,True,16,2.0300000000000002,0.15789905010566968,0.5444611310958862,RL_shank_joint,0.0,1.0143215229525173,0.0022294260933028442,True,9,6.005,0.1493211529055461,0.3755266070365906,FR_thigh_joint,0.0,0.9592183051311514,-0.006348471106820741,True,11,6.055,0.1543388661683915,0.3755266070365906,FR_thigh_joint,0.0,0.9914513968128449,-0.0013307578439753498,True,120,,0.15566962401236684,0.5611584186553955,FR_shank_joint,0.0,,,10.42880630493164,0.474911630153656,1.0,True,load_velocity_jump,0.0,0.2,1.0
267,267,27,6,5.0,0.5,rigid,10.0,0.6578947368421053,OK,,0.17517059376606134,0.6029000282287598,RR_shank_joint,0.0,0.1715610750664728,,0.05392406719736755,0.08540464952628907,0.8921518656052649,0.040975707173347475,pd,0.007425199862461461,0.009906768798828125,0.016898242235325524,0.041529715061187744,0.0,0.0,-0.055385589599609375,0.045558929443359375,0.4351227879524231,0.38487690550328324,0.39401491848401804,,False,0.14933979991541438,0.4375253915786743,,-0.052242279052734375,0.2552184760570526,0.14745952752543626,False,False,rope_taut_during_settle,True,9,1.0050000000000001,0.2060337034677181,0.6029000282287598,RR_shank_joint,0.0,1.3119620104184821,0.048991272489096516,True,16,2.0300000000000002,0.16224676623282022,0.5853190422058105,RL_shank_joint,0.0,1.0331396758300762,0.005204335254198639,True,9,6.005,0.1429001783965745,0.40111780166625977,FR_thigh_joint,0.0,0.9099462960811382,-0.014142252582047071,False,0,,,,,,,,True,120,,0.15704243097862158,0.5853190422058105,RL_shank_joint,0.0,,,-2.0819647312164307,0.4795030653476715,1.0,False,,,0.2,1.0
268,268,28,6,5.0,0.5,inextensible,15.0,0.8157894736842105,OK,,0.17321367792407677,0.591629147529602,RR_shank_joint,0.0,0.1766222047462792,,0.06132522474974394,0.08874455965399983,0.8783018455654382,0.04594304859638214,pd,0.008548906950242985,0.010547637939453125,0.013248106780709798,0.03903520479798317,0.0,0.0,0.30637359619140625,0.29550933837890625,0.4718608558177948,0.23139497853237856,0.23139791777605723,,False,0.12798682067538225,0.3477625250816345,0.4249999999999998,-0.0187530517578125,0.2538517713546753,0.13678910849821269,False,False,rope_not_continuously_taut,True,9,1.0050000000000001,0.1950288589789315,0.591629147529602,RR_shank_joint,0.0,1.2331760102985818,0.0368771779940652,True,17,2.38,0.1572817167496561,0.5641928911209106,FR_shank_joint,0.0,0.9944991780688475,-0.0008699642352101855,True,9,6.005,0.13540420771223846,0.3477625250816345,FR_thigh_joint,0.0,0.8561667310080342,-0.022747473272627827,False,0,,,,,,,,True,120,,0.1581516809848663,0.5998556613922119,RL_shank_joint,0.0,,,2.7308177947998047,0.4765004813671112,1.0,False,,,0.2,1.0
269,269,29,6,5.0,0.5,inextensible,20.0,0.8157894736842105,OK,,0.1761560833021568,0.5915994644165039,RR_shank_joint,0.0,0.19215418855513192,,0.06803120341151953,0.09649442137884219,0.8649391788989306,0.048854422271251675,pd,0.007079552830238805,0.010101318359375,0.013242842532462573,0.03902648016810417,0.0,0.0,0.3867988586425781,0.3730354309082031,0.468802273273468,0.16266270332967991,0.16266270332967991,,False,0.1308023228427808,0.328113317489624,0.4249999999999998,-0.009349822998046875,0.2538478970527649,0.058034050321468446,False,False,rope_not_continuously_taut,True,9,1.0050000000000001,0.19508832152276057,0.5915994644165039,RR_shank_joint,0.0,1.2108947352633932,0.0339774372803536,True,17,2.38,0.16354028783784622,0.581774115562439,FR_shank_joint,0.0,1.0150790780328904,0.00242940359543925,True,9,6.005,0.13068303903472153,0.31952565908432007,FR_thigh_joint,0.0,0.8111372465568262,-0.030427845207685433,False,0,,,,,,,,True,120,,0.16111088424240697,0.5819904804229736,RL_shank_joint,0.0,,,14.542445182800293,0.47083938121795654,1.0,False,,,0.2,1.0
270,270,30,6,10.0,0.5,compliant,25.0,0.8157894736842105,LOW,stop_margin_low,0.17974758869797797,0.6634801626205444,RL_shank_joint,0.0,0.20235541927656775,,0.06767197545617819,0.10014400580282508,0.8665905094891787,0.044257878959178924,pd,0.005526457325184252,0.00794219970703125,0.013068507435110439,0.03945793956518173,0.0,0.0,0.4511528015136719,0.4357109069824219,0.4496762454509735,0.05998395821706026,0.05998395821706026,,False,0.15277190386744982,0.46990740299224854,0.875,-0.051052093505859375,0.25384947657585144,0.06177915862009937,False,True,,True,9,1.0050000000000001,0.1944044179977932,0.589880108833313,RR_shank_joint,0.0,1.2279717244503296,0.03609098607832992,True,17,2.4050000000000002,0.16133299406993096,0.5563205480575562,RL_shank_joint,0.0,1.0190733162300705,0.0030195621504676695,True,9,6.005,0.1373665850711076,0.41927528381347656,FR_shank_joint,0.0,0.8676874943939583,-0.020946846848355682,False,0,,,,,,,,True,120,,0.1583134319194633,0.580644965171814,RL_shank_joint,0.0,,,8.770929336547852,0.46147558093070984,1.0,False,,,0.2,1.0
271,271,31,6,10.0,0.5,compliant,30.0,0.8157894736842105,LOW,stop_margin_low,0.18408513360334025,0.6346529722213745,RR_shank_joint,0.0,0.21860289308331401,,0.08039671089500189,0.11261291669352848,0.8403098125010728,0.0599136421084404,pd,0.0032737078835648956,0.00814056396484375,0.015033523025530906,0.039186958223581314,0.0,0.0,0.4783897399902344,0.4623985290527344,0.4340499937534332,0.03336586235587902,0.03336586235587902,,False,0.15271326652322637,0.4310809373855591,0.7250000000000005,-0.039154052734375,0.2538522779941559,0.06923291341549535,False,True,,True,9,1.0050000000000001,0.19442702722085475,0.5882793664932251,RR_shank_joint,0.0,1.2395141619005947,0.037569580007236536,True,17,2.4050000000000002,0.15871466193292047,0.5397748947143555,RL_shank_joint,0.0,1.0118401437247222,0.0018572147193022526,True,9,6.005,0.141945945689461,0.3712146282196045,FR_thigh_joint,0.0,0.904935967089597,-0.014911501524157211,False,0,,,,,,,,True,120,,0.15685744721361822,0.6003332138061523,FR_shank_joint,0.0,,,1.5045464038848877,0.45132556557655334,1.0,False,,,0.2,1.0
272,272,32,6,10.0,0.5,compliant,35.0,0.8157894736842105,OK,,0.1615316312322066,0.591645359992981,FL_shank_joint,0.0,0.1347900183305703,0.17499999999999982,0.040725539941340684,0.07195178118904616,0.9947440576180816,0.037581082880496976,pd,0.004340730866455534,0.00852203369140625,0.0316835048070434,0.060948777943849564,0.0,0.0,-0.27911376953125,,-0.04505797103047371,,,,,0.1530500918974535,0.48314177989959717,0.6749999999999998,-0.08699417114257812,0.25385189056396484,0.17683463766716714,False,False,rope_taut_during_settle|robot_and_load_speeds_differ,True,9,1.0050000000000001,0.1950158525343315,0.591645359992981,RR_shank_joint,0.0,1.3046594795710538,0.045539413978541554,True,17,2.005,0.1471786792292315,0.49018025398254395,FR_shank_joint,0.0,0.9846279497373704,-0.0022977593265584573,True,9,6.005,0.13634691072325944,0.3552267551422119,FR_thigh_joint,0.0,0.9121632281355827,-0.013129527832530519,False,0,,,,,,,,True,120,,0.14947643855578996,0.5255304574966431,FR_shank_joint,0.0,,,30047.45703125,0.5205594301223755,1.0,False,,,0.2,1.0
273,273,33,6,10.0,0.5,compliant,40.0,0.8157894736842105,COL,stop_collision,0.1870095329413909,0.6628483533859253,RR_shank_joint,0.0,0.26102349460820823,,0.08928955262526869,0.1299265642658727,0.8228282665088773,0.05216450393199921,pd,0.009051164613504796,0.017242431640625,0.013509116162312205,0.03902355581521988,0.0,0.0,0.5408287048339844,0.5490379333496094,0.46661946177482605,0.004925020913447042,0.005704288044796613,,True,0.1413768082961028,0.37853217124938965,0.6000000000000005,-0.010997772216796875,0.25385022163391113,0.06715531806975646,False,False,rope_not_continuously_taut,True,9,1.0050000000000001,0.19509671601407327,0.5919144153594971,RR_shank_joint,0.0,1.2125014610368907,0.03419240184752945,True,17,2.4050000000000002,0.1664575504665253,0.6076229810714722,RL_shank_joint,0.0,1.034512662564371,0.005553236299981473,True,9,6.005,0.13505363655735306,0.3166201114654541,FL_shank_joint,0.0,0.8393413020459224,-0.02585067760919077,True,17,8.205,0.12314068133939474,0.27324378490448,RR_shank_joint,0.0,0.7653037892566269,-0.03776363282714909,True,120,,0.16090431416654383,0.6076229810714722,RL_shank_joint,0.0,,,0.0,0.4573914706707001,1.0,True,deck_contact_force,-43.16698455810547,0.2,1.0
274,274,34,6,10.0,1.0,rigid,5.0,0.6578947368421053,COL,stop_collision,0.2159113846763416,0.8810890913009644,RR_shank_joint,0.0,0.36374318998628297,0.5499999999999998,0.18459085781127216,0.23154816859132415,0.8154091421887278,0.21569098711013793,pd,0.020701751583044596,0.041473388671875,0.015952111424132945,0.028204437345266342,0.0,0.0,-0.02588653564453125,0.06748580932617188,0.675870418548584,0.37715995717330486,0.4121629739949739,,True,0.15758563943860682,0.45466625690460205,0.75,-0.02187347412109375,0.25472384691238403,0.1652812166271712,False,False,rope_taut_during_settle|tension_not_steady,True,9,1.0050000000000001,0.26937983112022434,0.8810890913009644,RR_shank_joint,0.0,1.3827780259078866,0.07456922083202686,True,16,2.0300000000000002,0.19469106247736487,0.6727620363235474,RL_shank_joint,0.0,0.9993863382972018,-0.0001195478108326209,True,9,6.005,0.15573098348464195,0.40337735414505005,FR_shank_joint,0.0,0.7993968257388948,-0.039079626803555534,True,11,6.055,0.15819327978419942,0.40337735414505005,FR_shank_joint,0.0,0.8120362620402072,-0.03661733050399807,True,120,,0.1948106102881975,0.8210867643356323,RL_shank_joint,0.0,,,25.683658599853516,0.9137406349182129,1.0,True,load_velocity_jump,0.0,0.2,1.0
275,275,35,6,10.0,1.0,rigid,10.0,0.6578947368421053,COL,stop_collision|speed_track_error,0.22231775752091804,0.8832240104675293,RR_shank_joint,0.0,0.405012913736498,,0.2174882294051349,0.2675533725914604,0.7825117705948651,0.2540337550640106,pd,0.0173472857756958,0.031829833984375,0.03664403940077698,0.09706536680459976,0.0,0.0,-0.08247756958007812,0.060604095458984375,0.5805772542953491,0.3664961940215363,0.39162784777499837,,True,0.16535411248073184,0.5435255765914917,0.9750000000000005,-0.07698822021484375,0.25521451234817505,0.16490044304152687,False,False,rope_taut_during_settle|tension_not_steady,True,9,1.0050000000000001,0.2758447049540388,0.8832240104675293,RR_shank_joint,0.0,1.400040860266553,0.07881852323137045,True,16,2.0300000000000002,0.1984505325673777,0.6724934577941895,RL_shank_joint,0.0,1.007229246551173,0.0014243508447093767,True,9,6.005,0.1365003301413455,0.31308114528656006,FL_shank_joint,0.0,0.6928030018542495,-0.06052585158132284,True,11,6.055,0.13719140717079167,0.31308114528656006,FL_shank_joint,0.0,0.6963105409203972,-0.05983477455187666,True,120,,0.19702618172266834,0.7759970426559448,RL_shank_joint,0.0,,,-6.971356391906738,0.9040540456771851,1.0,True,load_velocity_jump,0.0,0.2,1.0
276,276,36,6,10.0,1.0,rigid,15.0,0.6578947368421053,SPD,speed_track_error,0.2267698035551536,0.8903752565383911,RL_shank_joint,0.0,0.4388776784413616,,0.2404666107147932,0.294507180340604,0.7595333892852068,0.27881095707416537,pd,0.02050280306603627,0.03173828125,0.022633220526017538,0.058209870010614395,0.0,0.0,-0.3717842102050781,0.06046295166015625,0.5258048176765442,0.34501767675064343,0.40635330136270653,,False,0.17862502281513157,0.5446150302886963,,-0.3647308349609375,0.25554725527763367,0.16266035341614304,False,False,rope_taut_during_settle|tension_not_steady,True,9,1.0050000000000001,0.2827956430335645,0.8903752565383911,RR_shank_joint,0.0,1.4267089986672559,0.08458027935552304,True,16,2.0300000000000002,0.1924441782744524,0.6698610782623291,RL_shank_joint,0.0,0.970884268017876,-0.005771185403589091,True,9,6.005,0.14464395543195113,0.346340537071228,FR_shank_joint,0.0,0.729731302094697,-0.05357140824609036,False,0,,,,,,,,True,120,,0.1982153636780415,0.8007445335388184,RL_shank_joint,0.0,,,13.416248321533203,0.9219731092453003,1.0,False,,,0.2,1.0
277,277,37,6,10.0,1.0,rigid,20.0,0.6578947368421053,SPD,speed_track_error,0.22395008317616472,0.8984942436218262,RL_shank_joint,0.0,0.4694072031413047,,0.2532361426204443,0.31029713334157055,0.7467638573795558,0.28304564088582995,pd,0.02746832061233912,0.0577392578125,0.0168330843166312,0.037015873938798904,0.0,0.0,-0.5413551330566406,-0.5517349243164062,0.45707589387893677,0.33150466754761254,0.38490862279731886,,False,0.19059752507122932,0.6626294851303101,,-0.5434799194335938,0.253910630941391,0.15849768154068547,False,False,rope_taut_during_settle|tension_not_steady,True,9,1.0050000000000001,0.28562131730646784,0.8984942436218262,RR_shank_joint,0.0,1.4217711479336514,0.0847301135979251,True,17,2.005,0.19844499090674608,0.6832864284515381,RL_shank_joint,0.0,0.9878231960551858,-0.00244621280179666,True,9,6.005,0.15667427125127276,0.48815417289733887,FL_shank_joint,0.0,0.7798961246634728,-0.044216932457269986,False,0,,,,,,,,True,120,,0.20089120370854274,0.7783231735229492,RL_shank_joint,0.0,,,9.738072395324707,0.879183292388916,1.0,False,,,0.2,1.0
278,278,38,6,10.0,1.0,inextensible,25.0,0.8157894736842105,SPD,speed_track_error,0.22414623566571867,0.8762569427490234,RR_shank_joint,0.0,0.44482999545298535,,0.2501015868689865,0.29730002763916413,0.7498984131310135,0.270413316488266,pd,0.021981101351807492,0.03218841552734375,0.014975287370633712,0.030696474015712738,0.0,0.0,-0.3028526306152344,0.050678253173828125,0.40908515453338623,0.5251030999986313,0.5635884991635791,,False,0.19518936411720922,0.5726475715637207,,-0.2975273132324219,0.25385385751724243,0.16570905185473575,False,False,rope_not_continuously_taut|tension_not_steady,True,9,1.0050000000000001,0.2609013644199451,0.8762569427490234,RR_shank_joint,0.0,1.324688369843802,0.06394835240647903,True,17,2.255,0.1921814638143119,0.6755995750427246,RL_shank_joint,0.0,0.9757731646224941,-0.00477154819915418,True,9,6.005,0.14022750944943055,0.3563750982284546,FR_shank_joint,0.0,0.7119845897042839,-0.056725502564035524,False,0,,,,,,,,True,120,,0.19695301201346607,0.75565505027771,RL_shank_joint,0.0,,,0.0,0.873778760433197,1.0,False,,,0.2,1.0
279,279,39,6,10.0,1.0,inextensible,30.0,0.8157894736842105,SPD,speed_track_error,0.2286319577817102,0.875866174697876,RR_shank_joint,0.0,0.47283640813830374,,0.2585245663486421,0.3052555949607235,0.7414754336513579,0.26619751155376437,pd,0.02492901960399187,0.04864501953125,0.014421032458307866,0.030849728733301163,0.0,0.0,-0.511474609375,0.04637908935546875,0.40362098813056946,0.5141167247871223,0.5323092130551075,,False,0.19795645870890333,0.6682133674621582,,-0.5189437866210938,0.253853976726532,0.1530375491220623,False,False,rope_not_continuously_taut|tension_not_steady,True,9,1.0050000000000001,0.260719428658063,0.875866174697876,RR_shank_joint,0.0,1.3034385997081788,0.06069510168444542,True,17,2.255,0.19235263718335568,0.6659882068634033,RL_shank_joint,0.0,0.9616462162061229,-0.007671689790261921,True,9,6.005,0.16095184045906447,0.49465692043304443,FL_shank_joint,0.0,0.8046613274209059,-0.03907248651455314,False,0,,,,,,,,True,120,,0.2000243269736176,0.7642068862915039,RL_shank_joint,0.0,,,2.0047411918640137,0.864039421081543,1.0,False,,,0.2,1.0
280,280,0,7,0.0,0.5,compliant,40.0,0.868421052631579,OK,,0.16123189026451218,0.5916042327880859,FL_shank_joint,0.0,0.13463200547777568,0.17499999999999982,0.03933235560543835,0.06811839528887834,1.036127486731857,0.03313168466091156,pd,0.005963321164910201,0.00885009765625,0.01366363279687094,0.039342254400253296,0.0,0.0,0.004184722900390625,0.0,0.00011905868450412527,,,,,0.14732596633985204,0.4560292363166809,0.7250000000000005,-0.0156402587890625,0.25384870171546936,0.08281107570656808,False,False,rope_taut_during_settle|robot_and_load_speeds_differ,True,9,1.0050000000000001,0.19429938067600788,0.5916042327880859,RR_shank_joint,0.0,1.2883749681138221,0.043489728606733585,True,17,2.005,0.1493475781804962,0.5051858425140381,FR_shank_joint,0.0,0.9903051703341476,-0.001462073888778087,True,9,6.005,0.14912882867671504,0.4560292363166809,FR_thigh_joint,0.0,0.9888546696481524,-0.0016808233925592608,False,0,,,,,,,,True,120,,0.1508096520692743,0.5103697776794434,FR_shank_joint,0.0,,,1494.3597412109375,0.5031920075416565,1.0,False,,,0.2,1.0
281,281,1,7,0.0,1.0,compliant,5.0,0.868421052631579,OK,,0.2093948666301342,0.8765991926193237,RR_shank_joint,0.0,0.3086572596297042,0.5499999999999998,0.10994692756794393,0.16023372636556854,0.8900570599827915,0.09153742671012878,pd,0.02010820907046902,0.0298309326171875,0.027730077848976766,0.04625149071216583,0.0,0.0,0.2715187072753906,0.2666130065917969,0.88601154088974,0.43452854724394996,0.43452854724394996,,False,0.1462067857783717,0.5634686350822449,0.375,0.07749557495117188,0.25385403633117676,0.08767447702875675,False,True,,True,9,1.0050000000000001,0.2607053708312775,0.8765991926193237,RR_shank_joint,0.0,1.378671655926663,0.07160641481042096,True,17,2.2800000000000002,0.19075145528018356,0.6967258453369141,RL_shank_joint,0.0,1.0087388068876741,0.0016524992593270338,True,9,6.005,0.16617623366745177,0.5634686350822449,FR_thigh_joint,0.0,0.8787792231339632,-0.022922722353404756,False,0,,,,,,,,True,120,,0.18909895602085652,0.727588415145874,RL_shank_joint,0.0,,,15.968661308288574,0.9401309490203857,1.0,False,,,0.2,1.0
282,282,2,7,0.0,1.0,compliant,10.0,0.868421052631579,OK,,0.21041029734985667,0.8759404420852661,RR_shank_joint,0.0,0.359304794229752,,0.1475254486128688,0.19072622802397682,0.8524745513871312,0.11142256677150726,pd,0.013595739512964592,0.02419281005859375,0.017909363692617683,0.030162619426846504,0.0,0.0,0.4801902770996094,0.47106170654296875,0.9052695035934448,0.21138140924768578,0.21141444509839147,,False,0.1574479668696399,0.5600866079330444,0.625,0.07268524169921875,0.2538515329360962,0.07670305405609718,False,True,,True,9,1.0050000000000001,0.260932527668203,0.8759404420852661,RR_shank_joint,0.0,1.3623063935571296,0.06939519883949516,True,17,2.255,0.19916787896066587,0.6925311088562012,RL_shank_joint,0.0,1.0398384491348003,0.007630550131958014,True,9,6.005,0.1618772744459993,0.5600866079330444,FR_thigh_joint,0.0,0.8451473946927933,-0.02966005438270855,False,0,,,,,,,,True,120,,0.19153732882870786,0.7285650968551636,RL_shank_joint,0.0,,,24.306354522705078,0.9031780958175659,1.0,False,,,0.2,1.0
283,283,3,7,0.0,1.0,compliant,15.0,0.868421052631579,OK,,0.2165823089141387,0.8759846687316895,RR_shank_joint,0.0,0.398492528175894,,0.17082523971796035,0.2143377142098838,0.8291747602820396,0.13508329749107362,pd,0.01530082681694506,0.02622222900390625,0.012575112986161248,0.022869599983096123,0.0,0.0,0.3485984802246094,0.412628173828125,0.8770719170570374,0.2779837207610143,0.3421489241801723,,False,0.14682237920520141,0.5129678249359131,0.5250000000000004,0.07443618774414062,0.2538493275642395,0.10357367968439138,False,True,,True,9,1.0050000000000001,0.2609486890440511,0.8759846687316895,RR_shank_joint,0.0,1.3267076625561043,0.06425977526986384,True,17,2.255,0.19386984191203568,0.7401746511459351,RL_shank_joint,0.0,0.9856673576153454,-0.0028190718621515787,True,9,6.005,0.16443932237313635,0.5129678249359131,FR_thigh_joint,0.0,0.8360375743491282,-0.03224959140105091,False,0,,,,,,,,True,120,,0.19668891377418726,0.7458473443984985,RL_shank_joint,0.0,,,18.559776306152344,0.8558046221733093,1.0,False,,,0.2,1.0
284,284,4,7,0.0,1.0,compliant,20.0,0.868421052631579,COL,stop_collision,0.22605397199815971,0.8760528564453125,RR_shank_joint,0.0,0.4531714166080039,,0.18342581630684435,0.23544976506596899,0.8165741836931556,0.1361563491821289,pd,0.01841169217199125,0.031829833984375,0.013638014090441523,0.023500744253396988,0.0,0.0,0.6647605895996094,0.6930465698242188,0.8852760195732117,-0.0008957753671410273,0.020947773603644748,1.625,True,0.14484772320897735,0.507639467716217,0.47500000000000053,0.07135391235351562,0.2538556754589081,0.0989691953289288,False,False,load_moved_during_settle|rope_not_continuously_taut,True,9,1.0050000000000001,0.26188712287932475,0.8760528564453125,RR_shank_joint,0.0,1.321609970932859,0.06372947528343714,True,17,2.255,0.18941609904607407,0.7183549404144287,RL_shank_joint,0.0,0.9558858885545483,-0.008741548549813544,True,9,6.005,0.16706810633691058,0.507639467716217,FR_thigh_joint,0.0,0.8431070330306937,-0.031089541258977033,True,17,7.58,0.1328638817044639,0.3490602970123291,RL_shank_joint,0.0,0.6704958567908496,-0.06529376589142372,True,120,,0.1981576475958876,0.7454636096954346,RL_shank_joint,0.0,,,5.980979919433594,0.8712453842163086,1.0,True,deck_contact_force,-178.525146484375,0.2,1.0
285,285,5,7,0.0,1.0,compliant,25.0,0.868421052631579,COL,stop_collision|speed_track_error,0.228872223413745,0.875956654548645,RR_shank_joint,0.0,0.49163468738856403,,0.20990091279149056,0.2605556019653966,0.7900990872085094,0.15348438262939454,pd,0.014033131634576335,0.025146484375,0.01864095372873695,0.03270979970693588,0.0,0.0,0.65789794921875,0.714752197265625,0.9027718901634216,-0.000272959138463591,0.03675572920365511,1.25,True,0.15169654963674906,0.5557509064674377,0.25,0.07798385620117188,0.25385063886642456,0.07982341277676944,False,False,load_moved_during_settle|rope_not_continuously_taut,True,9,1.0050000000000001,0.2609031420707482,0.875956654548645,RR_shank_joint,0.0,1.2788408367842865,0.056887806802910584,True,17,2.255,0.2024222111723412,0.7056436538696289,RL_shank_joint,0.0,0.9921911551726984,-0.0015931240954964454,True,9,6.005,0.1614300594524206,0.5557509064674377,FR_thigh_joint,0.0,0.7912643392247461,-0.042585275815417045,True,17,7.23,0.13991230402527322,0.3967909812927246,RL_shank_joint,0.0,0.6857930745333042,-0.06410303124256442,True,120,,0.20401533526783763,0.8048229217529297,RL_shank_joint,0.0,,,9.253008842468262,0.8172036409378052,1.0,True,deck_contact_force|load_velocity_jump,-39.28486251831055,0.2,1.0
286,286,6,7,0.0,1.0,compliant,30.0,0.868421052631579,SPD,speed_track_error,0.23179355085831244,0.8758894205093384,RR_shank_joint,0.0,0.5131600589816858,,0.23022540530189872,0.2762279652292561,0.7697745946981013,0.17093604624271394,pd,0.0200250794291241,0.033782958984375,0.012524197746357327,0.0229356586933136,0.0,0.0,0.47052764892578125,0.5397605895996094,0.811781644821167,0.17835141012837852,0.24758998690917622,,False,0.1511479582328629,0.55852210521698,0.25,0.10724258422851562,0.2538558840751648,0.08581784439933304,False,False,load_moved_during_settle|rope_not_continuously_taut,True,9,1.0050000000000001,0.2610455326705654,0.8758894205093384,RR_shank_joint,0.0,1.2960256300481265,0.059625493885628905,True,17,2.255,0.2068798145524712,0.7016788721084595,RL_shank_joint,0.0,1.0271064180131764,0.0054597757675347025,True,9,6.005,0.17811322863964807,0.55852210521698,FR_thigh_joint,0.0,0.8842875302482989,-0.02330681014528843,False,0,,,,,,,,True,120,,0.2014200387849365,0.7495905160903931,RL_shank_joint,0.0,,,32.7318115234375,0.8228278160095215,1.0,False,,,0.2,1.0
287,287,7,7,0.0,1.0,compliant,35.0,0.868421052631579,COL,stop_collision|speed_track_error,0.23933281454036745,0.8758482933044434,RR_shank_joint,0.0,0.5390817941124049,,0.2442657710518688,0.2912946170857415,0.7557342289481312,0.17368015944957732,pd,0.01659903518224952,0.028778076171875,0.0188042815437907,0.041480883955955505,0.0,0.0,0.6352348327636719,0.7335739135742188,0.8688234090805054,-0.001754357718773747,0.058905333005085936,1.125,True,0.14561196659249726,0.4898756146430969,0.47500000000000053,0.07707595825195312,0.2538526654243469,0.10499900479748843,False,False,load_moved_during_settle|rope_not_continuously_taut,True,9,1.0050000000000001,0.2607990534171538,0.8758482933044434,RR_shank_joint,0.0,1.2715001385840194,0.05568774787880962,True,17,2.23,0.2130445377535723,0.7199509143829346,RL_shank_joint,0.0,1.0386776935303794,0.007933232215228098,True,9,6.005,0.16330994738920307,0.4898756146430969,FR_thigh_joint,0.0,0.7962015889888301,-0.04180135814914113,True,17,7.13,0.13710118814581115,0.3523142337799072,RL_shank_joint,0.0,0.6684233606039868,-0.06801011739253304,True,120,,0.2051113055383442,0.7689216136932373,RL_shank_joint,0.0,,,23.38263511657715,0.774010956287384,1.0,True,deck_contact_force|load_velocity_jump,-165.5853271484375,0.2,1.0
288,288,8,7,0.0,1.0,rigid,40.0,0.6842105263157895,OK,,0.19070598179575407,0.8759150505065918,RR_shank_joint,0.0,0.2928842352884381,0.575,0.05401163453236222,0.1341590013924757,0.9991346002183854,0.02631087601184845,pd,0.012696423843522906,0.02382659912109375,0.006227863893891274,0.022918524220585823,0.0,0.0,-0.6088790893554688,,-0.12582361698150635,,,,,0.14816864782608183,0.585919201374054,0.2999999999999998,0.14281082153320312,0.25385066866874695,0.06929294024348191,False,False,rope_taut_during_settle|robot_and_load_speeds_differ,True,9,1.0050000000000001,0.26086878110028716,0.8759150505065918,RR_shank_joint,0.0,1.499933676254843,0.08694857034027165,True,17,2.005,0.16856991420546055,0.5878148078918457,RL_shank_joint,0.0,0.9692370626094883,-0.005350296554554962,True,9,6.005,0.17107010205459094,0.585919201374054,FL_thigh_joint,0.0,0.9836125503012568,-0.00285010870542457,False,0,,,,,,,,True,120,,0.17392021076001551,0.6116710901260376,FR_shank_joint,0.0,,,704.0156860351562,0.979246199131012,1.0,False,,,0.2,1.0
289,289,9,7,0.0,1.5,rigid,5.0,0.6842105263157895,COL,stop_collision,0.24243708814883705,0.9163036346435547,RR_shank_joint,0.0,0.6245359059064762,,0.22911810534074903,0.3182269357599162,0.8472545964395007,0.1662886321544647,pd,0.009942472830398582,0.020233154296875,0.02042634492726209,0.03626881167292595,0.0,0.0,0.2292633056640625,0.24372100830078125,1.3509852886199951,0.4141129455470747,0.4285145143910505,,True,0.16364248557996602,0.7809640169143677,0.40000000000000036,0.232391357421875,0.2546308934688568,0.11381222957458532,False,False,rope_taut_during_settle,True,9,1.0050000000000001,0.3012900950007945,0.9163036346435547,RR_shank_joint,0.0,1.407570082870129,0.08724029480438511,True,16,2.0300000000000002,0.21129670387077173,0.7016370296478271,RR_shank_joint,0.0,0.9871380570170518,-0.002753096325637666,True,9,6.005,0.20734535766060214,0.7809640169143677,FR_thigh_joint,0.0,0.9686781182245657,-0.006704442535807265,True,10,6.03,0.2039988524602168,0.7809640169143677,FR_thigh_joint,0.0,0.9530438817183198,-0.010050947736192611,True,120,,0.2140498001964094,0.7359390258789062,RL_shank_joint,0.0,,,17.315738677978516,1.3994832038879395,1.0,True,load_velocity_jump,0.0,0.2,1.0
290,290,10,7,0.0,1.5,rigid,10.0,0.6842105263157895,COL,stop_collision,0.24755817700432348,0.9099314212799072,RR_shank_joint,0.0,0.7084547696148833,0.9999999999999998,0.26494495997205375,0.35871893089626583,0.8233700266852976,0.19385640382766722,pd,0.03258845343699419,0.04897308349609375,0.03356489891391543,0.06103364750742912,0.0,0.0,0.25872039794921875,0.28099822998046875,1.2828727960586548,0.41274247277776865,0.4285601057592956,,True,0.16304213368977602,0.7116605043411255,0.75,0.261871337890625,0.25506260991096497,0.11303446351672598,False,False,rope_taut_during_settle,True,9,1.0050000000000001,0.30672842254653754,0.9099314212799072,RR_shank_joint,0.0,1.4093518754605614,0.08909049415743181,True,16,2.0300000000000002,0.21019733096131102,0.7407369613647461,RL_shank_joint,0.0,0.9658120370706158,-0.0074405974277947096,True,9,6.005,0.1994351245606625,0.7013179063796997,FR_thigh_joint,0.0,0.9163619872548171,-0.01820280382844322,True,12,6.08,0.2014936405017893,0.7116605043411255,FL_thigh_joint,0.0,0.9258204302585865,-0.016144287887316422,True,120,,0.21763792838910573,0.7596979141235352,RL_shank_joint,0.0,,,11.497784614562988,1.3936331272125244,1.0,True,load_velocity_jump,0.0,0.2,1.0
291,291,11,7,0.0,1.5,rigid,15.0,0.6842105263157895,COL,stop_collision|speed_track_error,0.2508845265611476,0.9273518323898315,RL_shank_joint,0.0,0.7858606961506746,,0.30390181424096224,0.39657438900949915,0.7973987905060252,0.2033829617500305,pd,0.023253741194863935,0.0332183837890625,0.02528996762438384,0.04469447582960129,0.0,0.0,0.3007392883300781,0.3331451416015625,1.2594449520111084,0.41315229318530555,0.4303294481656259,,True,0.1672730849681131,0.8273787498474121,0.9249999999999998,0.3041954040527344,0.25536608695983887,0.11774728274267096,False,False,rope_taut_during_settle,True,9,1.0050000000000001,0.3115544048190553,0.9273518323898315,RR_shank_joint,0.0,1.3889677891409513,0.087247975789664,True,16,2.0300000000000002,0.22421978529229664,0.7649083137512207,RL_shank_joint,0.0,0.9996137260199383,-8.664373709463269e-05,True,9,6.005,0.21244499045113044,0.8273787498474121,FL_thigh_joint,0.0,0.9471194890419008,-0.01186143857826083,True,13,6.105,0.19903324538672737,0.8273787498474121,FL_thigh_joint,0.0,0.8873274219021502,-0.0252731836426639,True,120,,0.22430642902939127,0.8173846006393433,RL_shank_joint,0.0,,,63.27212905883789,1.2422208786010742,1.0,True,load_velocity_jump,0.0,0.2,1.0
292,292,12,7,0.0,1.5,rigid,20.0,0.6842105263157895,SPD,speed_track_error,0.2542404573659984,0.9326812028884888,RL_shank_joint,0.0,0.8489556157515784,,0.33966843158006665,0.4318729241443467,0.7735543789466223,0.2175908625125885,pd,0.017789950164513457,0.029102325439453125,0.022970132454550235,0.03845863416790962,0.0,0.0,0.3759002685546875,0.4147682189941406,1.2952706813812256,0.41046144277054,0.4317871200790684,,False,0.17257010244024096,0.8198873698711395,,0.3795909881591797,0.2555815577507019,0.14130021812717292,False,False,rope_taut_during_settle,True,9,1.0050000000000001,0.31366901979304135,0.9326812028884888,RL_shank_joint,0.0,1.4001899922444896,0.08965012126468289,True,16,2.0300000000000002,0.22948537137211644,0.7681628465652466,RL_shank_joint,0.0,1.0244018378791644,0.00546647284375798,True,9,6.005,0.2184726360303745,0.8198873698711395,FR_thigh_joint,0.0,0.9752419883571481,-0.005546262497983956,False,0,,,,,,,,True,120,,0.22401889852835846,0.783240795135498,RL_shank_joint,0.0,,,-18.445659637451172,1.155202865600586,1.0,False,,,0.2,1.0
293,293,13,7,0.0,1.5,rigid,25.0,0.6842105263157895,SPD,speed_track_error,0.26623973054831324,0.9382809400558472,RL_shank_joint,0.0,0.8970175294418756,,0.37337186811491846,0.4631545501361583,0.751085421256721,0.24669186949729918,pd,0.0266173689840433,0.047328948974609375,0.023331923897224754,0.038695186376571655,0.0,0.0,0.4173622131347656,0.4603996276855469,1.274914026260376,0.40016817885739187,0.4319071898085127,,False,0.17182282910909624,0.7299442291259766,,0.42031097412109375,0.25577303767204285,0.11359632591015431,False,False,rope_taut_during_settle,True,9,1.0050000000000001,0.3147796997733216,0.9382809400558472,RL_shank_joint,0.0,1.3758417109076437,0.08598906399178158,True,17,2.005,0.2456514563650545,0.7674429416656494,RL_shank_joint,0.0,1.0736954138263508,0.016860820583514485,True,9,6.005,0.1939063842100826,0.6167691946029663,FR_thigh_joint,0.0,0.8475276251919396,-0.034884251571457414,False,0,,,,,,,,True,120,,0.22879063578154002,0.7702311277389526,RL_shank_joint,0.0,,,48.33341598510742,1.1045911312103271,1.0,False,,,0.2,1.0
294,294,14,7,0.0,1.5,rigid,30.0,0.6842105263157895,SPD,speed_track_error,0.2668205663736812,0.938696026802063,RL_shank_joint,0.0,0.9460561970494241,,0.3850339087098837,0.4841770290476654,0.7433107275267442,0.22328153491020203,pd,0.031891530293173306,0.054523468017578125,0.03030959855119778,0.055442653596401215,0.0,0.0,0.4501190185546875,0.5044288635253906,1.274155855178833,0.41113439035952126,0.4373520413767942,,False,0.18205866323112327,0.7970349788665771,,0.4542827606201172,0.2559363543987274,0.123419484286042,False,False,rope_taut_during_settle,True,9,1.0050000000000001,0.3144068564588409,0.938696026802063,RL_shank_joint,0.0,1.3752249265138763,0.08578472316472885,True,16,2.0300000000000002,0.23878032905628335,0.7600681781768799,RL_shank_joint,0.0,1.0444322499130179,0.01015819576217128,True,9,6.005,0.2038959257464706,0.7005054950714111,FR_thigh_joint,0.0,0.8918468339378484,-0.02472620754764146,False,0,,,,,,,,True,120,,0.22862213329411207,0.7900509834289551,RL_shank_joint,0.0,,,31.112972259521484,1.0272012948989868,1.0,False,,,0.2,1.0
295,295,15,7,0.0,1.5,rigid,35.0,0.6842105263157895,SPD,speed_track_error,0.2705672275227683,0.9414128065109253,RL_shank_joint,0.0,0.9777628897277217,,0.4155884250253439,0.5105674720534289,0.722941049983104,0.24303978562355041,pd,0.03218411573258832,0.06276702880859375,0.017183260131969295,0.034174516797065735,0.0,0.0,0.49033355712890625,0.5012092590332031,1.2353713512420654,0.4104271144333609,0.423525438008177,,False,0.2071019382816398,0.9827170372009277,0.875,0.49308204650878906,0.25603756308555603,0.1723268588460452,False,False,rope_taut_during_settle,True,9,1.0050000000000001,0.3152542745278917,0.9414128065109253,RL_shank_joint,0.0,1.364475964824747,0.08421006220394439,True,16,2.0300000000000002,0.23371408399084878,0.7351337671279907,RL_shank_joint,0.0,1.0115556743016703,0.0026698716669014966,True,9,6.005,0.2503493012931959,0.9827170372009277,FR_thigh_joint,0.0,1.083555821524674,0.019305088969248596,False,0,,,,,,,,True,120,,0.23104421232394728,0.8092706203460693,RL_shank_joint,0.0,,,65.90886688232422,0.9620488882064819,1.0,False,,,0.2,1.0
296,296,16,7,0.0,1.5,inextensible,40.0,0.868421052631579,OK,,0.2264365748568832,0.925838828086853,RR_shank_joint,0.0,0.5014978232213612,0.5499999999999998,0.07720708774402738,0.22540826074260853,0.9694351487234235,0.02165570855140686,pd,0.013916209216652117,0.031925201416015625,0.030471378012514372,0.055014099925756454,0.0,0.0,-0.8720245361328125,,-0.18706552684307098,,,,,0.16800008399378322,0.7598881721496582,0.47500000000000053,0.2362384796142578,0.25384849309921265,0.08637946892768254,False,False,rope_taut_during_settle|robot_and_load_speeds_differ,True,9,1.0050000000000001,0.2905904420926645,0.925838828086853,RR_shank_joint,0.0,1.6161608137057595,0.11078751677215873,True,17,2.005,0.19048594775547192,0.6007213592529297,FR_shank_joint,0.0,1.059415175898408,0.01068302243496616,True,9,6.005,0.19698312330892456,0.7598881721496582,FR_thigh_joint,0.0,1.0955501583625207,0.0171801979884188,False,0,,,,,,,,True,120,,0.17980292532050576,0.6232012510299683,FR_shank_joint,0.0,,,1130.390625,1.493561029434204,1.0,False,,,0.2,1.0
297,297,17,7,0.0,2.0,inextensible,5.0,0.868421052631579,COL,stop_collision,0.27301511941963064,0.9732497930526733,RL_shank_joint,0.0,0.857352225856141,,0.30686966728419063,0.4257753885951149,0.8465651663579047,0.20669609785079956,pd,0.010502485325216434,0.02844524383544922,0.022093225420470482,0.036344800144433975,0.0,0.0,0.6046028137207031,0.5411586761474609,1.7996280193328857,0.3592288832063133,0.3592288832063133,,True,0.1747923335590074,1.0054123401641846,0.7000000000000002,0.34884071350097656,0.25385093688964844,0.15621243176971455,False,False,rope_not_continuously_taut,True,9,1.0050000000000001,0.31822627698297623,0.9732497930526733,RR_shank_joint,0.0,1.3498805479022884,0.0824822495003229,True,17,2.205,0.22947507340886258,0.7424634695053101,RR_shank_joint,0.0,0.9734077925929554,-0.0062689540737907445,True,9,6.005,0.2344939556152953,1.0054123401641846,FR_thigh_joint,0.0,0.9946973338807066,-0.001250071867358038,True,10,6.03,0.227740061626308,1.0054123401641846,FR_thigh_joint,0.0,0.9660480651755461,-0.00800396585634533,True,120,,0.23574402748265333,0.758662223815918,RR_shank_joint,0.0,,,27.198463439941406,1.7840237617492676,1.0,True,load_velocity_jump,0.0,0.2,1.0
298,298,18,7,0.0,2.0,inextensible,10.0,0.868421052631579,SPD,stop_margin_low|speed_track_error,0.2759667091090277,0.9742914438247681,RL_shank_joint,0.0,0.9858880612283502,,0.4021074641309679,0.5067264007022304,0.7989462679345161,0.27126941323280335,pd,0.018267238369705573,0.03654289245605469,0.034973994544121464,0.05690730735659599,0.0,0.0,0.9071502685546875,0.8974666595458984,1.6999568939208984,0.013508379105729773,0.013508379105729773,,False,0.17253676989555147,0.7882214784622192,0.5250000000000004,0.3041362762451172,0.25385186076164246,0.114203722848376,False,False,rope_not_continuously_taut,True,9,1.0050000000000001,0.3197385641760221,0.9742914438247681,RR_shank_joint,0.0,1.3201458884071327,0.07753914744200216,True,17,2.205,0.248970705012377,0.7673333883285522,RR_shank_joint,0.0,1.0279574920933572,0.006771288278357074,True,9,6.005,0.21992888532091634,0.7882214784622192,FR_thigh_joint,0.0,0.9080487818120521,-0.02227053141310359,False,0,,,,,,,,True,120,,0.24219941673401993,0.7673333883285522,RR_shank_joint,0.0,,,18.664947509765625,1.640028476715088,1.0,False,,,0.2,1.0
299,299,19,7,0.0,2.0,inextensible,15.0,0.868421052631579,COL,stop_collision|speed_track_error,0.27890702518707255,0.9737790822982788,RL_shank_joint,0.0,1.082401581060009,,0.4604948886670172,0.5638056256478365,0.7697525556664914,0.2976866614818573,pd,0.02164702751623638,0.03629446029663086,0.03355615407154806,0.06150997430086136,0.0,0.0,0.8985214233398438,0.9429550170898438,1.684228539466858,-0.0003570313736034336,0.02394850241041624,1.0,True,0.17265121868776373,0.7717573046684265,,0.30428504943847656,0.2538520395755768,0.11469621728738996,False,False,rope_not_continuously_taut,True,9,1.0050000000000001,0.3202574341242917,0.9737790822982788,RR_shank_joint,0.0,1.300597877474064,0.0740188082807107,True,17,2.23,0.2613160414496038,0.8078442811965942,RL_shank_joint,0.0,1.0612309119025074,0.015077415606022798,True,9,6.005,0.2207844973622684,0.7717573046684265,FR_thigh_joint,0.0,0.8966282060984132,-0.025454128481312593,True,17,6.955,0.13582629372515195,0.3559821844100952,RL_shank_joint,0.0,0.5516043360777743,-0.11041233211842905,True,120,,0.246238625843581,0.8078442811965942,RL_shank_joint,0.0,,,62.645816802978516,1.565834641456604,1.0,True,deck_contact_force|load_velocity_jump,-157.86892700195312,0.2,1.0
300,300,20,7,5.0,2.0,compliant,20.0,0.868421052631579,COL,stop_collision|speed_track_error,0.2788375235057211,0.9742172956466675,RL_shank_joint,0.0,1.1352948757071528,,0.6266913544014097,0.6909363295705433,0.6866543227992952,0.561569322347641,pd,0.011770474193630519,0.033824920654296875,0.02517258156002351,0.04902174323797226,0.0,0.0,1.3406295776367188,1.33807373046875,1.6223493814468384,-0.004916371059547231,-0.0011722986549358438,0.75,True,0.17134853207573497,1.0340489149093628,,0.6847019195556641,0.2538517713546753,0.12309024006568306,False,True,,True,9,1.0050000000000001,0.3188795189895694,0.9742172956466675,RR_shank_joint,0.0,1.243899878501952,0.06252486818471442,True,17,2.255,0.2794471416716101,0.7704979181289673,RL_shank_joint,0.0,1.0900802493508646,0.023092490866755133,True,9,6.005,0.23688095308073365,1.0340489149093628,FR_thigh_joint,0.0,0.9240361052043277,-0.01947369772412133,True,15,6.155,0.20671060626790666,1.0340489149093628,FR_thigh_joint,0.0,0.806346230188978,-0.04964404453694832,True,120,,0.256354650804855,0.7944574356079102,RL_shank_joint,0.0,,,38.16100311279297,1.4806413650512695,1.0,True,load_velocity_jump,0.0,0.2,1.0
301,301,21,7,5.0,2.0,compliant,25.0,0.868421052631579,COL,stop_collision|speed_track_error,0.2806847188082242,0.9736577272415161,RL_shank_joint,0.0,1.2186581072704568,,0.6910274960286915,0.7566250276154761,0.6544862519856542,0.6285335969924927,pd,0.013963857999547507,0.03934669494628906,0.024086235951840403,0.04463671147823334,0.0,0.0,1.2315177917480469,1.2347698211669922,1.4483561515808105,-0.008595450031744889,-0.0032094764606860338,0.875,True,0.1562571268561976,0.7582221031188965,,0.6037673950195312,0.2538524866104126,0.13512559507582178,False,True,,True,9,1.0050000000000001,0.31878515649016415,0.9736577272415161,RR_shank_joint,0.0,1.2398483239161961,0.06166890255738755,True,17,2.255,0.28355244558677173,0.7880229949951172,RL_shank_joint,0.0,1.1028180492272843,0.026436191653995134,True,9,6.005,0.22101150954862764,0.7582221031188965,FR_thigh_joint,0.0,0.8595781331133248,-0.03610474438414896,True,17,6.88,0.14158563055851378,0.6334024667739868,FR_shank_joint,0.0,0.5506677558997556,-0.11553062337426281,True,120,,0.2571162539327766,0.8074418306350708,RL_shank_joint,0.0,,,34.68762969970703,1.4253145456314087,1.0,True,deck_contact_force|load_velocity_jump,-21.315311431884766,0.2,1.0
302,302,22,7,5.0,2.0,compliant,30.0,0.868421052631579,COL,stop_collision|speed_track_error,0.2821033787002558,0.9742614030838013,RL_shank_joint,0.0,1.2847949173912938,,0.7554964450187981,0.8177123235599354,0.6222517774906009,0.6779889917373657,pd,0.014465179656714587,0.038735389709472656,0.025075644954760553,0.04912090301513672,0.0,0.0,0.9429874420166016,0.9430561065673828,1.2442148923873901,-0.0006300989359466769,-0.00046882143707094315,1.25,True,0.15007622829407194,0.559423565864563,0.375,0.3304157257080078,0.2538520097732544,0.12169796216975748,False,False,rope_not_continuously_taut,True,9,1.0050000000000001,0.31954686856046033,0.9742614030838013,RR_shank_joint,0.0,1.2506439576603285,0.06404100168028115,True,17,2.255,0.2774775488982915,0.7437807321548462,RL_shank_joint,0.0,1.0859928669599437,0.021971682018112337,True,9,6.005,0.18791147375021225,0.559423565864563,FR_thigh_joint,0.0,0.7354487630545655,-0.06759439312996693,True,17,7.18,0.13144328183186732,0.4100961685180664,FR_thigh_joint,0.0,0.5144433019751689,-0.12406258504831186,True,120,,0.2555058668801792,0.8335781097412109,RL_shank_joint,0.0,,,46.899314880371094,1.3397083282470703,1.0,True,deck_contact_force|load_velocity_jump,-177.8062286376953,0.2,1.0
303,303,23,7,5.0,2.0,compliant,35.0,0.868421052631579,COL,stop_collision|speed_track_error,0.28624089221093946,0.9740062952041626,RL_shank_joint,0.0,1.3299482983405042,,0.7959425904788077,0.8562373672781168,0.6020287047605961,0.6963375222682953,pd,0.01416507497582894,0.04100227355957031,0.02765172380856946,0.045356787741184235,0.0,0.0,0.8393383026123047,0.8465957641601562,1.1465905904769897,0.006632724220445141,0.010282834096823734,,True,0.15568643029581244,0.6424274444580078,0.375,0.24244308471679688,0.2538524270057678,0.10856311176490532,False,False,rope_not_continuously_taut,True,9,1.0050000000000001,0.3190346546677571,0.9740062952041626,RR_shank_joint,0.0,1.2370231317603122,0.06112948985991434,True,17,2.255,0.28052685130517735,0.7467935085296631,RL_shank_joint,0.0,1.0877131968806801,0.022621686497334592,True,9,6.005,0.18400208857262157,0.6424274444580078,FR_thigh_joint,0.0,0.7134486380283074,-0.07390307623522119,True,16,8.23,0.13207289507757516,0.3359105587005615,RL_shank_joint,0.0,0.5120986823818695,-0.1258322697302676,True,120,,0.25790516480784276,0.8003499507904053,RL_shank_joint,0.0,,,75.49803161621094,1.1923686265945435,1.0,True,deck_contact_force,-47.16836166381836,0.2,1.0
304,304,24,7,5.0,2.0,rigid,40.0,0.6842105263157895,OK,,0.26726011645050635,0.9742964506149292,RR_shank_joint,0.0,0.7297060172963629,0.44999999999999996,0.12904189862310886,0.3299403517638632,0.963018883280456,0.04566986799240112,pd,0.010106333134384051,0.03476715087890625,0.02468689708833118,0.04380186274647713,0.0,0.0,-0.2809944152832031,,-0.04461635649204254,,,,,0.17173494002663997,1.0062561631202698,0.5499999999999998,0.3926200866699219,0.2538524270057678,0.10587849349744319,False,False,rope_taut_during_settle|robot_and_load_speeds_differ,True,9,1.0050000000000001,0.3192308960934473,0.9742964506149292,RR_shank_joint,0.0,1.4740954251936937,0.10267035961969703,True,17,2.005,0.22787602616720415,0.5722694396972656,FL_shank_joint,0.0,1.0522509312070598,0.01131548969345389,True,9,6.005,0.22590898696934053,1.0062561631202698,FR_thigh_joint,0.0,1.0431678395695303,0.009348450495590271,False,0,,,,,,,,True,120,,0.21656053647375026,0.6785106658935547,RR_shank_joint,0.0,,,1605.279541015625,1.9892287254333496,1.0,False,,,0.2,1.0
305,305,25,7,5.0,0.5,rigid,5.0,0.6842105263157895,COL,stop_collision,0.17113640324411364,0.5951108932495117,RR_shank_joint,0.0,0.15873856373436016,0.9249999999999998,0.044554298399016264,0.07748054273612785,0.9112442877329886,0.029803459346294404,pd,0.006624169029055786,0.014835357666015625,0.013355940949982999,0.04231540486216545,0.0,0.0,-0.025943756103515625,0.0450897216796875,0.4876677691936493,0.4137862862351085,0.424507359194493,,True,0.1451931230301591,0.4449961185455322,0.7999999999999998,-0.023174285888671875,0.25467655062675476,0.13248737328673824,False,False,rope_taut_during_settle,True,9,1.0050000000000001,0.20663056078315598,0.5951108932495117,RR_shank_joint,0.0,1.3153704527120909,0.04954130858267081,True,16,2.0300000000000002,0.1626096393324172,0.5812243223190308,RL_shank_joint,0.0,1.035141723921931,0.005520387131932036,True,9,6.005,0.14766191956417957,0.4449961185455322,FL_thigh_joint,0.0,0.939987411587688,-0.009427332636305602,True,11,6.055,0.15176632700247916,0.4449961185455322,FL_thigh_joint,0.0,0.9661152808136573,-0.005322925198006007,True,120,,0.15708925220048517,0.5744737386703491,FR_shank_joint,0.0,,,7.311808109283447,0.4654262065887451,1.0,True,load_velocity_jump,0.0,0.2,1.0
306,306,26,7,5.0,0.5,rigid,10.0,0.6842105263157895,OK,,0.17448575845920028,0.6034568548202515,RR_shank_joint,0.0,0.17228257052549936,,0.056533703422173856,0.08656438497892012,0.8869325931556523,0.04263370484113693,pd,0.007435612358903363,0.009471893310546875,0.01666798006629453,0.042076125741004944,0.0,0.0,-0.04480743408203125,0.047977447509765625,0.43573305010795593,0.41261971097174666,0.42057822337621786,,False,0.14846543675115745,0.4235522747039795,,-0.04155731201171875,0.25513890385627747,0.14325758936613123,False,False,rope_taut_during_settle,True,9,1.0050000000000001,0.20605611747812883,0.6034568548202515,RR_shank_joint,0.0,1.2962417584470118,0.04709185318456183,True,16,2.0300000000000002,0.15595330441795108,0.5404984951019287,FR_shank_joint,0.0,0.9810588883671651,-0.0030109598756159206,True,9,6.005,0.14348918731992985,0.39414674043655396,FR_thigh_joint,0.0,0.902650592305082,-0.015475076973637147,False,0,,,,,,,,True,120,,0.158964264293567,0.5809299945831299,RL_shank_joint,0.0,,,0.9700382351875305,0.4787116050720215,1.0,False,,,0.2,1.0
307,307,27,7,5.0,0.5,rigid,15.0,0.6842105263157895,OK,,0.17054069480096415,0.6068774461746216,RR_shank_joint,0.0,0.18126049979170716,,0.06117299293167889,0.09158306285923741,0.8776540141366422,0.04599455088376999,pd,0.0066455563980705665,0.01143646240234375,0.014246707384482282,0.036666493862867355,0.0,0.0,-0.038516998291015625,0.06261444091796875,0.4580778181552887,0.4094716971399066,0.43441211382968703,,False,0.15067307141186664,0.4945008158683777,,-0.03253936767578125,0.2554752230644226,0.1368677593917429,False,False,rope_taut_during_settle,True,9,1.0050000000000001,0.20820295400904965,0.6068774461746216,RR_shank_joint,0.0,1.2891546836332968,0.04669948460205839,True,16,2.0300000000000002,0.16095754236771864,0.5710606575012207,FL_shank_joint,0.0,0.996619719432176,-0.0005459270392726145,True,9,6.005,0.14831427988325874,0.4945008158683777,FR_thigh_joint,0.0,0.9183349461645585,-0.01318918952373252,False,0,,,,,,,,True,120,,0.16150346940699126,0.5904965400695801,RL_shank_joint,0.0,,,19.217649459838867,0.4362386465072632,1.0,False,,,0.2,1.0
308,308,28,7,5.0,0.5,inextensible,20.0,0.868421052631579,OK,,0.1742029899551021,0.5917530059814453,RR_shank_joint,0.0,0.18747700971828235,,0.06694949457421899,0.09465937944889305,0.8674781988188625,0.048691610097885134,pd,0.007341693920413027,0.01222991943359375,0.012031349519606927,0.039039287716150284,0.0,0.0,0.3819389343261719,0.3686027526855469,0.4642423987388611,0.21803639350747517,0.21803639350747517,,False,0.13908537628405307,0.43736982345581055,0.625,-0.011371612548828125,0.25385168194770813,0.06055323852763526,False,False,rope_not_continuously_taut,True,9,1.0050000000000001,0.19502488432661425,0.5917530059814453,RR_shank_joint,0.0,1.2145061702994235,0.03444530960240108,True,17,2.4050000000000002,0.15788527423052695,0.544202446937561,RL_shank_joint,0.0,0.983221399743314,-0.0026943004936862136,True,9,6.005,0.1416252612092682,0.38490259647369385,FL_thigh_joint,0.0,0.8819631105170256,-0.018954313514944976,False,0,,,,,,,,True,120,,0.16057957472421316,0.5918396711349487,RL_shank_joint,0.0,,,13.386482238769531,0.46640804409980774,1.0,False,,,0.2,1.0
309,309,29,7,5.0,0.5,inextensible,25.0,0.868421052631579,OK,,0.1751301233383986,0.588530421257019,RR_shank_joint,0.0,0.199439763094776,,0.07066326240077615,0.10004728850219963,0.859897871427238,0.04854262948036194,pd,0.0067579209285297285,0.008968353271484375,0.011810020708724105,0.039284106343984604,0.0,0.0,0.43419647216796875,0.4193611145019531,0.44632866978645325,0.14897709901965328,0.14897709901965328,,False,0.14177042483303337,0.3989206552505493,0.8500000000000005,-0.029109954833984375,0.2538517713546753,0.06820626971591222,False,False,rope_not_continuously_taut,True,9,1.0050000000000001,0.19435141057334174,0.588530421257019,RR_shank_joint,0.0,1.210061814419284,0.033738615212459994,True,17,2.4050000000000002,0.155543891759185,0.5058784484863281,FL_shank_joint,0.0,0.9684402255106301,-0.005068903601696734,True,9,6.005,0.14321235365157164,0.3989206552505493,FR_thigh_joint,0.0,0.8916621700642657,-0.0174004417093101,False,0,,,,,,,,True,120,,0.16061279536088174,0.6290549039840698,RL_shank_joint,0.0,,,26.7455997467041,0.4336998760700226,1.0,False,,,0.2,1.0
310,310,30,7,10.0,0.5,compliant,30.0,0.868421052631579,LOW,stop_margin_low,0.17709686054809362,0.7002760171890259,RL_shank_joint,0.0,0.22062006457285602,0.17499999999999982,0.07342035337351263,0.1087339537616363,0.8555626693554222,0.046300916373729704,pd,0.006379875392837543,0.017383575439453125,0.010948848965191493,0.03944909945130348,0.0,0.0,0.5333137512207031,0.5179100036621094,0.45738935470581055,0.0553787049224681,0.0553787049224681,,False,0.1493871718736147,0.4875800609588623,0.6749999999999998,-0.030757904052734375,0.25385209918022156,0.06446358714038762,False,True,,True,9,1.0050000000000001,0.19443309969339642,0.590202808380127,RR_shank_joint,0.0,1.232644157420257,0.036696498645194225,True,17,2.4050000000000002,0.1615142811318562,0.5919244289398193,RL_shank_joint,0.0,1.0239492930527874,0.003777680083654006,True,9,6.005,0.14389970437056293,0.4043341875076294,FR_thigh_joint,0.0,0.9122784655831978,-0.013836896677639265,False,0,,,,,,,,True,120,,0.1577366010482022,0.6188501119613647,FR_shank_joint,0.0,,,15.211362838745117,0.4332171678543091,1.0,False,,,0.2,1.0
311,311,31,7,10.0,0.5,compliant,35.0,0.868421052631579,LOW,stop_margin_low,0.18277841676143478,0.6767151355743408,RR_shank_joint,0.0,0.22692346735952051,0.17499999999999982,0.09524352878332137,0.12436569234968023,0.8118416565656662,0.07234344452619552,pd,0.004184692125372449,0.007537841796875,0.009887821363927617,0.039048220962285995,0.0,0.0,0.5421714782714844,0.5270576477050781,0.43967393040657043,0.042938147760878564,0.042938147760878564,,False,0.14715230242199254,0.4083080291748047,0.6749999999999998,-0.027202606201171875,0.25385236740112305,0.08406750452088783,False,False,rope_not_continuously_taut,True,9,1.0050000000000001,0.19499072968167902,0.5916434526443481,RR_shank_joint,0.0,1.2315716278931408,0.0366639825681139,True,17,2.43,0.1610815990564157,0.6025171279907227,FR_shank_joint,0.0,1.0173997886843122,0.002754851942850578,True,9,6.005,0.13956452730146024,0.36793196201324463,FR_thigh_joint,0.0,0.8814968402107886,-0.01876221981210488,False,0,,,,,,,,True,120,,0.15832674711356512,0.6359045505523682,FR_shank_joint,0.0,,,4.050786018371582,0.3988010287284851,1.0,False,,,0.2,1.0
312,312,32,7,10.0,0.5,compliant,40.0,0.868421052631579,OK,,0.16072022264788735,0.5884888172149658,FL_shank_joint,0.0,0.13485659042080542,0.17499999999999982,0.044441157123073935,0.0735568698070828,0.9987449786253273,0.04410078316926956,pd,0.004866369844883564,0.009002685546875,0.02367814429474611,0.04468793421983719,0.0,0.0,-0.23878097534179688,,-0.03663143888115883,,,,,0.14657107989100554,0.4331367015838623,0.625,-0.0489501953125,0.2538524568080902,0.17257287851283923,False,False,rope_taut_during_settle|robot_and_load_speeds_differ,True,9,1.0050000000000001,0.19434699137068026,0.5884888172149658,RR_shank_joint,0.0,1.291996301214845,0.04392319279792997,True,17,2.005,0.1483955752545404,0.4891228675842285,FR_shank_joint,0.0,0.986516606165686,-0.0020282233182098985,True,9,6.005,0.14849278446468842,0.4281599521636963,FR_shank_joint,0.0,0.9871628417419072,-0.0019310141080618737,False,0,,,,,,,,True,120,,0.1504237985727503,0.5149202346801758,FR_shank_joint,0.0,,,29292.623046875,0.521033525466919,1.0,False,,,0.2,1.0
313,313,33,7,10.0,1.0,compliant,5.0,0.868421052631579,COL,stop_collision,0.21249767661000918,0.8757600784301758,RR_shank_joint,0.0,0.3157104845311697,1.1500000000000001,0.17542601929046214,0.21360897675024618,0.8245739807095379,0.2105185568332672,pd,0.030183171716373757,0.05118560791015625,0.01496873535720525,0.02696862630546093,0.0,0.0,-0.0396575927734375,0.07440185546875,0.6908796429634094,0.5471236086179516,0.6066551913241511,,True,0.15509073882576427,0.5066872835159302,0.8500000000000005,-0.03725433349609375,0.2538489103317261,0.17526537321149094,False,False,rope_not_continuously_taut,True,9,1.0050000000000001,0.26064351431345606,0.8757600784301758,RR_shank_joint,0.0,1.340498506541569,0.06620576369939116,True,17,2.2800000000000002,0.19996125080635369,0.6891016960144043,RL_shank_joint,0.0,1.0284075503591494,0.005523500192288783,True,9,6.005,0.16395091142021953,0.5066872835159302,FL_thigh_joint,0.0,0.8432051435610464,-0.030486839193845372,True,10,6.03,0.1636755763928274,0.5066872835159302,FL_thigh_joint,0.0,0.8417890861003805,-0.030762174221237504,True,120,,0.1944377506140649,0.7775685787200928,RL_shank_joint,0.0,,,21.67218780517578,0.9239915609359741,1.0,True,load_velocity_jump,0.0,0.2,1.0
314,314,34,7,10.0,1.0,rigid,10.0,0.6842105263157895,COL,stop_collision|speed_track_error,0.22183213925647796,0.8829611539840698,RR_shank_joint,0.0,0.4054565951675796,,0.21679581813514232,0.2677205811042107,0.7832041818648576,0.25301460444927215,pd,0.016569920248941872,0.03015899658203125,0.03683918403040948,0.09881038218736649,0.0,0.0,-0.09386444091796875,0.059307098388671875,0.5875850319862366,0.39654347986757443,0.4159259984667898,,True,0.16863607214217818,0.5789161920547485,0.9500000000000002,-0.08840179443359375,0.2551417648792267,0.16612719955549293,False,False,rope_taut_during_settle|tension_not_steady,True,9,1.0050000000000001,0.2753679530924111,0.8829611539840698,RR_shank_joint,0.0,1.3987774902070667,0.07850465280320837,True,16,2.0300000000000002,0.1985887271125525,0.6713474988937378,RL_shank_joint,0.0,1.008764593607925,0.0017254268233497794,True,9,6.005,0.13562849068798113,0.34889769554138184,FL_shank_joint,0.0,0.6889475615248533,-0.061234809601221574,True,11,6.055,0.13934791593625112,0.34889769554138184,FL_shank_joint,0.0,0.7078410030287087,-0.05751538435295159,True,120,,0.1968633002892027,0.7932471036911011,RL_shank_joint,0.0,,,-5.697214603424072,0.9019762873649597,1.0,True,load_velocity_jump,0.0,0.2,1.0
315,315,35,7,10.0,1.0,rigid,15.0,0.6842105263157895,SPD,speed_track_error,0.22724588743081622,0.889960527420044,RL_shank_joint,0.0,0.43869222951231396,,0.23568263879045845,0.2902585024528178,0.7643173612095415,0.2691425284743309,pd,0.01854946515933999,0.0298004150390625,0.022649829000455816,0.058154888451099396,0.0,0.0,-0.3779945373535156,0.0601043701171875,0.5210447311401367,0.3701040975933054,0.4282271860201732,,False,0.17853617503704672,0.5431346893310547,,-0.3717689514160156,0.25545358657836914,0.1713631805263576,False,False,rope_taut_during_settle|tension_not_steady,True,9,1.0050000000000001,0.2826797349940905,0.889960527420044,RR_shank_joint,0.0,1.4255149645995842,0.08437965255792121,True,16,2.0300000000000002,0.19164571606136843,0.6685689687728882,RL_shank_joint,0.0,0.9664429470071308,-0.006654366374800852,True,9,6.005,0.14543105360439146,0.3437103033065796,FR_shank_joint,0.0,0.7333887702805377,-0.052869028831777826,False,0,,,,,,,,True,120,,0.19830008243616928,0.8049386739730835,RL_shank_joint,0.0,,,23.964139938354492,0.9185584187507629,1.0,False,,,0.2,1.0
316,316,36,7,10.0,1.0,rigid,20.0,0.6842105263157895,SPD,speed_track_error,0.2245985725470148,0.8976893424987793,RL_shank_joint,0.0,0.4704182037981681,,0.25333358861505983,0.3094843734702658,0.7466664113849402,0.28094814360141757,pd,0.019643771004526116,0.032623291015625,0.017396761911647806,0.03318024054169655,0.0,0.0,-0.30574798583984375,0.048221588134765625,0.46760013699531555,0.3578332210151345,0.4239433097030769,,False,0.19012118821868348,0.6743409633636475,,-0.30596923828125,0.2557183802127838,0.16059003896407623,False,False,rope_taut_during_settle|tension_not_steady,True,9,1.0050000000000001,0.2857066736638539,0.8976893424987793,RR_shank_joint,0.0,1.4278913029975537,0.08561674170329528,True,16,2.0300000000000002,0.1914606783332642,0.7005016803741455,RL_shank_joint,0.0,0.9568731242859566,-0.008629253627294414,True,9,6.005,0.1572672982356588,0.49619102478027344,FL_shank_joint,0.0,0.7859830661877534,-0.042822633724899806,False,0,,,,,,,,True,120,,0.2000899319605586,0.7709373235702515,RL_shank_joint,0.0,,,9.80029296875,0.874263346195221,1.0,False,,,0.2,1.0
317,317,37,7,10.0,1.0,rigid,25.0,0.6842105263157895,SPD,speed_track_error,0.2343812330806834,0.9007776975631714,RL_shank_joint,0.0,0.4988192161234165,,0.26340475676581265,0.3246793539986153,0.7365952432341873,0.28475697338581085,pd,0.017275397890430668,0.0308074951171875,0.013209656534025636,0.02964976243674755,0.0,0.0,-0.352752685546875,0.03504180908203125,0.36935460567474365,0.37594570894388823,0.4244904851668636,,False,0.19289835698871022,0.5698897838592529,,-0.35243988037109375,0.25592365860939026,0.1642837798806687,False,False,rope_taut_during_settle|tension_not_steady,True,9,1.0050000000000001,0.2883968190657305,0.9007776975631714,RR_shank_joint,0.0,1.462317745133813,0.09117783569126559,True,16,2.0300000000000002,0.19936608884975782,0.6451189517974854,RL_shank_joint,0.0,1.0108869107758056,0.0021471054752928986,True,9,6.005,0.16137344571865045,0.48454856872558594,FL_shank_joint,0.0,0.8182449932431017,-0.03584553765581447,False,0,,,,,,,,True,120,,0.19721898337446492,0.7714023590087891,RL_shank_joint,0.0,,,21.207483291625977,0.8869802355766296,1.0,False,,,0.2,1.0
318,318,38,7,10.0,1.0,inextensible,30.0,0.868421052631579,SPD,speed_track_error,0.22885534008029093,0.8759182691574097,RR_shank_joint,0.0,0.4681558556438917,,0.2522560303192586,0.2977715395757425,0.7477439696807414,0.2569953954219818,pd,0.02022282156304576,0.03448486328125,0.014820886565539503,0.03150535747408867,0.0,0.0,-0.4765129089355469,0.04976654052734375,0.41889703273773193,0.5667268845067923,0.5981877175605561,,False,0.19813477430056986,0.6521086692810059,,-0.4757537841796875,0.2538541555404663,0.16393989011862026,False,False,rope_not_continuously_taut|tension_not_steady,True,9,1.0050000000000001,0.2605352157359262,0.8759182691574097,RR_shank_joint,0.0,1.303524073972031,0.06066532384966683,True,17,2.255,0.1950878836526981,0.6611095666885376,RL_shank_joint,0.0,0.9760743942550258,-0.004782008233561258,True,9,6.005,0.16624332594702818,0.4923429489135742,FL_shank_joint,0.0,0.8317577218765537,-0.03362656593923119,False,0,,,,,,,,True,120,,0.19986989188625937,0.7776428461074829,RL_shank_joint,0.0,,,8.951220512390137,0.8754051923751831,1.0,False,,,0.2,1.0
319,319,39,7,10.0,1.0,inextensible,35.0,0.868421052631579,SPD,speed_track_error,0.2347405977482417,0.8758223056793213,RR_shank_joint,0.0,0.4951768261552084,,0.25769259438849984,0.3043958310032486,0.7423074056115001,0.24922777742147445,pd,0.01923469650117512,0.03476715087890625,0.015695946514054263,0.0313052237033844,0.0,0.0,-0.44130706787109375,0.048244476318359375,0.41026559472084045,0.5693890589429387,0.6082526906435675,,False,0.19263303584550545,0.6955883502960205,,-0.4409828186035156,0.2538531422615051,0.14874642789268291,False,False,rope_not_continuously_taut|tension_not_steady,True,9,1.0050000000000001,0.26101926943980974,0.8758223056793213,RR_shank_joint,0.0,1.3161847281138295,0.06270419719773487,True,17,2.255,0.20376543927688892,0.6738830804824829,RL_shank_joint,0.0,1.0274833726614638,0.005450367034814052,True,9,6.005,0.1623728812114503,0.4685298204421997,FL_shank_joint,0.0,0.8187621816926176,-0.03594219103062457,False,0,,,,,,,,True,120,,0.19831507224207487,0.7558562755584717,RL_shank_joint,0.0,,,28.09377098083496,0.8540759086608887,1.0,False,,,0.2,1.0
320,320,0,8,0.0,1.0,compliant,5.0,0.9210526315789473,OK,,0.19216301828779248,0.8762286901473999,RR_shank_joint,0.0,0.290481134769577,0.575,0.054588230894878506,0.13347272079368327,1.000080690337345,0.027707217931747435,pd,0.01413563126196922,0.02523040771484375,0.006800907531308457,0.02350492775440216,0.0,0.0,-0.6768302917480469,,-0.13539619743824005,,,,,0.1513023304862721,0.554452121257782,0.27500000000000036,0.12593650817871094,0.25384730100631714,0.06521132425778411,False,False,rope_taut_during_settle|robot_and_load_speeds_differ|tension_not_steady,True,9,1.0050000000000001,0.26234916068894726,0.8762286901473999,RR_shank_joint,0.0,1.4954253501928165,0.0869146860392293,True,17,2.005,0.16745304228076277,0.5942811965942383,RL_shank_joint,0.0,0.9545047666093489,-0.007981432368955182,True,9,6.005,0.17024207980509953,0.554452121257782,FL_thigh_joint,0.0,0.9704026540109301,-0.00519239484461842,False,0,,,,,,,,True,120,,0.17543447464971795,0.6136622428894043,FR_shank_joint,0.0,,,1747.4154052734375,0.9811265468597412,1.0,False,,,0.2,1.0
321,321,1,8,0.0,1.0,compliant,10.0,0.9210526315789473,OK,,0.21506079327671646,0.8759839534759521,RL_shank_joint,0.0,0.34483251010416044,,0.1426562788337469,0.1856377648988409,0.8573437211662531,0.10888132750988007,pd,0.016847152291884854,0.02864837646484375,0.009081298589546816,0.023044150322675705,0.0,0.0,0.47600555419921875,0.46692466735839844,0.8876480460166931,0.28034148961824457,0.28034148961824457,,False,0.14518542748624508,0.5091215968132019,0.5250000000000004,0.07532501220703125,0.25385257601737976,0.09864644960118402,False,True,,True,9,1.0050000000000001,0.26057794665119755,0.8759839534759521,RR_shank_joint,0.0,1.3441212805651095,0.06671303995048475,True,17,2.2800000000000002,0.18922182623283149,0.6775846481323242,RL_shank_joint,0.0,0.9760499177138374,-0.004643080467881311,True,9,6.005,0.16502846723751308,0.5091215968132019,FR_thigh_joint,0.0,0.8512549798003555,-0.02883643946319972,False,0,,,,,,,,True,120,,0.1938649067007128,0.7550127506256104,RL_shank_joint,0.0,,,18.611068725585938,0.8693345189094543,1.0,False,,,0.2,1.0
322,322,2,8,0.0,1.0,compliant,15.0,0.9210526315789473,LOW,stop_margin_low,0.22062826123048151,0.8759663105010986,RR_shank_joint,0.0,0.3835755707554504,,0.15345945828594268,0.20173245082380162,0.8465405417140573,0.11225658893585205,pd,0.014175400013947879,0.0258331298828125,0.015532446930626968,0.025815285742282867,0.0,0.0,0.6746368408203125,0.6617698669433594,0.8959556818008423,0.07391185294229885,0.07391185294229885,,False,0.15730535519274352,0.5195522308349609,0.5499999999999998,0.07654571533203125,0.2538500428199768,0.07419536120067244,False,True,,True,9,1.0050000000000001,0.26050948581212396,0.8759663105010986,RR_shank_joint,0.0,1.3634743907811744,0.06944650173739525,True,17,2.2800000000000002,0.19106984097607357,0.6959177255630493,RL_shank_joint,0.0,1.0000358881725733,6.85690134485939e-06,True,9,6.005,0.16010599137133746,0.5195522308349609,FL_thigh_joint,0.0,0.8379749334843252,-0.03095699270339125,False,0,,,,,,,,True,120,,0.19106298407472871,0.7470331192016602,RL_shank_joint,0.0,,,23.419546127319336,0.9038199782371521,1.0,False,,,0.2,1.0
323,323,3,8,0.0,1.0,compliant,20.0,0.9210526315789473,COL,stop_collision,0.2276271912937739,0.8759423494338989,RL_shank_joint,0.0,0.4258457380193727,,0.1892347839754075,0.2319955714649413,0.8107652160245925,0.1448261958360672,pd,0.020415979651841318,0.03485870361328125,0.010481807636315753,0.02285626158118248,0.0,0.0,0.7456016540527344,0.74993896484375,0.883831799030304,0.0016416731328021683,0.0029885000392155803,,True,0.14534616846824344,0.4862401485443115,0.47500000000000053,0.08032989501953125,0.25384721159935,0.11038222704725432,False,True,,True,9,1.0050000000000001,0.26090754812428235,0.8759423494338989,RR_shank_joint,0.0,1.3367742667034084,0.06573058023747444,True,17,2.2800000000000002,0.19662070457917147,0.6906461715698242,RL_shank_joint,0.0,1.0073970648688468,0.0014437366923635564,True,9,6.005,0.17098348664917074,0.4862401485443115,FR_thigh_joint,0.0,0.8760433595235064,-0.024193481237637177,True,17,7.98,0.13557154474818667,0.34122681617736816,RL_shank_joint,0.0,0.6946083147823612,-0.059605423138621244,True,120,,0.1951769678868079,0.7626785039901733,RL_shank_joint,0.0,,,28.056432723999023,0.9004473090171814,1.0,True,deck_contact_force,-77.75460815429688,0.2,1.0
324,324,4,8,0.0,1.0,compliant,25.0,0.9210526315789473,SPD,speed_track_error,0.2241948841809037,0.8759223222732544,RR_shank_joint,0.0,0.48497180627740905,,0.21162890485487879,0.2590870301064974,0.7883710951451213,0.1549698692560196,pd,0.020109705733703152,0.03221893310546875,0.009822252496162719,0.022923646494746208,0.0,0.0,0.5514621734619141,0.5964851379394531,0.8419946432113647,0.17581633441217193,0.22250048508385945,,False,0.14695683000395138,0.5544004440307617,0.3250000000000002,0.110137939453125,0.2538541555404663,0.08063645732225094,False,False,load_moved_during_settle|rope_not_continuously_taut,True,9,1.0050000000000001,0.26070726105660746,0.8759223222732544,RR_shank_joint,0.0,1.302472906633816,0.06054397187895086,True,17,2.2800000000000002,0.2109321634507183,0.7092723846435547,RL_shank_joint,0.0,1.0538004462122108,0.010768874273061696,True,9,6.005,0.16922238641318899,0.5544004440307617,FL_thigh_joint,0.0,0.8454216910024607,-0.03094090276446762,False,0,,,,,,,,True,120,,0.2001632891776566,0.7732402086257935,RL_shank_joint,0.0,,,43.10496139526367,0.8567476868629456,1.0,False,,,0.2,1.0
325,325,5,8,0.0,1.0,compliant,30.0,0.9210526315789473,COL,stop_collision|speed_track_error,0.22896882181827027,0.8758648633956909,RR_shank_joint,0.0,0.522625610278464,,0.22077968045137822,0.27474732281315856,0.7792203195486218,0.15017084360122682,pd,0.014752067481303782,0.02744293212890625,0.02173003753376884,0.03997083380818367,0.0,0.0,0.7329807281494141,0.7772388458251953,0.8753238916397095,-0.0016108489219845978,0.02583629472938398,1.5,True,0.1469940009558868,0.47742730379104614,0.25,0.08910369873046875,0.25384944677352905,0.08983253031984557,False,False,load_moved_during_settle|rope_not_continuously_taut,True,9,1.0050000000000001,0.2610056724924596,0.8758648633956909,RR_shank_joint,0.0,1.2840088540401986,0.05773162833677323,True,17,2.255,0.20356740359565123,0.686920166015625,RL_shank_joint,0.0,1.0014431721530574,0.00029335943996486313,True,9,6.005,0.16863574137600754,0.47742730379104614,FR_thigh_joint,0.0,0.8295980043908135,-0.03463830277967883,True,17,7.43,0.13603647705511923,0.36984574794769287,RL_shank_joint,0.0,0.6692269916710553,-0.06723756710056714,True,120,,0.20327404415568637,0.7717379331588745,RL_shank_joint,0.0,,,25.865671157836914,0.7802097797393799,1.0,True,deck_contact_force|load_velocity_jump,-79.81603240966797,0.2,1.0
326,326,6,8,0.0,1.0,compliant,35.0,0.9210526315789473,COL,stop_collision|speed_track_error,0.2357145920469087,0.875917911529541,RR_shank_joint,0.0,0.5341215405042434,,0.24042558876331896,0.28788316535977565,0.759574411236681,0.16806236624717713,pd,0.022671738493531806,0.038177490234375,0.020133595235824992,0.033214811235666275,0.0,0.0,0.7062358856201172,0.7560405731201172,0.8380736708641052,-0.0020035187384088715,0.04103084743471541,2.125000000000001,True,0.14586209489565724,0.4695490002632141,0.25,0.08233642578125,0.253853976726532,0.09948113556272999,False,False,load_moved_during_settle|rope_not_continuously_taut,True,9,1.0050000000000001,0.2608317326385958,0.875917911529541,RR_shank_joint,0.0,1.2899770151238021,0.05863298833495165,True,17,2.255,0.2124677113960391,0.7207345962524414,RL_shank_joint,0.0,1.0507865027933798,0.010268967092394915,True,9,6.005,0.1675223553044159,0.4695490002632141,FR_thigh_joint,0.0,0.8285034404212008,-0.034676388999228286,True,17,8.13,0.13428440077437967,0.363483190536499,RL_shank_joint,0.0,0.6641208442557054,-0.06791434352926451,True,120,,0.20219874430364418,0.7582354545593262,RL_shank_joint,0.0,,,39.81474304199219,0.7875343561172485,1.0,True,deck_contact_force,-7.941039085388184,0.2,1.0
327,327,7,8,0.0,1.0,compliant,40.0,0.9210526315789473,COL,stop_collision|speed_track_error,0.23327739505192835,0.8758894205093384,RR_shank_joint,0.0,0.569306223602364,,0.2668671821989119,0.3134408160332499,0.7331328178010881,0.19402774631977082,pd,0.014682522339205572,0.02423095703125,0.02211705670065089,0.038919541984796524,0.0,0.0,0.6888427734375,0.7803020477294922,0.821532130241394,-0.000481988364860797,0.06041369094419835,1.375,True,0.15464382630260068,0.5527783036231995,0.25,0.079345703125,0.25385206937789917,0.0805524951562874,False,False,load_moved_during_settle|rope_not_continuously_taut,True,9,1.0050000000000001,0.26098274120204895,0.8758894205093384,RR_shank_joint,0.0,1.26232024415502,0.05423430124753706,True,17,2.255,0.21305141511319384,0.725940465927124,RL_shank_joint,0.0,1.0304862042009542,0.006302975158681945,True,9,6.005,0.1588779384942576,0.5527783036231995,FL_thigh_joint,0.0,0.7684601563581974,-0.04787050146025429,True,17,7.355,0.14087089595522403,0.39492881298065186,RL_shank_joint,0.0,0.6813637674181144,-0.06587754399928786,True,120,,0.2067484399545119,0.7675678730010986,RL_shank_joint,0.0,,,54.52799987792969,0.7382180690765381,1.0,True,deck_contact_force,-121.05081176757812,0.2,1.0
328,328,8,8,0.0,1.5,rigid,5.0,0.7105263157894737,OK,,0.22655716763534778,0.9254328012466431,RR_shank_joint,0.0,0.5010920119980224,0.5499999999999998,0.07730225782841443,0.2252463873657996,0.9695492443690698,0.021241695880889894,pd,0.01521569385608642,0.03241729736328125,0.03144957352720975,0.057897597551345825,0.0,0.0,0.00949859619140625,0.0,0.0012703485554084182,,,,,0.16680719428189358,0.7652579843997955,0.3250000000000002,0.24129295349121094,0.2538491487503052,0.0909742172586459,False,False,rope_taut_during_settle|robot_and_load_speeds_differ,True,9,1.0050000000000001,0.2904522533349146,0.9254328012466431,RR_shank_joint,0.0,1.6149947684093957,0.11060507425025398,True,17,2.005,0.19145030722627304,0.5880415439605713,FR_shank_joint,0.0,1.0645165979286804,0.011603128141612434,True,9,6.005,0.20002652899649656,0.7652579843997955,FR_thigh_joint,0.0,1.1122027602242057,0.020179349911835953,False,0,,,,,,,,True,120,,0.1798471790846606,0.5962474346160889,FR_shank_joint,0.0,,,427.4935302734375,1.492337942123413,1.0,False,,,0.2,1.0
329,329,9,8,0.0,1.5,rigid,10.0,0.7105263157894737,COL,stop_collision,0.24804905363555066,0.9215744733810425,RR_shank_joint,0.0,0.7139576861125371,,0.2754997634328902,0.3637100909671813,0.8163334910447398,0.1952863132953644,pd,0.025931715934826516,0.05381011962890625,0.021095820741974688,0.035391390323638916,0.0,0.0,0.23515892028808594,0.2978248596191406,1.3115636110305786,0.4279899817762747,0.45670755570247223,,True,0.16820027368460813,0.7456358671188354,,0.23817825317382812,0.2549959123134613,0.13244199192546136,False,False,rope_taut_during_settle,True,9,1.0050000000000001,0.3062180389254766,0.9215744733810425,RR_shank_joint,0.0,1.401296359227757,0.08769321588645088,True,16,2.0300000000000002,0.2296028393111401,0.7811853885650635,RL_shank_joint,0.0,1.050694544070794,0.011078016272114355,True,9,6.005,0.21345271808999672,0.7456358671188354,FR_thigh_joint,0.0,0.9767893419223902,-0.005072104949029016,True,10,6.03,0.20807965026355635,0.7456358671188354,FR_thigh_joint,0.0,0.9522014358359462,-0.010445172775469386,True,120,,0.21852482303902573,0.7846584320068359,RL_shank_joint,0.0,,,33.81281661987305,1.3181045055389404,1.0,True,load_velocity_jump,0.0,0.2,1.0
330,330,10,8,0.0,1.5,rigid,15.0,0.7105263157894737,COL,stop_collision|speed_track_error,0.25074524900155276,0.9237842559814453,RL_shank_joint,0.0,0.7915073372694145,,0.31160137206315996,0.401928772100155,0.7922657519578934,0.21206889867782594,pd,0.020775919781406617,0.02933502197265625,0.024969228660622542,0.04327160865068436,0.0,0.0,0.3037586212158203,0.33733367919921875,1.2927122116088867,0.4362453076205348,0.4591026765829973,,True,0.16556390042016225,0.758135974407196,0.7999999999999998,0.3073310852050781,0.25528016686439514,0.10939833862114401,False,False,rope_taut_during_settle,True,9,1.0050000000000001,0.3101479634501511,0.9237842559814453,RL_shank_joint,0.0,1.3863666191430366,0.08643515965957457,True,17,2.005,0.2326692819175207,0.761001467704773,RL_shank_joint,0.0,1.040035608043823,0.008956478126944167,True,9,6.005,0.20997055917895657,0.758135974407196,FR_thigh_joint,0.0,0.9385719351830911,-0.013742244611619964,True,15,6.155,0.19474621848161686,0.758135974407196,FL_thigh_joint,0.0,0.870518875906289,-0.02896658530895968,True,120,,0.22371280379057654,0.7773860692977905,RL_shank_joint,0.0,,,10.031386375427246,1.1981111764907837,1.0,True,load_velocity_jump,0.0,0.2,1.0
331,331,11,8,0.0,1.5,rigid,20.0,0.7105263157894737,SPD,speed_track_error,0.2533721666100171,0.9279042482376099,RL_shank_joint,0.0,0.8391752340259894,,0.34065065963193775,0.4298229806640436,0.7728995602453749,0.23134247064590455,pd,0.01865582397823329,0.027904510498046875,0.020794967887153255,0.03476813808083534,0.0,0.0,0.3621807098388672,0.38251686096191406,1.2489984035491943,0.43833297484412626,0.45801128430300153,,False,0.17305714771594258,0.8774971067905426,0.6500000000000004,0.36504364013671875,0.25560927391052246,0.13854121969268032,False,False,rope_taut_during_settle,True,9,1.0050000000000001,0.31080102957152367,0.9279042482376099,RL_shank_joint,0.0,1.3903856855490577,0.08726519142112615,True,16,2.0300000000000002,0.2282238245660084,0.7108210325241089,RL_shank_joint,0.0,1.020971967870569,0.004687986415610884,True,9,6.005,0.2224523980761831,0.8774971067905426,FR_thigh_joint,0.0,0.9951531705914403,-0.0010834400742144035,False,0,,,,,,,,True,120,,0.22353583815039751,0.7857829332351685,RL_shank_joint,0.0,,,-15.922013282775879,1.1641035079956055,1.0,False,,,0.2,1.0
332,332,12,8,0.0,1.5,rigid,25.0,0.7105263157894737,SPD,speed_track_error,0.259048636670277,0.9341078996658325,RL_shank_joint,0.0,0.8962197983832721,,0.3716812435165048,0.46182599920893663,0.7522125043223302,0.2464168405532837,pd,0.030742306797200764,0.046966552734375,0.018662150295697167,0.02959354780614376,0.0,0.0,0.32834625244140625,0.3907432556152344,1.2178274393081665,0.4391061258563589,0.45829340961684295,,False,0.17516130715517694,0.6748270690441132,,0.33029937744140625,0.25581294298171997,0.10373376472995091,False,False,rope_taut_during_settle,True,9,1.0050000000000001,0.31222983225137996,0.9341078996658325,RL_shank_joint,0.0,1.3740202759272342,0.08499167738450439,True,17,2.005,0.23428752401073613,0.7466285228729248,RL_shank_joint,0.0,1.0310219432471204,0.007049369143860562,True,9,6.005,0.1945092596833987,0.6414470672607422,FR_thigh_joint,0.0,0.8559709516975674,-0.03272889518347688,False,0,,,,,,,,True,120,,0.22723815486687557,0.7731752395629883,RL_shank_joint,0.0,,,38.61516571044922,1.1012672185897827,1.0,False,,,0.2,1.0
333,333,13,8,0.0,1.5,rigid,30.0,0.7105263157894737,SPD,speed_track_error,0.26802297662676217,0.9415022134780884,RL_shank_joint,0.0,0.9423541982271543,,0.40139244973659516,0.49139201776087404,0.7324050335089366,0.2512767148017883,pd,0.032873038613092105,0.05623626708984375,0.025254843686855804,0.041834812611341476,0.0,0.0,0.4106101989746094,0.4628105163574219,1.2640776634216309,0.432803648787651,0.4619319504188546,,False,0.18181636296864034,0.8634639382362366,0.7750000000000004,0.413482666015625,0.2559371292591095,0.13832210265322703,False,False,rope_taut_during_settle,True,9,1.0050000000000001,0.315764283755136,0.9415022134780884,RL_shank_joint,0.0,1.3675834146550465,0.08487212729038168,True,17,2.005,0.24720740045222173,0.7601197957992554,RL_shank_joint,0.0,1.0706617506513607,0.01631524398746742,True,9,6.005,0.22615351173785603,0.7793261408805847,FR_thigh_joint,0.0,0.9794768051048038,-0.004738644726898278,False,0,,,,,,,,True,120,,0.2308921564647543,0.7761011123657227,RL_shank_joint,0.0,,,56.67394256591797,1.017667531967163,1.0,False,,,0.2,1.0
334,334,14,8,0.0,1.5,rigid,35.0,0.7105263157894737,SPD,speed_track_error,0.2697070371341056,0.9428890943527222,RL_shank_joint,0.0,0.9754377493436769,,0.42003937121480706,0.5122268249586357,0.7199737525234621,0.24818966984748841,pd,0.03389758848046101,0.06500244140625,0.024573862112492146,0.03827788680791855,0.0,0.0,0.5319843292236328,0.5890789031982422,1.289739727973938,0.4397387338761263,0.4591363117558984,,False,0.2021514451509787,1.0829588174819946,0.9500000000000002,0.5354022979736328,0.2559303045272827,0.16041047004313166,False,False,rope_taut_during_settle,True,9,1.0050000000000001,0.315775908997332,0.9428890943527222,RL_shank_joint,0.0,1.3563458082407158,0.08296219211275851,True,17,2.005,0.2467989643012011,0.7388468980789185,RL_shank_joint,0.0,1.0600705474049081,0.013985247416627627,True,9,6.005,0.25819237837145625,1.0829588174819946,FL_thigh_joint,0.0,1.1090084460077807,0.02537866148688278,False,0,,,,,,,,True,120,,0.23281371688457347,0.7946220636367798,RL_shank_joint,0.0,,,74.67460632324219,0.9645765423774719,1.0,False,,,0.2,1.0
335,335,15,8,0.0,1.5,rigid,40.0,0.7105263157894737,SPD,speed_track_error,0.2745305065925046,0.9472059011459351,RL_shank_joint,0.0,1.015949353723827,,0.46054775577038526,0.5458814470191219,0.6929681628197432,0.28956042289733885,pd,0.021415484669062543,0.032985687255859375,0.021364965434278165,0.03472280502319336,0.0,0.0,0.40997886657714844,0.47516632080078125,1.1837427616119385,0.42568086121459814,0.4570324576088005,,False,0.18551953959377454,0.799652487039566,0.8250000000000002,0.4131927490234375,0.25615546107292175,0.1250977155217907,False,False,rope_taut_during_settle,True,9,1.0050000000000001,0.31893785048678575,0.9472059011459351,RL_shank_joint,0.0,1.3634148023899453,0.08501208561485096,True,17,2.005,0.24572473202514994,0.7553945779800415,RL_shank_joint,0.0,1.0504389380095631,0.011798967153215156,True,9,6.005,0.21218242256650774,0.799652487039566,FL_thigh_joint,0.0,0.9070502459729878,-0.021743342305427044,False,0,,,,,,,,True,120,,0.23392576487193478,0.7932344675064087,RL_shank_joint,0.0,,,57.19382858276367,0.914628267288208,1.0,False,,,0.2,1.0
336,336,16,8,0.0,2.0,inextensible,5.0,0.9210526315789473,OK,,0.2679944255183683,0.9745560884475708,RR_shank_joint,0.0,0.7287441460484645,0.44999999999999996,0.11213883388787509,0.3268795706542684,0.9582702255807817,0.023423101902008057,pd,0.045224446763649284,0.0664215087890625,0.017903652737192705,0.028984853997826576,0.0,0.0,0.009754180908203125,0.0,0.001219598576426506,,,,,0.18299754562358198,1.022216022014618,0.5499999999999998,0.4133615493774414,0.2538464069366455,0.19066236964150257,False,False,rope_taut_during_settle|robot_and_load_speeds_differ,True,9,1.0050000000000001,0.3188213342649222,0.9745560884475708,RR_shank_joint,0.0,1.407541704836991,0.09231200017606458,True,17,2.005,0.22687629160620015,0.5497437715530396,FL_shank_joint,0.0,1.001620054726745,0.000366957517342531,True,9,6.005,0.2617683324290117,1.022216022014618,FL_thigh_joint,0.0,1.1556624519779053,0.035258998340154085,False,0,,,,,,,,True,120,,0.22650933408885762,0.58537757396698,FR_shank_joint,0.0,,,648.0017700195312,1.9873775243759155,1.0,False,,,0.2,1.0
337,337,17,8,0.0,2.0,inextensible,10.0,0.9210526315789473,COL,stop_collision|speed_track_error,0.27622666943622354,0.9734755754470825,RL_shank_joint,0.0,0.9989411213898377,,0.41002538623288276,0.5144725558880426,0.7949873068835587,0.2745396256446838,pd,0.011485793252170126,0.035140037536621094,0.030309829454076006,0.049414560198783875,0.0,0.0,0.9173784255981445,0.9075889587402344,1.7226308584213257,0.09335549174828017,0.09335549174828017,,True,0.19713182381426328,1.1350743770599365,0.4500000000000002,0.3484516143798828,0.2538509964942932,0.19354007532754586,False,False,load_moved_during_settle|rope_not_continuously_taut,True,9,1.0050000000000001,0.31953241356202805,0.9734755754470825,RR_shank_joint,0.0,1.3137185833768723,0.07630496926366087,True,17,2.205,0.2514263156240833,0.7939263582229614,RR_shank_joint,0.0,1.0337086604242676,0.008198871325716117,True,9,6.005,0.28287827126008164,1.1350743770599365,FR_thigh_joint,0.0,1.1630195436049346,0.03965082696171446,True,10,6.03,0.27844031415725734,1.1350743770599365,FR_thigh_joint,0.0,1.1447734237411733,0.03521286985889016,True,120,,0.24322744429836718,0.7939263582229614,RR_shank_joint,0.0,,,25.962173461914062,1.632662296295166,1.0,True,load_velocity_jump,0.0,0.2,1.0
338,338,18,8,0.0,2.0,inextensible,15.0,0.9210526315789473,COL,stop_collision|speed_track_error,0.27798682332634383,0.9735618829727173,RL_shank_joint,0.0,1.1077484557981578,,0.46471455158665775,0.5733174114820744,0.7676427242066711,0.29211949110031127,pd,0.011115210058821517,0.03545379638671875,0.025057541664148482,0.038652412593364716,0.0,0.0,0.9712448120117188,0.9920787811279297,1.6947004795074463,-0.0035049180935189383,0.004229027760599635,1.125,True,0.18404383634429722,1.124581217765808,0.6749999999999998,0.3098106384277344,0.2538508474826813,0.1694134685648192,False,False,load_moved_during_settle|rope_not_continuously_taut,True,9,1.0050000000000001,0.3189510283922294,0.9735618829727173,RR_shank_joint,0.0,1.2892442448227244,0.07155723185363302,True,17,2.205,0.2632257324931796,0.8101519346237183,RL_shank_joint,0.0,1.0639948785139133,0.015831935954583237,True,9,6.005,0.2679642507253174,1.124581217765808,FR_thigh_joint,0.0,1.083148625691234,0.020570454186721016,True,17,7.08,0.13456404266056163,0.3819851875305176,RL_shank_joint,0.0,0.5439265031836319,-0.11282975387803473,True,120,,0.24739379653859636,0.8101519346237183,RR_shank_joint,0.0,,,24.269372940063477,1.5269356966018677,1.0,True,deck_contact_force|load_velocity_jump,-56.61609649658203,0.2,1.0
339,339,19,8,0.0,2.0,inextensible,20.0,0.9210526315789473,COL,stop_collision|speed_track_error,0.2779494174400985,0.9735623598098755,RL_shank_joint,0.0,1.1868570582621083,,0.5156391935795546,0.6256587761610417,0.7421804032102227,0.3093437063694,pd,0.012306872421759719,0.031188249588012695,0.018763674429498525,0.0443631149828434,0.0,0.0,0.9565610885620117,1.0640640258789062,1.6851392984390259,-0.016572673244981573,0.03879462615396001,1.0,True,0.18629130484530385,1.1334866285324097,,0.33258056640625,0.2538509964942932,0.18372905971498174,False,False,rope_not_continuously_taut,True,9,1.0050000000000001,0.3197457177793941,0.9735623598098755,RR_shank_joint,0.0,1.2696768198469277,0.06791335163606116,True,17,2.205,0.279131715269266,0.7708632946014404,RL_shank_joint,0.0,1.1084028615702057,0.02729934912593307,True,9,6.005,0.27257795875481095,1.1334866285324097,FR_thigh_joint,0.0,1.0823785795653862,0.020745592611478014,True,17,6.88,0.149429977259829,0.6636104583740234,RL_shank_joint,0.0,0.5933708186452071,-0.10240238888350392,True,120,,0.25183236614333293,0.7971688508987427,RL_shank_joint,0.0,,,2.944643483715481e-06,1.3639377355575562,1.0,True,deck_contact_force|load_velocity_jump,-58.83248519897461,0.2,1.0
340,340,20,8,5.0,2.0,compliant,25.0,0.9210526315789473,COL,stop_collision|speed_track_error,0.28412946059235855,0.973796010017395,RL_shank_joint,0.0,1.1984133278729718,,0.6854252261668443,0.7470826600821496,0.6572873869165778,0.6149412071704865,pd,0.015274457662963424,0.03809833526611328,0.02495307732658215,0.044901054352521896,0.0,0.0,1.2756843566894531,1.2527961730957031,1.44770348072052,-0.012432410423961926,-0.0020207825609581676,0.875,True,0.1500867886378086,0.8371490836143494,,0.5521221160888672,0.25385046005249023,0.13919172233801885,False,True,,True,9,1.0050000000000001,0.319202010750631,0.973796010017395,RR_shank_joint,0.0,1.2495901582774498,0.06375664841627293,True,17,2.255,0.2827122550955428,0.7958078384399414,RL_shank_joint,0.0,1.1067425633098578,0.02726689276118477,True,9,6.005,0.19618958330261133,0.8371490836143494,FR_thigh_joint,0.0,0.768029536765731,-0.059255779031746725,True,17,6.88,0.13779138358283463,0.5521224141120911,FR_thigh_joint,0.0,0.5394162662560945,-0.11765397875152342,True,120,,0.25544536233435805,0.7958078384399414,RL_shank_joint,0.0,,,41.579673767089844,1.3543578386306763,1.0,True,deck_contact_force,-62.410850524902344,0.2,1.0
341,341,21,8,5.0,2.0,compliant,30.0,0.9210526315789473,COL,stop_collision|speed_track_error,0.2812392135097306,0.9736315011978149,RL_shank_joint,0.0,1.2723286289236178,,0.7523174104653298,0.8128585482240528,0.6238412947673351,0.6701520085334778,pd,0.019563056868753596,0.045536041259765625,0.02299957798938595,0.04361329600214958,0.0,0.0,0.9774894714355469,0.9790897369384766,1.2584761381149292,-0.0010254506364120175,0.00036264007129815923,1.25,True,0.14748873856377584,0.5329320430755615,0.375,0.30237579345703125,0.2538512349128723,0.12419134700901978,False,False,tension_not_steady,True,9,1.0050000000000001,0.31974907479872683,0.9736315011978149,RR_shank_joint,0.0,1.2471125094114173,0.06335755247358038,True,17,2.255,0.2805667112469537,0.7258588075637817,RL_shank_joint,0.0,1.094290125908099,0.024175188921807256,True,9,6.005,0.17953474992612678,0.5329320430755615,FR_thigh_joint,0.0,0.7002366860572219,-0.07685677239901967,True,17,7.205,0.1290792271667743,0.3853455185890198,FR_thigh_joint,0.0,0.5034457691743829,-0.12731229515837214,True,120,,0.25639152232514645,0.8145239353179932,RL_shank_joint,0.0,,,32.27013397216797,1.2907863855361938,1.0,True,deck_contact_force,-71.59567260742188,0.2,1.0
342,342,22,8,5.0,2.0,compliant,35.0,0.9210526315789473,COL,stop_collision|speed_track_error,0.28367951761812676,0.9739841222763062,RL_shank_joint,0.0,1.330893920068879,,0.7948142791818827,0.8573481693867748,0.6025928604090587,0.7006039381027221,pd,0.013755386327874016,0.03851318359375,0.02393473389944453,0.04789040982723236,0.0,0.0,0.8959465026855469,0.89349365234375,1.1520169973373413,0.0034166283176340073,0.0034166283176340073,,True,0.1507862165545688,0.7808396816253662,0.40000000000000036,0.239990234375,0.25385069847106934,0.11248431036056318,False,False,rope_not_continuously_taut|tension_not_steady,True,9,1.0050000000000001,0.31882022825637774,0.9739841222763062,RR_shank_joint,0.0,1.2327854669598133,0.0602024583352056,True,17,2.255,0.2742401924905183,0.7820107936859131,RL_shank_joint,0.0,1.0604073825789617,0.01562242256934615,True,9,6.005,0.18430742986176366,0.7808396816253662,FL_thigh_joint,0.0,0.7126634411778486,-0.07431034005940848,True,16,9.98,0.11864069496941322,0.19284141063690186,RR_shank_joint,0.0,0.4587491996608564,-0.13997707495175893,True,120,,0.25861776992117214,0.8122820854187012,RL_shank_joint,0.0,,,37.52679443359375,1.2350516319274902,1.0,True,deck_contact_force,-23.019466400146484,0.2,1.0
343,343,23,8,5.0,2.0,compliant,40.0,0.9210526315789473,COL,stop_collision|speed_track_error,0.28126984105116265,0.9736980199813843,RL_shank_joint,0.0,1.372791288364232,,0.8406632525660097,0.8987615558791222,0.5796683737169951,0.721230776309967,pd,0.015772781653049215,0.035297393798828125,0.026215406921899508,0.04629230499267578,0.0,0.0,-0.3177490234375,0.5188980102539062,1.077954888343811,0.3606066893484332,0.6545006689102699,,True,0.16091886497008373,0.8204312920570374,0.5,-0.31964683532714844,0.2538507580757141,0.10603365818957403,False,False,rope_not_continuously_taut|tension_not_steady,True,9,1.0050000000000001,0.31934475607792784,0.9736980199813843,RR_shank_joint,0.0,1.2321529138939518,0.060168518715709496,True,17,2.255,0.28932215058588073,0.7850492000579834,RL_shank_joint,0.0,1.1163143408920286,0.03014591322366239,True,9,6.005,0.19765302693732748,0.8204312920570374,FR_thigh_joint,0.0,0.7626201728559415,-0.06152321042489087,True,16,8.03,0.20580632685302896,0.8360645771026611,RL_shank_joint,0.0,0.7940786892642442,-0.05336991050918938,True,120,,0.25917623736221834,0.800716757774353,RL_shank_joint,0.0,,,72.75543212890625,1.1124540567398071,1.0,True,load_velocity_jump,0.0,0.2,1.0
344,344,24,8,5.0,0.5,rigid,5.0,0.7105263157894737,OK,,0.16158678295369783,0.5923135280609131,FL_shank_joint,0.0,0.1344881943939193,0.17499999999999982,0.03491119758225977,0.06618651716060904,1.0174032756499947,0.026591356098651885,pd,0.00671323520936164,0.0101776123046875,0.013791407382283936,0.03931140527129173,0.0,0.0,-0.2913188934326172,,-0.045020535588264465,,,,,0.1506143964433133,0.47090399265289307,0.75,-0.04410743713378906,0.2538513243198395,0.11792899956588744,False,False,rope_taut_during_settle|robot_and_load_speeds_differ,True,9,1.0050000000000001,0.19453234451517204,0.5923135280609131,RR_shank_joint,0.0,1.2864407203090507,0.0433148484859433,True,17,2.005,0.14743764910285717,0.48355114459991455,FR_shank_joint,0.0,0.975003904801856,-0.003779846926371566,True,9,6.005,0.14185936092716228,0.4202343225479126,FR_shank_joint,0.0,0.938114733097699,-0.009358135102066456,False,0,,,,,,,,True,120,,0.15121749602922874,0.520850658416748,FR_shank_joint,0.0,,,133.00228881835938,0.5041465163230896,1.0,False,,,0.2,1.0
345,345,25,8,5.0,0.5,rigid,10.0,0.7105263157894737,OK,,0.17498111081673925,0.6026878356933594,RR_shank_joint,0.0,0.1718913890669304,0.7,0.05246096139773727,0.08484598171402677,0.8950780772045255,0.036950468122959136,pd,0.008554036081776772,0.011035919189453125,0.012772582176470959,0.041820671409368515,0.0,0.0,-0.037693023681640625,0.046016693115234375,0.4427260756492615,0.44036234906272753,0.4541285243966833,,False,0.14722374886309816,0.42728352546691895,0.9750000000000005,-0.03487396240234375,0.2550753057003021,0.13995673630619182,False,False,rope_taut_during_settle,True,9,1.0050000000000001,0.20585748176251575,0.6026878356933594,RR_shank_joint,0.0,1.3189752890786173,0.04978368457536794,True,16,2.0300000000000002,0.15977177211793467,0.5701665878295898,RL_shank_joint,0.0,1.0236937589616828,0.003697974930786857,True,9,6.005,0.14552920901887123,0.4109609127044678,FR_thigh_joint,0.0,0.932438446694338,-0.01054458816827658,False,0,,,,,,,,True,120,,0.1560737971871478,0.5779422521591187,RL_shank_joint,0.0,,,-1.736590027809143,0.4858260750770569,1.0,False,,,0.2,1.0
346,346,26,8,5.0,0.5,rigid,15.0,0.7105263157894737,OK,,0.17091571352619198,0.607280969619751,RR_shank_joint,0.0,0.18223357460795198,,0.061634452128782866,0.09206753589742779,0.8767310957424342,0.04755468159914017,pd,0.006132009319857636,0.011585235595703125,0.013836721276265913,0.03717019781470299,0.0,0.0,-0.060962677001953125,0.06025886535644531,0.4504941701889038,0.4381045366306715,0.46277148354309716,,False,0.15180787561050726,0.4845636487007141,,-0.054615020751953125,0.2553861737251282,0.13579083580140117,False,False,rope_taut_during_settle,True,9,1.0050000000000001,0.2080676775422493,0.607280969619751,RR_shank_joint,0.0,1.2927205824255612,0.047114351378100855,True,16,2.0300000000000002,0.16045476767017847,0.5697610378265381,FL_shank_joint,0.0,0.9969024654174494,-0.0004985584939699861,True,9,6.005,0.14688990800372986,0.4845636487007141,FR_thigh_joint,0.0,0.9126242464472216,-0.01406341816041859,False,0,,,,,,,,True,120,,0.16095332616414845,0.5757689476013184,RL_shank_joint,0.0,,,19.973451614379883,0.4356928765773773,1.0,False,,,0.2,1.0
347,347,27,8,5.0,0.5,rigid,20.0,0.7105263157894737,OK,,0.17911111548105263,0.6090786457061768,RR_shank_joint,0.0,0.18927943784878473,0.625,0.06335212355479598,0.09515130318596342,0.8732957528904081,0.04760776489973068,pd,0.0051259971102493454,0.012897491455078125,0.024391987545791468,0.04336778447031975,0.0,0.0,0.00116729736328125,0.07321739196777344,0.4388710856437683,0.43301094361626724,0.4629303273705112,,False,0.1525109212431249,0.46404534578323364,,0.0042896270751953125,0.2556234300136566,0.15144041578294637,False,False,rope_taut_during_settle,True,9,1.0050000000000001,0.20991510232323607,0.6090786457061768,RR_shank_joint,0.0,1.3076179841084823,0.0493826648114091,True,16,2.0300000000000002,0.16413141512824525,0.5442497730255127,RL_shank_joint,0.0,1.0224190056053508,0.0035989776164182807,True,9,6.005,0.16167925888674822,0.46404534578323364,FR_thigh_joint,0.0,1.0071438607218355,0.001146821374921253,False,0,,,,,,,,True,120,,0.16053243751182697,0.5815784931182861,RL_shank_joint,0.0,,,14.294113159179688,0.4815559685230255,1.0,False,,,0.2,1.0
348,348,28,8,5.0,0.5,inextensible,25.0,0.9210526315789473,OK,,0.18036760855669157,0.6598538160324097,RR_shank_joint,0.0,0.19353123488350865,,0.06892918784171342,0.09729645488987018,0.8635475989431143,0.04964306622743606,pd,0.0061434720129456884,0.007907867431640625,0.016757720388318124,0.03908998891711235,0.0,0.0,0.4223194122314453,0.40776824951171875,0.44250115752220154,0.19888307924195558,0.19888307924195558,,False,0.15183070515586838,0.4404793977737427,0.8500000000000005,-0.03439521789550781,0.2538510859012604,0.06850721816889846,False,False,rope_not_continuously_taut,True,9,1.0050000000000001,0.19501060873620152,0.5918475389480591,RR_shank_joint,0.0,1.224138512245476,0.0357062434332201,True,17,2.4050000000000002,0.16318786682301328,0.5472067594528198,RL_shank_joint,0.0,1.0243778725877712,0.0038835015200318623,True,9,6.005,0.13626262766034125,0.3492562770843506,FR_shank_joint,0.0,0.8553602872161286,-0.02304173764264017,False,0,,,,,,,,True,120,,0.15930436530298142,0.5972317457199097,RL_shank_joint,0.0,,,10.928842544555664,0.4709462523460388,1.0,False,,,0.2,1.0
349,349,29,8,5.0,0.5,inextensible,30.0,0.9210526315789473,OK,,0.18125135670441953,0.6307096481323242,RL_shank_joint,0.0,0.20758414122107907,,0.0740910471137613,0.10405827523516004,0.8533825157769024,0.051791475117206574,pd,0.007575579450327777,0.01055145263671875,0.01227526516233217,0.03934906795620918,0.0,0.0,0.49575042724609375,0.4807243347167969,0.4480034112930298,0.1560705382054124,0.1560705382054124,,False,0.13599080680705936,0.3840358257293701,0.5750000000000002,-0.00743865966796875,0.2538493871688843,0.060376361813124474,False,False,rope_not_continuously_taut,True,9,1.0050000000000001,0.19439939880248835,0.592094898223877,RR_shank_joint,0.0,1.2200303880369752,0.03505959816418103,True,17,2.4050000000000002,0.1677298587811623,0.5995036363601685,RL_shank_joint,0.0,1.052655131418797,0.008390058142854984,True,9,6.005,0.13088356277798288,0.3840358257293701,FR_thigh_joint,0.0,0.8214116137567,-0.028456237860324446,False,0,,,,,,,,True,120,,0.15933980063830733,0.6055066585540771,RL_shank_joint,0.0,,,17.3126163482666,0.4677037000656128,1.0,False,,,0.2,1.0
350,350,30,8,10.0,0.5,compliant,35.0,0.9210526315789473,LOW,stop_margin_low,0.1767931899544962,0.7026251554489136,RL_shank_joint,0.0,0.229091401900045,0.17499999999999982,0.07824132695794106,0.1140546711549966,0.845183615386486,0.0518341925740242,pd,0.0056459607676193815,0.007678985595703125,0.010255908953754026,0.03925405442714691,0.0,0.0,0.5605392456054688,0.5453166961669922,0.4479314088821411,0.07003150024208438,0.07003150024208438,,False,0.14953663068262163,0.421156644821167,0.7000000000000002,-0.04145622253417969,0.25385117530822754,0.06918294098081282,False,True,,True,9,1.0050000000000001,0.19450539915763715,0.5918036699295044,RR_shank_joint,0.0,1.2261051833106635,0.03586860208249218,True,17,2.43,0.1630755688096096,0.626997709274292,RL_shank_joint,0.0,1.0279807195827462,0.004438771734464636,True,9,6.005,0.14600562996906136,0.3866223096847534,FR_thigh_joint,0.0,0.92037681459176,-0.012631167106083613,False,0,,,,,,,,True,120,,0.15863679707514497,0.6497679948806763,RL_shank_joint,0.0,,,13.416935920715332,0.40337252616882324,1.0,False,,,0.2,1.0
351,351,31,8,10.0,0.5,compliant,40.0,0.9210526315789473,LOW,stop_margin_low,0.1843097490553187,0.6913579702377319,RL_shank_joint,0.0,0.23703224524434963,,0.09670433225110173,0.12783885199583017,0.808838872872293,0.0737877681851387,pd,0.005759492288389108,0.00817108154296875,0.012033690426750556,0.039689578115940094,0.0,0.0,0.6031112670898438,0.5885906219482422,0.44847121834754944,0.05204327027404787,0.05204327027404787,,False,0.1421258899904792,0.38472801446914673,0.6500000000000004,-0.014039993286132812,0.25385385751724243,0.0731609549006326,False,False,rope_not_continuously_taut,True,9,1.0050000000000001,0.19370601484022248,0.592841386795044,RR_shank_joint,0.0,1.2338344113483137,0.03671086779407731,True,17,2.43,0.16222836646190994,0.6124540567398071,FL_shank_joint,0.0,1.0333336381042821,0.005233219415764767,True,9,6.005,0.14005514865092408,0.38472801446914673,FR_thigh_joint,0.0,0.8920985857592021,-0.01693999839522109,False,0,,,,,,,,True,120,,0.15699514704614517,0.6370768547058105,FR_shank_joint,0.0,,,22.913284301757812,0.42404091358184814,1.0,False,,,0.2,1.0
352,352,32,8,10.0,1.0,compliant,5.0,0.9210526315789473,OK,,0.19088340352392222,0.875839352607727,RR_shank_joint,0.0,0.292745286043932,0.575,0.0754196086525917,0.14223118377893385,0.9500481352210045,0.06838272333145141,pd,0.03352908195403528,0.05338287353515625,0.03030206820740489,0.06148261949419975,0.0,0.0,-0.23151397705078125,,-0.03472418710589409,,,,,0.15877041798522562,0.5186242461204529,0.875,-0.0043811798095703125,0.25385165214538574,0.17259881767169383,False,False,rope_taut_during_settle|robot_and_load_speeds_differ|tension_not_steady,True,9,1.0050000000000001,0.2606267301413379,0.875839352607727,RR_shank_joint,0.0,1.4285839867277752,0.07818962279400363,True,17,2.005,0.16819948043111044,0.5891618728637695,RL_shank_joint,0.0,0.9219587115623499,-0.01423762691622385,True,9,6.005,0.16227181934447,0.5186242461204529,FR_thigh_joint,0.0,0.8894671796978646,-0.020165288002864296,False,0,,,,,,,,True,120,,0.1824371073473343,0.7135789394378662,RL_shank_joint,0.0,,,33724.7578125,0.980158269405365,1.0,False,,,0.2,1.0
353,353,33,8,10.0,1.0,compliant,10.0,0.9210526315789473,COL,stop_collision,0.21251923839063416,0.8760385513305664,RR_shank_joint,0.0,0.3474228683161647,,0.19804718548431993,0.23817145344419827,0.8019528145156801,0.2342192506790161,pd,0.030956853218858268,0.0516815185546875,0.01777454259029594,0.03947749361395836,0.0,0.0,-0.33926963806152344,0.07044410705566406,0.5711008310317993,0.637566472992269,0.6931964714227625,,True,0.16065832917123818,0.4898366928100586,,-0.33611297607421875,0.2538493871688843,0.17024604885521027,False,False,rope_not_continuously_taut|tension_not_steady,True,9,1.0050000000000001,0.26090375752957307,0.8760385513305664,RR_shank_joint,0.0,1.3385532561347955,0.06598901929722331,True,17,2.58,0.17736246118662438,0.7346796989440918,RL_shank_joint,0.0,0.9099489489358058,-0.017552277045725373,True,9,6.005,0.1527864860197066,0.41964399814605713,FL_shank_joint,0.0,0.7838631773323174,-0.04212825221264316,True,17,6.655,0.16876283027155647,0.4898366928100586,RL_shank_joint,0.0,0.8658289865714583,-0.02615190796079328,True,120,,0.19491473823234975,0.8006200790405273,RL_shank_joint,0.0,,,2.9373388290405273,0.889643132686615,1.0,True,load_velocity_jump,0.0,0.2,1.0
354,354,34,8,10.0,1.0,rigid,15.0,0.7105263157894737,SPD,speed_track_error,0.22486484507833207,0.889501690864563,RL_shank_joint,0.0,0.4373889044489278,,0.23780781960114836,0.29218317022143003,0.7621921803988516,0.2732026541233063,pd,0.020832432809959528,0.036163330078125,0.017541432782648247,0.044571179896593094,0.0,0.0,-0.3686542510986328,0.05441093444824219,0.4988606572151184,0.38928493493456173,0.4441320105289712,,False,0.1765478294392508,0.5666049718856812,,-0.3636341094970703,0.25506591796875,0.16944089098291681,False,False,rope_taut_during_settle|tension_not_steady,True,9,1.0050000000000001,0.28230143806756647,0.889501690864563,RR_shank_joint,0.0,1.447714001353188,0.08730336676087369,True,16,2.0300000000000002,0.18929307602199213,0.7306329011917114,RL_shank_joint,0.0,0.9707433245545909,-0.005704995284700642,True,9,6.005,0.15220350207962113,0.36437809467315674,FR_shank_joint,0.0,0.7805384999948826,-0.042794569227071644,False,0,,,,,,,,True,120,,0.19499807130669278,0.8273971080780029,RL_shank_joint,0.0,,,22.400468826293945,0.9136217832565308,1.0,False,,,0.2,1.0
355,355,35,8,10.0,1.0,rigid,20.0,0.7105263157894737,SPD,speed_track_error,0.22244015378629148,0.8957327604293823,RL_shank_joint,0.0,0.4691601972295118,,0.25072203189134595,0.30709123098934904,0.749277968108654,0.2770327523350716,pd,0.01957700588206596,0.03012847900390625,0.019079689963697292,0.048816077411174774,0.0,0.0,-0.3236103057861328,0.050418853759765625,0.47351890802383423,0.38697322962887526,0.45093007120596695,,False,0.18460848584343703,0.6148895025253296,,-0.3217430114746094,0.2556074261665344,0.15916694753402572,False,False,rope_taut_during_settle|tension_not_steady,True,9,1.0050000000000001,0.28532880751958756,0.8957327604293823,RR_shank_joint,0.0,1.4252252593334238,0.08512971221795398,True,17,2.005,0.19877245012778103,0.6966716051101685,RL_shank_joint,0.0,0.9928738680277098,-0.0014266451738525476,True,9,6.005,0.15361796672856898,0.46826171875,FL_shank_joint,0.0,0.7673259786569849,-0.046581128573064595,False,0,,,,,,,,True,120,,0.20019909530163357,0.775949239730835,RL_shank_joint,0.0,,,2.3349077701568604,0.8742386102676392,1.0,False,,,0.2,1.0
356,356,36,8,10.0,1.0,rigid,25.0,0.7105263157894737,SPD,speed_track_error,0.23382162278665122,0.9000351428985596,RL_shank_joint,0.0,0.4991004235926722,,0.25996006598696114,0.31956425160812196,0.7400399340130389,0.2765960133075714,pd,0.023842774568449087,0.05086517333984375,0.014165805319702093,0.03013186901807785,0.0,0.0,-0.5783309936523438,0.037296295166015625,0.39752545952796936,0.3883611282069168,0.4509332071958809,,False,0.1941689042485852,0.6159404516220093,,-0.5815029144287109,0.25352567434310913,0.16503726002729696,False,False,rope_taut_during_settle|tension_not_steady,True,9,1.0050000000000001,0.28851573198516334,0.9000351428985596,RR_shank_joint,0.0,1.4605438761193204,0.09097580408395403,True,16,2.0300000000000002,0.20127355022878277,0.6795884370803833,RL_shank_joint,0.0,1.0189005957795056,0.0037336223275734604,True,9,6.005,0.1653813643771979,0.5168037414550781,FL_shank_joint,0.0,0.8372047420200838,-0.03215856352401142,False,0,,,,,,,,True,120,,0.1975399279012093,0.7741193771362305,RL_shank_joint,0.0,,,9.147717475891113,0.8792222738265991,1.0,False,,,0.2,1.0
357,357,37,8,10.0,1.0,rigid,30.0,0.7105263157894737,SPD,speed_track_error,0.2423592429527753,0.9035824537277222,RL_shank_joint,0.0,0.5185912495081877,,0.26993961991742255,0.33006869127737704,0.7300603800825775,0.28167211413383486,pd,0.016889078814396743,0.03043365478515625,0.01564622444760534,0.028578808531165123,0.0,0.0,-0.5321235656738281,0.031053543090820312,0.3328768312931061,0.4137034695228863,0.4559276016480851,,False,0.1934194899636145,0.5980058908462524,,-0.5334568023681641,0.2559867203235626,0.15426088943592725,False,False,rope_taut_during_settle|tension_not_steady,True,9,1.0050000000000001,0.29066926412315786,0.9035824537277222,RR_shank_joint,0.0,1.475205565221725,0.09363281647427041,True,16,2.0300000000000002,0.19817970803922752,0.7146910429000854,RL_shank_joint,0.0,1.0058022787356444,0.0011432603903400729,True,9,6.005,0.15534294062722404,0.472057580947876,FL_shank_joint,0.0,0.7883969817809551,-0.04169350702166341,False,0,,,,,,,,True,120,,0.19703644764888745,0.7659034729003906,RL_shank_joint,0.0,,,29.0810489654541,0.8638390898704529,1.0,False,,,0.2,1.0
358,358,38,8,10.0,1.0,inextensible,35.0,0.9210526315789473,SPD,speed_track_error,0.22865913436423294,0.8761199712753296,RR_shank_joint,0.0,0.49028067388472596,,0.25510671553201975,0.2991358208848262,0.7448932844679803,0.24458859562873841,pd,0.019833429437028528,0.03368377685546875,0.012813606787149639,0.027615008875727654,0.0,0.0,-0.40195465087890625,0.057952880859375,0.45069658756256104,0.6233492638944291,0.6751961597515077,,False,0.19163167757705085,0.6514794826507568,,-0.40045738220214844,0.25385257601737976,0.15049725424855348,False,False,rope_not_continuously_taut|tension_not_steady,True,9,1.0050000000000001,0.2622067964316923,0.8761199712753296,RR_shank_joint,0.0,1.322178556279563,0.06389258600499484,True,17,2.2800000000000002,0.2139415450245728,0.6783274412155151,RL_shank_joint,0.0,1.078800881511472,0.015627334597875325,True,9,6.005,0.14588646055441656,0.45612573623657227,FL_shank_joint,0.0,0.7356329142552309,-0.05242774987228091,False,0,,,,,,,,True,120,,0.19831421042669747,0.7954797744750977,RL_shank_joint,0.0,,,34.08319854736328,0.8522529602050781,1.0,False,,,0.2,1.0
359,359,39,8,10.0,1.0,inextensible,40.0,0.9210526315789473,SPD,speed_track_error,0.22961401272825124,0.8760418891906738,RR_shank_joint,0.0,0.5180847612934417,,0.2610655800811946,0.30737743210771734,0.7389344199188054,0.2364803683757782,pd,0.01807430843453507,0.0337677001953125,0.01196434838063286,0.02732372283935547,0.0,0.0,-0.37476348876953125,0.06078338623046875,0.45960333943367004,0.62975163755317,0.6651140182748918,,False,0.19358417187914606,0.6265408992767334,,-0.3736000061035156,0.25385355949401855,0.15154540904859914,False,False,rope_not_continuously_taut|tension_not_steady,True,9,1.0050000000000001,0.2607206215584896,0.8760418891906738,RR_shank_joint,0.0,1.308265694505544,0.06143341051759446,True,17,2.2800000000000002,0.20199056916857397,0.6942950487136841,RL_shank_joint,0.0,1.0135651360343645,0.0027033581276788565,True,9,6.005,0.1403086224386137,0.407450795173645,FL_shank_joint,0.0,0.7040523157796683,-0.05897858860228142,False,0,,,,,,,,True,120,,0.1992872110408951,0.7856549024581909,RL_shank_joint,0.0,,,34.47523498535156,0.8190564513206482,1.0,False,,,0.2,1.0
360,360,0,9,0.0,1.0,compliant,10.0,0.9736842105263157,OK,,0.19228841416276735,0.8759523630142212,RR_shank_joint,0.0,0.2906418036087454,0.575,0.055545164914801715,0.13380421090518088,1.0015919918101281,0.028600298762321473,pd,0.015034673984077542,0.02317047119140625,0.01740287043792818,0.028254380449652672,0.0,0.0,-1.0218162536621094,,-0.19482974708080292,,,,,0.1564657620796235,0.5480366349220276,0.27500000000000036,0.1091461181640625,0.2538489103317261,0.076060998516454,False,False,rope_taut_during_settle|robot_and_load_speeds_differ|tension_not_steady,True,9,1.0050000000000001,0.26231178295602076,0.8759523630142212,RR_shank_joint,0.0,1.489000595528716,0.08614544444433012,True,17,2.005,0.1678422701988346,0.5963410139083862,RL_shank_joint,0.0,0.952748814653353,-0.008324068312856037,True,9,6.005,0.1719627648534552,0.5480366349220276,FL_thigh_joint,0.0,0.9761386102830509,-0.004203573658235427,False,0,,,,,,,,True,120,,0.17616633851169064,0.6218159198760986,FR_shank_joint,0.0,,,1734.0438232421875,0.9810083508491516,1.0,False,,,0.2,1.0
361,361,1,9,0.0,1.0,compliant,15.0,0.9736842105263157,OK,,0.21934245563426483,0.8763670921325684,RL_shank_joint,0.0,0.3776364579120723,,0.1636785434279591,0.20544320520240628,0.8363214565720409,0.1290268689393997,pd,0.015646466957905836,0.02698516845703125,0.016346994570864658,0.026996072381734848,0.0,0.0,0.5534868240356445,0.5866236686706543,0.8825071454048157,0.23954533463349792,0.2719022823514359,,False,0.14339979789316762,0.6135395765304565,0.25,0.08665704727172852,0.2538532316684723,0.09519915248237681,False,True,,True,9,1.0050000000000001,0.2619230488373702,0.8763670921325684,RR_shank_joint,0.0,1.3459287289807282,0.06731909753028686,True,17,2.2800000000000002,0.1899750045198352,0.7168214321136475,RL_shank_joint,0.0,0.9762135005165249,-0.0046289467872481505,True,9,6.005,0.18150053212274161,0.6135395765304565,FR_thigh_joint,0.0,0.9326662223642898,-0.013103419184341741,False,0,,,,,,,,True,120,,0.19460395130708336,0.7537511587142944,RL_shank_joint,0.0,,,19.893840789794922,0.8560634851455688,1.0,False,,,0.2,1.0
362,362,2,9,0.0,1.0,compliant,20.0,0.9736842105263157,COL,stop_collision,0.22807206945734232,0.8984514474868774,RL_shank_joint,0.0,0.43262253347527724,,0.18254802373237908,0.23001473000592002,0.8174519762676209,0.12594258308410644,pd,0.022698123618773613,0.0411224365234375,0.017841967230203606,0.028298068791627884,0.0,0.0,0.8095030784606934,0.8098556995391846,0.8777201175689697,-1.1590360731172922e-05,0.00011012395928222674,2.875000000000001,True,0.14847488814076829,0.5387246608734131,0.25,0.08304882049560547,0.25385165214538574,0.10010775099810938,False,True,,True,9,1.0050000000000001,0.26088405330871905,0.8759554624557495,RR_shank_joint,0.0,1.346810098104414,0.06717890239256255,True,17,2.2800000000000002,0.191651393737251,0.7050150632858276,RL_shank_joint,0.0,0.9893975086919891,-0.002053757178905491,True,9,6.005,0.17492505928906885,0.5387246608734131,FR_thigh_joint,0.0,0.9030480524742657,-0.01878009162708766,True,16,8.855,0.14284917662536034,0.36533498764038086,RL_shank_joint,0.0,0.7374567787678051,-0.05085597429079616,True,120,,0.1937051509161565,0.7627978324890137,RL_shank_joint,0.0,,,28.850400924682617,0.8871377110481262,1.0,True,deck_contact_force,-29.40484619140625,0.2,1.0
363,363,3,9,0.0,1.0,compliant,25.0,0.9736842105263157,COL,stop_collision|speed_track_error,0.2342631473940489,0.8842337131500244,RL_shank_joint,0.0,0.46728005062057437,,0.21122855036519467,0.2554472109626358,0.7887714496348053,0.16091125190258027,pd,0.013951697009190168,0.0241241455078125,0.019129347521766694,0.03400282934308052,0.0,0.0,0.7916369438171387,0.8036708831787109,0.8569812178611755,-1.776773072892368e-05,0.006311424968730162,1.875,True,0.1563272341061127,0.5540696382522583,0.5499999999999998,0.06944990158081055,0.2538501024246216,0.07919633878838943,False,True,,True,9,1.0050000000000001,0.26080831647252833,0.876013994216919,RR_shank_joint,0.0,1.3083502615469544,0.06146695954555656,True,17,2.2800000000000002,0.19432397622816952,0.6991245746612549,RR_shank_joint,0.0,0.9748302069568014,-0.005017380698802254,True,9,6.005,0.16199189763363947,0.5540696382522583,FR_thigh_joint,0.0,0.8126356724509747,-0.037349459293332304,True,17,7.755,0.1517621545595299,0.40625905990600586,RL_shank_joint,0.0,0.7613179567907106,-0.04757920236744187,True,120,,0.19934135692697177,0.7764432430267334,RL_shank_joint,0.0,,,20.63580322265625,0.8209332823753357,1.0,True,deck_contact_force,-87.75360870361328,0.2,1.0
364,364,4,9,0.0,1.0,compliant,30.0,0.9736842105263157,COL,stop_collision|speed_track_error,0.23460512298555236,0.8761019706726074,RR_shank_joint,0.0,0.5152061883688475,,0.2169901729747653,0.2709012846530681,0.7830098270252347,0.1446230560541153,pd,0.019514300495950224,0.03063201904296875,0.014224851584086899,0.041358985006809235,0.0,0.0,0.7989158630371094,0.8408279418945312,0.867238461971283,-0.0004511990511146813,0.03782917986520129,1.625,True,0.14601035777792828,0.5572696924209595,0.35000000000000053,0.1185157299041748,0.2538549304008484,0.08652212043901326,False,False,load_moved_during_settle|rope_not_continuously_taut,True,9,1.0050000000000001,0.2622000414039865,0.8761019706726074,RR_shank_joint,0.0,1.2863701727803865,0.0583706562455433,True,17,2.255,0.21133471583734492,0.691329836845398,RL_shank_joint,0.0,1.0368216323326864,0.007505330678901717,True,9,6.005,0.16806156312400658,0.5572696924209595,FR_thigh_joint,0.0,0.8245207774794928,-0.035767822034436625,True,17,7.58,0.12785085395911522,0.3022654056549072,RL_shank_joint,0.0,0.6272444665411349,-0.07597853119932799,True,120,,0.2038293851584432,0.7794941663742065,RL_shank_joint,0.0,,,53.06196975708008,0.8257085084915161,1.0,True,deck_contact_force,-323.6181640625,0.2,1.0
365,365,5,9,0.0,1.0,compliant,35.0,0.9736842105263157,COL,stop_collision|speed_track_error,0.2362138460442838,0.8760708570480347,RR_shank_joint,0.0,0.5553177542850104,,0.25145096694119273,0.3009491663403429,0.7485490330588073,0.1781683474779129,pd,0.01899218013694704,0.032135009765625,0.011000000043916762,0.023427298292517662,0.0,0.0,0.7481865882873535,0.8077940940856934,0.8343157768249512,0.0007566143759856203,0.041218244335731846,,True,0.14289682251339403,0.4765545129776001,0.5,0.06879377365112305,0.25384944677352905,0.10677027045866647,False,False,load_moved_during_settle|rope_not_continuously_taut,True,9,1.0050000000000001,0.2621866709771579,0.8760708570480347,RR_shank_joint,0.0,1.2829884133861305,0.05783044434126722,True,17,2.255,0.21388898542713708,0.7449203729629517,RL_shank_joint,0.0,1.0466477530348575,0.009532758791246376,True,9,6.005,0.16494663169365398,0.4765545129776001,FR_thigh_joint,0.0,0.8071524631718009,-0.039409594942236725,True,17,7.48,0.12713954334660782,0.3310401439666748,RL_shank_joint,0.0,0.6221466575282641,-0.07721668328928288,True,120,,0.2043562266358907,0.7684214115142822,RL_shank_joint,0.0,,,57.2943000793457,0.780653715133667,1.0,True,deck_contact_force|load_velocity_jump,-101.36204528808594,0.2,1.0
366,366,6,9,0.0,1.0,compliant,40.0,0.9736842105263157,SPD,speed_track_error,0.23719765488390449,0.8759996891021729,RR_shank_joint,0.0,0.5734729707362276,,0.2688992543518543,0.3162474992456331,0.7311007456481456,0.19681946218013763,pd,0.01605381024286027,0.0290679931640625,0.015560119004301598,0.02308165654540062,0.0,0.0,0.5291504859924316,0.6107277870178223,0.7979287505149841,0.18034957263275597,0.2630834954334871,,False,0.15655888702739412,0.5342757701873779,0.22500000000000053,0.07347726821899414,0.2538539171218872,0.08282525889420427,False,False,load_moved_during_settle,True,9,1.0050000000000001,0.2606283339541374,0.8759996891021729,RR_shank_joint,0.0,1.2796269748441373,0.056953091811103695,True,17,2.2800000000000002,0.21484061164475782,0.7072849273681641,RL_shank_joint,0.0,1.054819473315677,0.011165369501724087,True,9,6.005,0.16683678865566076,0.5342757701873779,FL_thigh_joint,0.0,0.8191314118507214,-0.03683845348737297,False,0,,,,,,,,True,120,,0.20367524214303373,0.7500107288360596,RL_shank_joint,0.0,,,42.548580169677734,0.7454096078872681,1.0,False,,,0.2,1.0
367,367,7,9,0.0,1.5,compliant,5.0,0.9736842105263157,COL,stop_collision,0.23858188505570804,0.9254566431045532,RR_shank_joint,0.0,0.5650635068232995,0.75,0.21424821492284538,0.29097143761658856,0.8571678567181031,0.16076995491981505,pd,0.013569781671374407,0.02032470703125,0.019031166979524446,0.032061655074357986,0.0,0.0,0.3750925064086914,0.3694171905517578,1.3204083442687988,0.5653612124868836,0.5653612124868836,,True,0.1656733080164637,0.7367435097694397,0.375,0.22245121002197266,0.2538526654243469,0.09653584182688331,False,False,rope_not_continuously_taut,True,9,1.0050000000000001,0.29015390346710335,0.9254566431045532,RR_shank_joint,0.0,1.3877122040427383,0.08106595092059157,True,17,2.255,0.20173978405865167,0.6663674116134644,RL_shank_joint,0.0,0.9648560885581129,-0.007348168487860102,True,9,6.005,0.2070282871296111,0.7367435097694397,FR_thigh_joint,0.0,0.9901492869779644,-0.002059665416900669,True,10,6.03,0.2038531186508563,0.7367435097694397,FR_thigh_joint,0.0,0.974963483874132,-0.005234833895655461,True,120,,0.20908795254651177,0.7439115047454834,RL_shank_joint,0.0,,,14.015461921691895,1.4066375494003296,1.0,True,load_velocity_jump,0.0,0.2,1.0
368,368,8,9,0.0,1.5,rigid,10.0,0.7368421052631579,OK,,0.22615726368732744,0.9260218143463135,RR_shank_joint,0.0,0.5014485816978892,0.5499999999999998,0.07729001684114337,0.22542186573861187,0.9690365661308169,0.021995774507522582,pd,0.015189962271695766,0.03217315673828125,0.03150345267246208,0.05759203061461449,0.0,0.0,0.008611679077148438,0.0,0.0014290877152234316,,,,,0.1675131967976329,0.7580385506153107,0.47500000000000053,0.2378549575805664,0.2538512349128723,0.08617609230882016,False,False,rope_taut_during_settle|robot_and_load_speeds_differ,True,9,1.0050000000000001,0.2902827789145215,0.9260218143463135,RR_shank_joint,0.0,1.6146257192209934,0.11049945485439572,True,17,2.005,0.1894579535264862,0.58742356300354,FR_shank_joint,0.0,1.0538127188210455,0.00967462946636044,True,9,6.005,0.19624903248158068,0.7580385506153107,FR_thigh_joint,0.0,1.091586405510826,0.016465708421454922,False,0,,,,,,,,True,120,,0.17978332406012576,0.6042803525924683,FL_shank_joint,0.0,,,656.4931030273438,1.493515133857727,1.0,False,,,0.2,1.0
369,369,9,9,0.0,1.5,rigid,15.0,0.7368421052631579,COL,stop_collision|speed_track_error,0.2494817869608755,0.925049901008606,RL_shank_joint,0.0,0.7770309927040651,,0.3016098645329475,0.39344301445584373,0.7989267569780351,0.2070124304294586,pd,0.023106337337578244,0.044292449951171875,0.01677401409664846,0.03533293306827545,0.0,0.0,0.3072662353515625,0.35122108459472656,1.2929129600524902,0.4652618754363249,0.4843483234037782,,True,0.16287895831874935,0.7885140776634216,0.9500000000000002,0.31067895889282227,0.255302369594574,0.14098006950865638,False,False,rope_taut_during_settle,True,9,1.0050000000000001,0.31096655157163094,0.925049901008606,RL_shank_joint,0.0,1.3987224791916597,0.08864471418231362,True,17,2.005,0.21899238684594233,0.7329175472259521,RL_shank_joint,0.0,0.9850241857368934,-0.0033294505433749955,True,9,6.005,0.2204558606917134,0.7885140776634216,FR_thigh_joint,0.0,0.9916068672357349,-0.0018659766976039105,True,12,6.08,0.21014889298440545,0.7885140776634216,FL_thigh_joint,0.0,0.945246294525736,-0.012172944404911873,True,120,,0.22232183738931732,0.7821725606918335,RL_shank_joint,0.0,,,108.30768585205078,1.2267482280731201,1.0,True,load_velocity_jump,0.0,0.2,1.0
370,370,10,9,0.0,1.5,rigid,20.0,0.7368421052631579,SPD,speed_track_error,0.25378480722562335,0.9281589984893799,RL_shank_joint,0.0,0.8447318615118801,,0.34147994277998805,0.431854602137224,0.7723467048133413,0.22207688450813293,pd,0.019329420861787655,0.030406951904296875,0.020143127756907398,0.03354436531662941,0.0,0.0,0.3903675079345703,0.414337158203125,1.2970216274261475,0.4670428111140503,0.48263195103420053,,False,0.17268857979488883,0.832155704498291,0.6749999999999998,0.39316654205322266,0.25550001859664917,0.138260563058218,False,False,rope_taut_during_settle,True,9,1.0050000000000001,0.3104562374336854,0.9281589984893799,RL_shank_joint,0.0,1.3867422824746254,0.08658173576371406,True,17,2.005,0.23076779509534104,0.7122617959976196,RL_shank_joint,0.0,1.0307908822753364,0.0068932934253697065,True,9,6.005,0.2214354842669612,0.832155704498291,FR_thigh_joint,0.0,0.9891054256522448,-0.002439017403010141,False,0,,,,,,,,True,120,,0.22387450166997133,0.7730485200881958,RL_shank_joint,0.0,,,48.995540618896484,1.154808521270752,1.0,False,,,0.2,1.0
371,371,11,9,0.0,1.5,rigid,25.0,0.7368421052631579,SPD,speed_track_error,0.2589694254090974,0.9312912225723267,RL_shank_joint,0.0,0.8960216696155275,,0.3614147854410112,0.4567772501342755,0.7590568097059925,0.22213602304458618,pd,0.020629370442654997,0.030712127685546875,0.022357995978711475,0.038009073585271835,0.0,0.0,0.4356679916381836,0.466949462890625,1.289331316947937,0.46848697277248164,0.4853149852284311,,False,0.17257898349440123,0.8123683333396912,0.7750000000000004,0.43829822540283203,0.25567272305488586,0.1305444728027933,False,False,rope_taut_during_settle,True,9,1.0050000000000001,0.3125593899142807,0.9312912225723267,RL_shank_joint,0.0,1.4074733689234928,0.09048812603428133,True,16,2.0300000000000002,0.23183614788653598,0.7450023889541626,RL_shank_joint,0.0,1.0439718486576148,0.009764884006536578,True,9,6.005,0.2128278859573571,0.8123683333396912,FR_thigh_joint,0.0,0.9583765239989036,-0.009243377922642293,False,0,,,,,,,,True,120,,0.2220712638799994,0.7461647987365723,RL_shank_joint,0.0,,,16.48044776916504,1.0730435848236084,1.0,False,,,0.2,1.0
372,372,12,9,0.0,1.5,rigid,30.0,0.7368421052631579,SPD,speed_track_error,0.26703848971348654,0.9380818605422974,RL_shank_joint,0.0,0.9316057885046259,,0.3771508000977337,0.4766345225659438,0.7485661332681776,0.21608919501304627,pd,0.024440092064148086,0.0420074462890625,0.02002241959389698,0.031134188175201416,0.0,0.0,0.4779243469238281,0.5258727073669434,1.2728707790374756,0.46898386728982855,0.47684196131000745,,False,0.23141541711516195,1.2328273057937622,0.8250000000000002,0.48001575469970703,0.2558250427246094,0.3016555029521496,False,False,rope_taut_during_settle,True,9,1.0050000000000001,0.3155169871603574,0.9380818605422974,RL_shank_joint,0.0,1.3833170409838218,0.08742973180784602,True,17,2.005,0.24717020025860725,0.7693454027175903,RL_shank_joint,0.0,1.083665108235017,0.019082944906095856,True,9,6.005,0.32469564118519634,1.2301865816116333,FR_thigh_joint,0.0,1.4235588949648923,0.09660838583268494,False,0,,,,,,,,True,120,,0.2280872553525114,0.7920963764190674,RL_shank_joint,0.0,,,63.46345520019531,1.0353895425796509,1.0,False,,,0.2,1.0
373,373,13,9,0.0,1.5,rigid,35.0,0.7368421052631579,SPD,speed_track_error,0.2706263363833865,0.9378412961959839,RL_shank_joint,0.0,0.9734889742134281,,0.4051332009397447,0.504316540790186,0.7299111993735035,0.22245962381362916,pd,0.033533194280067714,0.05381011962890625,0.025371343491680468,0.04149593785405159,0.0,0.0,0.514246940612793,0.5775871276855469,1.2892764806747437,0.4535284899762715,0.4853118284723632,,False,0.18662514187259896,0.7334457635879517,0.9500000000000002,0.5175967216491699,0.25591760873794556,0.14384432418941084,False,False,rope_taut_during_settle,True,9,1.0050000000000001,0.3151032484867984,0.9378412961959839,RL_shank_joint,0.0,1.3673895320008687,0.08466178238480529,True,17,2.005,0.24258214073563336,0.7618975639343262,RL_shank_joint,0.0,1.052684418472962,0.01214067463364027,True,9,6.005,0.21338348761204956,0.7334457635879517,FR_thigh_joint,0.0,0.9259769572790615,-0.01705797848994353,False,0,,,,,,,,True,120,,0.2304414661019931,0.8077893257141113,RL_shank_joint,0.0,,,60.088722229003906,0.9685668349266052,1.0,False,,,0.2,1.0
374,374,14,9,0.0,1.5,rigid,40.0,0.7368421052631579,SPD,speed_track_error,0.2727747294836151,0.9397786855697632,RL_shank_joint,0.0,1.0099684304082808,,0.4395940635353327,0.5342826149535438,0.706937290976445,0.24860828399658202,pd,0.02679043464140031,0.045597076416015625,0.0263793447350664,0.04388851672410965,0.0,0.0,0.6116671562194824,0.6566247940063477,1.277899146080017,0.4640545365061395,0.48650764695641957,,False,0.18942375748070073,0.8225609660148621,,0.6155886650085449,0.25590673089027405,0.15590292903997782,False,False,rope_taut_during_settle,True,9,1.0050000000000001,0.3157438715214854,0.9397786855697632,RL_shank_joint,0.0,1.3753149756867882,0.08616455543513724,True,17,2.005,0.24708864966901245,0.7728874683380127,RL_shank_joint,0.0,1.0762670343354397,0.017509333582664266,True,9,6.005,0.22739210285140618,0.8225609660148621,FR_thigh_joint,0.0,0.9904729516916961,-0.0021872132349420037,False,0,,,,,,,,True,120,,0.22957931608634818,0.774394154548645,RL_shank_joint,0.0,,,60.325889587402344,0.9140560626983643,1.0,False,,,0.2,1.0
375,375,15,9,0.0,2.0,rigid,5.0,0.7368421052631579,COL,stop_collision,0.27614419406554724,0.9711331129074097,RL_shank_joint,0.0,0.9650950758335891,,0.32148931378498674,0.4675586673288274,0.8392553431075066,0.20009758472442626,pd,0.010173766225793142,0.033809661865234375,0.012435526768738223,0.023272747173905373,0.0,0.0,0.3914055824279785,0.3671445846557617,1.834060549736023,0.46392028180222816,0.47918504382936694,,True,0.17819284281483114,0.9844785332679749,0.75,0.3949851989746094,0.2545991539955139,0.14759199886736243,False,False,rope_taut_during_settle,True,9,1.0050000000000001,0.3187997864534882,0.9711331129074097,RR_shank_joint,0.0,1.3539987473738615,0.08334920935966592,True,16,2.0300000000000002,0.22503665541005188,0.720882773399353,RR_shank_joint,0.0,0.9557702435376887,-0.010413921683770422,True,9,6.005,0.23042241325744076,0.9844785332679749,FR_thigh_joint,0.0,0.9786445040889498,-0.0050281638363815495,True,10,6.03,0.224243388900745,0.9844785332679749,FR_thigh_joint,0.0,0.9524011011932603,-0.011207188193077311,True,120,,0.2354505770938223,0.7801916599273682,RR_shank_joint,0.0,,,39.77532196044922,1.8149827718734741,1.0,True,load_velocity_jump,0.0,0.2,1.0
376,376,16,9,0.0,2.0,inextensible,10.0,0.9736842105263157,OK,,0.2680567580441571,0.9742740392684937,RR_shank_joint,0.0,0.7287880767885876,0.44999999999999996,0.11225618816912174,0.32690026238495634,0.9581366206333041,0.023489810228347778,pd,0.045722887019417055,0.06724929809570312,0.021463786319590464,0.03612750023603439,0.0,0.0,-1.0237445831298828,,-0.20280827581882477,,,,,0.18119035492099952,1.023684024810791,0.5750000000000002,0.3987598419189453,0.2538474202156067,0.18131229920074987,False,False,rope_taut_during_settle|load_moved_during_settle|robot_and_load_speeds_differ,True,9,1.0050000000000001,0.31877697278285044,0.9742740392684937,RR_shank_joint,0.0,1.409052181422429,0.09254193551045706,True,17,2.005,0.2270479688770817,0.549619197845459,FL_shank_joint,0.0,1.0035933055042643,0.0008129316046883162,True,9,6.005,0.2584486499671468,1.023684024810791,FL_thigh_joint,0.0,1.142390025360958,0.032213612694753396,False,0,,,,,,,,True,120,,0.22623503727239339,0.5878746509552002,FR_shank_joint,0.0,,,1078.4722900390625,1.9872242212295532,1.0,False,,,0.2,1.0
377,377,17,9,0.0,2.0,inextensible,15.0,0.9736842105263157,COL,stop_collision|speed_track_error,0.2781844323679515,0.9741567373275757,RL_shank_joint,0.0,1.0958498744740008,,0.4598548335582018,0.5674452452085168,0.7700725832208991,0.2961992371082306,pd,0.017822995369551734,0.03320503234863281,0.018360258924700806,0.03733368590474129,0.0,0.0,1.0403757095336914,1.0636162757873535,1.6906511783599854,-0.0007582526481278995,0.01587522063349961,1.375,True,0.17095708431812554,0.8108396530151367,0.5,0.33737754821777344,0.2538512945175171,0.12336727845341483,False,False,load_moved_during_settle|rope_not_continuously_taut,True,9,1.0050000000000001,0.3187837473274797,0.9741567373275757,RR_shank_joint,0.0,1.2975847695820992,0.07310904860999448,True,17,2.205,0.2647955260196614,0.767291784286499,RL_shank_joint,0.0,1.0778298595744458,0.019120827302176152,True,9,6.005,0.21476695230984919,0.8108396530151367,FR_thigh_joint,0.0,0.8741923911213236,-0.03090774640763605,True,17,7.28,0.13302168139371726,0.3558201789855957,RL_shank_joint,0.0,0.5414545416688845,-0.11265301732376798,True,120,,0.24567469871748523,0.767291784286499,RL_shank_joint,0.0,,,25.919029235839844,1.5239009857177734,1.0,True,deck_contact_force|load_velocity_jump,-73.39645385742188,0.2,1.0
378,378,18,9,0.0,2.0,inextensible,20.0,0.9736842105263157,COL,stop_collision|speed_track_error,0.2781047590417094,0.9741693735122681,RL_shank_joint,0.0,1.1874799493185066,,0.5285834223031998,0.6337124231731945,0.7357082888484001,0.31993988394737244,pd,0.015067900041613607,0.038329124450683594,0.031026155065762076,0.0477195605635643,0.0,0.0,1.035440444946289,1.0871939659118652,1.6618191003799438,-0.0008043237025110728,0.026681039221724046,1.0,True,0.16947225729635426,0.7346901893615723,,0.33824586868286133,0.2538512647151947,0.11731489662501178,False,False,load_moved_during_settle|rope_not_continuously_taut,True,9,1.0050000000000001,0.3188481834653491,0.9741693735122681,RR_shank_joint,0.0,1.2784743648060184,0.06945078274881022,True,17,2.205,0.2715261214721966,0.7554984092712402,RL_shank_joint,0.0,1.088728754558308,0.02212872075565775,True,9,6.005,0.2171726820414474,0.7346901893615723,FR_thigh_joint,0.0,0.8707896771076713,-0.03222471867509147,True,17,6.98,0.14233236064081084,0.45854711532592773,RL_shank_joint,0.0,0.5707050684244441,-0.10706504007572804,True,120,,0.24939740071653888,0.7836160659790039,RL_shank_joint,0.0,,,12.824352264404297,1.3418101072311401,1.0,True,deck_contact_force|load_velocity_jump,-797.004638671875,0.2,1.0
379,379,19,9,0.0,2.0,inextensible,25.0,0.9736842105263157,COL,stop_collision|speed_track_error,0.28020315893952236,0.9741533994674683,RL_shank_joint,0.0,1.2742077455756193,,0.5791074782796204,0.6878978938682484,0.7104462608601898,0.34817244529724123,pd,0.023148242272002757,0.03573775291442871,0.027902734981927097,0.0467880554497242,0.0,0.0,1.111832618713379,1.1489896774291992,1.6646502017974854,-0.0010517133855527105,-0.00018928431352299713,1.0,True,0.18115202911658684,1.1060771942138672,,0.3843803405761719,0.25385162234306335,0.15298894825005668,False,False,load_moved_during_settle|rope_not_continuously_taut,True,9,1.0050000000000001,0.319527004620696,0.9741533994674683,RR_shank_joint,0.0,1.2517108903271201,0.064254795127343,True,17,2.205,0.27826880234250584,0.7759381532669067,RL_shank_joint,0.0,1.0900865507247925,0.02299659284915284,True,9,6.005,0.26141732929358097,1.1060771942138672,FR_thigh_joint,0.0,1.0240728115779794,0.006145119800227972,True,17,6.905,0.1467620818676904,0.43234848976135254,FL_thigh_joint,0.0,0.5749238515190269,-0.10851012762566259,True,120,,0.255272209493353,0.7862807512283325,RL_shank_joint,0.0,,,19.592609405517578,1.2573857307434082,1.0,True,deck_contact_force|load_velocity_jump,-30.5505428314209,0.2,1.0
380,380,20,9,5.0,2.0,compliant,30.0,0.9736842105263157,COL,stop_collision|speed_track_error,0.2838751716302087,0.9739428758621216,RL_shank_joint,0.0,1.2514125725632728,,0.7497253880649805,0.8059984851888933,0.6251373059675097,0.6600560796260834,pd,0.01755439644614978,0.041658639907836914,0.024410335266198534,0.047814223915338516,0.0,0.0,1.0759997367858887,1.0793471336364746,1.2627743482589722,-0.0006115024617325826,0.00030721720036153144,1.5,True,0.14308827725975334,0.647817850112915,0.375,0.3041229248046875,0.25385093688964844,0.13858190704542417,False,False,tension_not_steady,True,9,1.0050000000000001,0.31879248903336305,0.9739428758621216,RR_shank_joint,0.0,1.2304736898926996,0.059711379333924786,True,17,2.255,0.2763747566595964,0.7593048810958862,RL_shank_joint,0.0,1.0667499339501076,0.017293646960158116,True,9,6.005,0.17446153275418264,0.647817850112915,FR_shank_joint,0.0,0.6733857707980972,-0.08461957694525563,True,17,7.355,0.12613031727047944,0.5627152919769287,FL_shank_joint,0.0,0.4868371816718095,-0.13295079242895882,True,120,,0.25908110969943826,0.7838325500488281,RL_shank_joint,0.0,,,42.174251556396484,1.2135982513427734,1.0,True,deck_contact_force|load_velocity_jump,-55.43548583984375,0.2,1.0
381,381,21,9,5.0,2.0,compliant,35.0,0.9736842105263157,SPD,speed_track_error,0.2830548819571867,0.9741522073745728,RL_shank_joint,0.0,1.3176161076464916,,0.7933924262598157,0.8547950605297442,0.6033037868700921,0.7000059568881989,pd,0.020633027760334408,0.055594444274902344,0.021791408872463443,0.04611964151263237,0.0,0.0,-0.052138328552246094,0.6925711631774902,1.1539013385772705,0.24143227682824975,0.7274329536336468,,False,0.14033053939102627,0.6008930206298828,0.40000000000000036,-0.053815364837646484,0.24898111820220947,0.1079151198166644,False,False,tension_not_steady,True,9,1.0050000000000001,0.3188648847497995,0.9741522073745728,RR_shank_joint,0.0,1.2434089850051124,0.06242079547977669,True,17,2.255,0.2767541530293661,0.746931791305542,RL_shank_joint,0.0,1.0791987985262466,0.0203100637593433,True,9,6.005,0.1787425863457847,0.6008930206298828,FR_thigh_joint,0.0,0.6970041183424496,-0.07770150292423814,False,0,,,,,,,,True,120,,0.2564440892700228,0.8152271509170532,RL_shank_joint,0.0,,,37.34577941894531,1.223865032196045,1.0,False,,,0.2,1.0
382,382,22,9,5.0,2.0,compliant,40.0,0.9736842105263157,COL,stop_collision|speed_track_error,0.28643741135205686,0.9743765592575073,RL_shank_joint,0.0,1.3730210534498848,,0.8355805648490786,0.8971656140896027,0.5822097175754607,0.7172664272785186,pd,0.01824693135637581,0.04469013214111328,0.026469307263264682,0.05185103788971901,0.0,0.0,-0.3325009346008301,0.5172572135925293,1.085089087486267,0.39723665300538746,0.7120268051098968,,True,0.16185793475858554,0.5617892742156982,0.35000000000000053,-0.3355875015258789,0.2538515329360962,0.10818943666316062,False,False,tension_not_steady,True,9,1.0050000000000001,0.3187183371848133,0.9743765592575073,RR_shank_joint,0.0,1.2352209655522672,0.060692974862441795,True,17,2.255,0.2710639264046478,0.7552984952926636,RL_shank_joint,0.0,1.0505321026000003,0.013038564082276327,True,9,6.005,0.17673426678547818,0.5498654842376709,FR_thigh_joint,0.0,0.6849492049726107,-0.08129109553689332,True,17,8.08,0.2140070174494389,0.8602452278137207,RL_shank_joint,0.0,0.8294030304744345,-0.0440183448729326,True,120,,0.2580253623223715,0.8142087459564209,RL_shank_joint,0.0,,,22.64244842529297,1.1130506992340088,1.0,True,load_velocity_jump,0.0,0.2,1.0
383,383,23,9,5.0,0.5,compliant,5.0,0.9736842105263157,OK,,0.16982077185134054,0.6057626008987427,FL_shank_joint,0.0,0.14411747892293397,0.17499999999999982,0.041594319185242055,0.07106483690635691,0.9186549321003258,0.031005231738090513,pd,0.008765179229731168,0.01233673095703125,0.013103934099994281,0.03934990242123604,0.0,0.0,0.10544204711914062,0.10141801834106445,0.4355224072933197,0.5778364798664546,0.578034782304834,,False,0.1477003358231641,0.4250986576080322,0.75,-0.0315098762512207,0.25385183095932007,0.12375072703298431,False,True,,True,9,1.0050000000000001,0.1945135663464689,0.5925725698471069,RR_shank_joint,0.0,1.2587827187411766,0.0399884338907352,True,17,2.455,0.15927937249239496,0.5549075603485107,RL_shank_joint,0.0,1.0307667753530203,0.00475424003666125,True,9,6.005,0.13572334702917496,0.34425467252731323,FR_thigh_joint,0.0,0.8783253887069482,-0.018801785426558748,False,0,,,,,,,,True,120,,0.1545251324557337,0.5549075603485107,FR_shank_joint,0.0,,,1.8806580305099487,0.4664773941040039,1.0,False,,,0.2,1.0
384,384,24,9,5.0,0.5,rigid,10.0,0.7368421052631579,OK,,0.16149071208247778,0.5923076868057251,FL_shank_joint,0.0,0.1346522757128011,0.17499999999999982,0.0364821654278785,0.0669440798248746,1.0210472608171404,0.027984741628170013,pd,0.006630732111039005,0.009386062622070312,0.016779846021794605,0.03944341838359833,0.0,0.0,-0.2801380157470703,,-0.048373013734817505,,,,,0.15026224934852375,0.4610520601272583,0.75,-0.05829954147338867,0.2538520097732544,0.11617444969612388,False,False,rope_taut_during_settle|robot_and_load_speeds_differ,True,9,1.0050000000000001,0.19445643584176836,0.5923076868057251,RR_shank_joint,0.0,1.2906445052820295,0.04379028800171997,True,17,2.005,0.14740761604401822,0.48308849334716797,FR_shank_joint,0.0,0.9783725020998777,-0.0032585317960301674,True,9,6.005,0.1417786578675546,0.3617969751358032,FR_thigh_joint,0.0,0.9410120315684384,-0.008887489972493778,False,0,,,,,,,,True,120,,0.1506661478400484,0.5175443887710571,FR_shank_joint,0.0,,,208.8347625732422,0.505275309085846,1.0,False,,,0.2,1.0
385,385,25,9,5.0,0.5,rigid,15.0,0.7368421052631579,OK,,0.17068371363538914,0.6068650484085083,RR_shank_joint,0.0,0.18174035269964087,,0.0615591895300895,0.09181522209654998,0.876881620939821,0.046918497383594514,pd,0.006649904264564695,0.011798858642578125,0.01414309513697775,0.03695935010910034,0.0,0.0,-0.04558610916137695,0.061434268951416016,0.45414474606513977,0.46401705981632,0.4883298632491737,,False,0.15111778928598515,0.49119246006011963,,-0.039764404296875,0.2553127110004425,0.13680984326101803,False,False,rope_taut_during_settle,True,9,1.0050000000000001,0.20804966820106935,0.6068650484085083,RR_shank_joint,0.0,1.2912352701644079,0.046925144260068885,True,16,2.0300000000000002,0.1606501012643501,0.5682504177093506,FL_shank_joint,0.0,0.9970555526555095,-0.00047442267665037674,True,9,6.005,0.14765563210082916,0.49119246006011963,FR_thigh_joint,0.0,0.9164069409750234,-0.013468891840171304,False,0,,,,,,,,True,120,,0.16112452394100046,0.5771057605743408,RL_shank_joint,0.0,,,20.04094886779785,0.436212956905365,1.0,False,,,0.2,1.0
386,386,26,9,5.0,0.5,rigid,20.0,0.7368421052631579,OK,,0.1792615192666427,0.6090097427368164,RR_shank_joint,0.0,0.1895756368362204,0.625,0.06363789608702064,0.09541274627920276,0.8727242078259587,0.04756995230913162,pd,0.005104849141891744,0.012859344482421875,0.023374213828912763,0.04120580106973648,0.0,0.0,0.002059459686279297,0.07370615005493164,0.43977946043014526,0.46076018763211124,0.4894115183355767,,False,0.15226657118744016,0.4649779796600342,,0.005085468292236328,0.2555154263973236,0.15176671404108955,False,False,rope_taut_during_settle,True,9,1.0050000000000001,0.20987226965160954,0.6090097427368164,RR_shank_joint,0.0,1.3085089699284735,0.04948187533655818,True,16,2.0300000000000002,0.16456691581604724,0.5459229946136475,RL_shank_joint,0.0,1.0260397233813892,0.004176521500995872,True,9,6.005,0.1624930146566301,0.4649779796600342,FR_thigh_joint,0.0,1.0131093906873787,0.002102620341578737,False,0,,,,,,,,True,120,,0.16039039431505137,0.5848546028137207,RL_shank_joint,0.0,,,17.180309295654297,0.4835089147090912,1.0,False,,,0.2,1.0
387,387,27,9,5.0,0.5,rigid,25.0,0.7368421052631579,OK,,0.18058835733798814,0.6107535362243652,RL_shank_joint,0.0,0.19963148823297142,,0.06708186266943812,0.09945629211407434,0.8658362746611238,0.04746391475200653,pd,0.005351332561169599,0.01239013671875,0.021370702643163715,0.041910380125045776,0.0,0.0,-0.03670358657836914,0.07729244232177734,0.44575822353363037,0.46259346095119547,0.49371807636391374,,False,0.1550137175941292,0.47613704204559326,,-0.032681941986083984,0.2557219862937927,0.14232408015297807,False,False,rope_taut_during_settle,True,9,1.0050000000000001,0.2114623078716664,0.6107535362243652,RR_shank_joint,0.0,1.330231122275914,0.05249571602868491,True,16,2.0300000000000002,0.15757171594088298,0.5568634271621704,RL_shank_joint,0.0,0.9912253519061648,-0.0013948759020984969,True,9,6.005,0.15693708727744612,0.46122145652770996,FR_thigh_joint,0.0,0.9872331378435791,-0.002029504565535356,False,0,,,,,,,,True,120,,0.15896659184298148,0.5971260070800781,RL_shank_joint,0.0,,,12.084556579589844,0.47672125697135925,1.0,False,,,0.2,1.0
388,388,28,9,5.0,0.5,inextensible,30.0,0.9736842105263157,OK,,0.18227574924320056,0.6684209108352661,RL_shank_joint,0.0,0.2096587093994296,0.17499999999999982,0.07583581573329866,0.10569008242067855,0.8502602027542889,0.05177093803882599,pd,0.0058811762306673655,0.00800323486328125,0.010317855674303432,0.039504434913396835,0.0,0.0,0.5109915733337402,0.4958639144897461,0.4611950218677521,0.19041708423580328,0.19041708423580328,,False,0.12520632393623768,0.3188154697418213,0.40000000000000036,-0.014294624328613281,0.2538517117500305,0.06232804994390729,False,False,rope_not_continuously_taut,True,9,1.0050000000000001,0.19443221856746323,0.5924966335296631,RR_shank_joint,0.0,1.2144288394255152,0.03433043882099471,True,17,2.43,0.16110034392247663,0.6013776063919067,RL_shank_joint,0.0,1.0062370585610565,0.0009985641760081043,True,9,6.005,0.13296419701157966,0.3188154697418213,FR_thigh_joint,0.0,0.830497932141273,-0.027137582734888865,False,0,,,,,,,,True,120,,0.16010177974646853,0.6013776063919067,RL_shank_joint,0.0,,,20.5537166595459,0.4701104164123535,1.0,False,,,0.2,1.0
389,389,29,9,5.0,0.5,inextensible,35.0,0.9736842105263157,OK,,0.18166482971908804,0.6702085733413696,RL_shank_joint,0.0,0.22135735462810155,0.17499999999999982,0.08006736475042998,0.11175022826927296,0.841370727661997,0.05201399624347687,pd,0.006752838847047811,0.017910003662109375,0.010576882363050238,0.03923263028264046,0.0,0.0,0.573117733001709,0.5581984519958496,0.4609678089618683,0.13245322031075446,0.13245322031075446,,False,0.1484939454703737,0.45889437198638916,0.7250000000000005,-0.01509857177734375,0.25384995341300964,0.07079802372245043,False,False,rope_not_continuously_taut,True,9,1.0050000000000001,0.19454453817735695,0.5923560857772827,RR_shank_joint,0.0,1.2083757747227908,0.03354781658883724,True,17,2.43,0.16456374582499392,0.6144863367080688,RL_shank_joint,0.0,1.0221558811960836,0.0035670242364742033,True,9,6.005,0.14253096250663236,0.3632025718688965,FR_thigh_joint,0.0,0.8853035086696814,-0.018465759081887356,False,0,,,,,,,,True,120,,0.16099672158851971,0.6417135000228882,RL_shank_joint,0.0,,,2.3254942893981934,0.44673827290534973,1.0,False,,,0.2,1.0
390,390,30,9,10.0,0.5,compliant,40.0,0.9736842105263157,LOW,stop_margin_low,0.1754092676793936,0.6754809617996216,RL_shank_joint,0.0,0.2384619883000195,0.17499999999999982,0.08432111314497888,0.12080905773163499,0.8329545594938099,0.05436007976531983,pd,0.004072283243643981,0.00878143310546875,0.013859317995209938,0.03929223492741585,0.0,0.0,0.6133933067321777,0.5990352630615234,0.44840461015701294,0.07718014077716795,0.07718014077716795,,False,0.15187947192967977,0.4440056085586548,0.7750000000000004,-0.02646493911743164,0.2538505792617798,0.07485857582438267,False,True,,True,9,1.0050000000000001,0.19454556097392273,0.5922756195068359,RR_shank_joint,0.0,1.219336874285874,0.03499526353224011,True,17,2.455,0.17346019378004768,0.6634906530380249,RL_shank_joint,0.0,1.0871818891058431,0.013909896338365063,True,9,6.005,0.1426022926174785,0.38043081760406494,FR_shank_joint,0.0,0.893776413482408,-0.01694800482420411,False,0,,,,,,,,True,120,,0.15955029744168261,0.6634906530380249,RL_shank_joint,0.0,,,15.88221549987793,0.3867761492729187,1.0,False,,,0.2,1.0
391,391,31,9,10.0,1.0,compliant,5.0,0.9736842105263157,COL,stop_collision,0.2121459896815445,0.8759652376174927,RR_shank_joint,0.0,0.31279721022197593,1.7,0.17195748507045208,0.210769006267437,0.828042514929548,0.20649732947349547,pd,0.028577139691974274,0.05164337158203125,0.013357994715161822,0.025115080177783966,0.0,0.0,-0.02861309051513672,0.09572267532348633,0.7299050688743591,0.6619197459384529,0.7311089736807563,,True,0.15450964664561745,0.4853134751319885,0.9500000000000002,-0.031082630157470703,0.2538536787033081,0.17221664411642004,False,False,tension_not_steady,True,9,1.0050000000000001,0.2608403946213302,0.8759652376174927,RR_shank_joint,0.0,1.3477573795845925,0.06730378441799614,True,17,2.305,0.20007799674136675,0.698849081993103,RL_shank_joint,0.0,1.033799220370555,0.006541386538032712,True,9,6.005,0.15853999878906244,0.4853134751319885,FL_thigh_joint,0.0,0.8191731715384322,-0.0349966114142716,True,11,6.055,0.15820444420386615,0.4853134751319885,FL_thigh_joint,0.0,0.8174393673509777,-0.035332165999467896,True,120,,0.19353661020333404,0.7923458814620972,RL_shank_joint,0.0,,,16.393096923828125,0.9394630789756775,1.0,True,load_velocity_jump,0.0,0.2,1.0
392,392,32,9,10.0,1.0,compliant,10.0,0.9736842105263157,OK,,0.1909660184746797,0.8758915662765503,RR_shank_joint,0.0,0.29293467523413136,0.575,0.0760646756272763,0.14250907487007664,0.949757265271619,0.06922197699546814,pd,0.033791100308200074,0.05377197265625,0.030248372443999527,0.06159190461039543,0.0,0.0,-0.23324203491210938,,-0.036922018975019455,,,,,0.15873248584363273,0.5179837942123413,0.875,-0.004631519317626953,0.2538520097732544,0.17213342516993546,False,False,rope_taut_during_settle|robot_and_load_speeds_differ|tension_not_steady,True,9,1.0050000000000001,0.2609295834378488,0.8758915662765503,RR_shank_joint,0.0,1.4276349571113756,0.07815906346837131,True,17,2.005,0.168423499089988,0.5893398523330688,RL_shank_joint,0.0,0.9215025438353767,-0.01434702087948947,True,9,6.005,0.16229788605726722,0.5179837942123413,FR_thigh_joint,0.0,0.8879872207201186,-0.020472633912210242,False,0,,,,,,,,True,120,,0.18277051996947746,0.720820426940918,RL_shank_joint,0.0,,,33229.8359375,0.9797468185424805,1.0,False,,,0.2,1.0
393,393,33,9,10.0,1.0,compliant,15.0,0.9736842105263157,COL,stop_collision|speed_track_error,0.22270748328017756,0.8760260343551636,RL_shank_joint,0.0,0.37732457366951794,,0.2175732773821801,0.2581645968299035,0.7824267226178199,0.24747679591178895,pd,0.023328411315615277,0.03668212890625,0.015473152909543993,0.0282062329351902,0.0,0.0,-0.23982763290405273,0.07154369354248047,0.5307905673980713,0.6785985532535523,0.7321730264855919,,True,0.17195655213242908,0.6137504577636719,,-0.235764741897583,0.2538498342037201,0.15712726665226076,False,False,rope_not_continuously_taut|tension_not_steady,True,9,1.0050000000000001,0.2622667245049289,0.8760260343551636,RR_shank_joint,0.0,1.347725630401087,0.06766723141160724,True,17,2.305,0.19113798065188964,0.688448429107666,RL_shank_joint,0.0,0.9822121199474451,-0.003461512441432002,True,9,6.005,0.13342478909667776,0.3621112108230591,FL_shank_joint,0.0,0.6856379067374698,-0.061174703996643875,True,17,6.68,0.188435712963143,0.6137504577636719,RL_shank_joint,0.0,0.9683258161046557,-0.006163780130178653,True,120,,0.19459949309332164,0.7703207731246948,RL_shank_joint,0.0,,,33.066768646240234,0.8853222727775574,1.0,True,load_velocity_jump,0.0,0.2,1.0
394,394,34,9,10.0,1.0,rigid,20.0,0.7368421052631579,SPD,speed_track_error,0.22305667261479617,0.8954014778137207,RL_shank_joint,0.0,0.47075312396648994,,0.2473793325200677,0.3032563098583181,0.7526206674799323,0.27045680791139604,pd,0.023695636863125848,0.0388336181640625,0.03599955392861249,0.12769068777561188,0.0,0.0,-0.35573863983154297,0.05181694030761719,0.4649243950843811,0.42164944005890437,0.4577594583020428,,False,0.18534261431175283,0.5721085071563721,,-0.35312461853027344,0.25551754236221313,0.15962816995698578,False,False,rope_taut_during_settle|tension_not_steady,True,9,1.0050000000000001,0.2851942425760632,0.8954014778137207,RR_shank_joint,0.0,1.4294085822615858,0.08567519244916824,True,16,2.0300000000000002,0.19170380012884625,0.6881682872772217,RR_shank_joint,0.0,0.9608295549067712,-0.007815249998048696,True,9,6.005,0.15302410964266708,0.41624927520751953,FL_shank_joint,0.0,0.7669649065858278,-0.046494940484227865,False,0,,,,,,,,True,120,,0.19951905012689494,0.773320198059082,RL_shank_joint,0.0,,,8.768294334411621,0.8761163353919983,1.0,False,,,0.2,1.0
395,395,35,9,10.0,1.0,rigid,25.0,0.7368421052631579,SPD,speed_track_error,0.2328282408929776,0.8992763757705688,RL_shank_joint,0.0,0.5013372416543548,,0.2586100413650274,0.31745616080670996,0.7413899586349726,0.27199741184711457,pd,0.016969026176414215,0.03011322021484375,0.013461566731420493,0.028176426887512207,0.0,0.0,-0.30400991439819336,0.03909492492675781,0.40234315395355225,0.440579964119741,0.47829550136989685,,False,0.19685884781799637,0.6194890737533569,,-0.3022642135620117,0.2557181119918823,0.16753086695922642,False,False,rope_taut_during_settle|tension_not_steady,True,9,1.0050000000000001,0.28784338155253847,0.8992763757705688,RR_shank_joint,0.0,1.4579810957384889,0.09041737761197191,True,16,2.0300000000000002,0.1987988139360374,0.6534911394119263,RL_shank_joint,0.0,1.0069535419249236,0.0013728099954708473,True,9,6.005,0.1578030874906997,0.458712100982666,FL_shank_joint,0.0,0.7993024441613324,-0.039622916449866846,False,0,,,,,,,,True,120,,0.19742600394056656,0.7839400768280029,RL_shank_joint,0.0,,,11.299464225769043,0.8854848146438599,1.0,False,,,0.2,1.0
396,396,36,9,10.0,1.0,rigid,30.0,0.7368421052631579,SPD,speed_track_error,0.24150797450222963,0.9001462459564209,RL_shank_joint,0.0,0.5210454716682037,,0.2670832712762058,0.3256961929140697,0.7329167287237942,0.27398109883069993,pd,0.017709319833115023,0.03227996826171875,0.014863693848548078,0.028726352378726006,0.0,0.0,-0.5200209617614746,0.03610706329345703,0.36997318267822266,0.4474330267782811,0.4594300244104206,,False,0.19474680133749564,0.6020452976226807,,-0.5216987133026123,0.2558678090572357,0.15716084033944014,False,False,rope_taut_during_settle|tension_not_steady,True,9,1.0050000000000001,0.2902289466580916,0.9001462459564209,RR_shank_joint,0.0,1.4754014089305487,0.09351709258139979,True,16,2.0300000000000002,0.19796595734001746,0.718350887298584,RL_shank_joint,0.0,1.0063753314166652,0.0012541032633256177,True,9,6.005,0.14872648859492793,0.4432116746902466,FL_shank_joint,0.0,0.7560626648201084,-0.04798536548176391,False,0,,,,,,,,True,120,,0.19671185407669184,0.7619006633758545,RL_shank_joint,0.0,,,28.577964782714844,0.8579208254814148,1.0,False,,,0.2,1.0
397,397,37,9,10.0,1.0,rigid,35.0,0.7368421052631579,SPD,speed_track_error,0.24302080927427083,0.9038549661636353,RL_shank_joint,0.0,0.5448479223862874,,0.27360014962032436,0.3335251435848811,0.7263998503796756,0.2708508855104446,pd,0.0180433960880612,0.0293731689453125,0.012097064208292934,0.02765478938817978,0.0,0.0,-0.4950675964355469,0.028900146484375,0.3200075030326843,0.44671810877451623,0.452189818411485,,False,0.18942749205212583,0.6185829639434814,,-0.49535584449768066,0.25599169731140137,0.15409445800978497,False,False,rope_taut_during_settle|tension_not_steady,True,9,1.0050000000000001,0.29221437221001956,0.9038549661636353,RR_shank_joint,0.0,1.4625589941293873,0.09241773263312164,True,16,2.0300000000000002,0.21133755232507506,0.699826717376709,RL_shank_joint,0.0,1.057763297584068,0.011540912748177146,True,9,6.005,0.14461730771503237,0.4312199354171753,FL_shank_joint,0.0,0.7238225228476474,-0.05517933186186555,False,0,,,,,,,,True,120,,0.19979663957689792,0.7640888690948486,RL_shank_joint,0.0,,,38.32038497924805,0.8211637735366821,1.0,False,,,0.2,1.0
398,398,38,9,10.0,1.0,inextensible,40.0,0.9736842105263157,SPD,speed_track_error,0.22898844670801846,0.8761692047119141,RR_shank_joint,0.0,0.5022126731507697,,0.2534081527777016,0.29815347561838756,0.7465918472222984,0.23210737228393555,pd,0.021752483065877355,0.03266143798828125,0.014192834231365503,0.02801777422428131,0.0,0.0,-0.3589606285095215,0.06905412673950195,0.4838186800479889,0.6955355915192234,0.731257047479164,,False,0.18791251273268517,0.6255103349685669,,-0.358065128326416,0.2538532614707947,0.16027139264065013,False,False,rope_not_continuously_taut|tension_not_steady,True,9,1.0050000000000001,0.26207456708113114,0.8761692047119141,RR_shank_joint,0.0,1.306244294325686,0.06144244319773445,True,17,2.2800000000000002,0.1961909760675483,0.690043568611145,RR_shank_joint,0.0,0.9778642236851887,-0.004441147815848395,True,9,6.005,0.1449856541645015,0.3799781799316406,FR_shank_joint,0.0,0.7226442673196453,-0.0556464697188952,False,0,,,,,,,,True,120,,0.20063212388339668,0.7708711624145508,RL_shank_joint,0.0,,,40.07017135620117,0.8257821798324585,1.0,False,,,0.2,1.0
399,399,39,9,10.0,1.5,inextensible,5.0,0.9736842105263157,COL,stop_collision|speed_track_error,0.24046483265282742,0.9251046180725098,RR_shank_joint,0.0,0.5655293362942773,,0.34463001841679214,0.396724585194517,0.7702466543888052,0.3908532375097275,pd,0.021601709068137544,0.03400421142578125,0.020824026339948693,0.04930984601378441,0.0,0.0,0.2134542465209961,0.21794843673706055,1.2244367599487305,0.7091896806052065,0.7208974887229056,,True,0.1428282827606404,0.5448957681655884,0.47500000000000053,0.22693538665771484,0.25312501192092896,0.1581221563800175,False,True,,True,9,1.0050000000000001,0.29025976823095195,0.9251046180725098,RR_shank_joint,0.0,1.3536518670748776,0.07583257665312204,True,17,2.255,0.204167056237791,0.6922008991241455,RL_shank_joint,0.0,0.9521509596588881,-0.010260135340038917,True,9,6.005,0.1845979732919678,0.5448957681655884,FR_thigh_joint,0.0,0.8608888263360243,-0.029829218285862102,True,11,6.055,0.18054696290561048,0.5448957681655884,FR_thigh_joint,0.0,0.8419965843747851,-0.03388022867221943,True,120,,0.2144271915778299,0.8009016513824463,RL_shank_joint,0.0,,,22.27742576599121,1.3975019454956055,1.0,True,load_velocity_jump,0.0,0.2,1.0
400,400,0,10,0.0,1.0,compliant,15.0,1.026315789473684,OK,,0.19102818157782867,0.8759114742279053,RR_shank_joint,0.0,0.2927780136249659,0.575,0.05616671748459339,0.13469833082556887,1.0014198976010085,0.028756474256515504,pd,0.014536698471833386,0.02524566650390625,0.006110806218119736,0.02310345508158207,0.0,0.0,-0.7207880020141602,,-0.1685512214899063,,,,,0.1497081582758512,0.5374638438224792,0.27500000000000036,0.12164878845214844,0.2538507580757141,0.06797511666450451,False,False,rope_taut_during_settle|robot_and_load_speeds_differ|tension_not_steady,True,9,1.0050000000000001,0.2605429827856117,0.8759114742279053,RR_shank_joint,0.0,1.482970232782422,0.08485302149976168,True,17,2.005,0.16797630291693322,0.5904415845870972,RL_shank_joint,0.0,0.9560950533971228,-0.007713658368916826,True,9,6.005,0.16794116391623728,0.5374638438224792,FL_thigh_joint,0.0,0.9558950476572458,-0.007748797369612759,False,0,,,,,,,,True,120,,0.17568996128585004,0.6232116222381592,FR_shank_joint,0.0,,,1703.6060791015625,0.9799343943595886,1.0,False,,,0.2,1.0
401,401,1,10,0.0,1.0,compliant,20.0,1.026315789473684,LOW,stop_margin_low,0.22622328138854345,0.8759036064147949,RL_shank_joint,0.0,0.42812926204204416,,0.18137878539972008,0.22747777562886232,0.8186212146002799,0.13079634070396423,pd,0.02028490282649536,0.0357818603515625,0.016118967989852604,0.025541365146636963,0.0,0.0,0.8644838333129883,0.8502998352050781,0.8852996826171875,0.01505736109701239,0.01505736109701239,,False,0.15943327893452072,0.642984926700592,0.22500000000000053,0.08742332458496094,0.2538532316684723,0.09318933797996859,False,False,load_moved_during_settle,True,9,1.0050000000000001,0.2621885536178833,0.8759036064147949,RR_shank_joint,0.0,1.3544232647074765,0.06860907189323215,True,17,2.2800000000000002,0.20219358498486856,0.744971513748169,RL_shank_joint,0.0,1.0444990511570342,0.008614103260217415,True,9,6.005,0.19544035002177365,0.642984926700592,FR_thigh_joint,0.0,1.00961294182908,0.0018608682971225088,False,0,,,,,,,,True,120,,0.19357948172465114,0.7672985792160034,RL_shank_joint,0.0,,,25.14762306213379,0.9127629995346069,1.0,False,,,0.2,1.0
402,402,2,10,0.0,1.0,compliant,25.0,1.026315789473684,COL,stop_collision|speed_track_error,0.23493631522198458,0.9117604494094849,RL_shank_joint,0.0,0.4817365671305082,,0.21032679175958038,0.2582397873706341,0.7896732082404196,0.1494494718313217,pd,0.013719974156834827,0.02387237548828125,0.020786152110599303,0.035648688673973083,0.0,0.0,0.8510541915893555,0.8663959503173828,0.8901411294937134,0.0004474166995898088,0.01179304515197721,,True,0.15949210797104904,0.5343724489212036,0.25,0.08176231384277344,0.2538517415523529,0.08124418213666766,False,True,,True,9,1.0050000000000001,0.26195277505668013,0.8760567903518677,RR_shank_joint,0.0,1.326580423609886,0.06448809791041624,True,17,2.305,0.20448610804391615,0.7255963087081909,RR_shank_joint,0.0,1.035557908376957,0.007021430897652253,True,9,6.005,0.17036462351462678,0.5343724489212036,FL_thigh_joint,0.0,0.8627599932135515,-0.027100053631637117,True,16,8.03,0.1498323793504969,0.40071797370910645,RL_shank_joint,0.0,0.7587806665772161,-0.047632297795767,True,120,,0.1974646771462639,0.7582002878189087,RL_shank_joint,0.0,,,26.98105812072754,0.8378370404243469,1.0,True,deck_contact_force,-70.81977081298828,0.2,1.0
403,403,3,10,0.0,1.0,compliant,30.0,1.026315789473684,COL,stop_collision|speed_track_error,0.2346542204137433,0.8998044729232788,RL_shank_joint,0.0,0.5104842519814901,,0.2199351387564093,0.2727226249189008,0.7800648612435908,0.15061750888824463,pd,0.01627341606445382,0.0271453857421875,0.021097583555636866,0.036695998162031174,0.0,0.0,0.8324079513549805,0.8718395233154297,0.8711045384407043,-0.00042955361075236453,0.024384557933778694,1.75,True,0.15150897426061805,0.5266621708869934,0.22500000000000053,0.07550239562988281,0.25385037064552307,0.08249508555856096,False,False,load_moved_during_settle|tension_not_steady,True,9,1.0050000000000001,0.26109827234375016,0.8755749464035034,RR_shank_joint,0.0,1.3117320148406437,0.06204978577046957,True,17,2.2800000000000002,0.20575233348377872,0.7157138586044312,RR_shank_joint,0.0,1.0336794668771827,0.006703846910498135,True,9,6.005,0.16562705819289347,0.5266621708869934,FR_thigh_joint,0.0,0.8320940341936091,-0.033421428380387114,True,17,7.655,0.14122891873836793,0.3904409408569336,RL_shank_joint,0.0,0.709520183597949,-0.057819567834912655,True,120,,0.1990484865732806,0.7873731851577759,RL_shank_joint,0.0,,,26.48863983154297,0.7964258790016174,1.0,True,deck_contact_force,-254.4640350341797,0.2,1.0
404,404,4,10,0.0,1.0,compliant,35.0,1.026315789473684,COL,stop_collision|speed_track_error,0.2297532725373574,0.8759565353393555,RR_shank_joint,0.0,0.5360592517152316,,0.23706951847299934,0.2885894318569975,0.7629304815270007,0.1624046152830124,pd,0.02194306799027204,0.03516387939453125,0.03016268546893797,0.051746346056461334,0.0,0.0,0.8250951766967773,0.8780231475830078,0.869637131690979,-0.0007140875390696522,0.045043274733156835,2.000000000000001,True,0.14843339483573179,0.567352294921875,0.35000000000000053,0.09963512420654297,0.25385555624961853,0.08366779342868741,False,False,load_moved_during_settle|rope_not_continuously_taut|tension_not_steady,True,9,1.0050000000000001,0.26202338578701095,0.8759565353393555,RR_shank_joint,0.0,1.2703556780825875,0.055763524625531996,True,17,2.2800000000000002,0.20375794768491012,0.6766301393508911,RR_shank_joint,0.0,0.9878700903681394,-0.0025019134765688344,True,9,6.005,0.17050659415736677,0.567352294921875,FR_thigh_joint,0.0,0.826659114367767,-0.03575326700411219,True,17,7.955,0.13288981520090168,0.33306968212127686,RL_shank_joint,0.0,0.6442834512375797,-0.07337004596057728,True,120,,0.20625986116147896,0.7826247215270996,RL_shank_joint,0.0,,,11.547928810119629,0.8106597065925598,1.0,True,deck_contact_force,-179.70033264160156,0.2,1.0
405,405,5,10,0.0,1.0,compliant,40.0,1.026315789473684,SPD,speed_track_error,0.23759497638486834,0.8759316205978394,RL_shank_joint,0.0,0.5576708617848921,,0.2621258685179055,0.30886409934822534,0.7378741314820946,0.19207385063171387,pd,0.017078287870716045,0.0257568359375,0.018507747308076316,0.029259266331791878,0.0,0.0,0.5949163436889648,0.6533613204956055,0.7822797894477844,0.19453601690212174,0.252831240444797,,False,0.1465514817359214,0.5191925764083862,0.5,0.0745229721069336,0.25384944677352905,0.09823747267019924,False,False,load_moved_during_settle,True,9,1.0050000000000001,0.2608169781997522,0.8759316205978394,RR_shank_joint,0.0,1.2508353815291553,0.05230274678993907,True,17,2.2800000000000002,0.20923170491490872,0.7174841165542603,RL_shank_joint,0.0,1.003440885066907,0.0007174735050956005,True,9,6.005,0.16330061487261843,0.5191925764083862,FR_thigh_joint,0.0,0.7831629225904874,-0.04521361653719469,False,0,,,,,,,,True,120,,0.20851423140981312,0.7823424339294434,RL_shank_joint,0.0,,,23.324447631835938,0.7169398069381714,1.0,False,,,0.2,1.0
406,406,6,10,0.0,1.5,compliant,5.0,1.026315789473684,COL,stop_collision,0.2429144873151977,0.9249210357666016,RR_shank_joint,0.0,0.5636677373630039,,0.22679470119997858,0.2968180155718271,0.8488035325333475,0.17342744827270506,pd,0.02271817823179544,0.0371551513671875,0.026160378477691076,0.0440063551068306,0.0,0.0,0.38231468200683594,0.3764467239379883,1.3494781255722046,0.5930841758834084,0.5940981326232588,,True,0.1658544298600677,0.7327064275741577,0.35000000000000053,0.205230712890625,0.25385451316833496,0.10967136664325489,False,True,,True,9,1.0050000000000001,0.290343750011414,0.9249210357666016,RR_shank_joint,0.0,1.3756503136477987,0.07928448071098235,True,17,2.4050000000000002,0.20936795321267074,0.6932394504547119,RL_shank_joint,0.0,0.9919865349038359,-0.001691316087760908,True,9,6.005,0.202892066012456,0.7327064275741577,FL_thigh_joint,0.0,0.961303745080487,-0.008167203287975655,True,10,6.03,0.19960403968272006,0.7327064275741577,FL_thigh_joint,0.0,0.94572505791534,-0.011455229617711588,True,120,,0.21105926930043165,0.7966328859329224,RL_shank_joint,0.0,,,30.30484390258789,1.3105443716049194,1.0,True,load_velocity_jump,0.0,0.2,1.0
407,407,7,10,0.0,1.5,compliant,10.0,1.026315789473684,OK,,0.24371144038268996,0.9256019592285156,RR_shank_joint,0.0,0.6449589904618391,,0.27146451409906147,0.33942230686155883,0.8190236572672923,0.2032448446750641,pd,0.035881549183542444,0.05811309814453125,0.03272046758292402,0.05763138830661774,0.0,0.0,0.6197586059570312,0.6348438262939453,1.2714897394180298,0.3328695388874312,0.3483941857942501,,False,0.16348159626931344,0.6529102325439453,0.4500000000000002,0.19360733032226562,0.2538515329360962,0.09836782947517475,False,False,load_moved_during_settle|rope_not_continuously_taut,True,9,1.0050000000000001,0.29040461917073723,0.9256019592285156,RR_shank_joint,0.0,1.3369412501411133,0.07318892690296916,True,17,2.255,0.21874021603930754,0.7689481973648071,RL_shank_joint,0.0,1.0070184789856718,0.001524523771539471,True,9,6.005,0.1880302624188627,0.6529102325439453,FR_thigh_joint,0.0,0.8656384833701257,-0.029185429848905375,False,0,,,,,,,,True,120,,0.21721569226776807,0.7689481973648071,RL_shank_joint,0.0,,,25.42923355102539,1.3457002639770508,1.0,False,,,0.2,1.0
408,408,8,10,0.0,1.5,rigid,15.0,0.763157894736842,OK,,0.22603685339749527,0.9262464046478271,RR_shank_joint,0.0,0.5004371204502985,0.5499999999999998,0.0764250366576016,0.2248812590396874,0.9705712847784161,0.02102194547653198,pd,0.01702971865797319,0.03337860107421875,0.03269677368360356,0.060876764357089996,0.0,0.0,-0.5356588363647461,,-0.1605273336172104,,,,,0.1670996685741539,0.7564536929130554,0.4500000000000002,0.2431507110595703,0.25385159254074097,0.08671702673029984,False,False,rope_taut_during_settle|robot_and_load_speeds_differ,True,9,1.0050000000000001,0.2904599271542557,0.9262464046478271,RR_shank_joint,0.0,1.6098022681387971,0.11002787478171411,True,17,2.005,0.18906899438332295,0.5733597278594971,FR_shank_joint,0.0,1.047868113770321,0.008636942010781329,True,9,6.005,0.19667168589568051,0.7564536929130554,FR_thigh_joint,0.0,1.0900041500919615,0.016239633523138897,False,0,,,,,,,,True,120,,0.18043205237254162,0.6280114650726318,FR_shank_joint,0.0,,,867.5230712890625,1.5008487701416016,1.0,False,,,0.2,1.0
409,409,9,10,0.0,1.5,rigid,20.0,0.763157894736842,SPD,speed_track_error,0.2532675264485216,0.9249508380889893,RL_shank_joint,0.0,0.8460885417236484,,0.3366171218268573,0.4297302344780562,0.7755885854487617,0.21418458580970764,pd,0.023888891865728706,0.037776947021484375,0.026431219834521548,0.04609194025397301,0.0,0.0,0.3484344482421875,0.3960542678833008,1.2957075834274292,0.485059595887833,0.5129110370166909,,False,0.1708311438549188,0.7384978532791138,0.9750000000000005,0.3517026901245117,0.2553209364414215,0.11291661158220226,False,False,rope_taut_during_settle,True,9,1.0050000000000001,0.30975182915265637,0.9249508380889893,RL_shank_joint,0.0,1.393979671958992,0.0875449811020281,True,16,2.0300000000000002,0.2283814761344253,0.7532038688659668,RL_shank_joint,0.0,1.0277877488383715,0.00617462808379704,True,9,6.005,0.20477359524115832,0.7384978532791138,FL_thigh_joint,0.0,0.9215449345400106,-0.017433252809469946,False,0,,,,,,,,True,120,,0.22220684805062826,0.7988606691360474,RL_shank_joint,0.0,,,-33.99946212768555,1.1572829484939575,1.0,False,,,0.2,1.0
410,410,10,10,0.0,1.5,rigid,25.0,0.763157894736842,SPD,speed_track_error,0.2563561757976051,0.9301286935806274,RL_shank_joint,0.0,0.8978049204072451,,0.35687658490613106,0.45481336150886525,0.762082276729246,0.21574315309524536,pd,0.020986094867656135,0.03253173828125,0.025804635432395563,0.04407820478081703,0.0,0.0,0.37068843841552734,0.41483116149902344,1.269574522972107,0.4908635389453462,0.5157480871163305,,False,0.1727871427148223,0.8445395231246948,,0.3739147186279297,0.2554866075515747,0.1338771144477361,False,False,rope_taut_during_settle,True,9,1.0050000000000001,0.3117807663543822,0.9301286935806274,RL_shank_joint,0.0,1.4059458185727933,0.0900220312483041,True,17,2.005,0.23488832265337622,0.7163876295089722,RL_shank_joint,0.0,1.0592066307603063,0.01312958754729815,True,9,6.005,0.2175611005982819,0.8445395231246948,FR_thigh_joint,0.0,0.9810711649947488,-0.004197634507796172,False,0,,,,,,,,True,120,,0.22175873510607808,0.7451997995376587,RL_shank_joint,0.0,,,48.01829528808594,1.077815294265747,1.0,False,,,0.2,1.0
411,411,11,10,0.0,1.5,rigid,30.0,0.763157894736842,SPD,speed_track_error,0.26463868566364596,0.9369837045669556,RL_shank_joint,0.0,0.9438241382786312,,0.3972266454435885,0.4902078422540218,0.735182236370941,0.23680577158927918,pd,0.034057868638932905,0.055187225341796875,0.03125189826788292,0.05921297147870064,0.0,0.0,0.5010766983032227,0.5296154022216797,1.2966279983520508,0.48378279935062096,0.5020532844352434,,False,0.19064119322033693,0.9588015079498291,0.875,0.5036239624023438,0.25571709871292114,0.14045114144685691,False,False,rope_taut_during_settle,True,9,1.0050000000000001,0.3148501306105115,0.9369837045669556,RL_shank_joint,0.0,1.3793525600796566,0.08659077203700138,True,17,2.005,0.23876758249039476,0.749801754951477,RR_shank_joint,0.0,1.046036333329573,0.010508223916884663,True,9,6.005,0.23940621336350495,0.9588015079498291,FR_thigh_joint,0.0,1.0488341632941418,0.011146854789994859,False,0,,,,,,,,True,120,,0.2282593585735101,0.7926510572433472,RL_shank_joint,0.0,,,56.75757598876953,1.0079195499420166,1.0,False,,,0.2,1.0
412,412,12,10,0.0,1.5,rigid,35.0,0.763157894736842,SPD,speed_track_error,0.26727846194481225,0.9424628019332886,RL_shank_joint,0.0,0.9764357467884826,,0.43606613656505944,0.520529079466442,0.7092892422899605,0.27743685483932495,pd,0.018951823983256923,0.032535552978515625,0.021053729400256693,0.03313421085476875,0.0,0.0,0.5043220520019531,0.5448369979858398,1.2292803525924683,0.4951659100549648,0.5099926206669849,,False,0.18164055163762166,0.7818146347999573,0.9500000000000002,0.5076541900634766,0.25582098960876465,0.13876893425367104,False,False,rope_taut_during_settle,True,9,1.0050000000000001,0.3160134907498712,0.9424628019332886,RL_shank_joint,0.0,1.366207209746192,0.08470634458967868,True,17,2.005,0.23982760746427437,0.7452510595321655,RR_shank_joint,0.0,1.036836135180108,0.008520461304081878,True,9,6.005,0.21023543215429455,0.7818146347999573,FL_thigh_joint,0.0,0.9089015866751273,-0.02107171400589794,False,0,,,,,,,,True,120,,0.2313071461601925,0.8076610565185547,RL_shank_joint,0.0,,,36.487152099609375,0.9719458818435669,1.0,False,,,0.2,1.0
413,413,13,10,0.0,1.5,rigid,40.0,0.763157894736842,SPD,speed_track_error,0.2718783494137249,0.9373830556869507,RL_shank_joint,0.0,1.0166594538299012,,0.4518290889263153,0.5438670052387287,0.6987806073824565,0.2569601607322693,pd,0.02808528854790769,0.053852081298828125,0.026551371690239075,0.04143652319908142,0.0,0.0,0.5636701583862305,0.6339683532714844,1.2756476402282715,0.4943961834520163,0.5127895700749772,,False,0.20559341910243303,1.0698210000991821,,0.5673551559448242,0.2557891607284546,0.18051952846075367,False,False,rope_taut_during_settle|tension_not_steady,True,9,1.0050000000000001,0.31572058823235727,0.9373830556869507,RL_shank_joint,0.0,1.3545627046261728,0.0826412430281139,True,17,2.005,0.246496374552334,0.7774838209152222,RL_shank_joint,0.0,1.0575642141792252,0.013417029348090637,True,9,6.005,0.2551710186180046,0.9703109264373779,FR_thigh_joint,0.0,1.09478177225186,0.022091673413761254,False,0,,,,,,,,True,120,,0.23307934520424337,0.7910656929016113,RL_shank_joint,0.0,,,58.41691970825195,0.8938982486724854,1.0,False,,,0.2,1.0
414,414,14,10,0.0,2.0,rigid,5.0,0.763157894736842,COL,stop_collision,0.2716861178642435,0.9708408117294312,RL_shank_joint,0.0,0.9596114662725386,,0.3246944111213088,0.4676284042265186,0.8376527944393456,0.20380967497825622,pd,0.01092192899616791,0.037570953369140625,0.026882261530923247,0.04619670659303665,0.0,0.0,0.35213661193847656,0.399200439453125,1.8225088119506836,0.490400796161925,0.5148833139726783,,True,0.18227025166603314,0.965165913105011,0.875,0.3562278747558594,0.2545722723007202,0.143959185387215,False,False,rope_taut_during_settle,True,9,1.0050000000000001,0.3197367943470664,0.9708408117294312,RR_shank_joint,0.0,1.354401341812738,0.08366438030240153,True,16,2.0300000000000002,0.22486325891516862,0.728858232498169,RR_shank_joint,0.0,0.9525181492515449,-0.011209155129496273,True,9,6.005,0.2355113386137512,0.965165913105011,FR_thigh_joint,0.0,0.9976232910008387,-0.0005610754309136878,True,10,6.03,0.22928595222561443,0.965165913105011,FR_thigh_joint,0.0,0.9712526266717192,-0.00678646181905046,True,120,,0.2360724140446649,0.7574564218521118,RR_shank_joint,0.0,,,33.11769485473633,1.821549654006958,1.0,True,load_velocity_jump,0.0,0.2,1.0
415,415,15,10,0.0,2.0,rigid,10.0,0.763157894736842,COL,stop_collision|speed_track_error,0.2681507032581016,0.9806860685348511,RL_shank_joint,0.0,1.0994802218527613,,0.4207942038401961,0.5512849133416644,0.7896028980799019,0.2703865420818329,pd,0.016112307214933185,0.03948402404785156,0.024123369574958597,0.04211900010704994,0.0,0.0,0.39916229248046875,0.4359445571899414,1.693511962890625,0.4958872106460763,0.5167099620092532,,True,0.17349233353828616,0.7403097152709961,0.8500000000000005,0.4032173156738281,0.2548734247684479,0.11605556670811211,False,False,rope_taut_during_settle,True,9,1.0050000000000001,0.323304472382819,0.9806860685348511,RL_shank_joint,0.0,1.327861825658877,0.07982697635464811,True,16,2.0300000000000002,0.25815491630424875,0.8392364978790283,RR_shank_joint,0.0,1.0602824512142166,0.014677420276077852,True,9,6.005,0.21137362206878102,0.7403097152709961,FL_thigh_joint,0.0,0.8681443891813501,-0.03210387395938988,True,11,6.055,0.21635316718668143,0.7403097152709961,FL_thigh_joint,0.0,0.8885961565895555,-0.027124328841489465,True,120,,0.2434774960281709,0.8392364978790283,RR_shank_joint,0.0,,,40.39326477050781,1.5897223949432373,1.0,True,load_velocity_jump,0.0,0.2,1.0
416,416,16,10,0.0,2.0,inextensible,15.0,1.026315789473684,OK,,0.26778119252648597,0.9740461111068726,RR_shank_joint,0.0,0.7272228724387249,0.44999999999999996,0.11004176793619991,0.3261354932739214,0.9588788023684174,0.023406367301940918,pd,0.04218505695467476,0.06329345703125,0.021163063518622436,0.03602283447980881,0.0,0.0,-0.09003257751464844,-0.06845808029174805,-0.08084389567375183,,,,,0.1855314946159734,1.0164196491241455,0.47500000000000053,0.43381500244140625,0.25384730100631714,0.195966547219552,False,False,rope_taut_during_settle|robot_and_load_speeds_differ,True,9,1.0050000000000001,0.3188957477725709,0.9740461111068726,RR_shank_joint,0.0,1.4015603383930426,0.0913666582021565,True,17,2.005,0.2267225353095417,0.57642662525177,FL_shank_joint,0.0,0.9964551598110135,-0.0008065542608726994,True,9,6.005,0.26522812920896666,1.0164196491241455,FL_thigh_joint,0.0,1.1656888783308095,0.037699039638552256,False,0,,,,,,,,True,120,,0.2275290895704144,0.5836911201477051,FR_shank_joint,0.0,,,1322.1484375,2.0188727378845215,1.0,False,,,0.2,1.0
417,417,17,10,0.0,2.0,inextensible,20.0,1.026315789473684,COL,stop_collision|speed_track_error,0.27937627622590067,0.9740666151046753,RL_shank_joint,0.0,1.1679913257445,,0.5154269223473966,0.6199244093883143,0.7422865388263017,0.3197626280784607,pd,0.021068712377464712,0.03246307373046875,0.0221554662882331,0.045181430876255035,0.0,0.0,1.1245718002319336,1.133875846862793,1.6764928102493286,-0.0006742861965243208,0.006139383805113141,1.125,True,0.17340022827263052,0.7535718679428101,0.5250000000000004,0.35575103759765625,0.2538515329360962,0.11406302169290662,False,False,rope_not_continuously_taut,True,9,1.0050000000000001,0.31886812143743265,0.9740666151046753,RR_shank_joint,0.0,1.2676592622535492,0.06732724532647133,True,17,2.23,0.2735278843938152,0.7894752025604248,RL_shank_joint,0.0,1.0874092856111182,0.02198700828285388,True,9,6.005,0.21546989942010508,0.7535718679428101,FR_thigh_joint,0.0,0.8565999401427529,-0.03607097669085624,True,17,7.055,0.14693588707818653,0.4519166946411133,RL_shank_joint,0.0,0.5841431792317096,-0.10460498903277479,True,120,,0.2515408761109613,0.7984975576400757,RL_shank_joint,0.0,,,53.5820198059082,1.43740713596344,1.0,True,deck_contact_force|load_velocity_jump,-353.4852294921875,0.2,1.0
418,418,18,10,0.0,2.0,inextensible,25.0,1.026315789473684,COL,stop_collision|speed_track_error,0.2785955553260624,0.974357008934021,RL_shank_joint,0.0,1.2557630277937346,,0.5769883193820715,0.6830496962813853,0.7115058403089642,0.33947426795959473,pd,0.0209850865522242,0.03352642059326172,0.03079784616378819,0.0481971837580204,0.0,0.0,1.0985651016235352,1.1886911392211914,1.6706342697143555,-0.0006130130406436507,0.06196095855577077,1.0,True,0.17495187809086918,1.0389944314956665,,0.38423824310302734,0.2538515329360962,0.1510200964996627,False,False,load_moved_during_settle|rope_not_continuously_taut,True,9,1.0050000000000001,0.318799066780346,0.974357008934021,RR_shank_joint,0.0,1.2499766968304782,0.06375505868906434,True,17,2.205,0.2760677662678861,0.7818411588668823,RL_shank_joint,0.0,1.0824318843400544,0.021023758176604457,True,9,6.005,0.2558001782817006,1.0389944314956665,FR_thigh_joint,0.0,1.0029648616177187,0.0007561701904189588,True,17,6.98,0.15231376881702052,0.5119942426681519,FL_thigh_joint,0.0,0.5972058310913408,-0.10273023927426111,True,120,,0.25504400809128164,0.7818536758422852,RL_shank_joint,0.0,,,10.200727462768555,1.2550617456436157,1.0,True,deck_contact_force|load_velocity_jump,-117.87710571289062,0.2,1.0
419,419,19,10,0.0,2.0,inextensible,30.0,1.026315789473684,COL,stop_collision|speed_track_error,0.28249001858064354,0.973842978477478,RL_shank_joint,0.0,1.3117855613090101,,0.6188449204340577,0.7283791835206588,0.6905775397829711,0.3416606557369232,pd,0.01858084107840058,0.0418093204498291,0.02622862976587415,0.04401639848947525,0.0,0.0,1.1420927047729492,1.2537603378295898,1.6545006036758423,-0.000873244427666009,0.0741814627932218,1.0,True,0.17080847440139196,0.7446475625038147,,0.44068050384521484,0.2538518011569977,0.11702035161941036,False,False,load_moved_during_settle|rope_not_continuously_taut,True,9,1.0050000000000001,0.31970518084227456,0.973842978477478,RR_shank_joint,0.0,1.2597491172886819,0.0659203784124337,True,17,2.23,0.27877220196279084,0.757327675819397,RL_shank_joint,0.0,1.098459006582389,0.024987399532949983,True,9,6.005,0.21667855815015144,0.7446475625038147,FR_thigh_joint,0.0,0.8537885487057584,-0.03710624427968942,True,17,6.905,0.15396623573005683,0.7440487146377563,FR_shank_joint,0.0,0.6066802828850282,-0.09981856669978403,True,120,,0.25378480242984086,0.812136173248291,RL_shank_joint,0.0,,,42.71766662597656,1.192232370376587,1.0,True,deck_contact_force|load_velocity_jump,-44.645957946777344,0.2,1.0
420,420,20,10,5.0,2.0,compliant,35.0,1.026315789473684,SPD,speed_track_error,0.2845449983052088,0.9739841222763062,RL_shank_joint,0.0,1.2943562786280705,,0.7869724145717919,0.8446833810052682,0.6065137927141041,0.681331615447998,pd,0.022649163289330646,0.04601645469665527,0.023455629582904664,0.04844118282198906,0.0,0.0,-0.03202533721923828,0.7676181793212891,1.1643342971801758,0.2531677400071892,0.7966339533382722,,False,0.14086995346001283,0.547633171081543,0.40000000000000036,-0.0611419677734375,0.2525827884674072,0.10656560463666843,False,False,tension_not_steady,True,9,1.0050000000000001,0.3189601220426136,0.9739841222763062,RR_shank_joint,0.0,1.229177367497215,0.05946940046183552,True,17,2.2800000000000002,0.27786955859645157,0.7342739105224609,RL_shank_joint,0.0,1.0708265671454933,0.0183788370156735,True,9,6.005,0.18276714453341897,0.547633171081543,FR_thigh_joint,0.0,0.704330171884487,-0.0767235770473591,False,0,,,,,,,,True,120,,0.25949072158077807,0.804792046546936,RL_shank_joint,0.0,,,44.683502197265625,1.1758906841278076,1.0,False,,,0.2,1.0
421,421,21,10,5.0,2.0,compliant,40.0,1.026315789473684,SPD,speed_track_error,0.28539198352637557,0.9739183187484741,RL_shank_joint,0.0,1.3531245819165045,,0.829416197873652,0.8887534014386381,0.585291901063174,0.7128679424524307,pd,0.02185941516225584,0.054416656494140625,0.022401118810828517,0.047563087195158005,0.0,0.0,-0.31139373779296875,0.5402183532714844,1.0808873176574707,0.42497627637036395,0.786622669446583,,False,0.14119465642651366,0.47060418128967285,0.40000000000000036,-0.31756114959716797,0.250228613615036,0.1115202461540595,False,False,tension_not_steady,True,9,1.0050000000000001,0.31880966836063274,0.9739183187484741,RR_shank_joint,0.0,1.237517922151242,0.06118942492494234,True,17,2.2800000000000002,0.2811738797768041,0.742406964302063,RL_shank_joint,0.0,1.0914277388569946,0.023553636341113682,True,9,6.005,0.1751851683521752,0.47060418128967285,FR_thigh_joint,0.0,0.6800132086510763,-0.08243507508351519,False,0,,,,,,,,True,120,,0.2576202434356904,0.7976315021514893,RL_shank_joint,0.0,,,46.82795715332031,1.194973349571228,1.0,False,,,0.2,1.0
422,422,22,10,5.0,0.5,compliant,5.0,1.026315789473684,OK,,0.17028910147257023,0.6124777793884277,FL_shank_joint,0.0,0.14176689771232492,0.17499999999999982,0.04226273340173066,0.07047224955592218,0.9173897854052484,0.031877607107162476,pd,0.009241357189104064,0.012604713439941406,0.011631784002492616,0.03935488313436508,0.0,0.0,0.11037826538085938,0.1063375473022461,0.4458324611186981,0.6357291050659093,0.6357570480167674,,False,0.14328387459486905,0.3983135223388672,0.6500000000000004,-0.02318286895751953,0.2538518011569977,0.11572283540237537,False,True,,True,9,1.0050000000000001,0.19451012581372015,0.5923515558242798,RR_shank_joint,0.0,1.260697385591986,0.04022240535304514,True,17,2.48,0.15847877869872457,0.5563831329345703,RL_shank_joint,0.0,1.0271639131457502,0.00419105823804955,True,9,6.005,0.13471576157027118,0.37469810247421265,FR_thigh_joint,0.0,0.8731463603716126,-0.019571958890403834,False,0,,,,,,,,True,120,,0.15428772046067502,0.566913366317749,FR_shank_joint,0.0,,,4.9817681312561035,0.46008530259132385,1.0,False,,,0.2,1.0
423,423,23,10,5.0,0.5,compliant,10.0,1.026315789473684,OK,,0.17306897479588176,0.6189479827880859,FL_shank_joint,0.0,0.156192122497106,0.19999999999999996,0.050562481191009284,0.07834300874971822,0.9014895357564092,0.03907345920801163,pd,0.006675640862476315,0.008466720581054688,0.011932857401014284,0.03977856785058975,0.0,0.0,0.20355224609375,0.1964874267578125,0.4378397762775421,0.5370288918489141,0.5370288918489141,,False,0.14036431339523095,0.4122788906097412,,-0.03229331970214844,0.2538514733314514,0.13344718245604364,False,False,rope_not_continuously_taut,True,9,1.0050000000000001,0.19377216875157563,0.5893192291259766,RR_shank_joint,0.0,1.2435295949389928,0.037947836511954075,True,17,2.48,0.15623119611640743,0.5528398752212524,RL_shank_joint,0.0,1.002611042004404,0.00040686387678587344,True,9,6.005,0.13938388719993933,0.3674125671386719,FR_thigh_joint,0.0,0.8944937237760746,-0.016440445039682228,False,0,,,,,,,,True,120,,0.15582433223962155,0.5650948286056519,FR_shank_joint,0.0,,,0.0,0.4815225899219513,1.0,False,,,0.2,1.0
424,424,24,10,5.0,0.5,rigid,15.0,0.763157894736842,OK,,0.1611190681708976,0.5892627239227295,FL_shank_joint,0.0,0.136038012592344,0.19999999999999996,0.0371844925917685,0.06745801850412639,1.022414097301662,0.02740454822778702,pd,0.007085374789396576,0.010242462158203125,0.018205555596627346,0.03968377038836479,0.0,0.0,-0.2744712829589844,,-0.04346045106649399,,,,,0.15017264114748421,0.4610161781311035,0.75,-0.05910301208496094,0.25385212898254395,0.11704375659627597,False,False,rope_taut_during_settle|robot_and_load_speeds_differ,True,9,1.0050000000000001,0.1937996131020676,0.5892627239227295,RR_shank_joint,0.0,1.2882508939006836,0.04336337896504833,True,17,2.005,0.147529691951549,0.4855916500091553,FR_shank_joint,0.0,0.9806792412603005,-0.00290654218547029,True,9,6.005,0.1411535017684406,0.35797083377838135,FR_thigh_joint,0.0,0.9382945709733478,-0.009282732368578683,False,0,,,,,,,,True,120,,0.1504362341370193,0.5212587118148804,FR_shank_joint,0.0,,,258.776611328125,0.5075573325157166,1.0,False,,,0.2,1.0
425,425,25,10,5.0,0.5,rigid,20.0,0.763157894736842,OK,,0.17929183665131748,0.6090556383132935,RR_shank_joint,0.0,0.19036125289762232,0.625,0.06414447501301765,0.09572171323477563,0.8717110499739646,0.048989677727222444,pd,0.005215292585344426,0.01312255859375,0.0274856912423889,0.05094722658395767,0.0,0.0,0.0006151199340820312,0.07345867156982422,0.44326895475387573,0.48554312458953675,0.5183289668936677,,False,0.15306559497614994,0.4608740210533142,,0.0034046173095703125,0.2554590404033661,0.1448354318814939,False,False,rope_taut_during_settle,True,9,1.0050000000000001,0.20965364401757533,0.6090556383132935,RR_shank_joint,0.0,1.3060318483478173,0.049126437668973955,True,16,2.0300000000000002,0.16512452318231502,0.5523927211761475,RL_shank_joint,0.0,1.0286388640174182,0.004597316833713644,True,9,6.005,0.1596896796375568,0.4608740210533142,FR_thigh_joint,0.0,0.9947826494331072,-0.0008375267110445894,False,0,,,,,,,,True,120,,0.16052720634860138,0.586982011795044,RL_shank_joint,0.0,,,16.35918426513672,0.4843205511569977,1.0,False,,,0.2,1.0
426,426,26,10,5.0,0.5,rigid,25.0,0.763157894736842,OK,,0.18091929525019904,0.6099342107772827,RL_shank_joint,0.0,0.19895073663630952,,0.06380464684218168,0.09799269964841598,0.8723907063156366,0.047614445388317106,pd,0.0047756801948159195,0.012058258056640625,0.02284890770309264,0.04116583988070488,0.0,0.0,0.012035369873046875,0.08350944519042969,0.449108362197876,0.48705245460803326,0.5156141477361498,,False,0.14832043219810134,0.479709267616272,,0.014493942260742188,0.2555966079235077,0.1505489668812024,False,False,rope_taut_during_settle,True,9,1.0050000000000001,0.2117910107625569,0.6099342107772827,RR_shank_joint,0.0,1.343409698952527,0.05413917087507289,True,16,2.0300000000000002,0.16072172153583925,0.5502605438232422,RL_shank_joint,0.0,1.0194725393027204,0.003069881648355227,True,9,6.005,0.1559918804142114,0.479709267616272,FR_thigh_joint,0.0,0.9894707256543448,-0.001659959473272632,False,0,,,,,,,,True,120,,0.15765183988748402,0.5795291662216187,RL_shank_joint,0.0,,,15.575766563415527,0.49074384570121765,1.0,False,,,0.2,1.0
427,427,27,10,5.0,0.5,rigid,30.0,0.763157894736842,OK,,0.18309968970517054,0.6282905340194702,RL_shank_joint,0.0,0.20908282522671703,,0.0690682104229927,0.10280308514274517,0.8618635791540146,0.04386847168207168,pd,0.004903291312584851,0.013881683349609375,0.019437018709326383,0.036905527114868164,0.0,0.0,0.00035572052001953125,0.08774662017822266,0.45182839035987854,0.49056615760393285,0.5159278082094136,,False,0.15157825385332802,0.49821460247039795,,0.0034313201904296875,0.2557604908943176,0.14390618656237564,False,False,rope_taut_during_settle,True,9,1.0050000000000001,0.21392260452863707,0.6099295616149902,RR_shank_joint,0.0,1.3438365678366782,0.05473464250360313,True,16,2.0300000000000002,0.1617243912157167,0.5547142028808594,FR_shank_joint,0.0,1.0159335489845889,0.002536429190682754,True,9,6.005,0.16228953307993774,0.4676494002342224,FR_thigh_joint,0.0,1.0194837035128075,0.003101571054903801,False,0,,,,,,,,True,120,,0.15918796202503394,0.5934207439422607,RL_shank_joint,0.0,,,8.451343536376953,0.4574459195137024,1.0,False,,,0.2,1.0
428,428,28,10,5.0,0.5,inextensible,35.0,1.026315789473684,OK,,0.18135047267722298,0.7040479183197021,RL_shank_joint,0.0,0.22026883946909337,0.17499999999999982,0.08062904657796026,0.11202512176430918,0.8409954237565398,0.05284055858850479,pd,0.006118420970336601,0.009647369384765625,0.012639142385462203,0.03965059667825699,0.0,0.0,0.5425510406494141,0.5276060104370117,0.44698113203048706,0.21003778925436478,0.21003778925436478,,False,0.14112444315710973,0.4249231815338135,0.5,-0.020910263061523438,0.2538513243198395,0.07123144733683734,False,False,rope_not_continuously_taut,True,9,1.0050000000000001,0.19434243581649105,0.5901780128479004,RR_shank_joint,0.0,1.2064566843141598,0.033257136739243354,True,17,2.455,0.1668224479963066,0.6124129295349121,RL_shank_joint,0.0,1.03561559591051,0.00573714891905891,True,9,6.005,0.14297651972922598,0.3883112668991089,FR_thigh_joint,0.0,0.8875826692332878,-0.018108779348021714,False,0,,,,,,,,True,120,,0.1610852990772477,0.6504193544387817,RL_shank_joint,0.0,,,4.8525590896606445,0.44733452796936035,1.0,False,,,0.2,1.0
429,429,29,10,5.0,0.5,inextensible,40.0,1.026315789473684,OK,,0.18323349451981769,0.7323470115661621,RL_shank_joint,0.0,0.231902121196246,0.17499999999999982,0.08666317234747112,0.11940093904605523,0.8282348547317088,0.05278724402189255,pd,0.005257096884001458,0.009410858154296875,0.013823589007627805,0.03940296545624733,0.0,0.0,0.5972509384155273,0.5827035903930664,0.44524702429771423,0.1354444739602041,0.1354444739602041,,False,0.15168752349938916,0.42351531982421875,0.6000000000000005,-0.029123306274414062,0.2538503408432007,0.08053858009314048,False,False,rope_not_continuously_taut,True,9,1.0050000000000001,0.1944828063189045,0.5922404527664185,RR_shank_joint,0.0,1.1995782018016132,0.03235681401026119,True,17,2.455,0.1702543918596141,0.6086746454238892,RL_shank_joint,0.0,1.0501363133401618,0.008128399550970805,True,9,6.005,0.13793011106069664,0.3588729500770569,FR_thigh_joint,0.0,0.850758777766588,-0.024195881247946666,False,0,,,,,,,,True,120,,0.1621259923086433,0.6599459648132324,RL_shank_joint,0.0,,,3.633005142211914,0.42927050590515137,1.0,False,,,0.2,1.0
430,430,30,10,10.0,1.0,compliant,5.0,1.026315789473684,COL,stop_collision,0.212185705640406,0.8753867149353027,RR_shank_joint,0.0,0.309045490320997,,0.17152358912862836,0.20966309920135504,0.8284764108713716,0.2059469312429428,pd,0.02932553178398683,0.051113128662109375,0.02014285875842391,0.04618871212005615,0.0,0.0,-0.0305938720703125,0.1009674072265625,0.7080671787261963,0.7624181597429178,0.7624181597429178,,True,0.15427512598567747,0.52229905128479,,-0.04182910919189453,0.2538509666919708,0.17170790296782154,False,True,,True,9,1.0050000000000001,0.2610442629736275,0.8753867149353027,RR_shank_joint,0.0,1.348724739510639,0.0674953086715489,True,17,2.33,0.1937883836913172,0.7139594554901123,RL_shank_joint,0.0,1.0012370482191546,0.00023942938923862678,True,9,6.005,0.16461453596283926,0.52229905128479,FL_thigh_joint,0.0,0.8505059433486767,-0.02893441833923932,True,12,6.08,0.16135786491726378,0.52229905128479,FL_thigh_joint,0.0,0.8336798589230658,-0.0321910893848148,True,120,,0.19354895430207858,0.7714109420776367,RL_shank_joint,0.0,,,13.103559494018555,0.8648229241371155,1.0,True,load_velocity_jump,0.0,0.2,1.0
431,431,31,10,10.0,1.0,compliant,10.0,1.026315789473684,COL,stop_collision,0.2185517483067357,0.8758968114852905,RL_shank_joint,0.0,0.350236610138385,,0.1986194237228483,0.23711770948059205,0.8013805762771518,0.22796841144561766,pd,0.02230264073309491,0.03515625,0.014081621952512799,0.03188484162092209,0.0,0.0,-0.2769145965576172,0.10099506378173828,0.6657728552818298,0.691624931296511,0.691624931296511,,True,0.164054199355949,0.5402581691741943,,-0.27866268157958984,0.25385427474975586,0.16533688974591088,False,False,tension_not_steady,True,9,1.0050000000000001,0.26069976866013606,0.8758968114852905,RR_shank_joint,0.0,1.346502918623201,0.0670872892110001,True,17,2.33,0.19039975225083708,0.7117042541503906,RL_shank_joint,0.0,0.9834064043421183,-0.003212727198298876,True,9,6.005,0.1605788448963091,0.39733171463012695,FL_shank_joint,0.0,0.829382720334899,-0.033033634552826846,True,17,6.83,0.17633374572002947,0.5402581691741943,RL_shank_joint,0.0,0.9107560949672885,-0.017278733729106488,True,120,,0.19361247944913595,0.7956192493438721,RL_shank_joint,0.0,,,20.24917221069336,0.9292601346969604,1.0,True,load_velocity_jump,0.0,0.2,1.0
432,432,32,10,10.0,1.0,compliant,15.0,1.026315789473684,OK,,0.19084386920678742,0.8755083084106445,RR_shank_joint,0.0,0.2928233170454537,0.575,0.07592230963520706,0.14235275774959402,0.9502781016845256,0.06838326096534729,pd,0.0339539246806819,0.0537109375,0.030624829809448265,0.061656516045331955,0.0,0.0,-0.22292661666870117,,-0.03761310502886772,,,,,0.15885710129688796,0.5195006132125854,0.8500000000000005,-0.003932952880859375,0.25385206937789917,0.17144404237538796,False,False,rope_taut_during_settle|robot_and_load_speeds_differ|tension_not_steady,True,9,1.0050000000000001,0.2607228813440946,0.8755083084106445,RR_shank_joint,0.0,1.4263482145767086,0.07793239674881067,True,17,2.005,0.1688367072919184,0.5890395641326904,RL_shank_joint,0.0,0.9236624524834509,-0.013953777303365528,True,9,6.005,0.1620864490137834,0.5195006132125854,FR_thigh_joint,0.0,0.8867335155473695,-0.020704035581500524,False,0,,,,,,,,True,120,,0.18279048459528394,0.7146761417388916,RL_shank_joint,0.0,,,32769.79296875,0.9791616797447205,1.0,False,,,0.2,1.0
433,433,33,10,10.0,1.0,compliant,20.0,1.026315789473684,COL,stop_collision|speed_track_error,0.2287200494072137,0.8761836290359497,RL_shank_joint,0.0,0.412756792834029,,0.22438972562551499,0.2671172395791513,0.775610274374485,0.24452951550483704,pd,0.028934833681941944,0.05048370361328125,0.019045065670176588,0.0721844956278801,0.0,0.0,-0.3135261535644531,0.06907367706298828,0.5031354427337646,0.7860342260658424,0.7860342260658424,,True,0.17040553969905026,0.5629076957702637,,-0.31006526947021484,0.2519906461238861,0.15525088759525285,False,False,rope_not_continuously_taut|tension_not_steady,True,9,1.0050000000000001,0.2609110827983283,0.8761836290359497,RR_shank_joint,0.0,1.3392772623447737,0.06609624487482649,True,17,2.505,0.19868564461672555,0.7044682502746582,RL_shank_joint,0.0,1.0198691574752827,0.003870806693223733,True,9,6.005,0.13366493797500145,0.36421477794647217,FR_shank_joint,0.0,0.6861127181056292,-0.06114989994850037,True,17,6.68,0.18955451588310965,0.5383806228637695,RL_shank_joint,0.0,0.9729983501438543,-0.0052603220403921735,True,120,,0.19481483792350182,0.7706655263900757,RL_shank_joint,0.0,,,23.626455307006836,0.8946086168289185,1.0,True,load_velocity_jump,0.0,0.2,1.0
434,434,34,10,10.0,1.0,rigid,25.0,0.763157894736842,SPD,speed_track_error,0.23323453628079321,0.8987941741943359,RL_shank_joint,0.0,0.5009187965278694,,0.2585973066277802,0.3161481378576649,0.7414026933722198,0.2703240725398064,pd,0.017658629420756734,0.030059814453125,0.020625052022058984,0.05771927163004875,0.0,0.0,-0.28253936767578125,0.041706085205078125,0.4277626574039459,0.4632860463845212,0.4901643964836673,,False,0.19869900524833944,0.6825834512710571,,-0.2805309295654297,0.2556026875972748,0.15774003473198062,False,False,rope_taut_during_settle|tension_not_steady,True,9,1.0050000000000001,0.2878761962335543,0.8987941741943359,RR_shank_joint,0.0,1.455032678527123,0.09002758397766947,True,16,2.0300000000000002,0.2002442841231552,0.672024130821228,RL_shank_joint,0.0,1.0121086109220314,0.0023956718672703547,True,9,6.005,0.15698955035887638,0.45863866806030273,FL_shank_joint,0.0,0.7934832019738205,-0.04085906189700847,False,0,,,,,,,,True,120,,0.19784861225588485,0.792566180229187,RL_shank_joint,0.0,,,11.253002166748047,0.8807536959648132,1.0,False,,,0.2,1.0
435,435,35,10,10.0,1.0,rigid,30.0,0.763157894736842,SPD,speed_track_error,0.24080006569678641,0.9002499580383301,RL_shank_joint,0.0,0.5225200764574296,,0.2645951178856194,0.32249808317856243,0.7354048821143806,0.2678955256938934,pd,0.025075002026083846,0.0474395751953125,0.012111589375014064,0.026092400774359703,0.0,0.0,-0.506587028503418,0.035986900329589844,0.37356841564178467,0.4789162056247971,0.4870288069593105,,False,0.1960974003568502,0.611901044845581,,-0.5093164443969727,0.25362446904182434,0.15950006801322097,False,False,rope_taut_during_settle|tension_not_steady,True,9,1.0050000000000001,0.28986039162575783,0.9002499580383301,RR_shank_joint,0.0,1.47406670973355,0.0932204500873233,True,16,2.0300000000000002,0.19762475795902948,0.7243458032608032,RL_shank_joint,0.0,1.0050082216913314,0.0009848164205949472,True,9,6.005,0.15454336795816453,0.4573638439178467,FL_shank_joint,0.0,0.7859205345011662,-0.04209657358027,False,0,,,,,,,,True,120,,0.19663994153843453,0.7647141218185425,RL_shank_joint,0.0,,,27.83132553100586,0.8572543859481812,1.0,False,,,0.2,1.0
436,436,36,10,10.0,1.0,rigid,35.0,0.763157894736842,SPD,speed_track_error,0.24245448785374066,0.9017009735107422,RL_shank_joint,0.0,0.5463526671917595,,0.27159402361139656,0.33068818527475413,0.7284059763886035,0.2664812594652176,pd,0.017260897002532027,0.02979278564453125,0.013686055126919266,0.028434492647647858,0.0,0.0,-0.4716215133666992,0.03223609924316406,0.34385907649993896,0.4804582941336921,0.5058950348165325,,False,0.18904134959928853,0.6183580160140991,,-0.4715547561645508,0.2558509409427643,0.15480669103595152,False,False,rope_taut_during_settle|tension_not_steady,True,9,1.0050000000000001,0.29151841697852043,0.9017009735107422,RR_shank_joint,0.0,1.4608501256218036,0.09196446420431845,True,16,2.0300000000000002,0.211119070787561,0.7021228075027466,RL_shank_joint,0.0,1.0579548430516188,0.011565118013359021,True,9,6.005,0.13961423561701466,0.40567803382873535,FL_shank_joint,0.0,0.6996315215814847,-0.05993971715718732,False,0,,,,,,,,True,120,,0.199553952774202,0.7858726978302002,RL_shank_joint,0.0,,,34.6901741027832,0.8187862634658813,1.0,False,,,0.2,1.0
437,437,37,10,10.0,1.0,rigid,40.0,0.763157894736842,SPD,speed_track_error,0.24495149248591352,0.9051406383514404,RL_shank_joint,0.0,0.5678591480491496,,0.2754782150685787,0.3355722373440577,0.7245217849314213,0.2554522234201431,pd,0.016527647665959166,0.03101348876953125,0.014288924647505698,0.02662673592567444,0.0,0.0,-0.45252132415771484,0.031368255615234375,0.3348388969898224,0.4786758109652922,0.48296789981622723,,False,0.19201582814603638,0.6044830083847046,,-0.4544696807861328,0.25594305992126465,0.1585733097924093,False,False,rope_taut_during_settle|tension_not_steady,True,9,1.0050000000000001,0.29376048071256017,0.9051406383514404,RL_shank_joint,0.0,1.4619307357509352,0.092820399538559,True,16,2.0300000000000002,0.21352305251673687,0.7185252904891968,RL_shank_joint,0.0,1.0626205148779633,0.0125829713427357,True,9,6.005,0.14175061439895112,0.42218613624572754,FL_shank_joint,0.0,0.7054372306946777,-0.05918946677505005,False,0,,,,,,,,True,120,,0.20094008117400117,0.7867629528045654,RL_shank_joint,0.0,,,43.91309356689453,0.7896648645401001,1.0,False,,,0.2,1.0
438,438,38,10,10.0,1.5,inextensible,5.0,1.026315789473684,COL,stop_collision|speed_track_error,0.2409050407302127,0.9259330034255981,RR_shank_joint,0.0,0.560416400326693,,0.35071229953318833,0.4020035651650052,0.7661918003112077,0.4039894884824753,pd,0.02420562877969628,0.0332183837890625,0.031061058934483937,0.04809466749429703,0.0,0.0,0.21024417877197266,0.21776485443115234,1.2086466550827026,0.7726564744956352,0.778684886612826,,True,0.15555018562928302,0.8062945604324341,0.40000000000000036,0.22496986389160156,0.25385427474975586,0.15703217323440888,False,False,rope_not_continuously_taut|tension_not_steady,True,9,1.0050000000000001,0.2903806450996817,0.9259330034255981,RR_shank_joint,0.0,1.3514605411811627,0.0755163288645277,True,17,2.255,0.20457901752042626,0.6627157926559448,RL_shank_joint,0.0,0.9521311919310455,-0.010285298714727747,True,9,6.005,0.18930574447456328,0.8062945604324341,FL_thigh_joint,0.0,0.8810478528569693,-0.02555857176059073,True,10,6.03,0.18937671416850516,0.8062945604324341,FL_thigh_joint,0.0,0.8813781529048572,-0.02548760206664885,True,120,,0.214864316235154,0.8025941848754883,RL_shank_joint,0.0,,,10.455552101135254,1.395283818244934,1.0,True,load_velocity_jump,0.0,0.2,1.0
439,439,39,10,10.0,1.5,inextensible,10.0,1.026315789473684,SPD,speed_track_error,0.2447864799974111,0.9257667064666748,RR_shank_joint,0.0,0.6249940806989117,,0.45591171756386756,0.5131467348224656,0.6960588549574216,0.5682797414064408,pd,0.011499232059917363,0.0194244384765625,0.021711995392631783,0.048523757606744766,0.0,0.0,-0.07037734985351562,0.13088607788085938,0.8191609978675842,0.7142946295504533,0.7773292125809608,,False,0.17345174254547407,0.4969404935836792,,-0.0648794174194336,0.2454890012741089,0.1546621882135238,False,False,rope_not_continuously_taut,True,9,1.0050000000000001,0.29028739126425745,0.9257667064666748,RR_shank_joint,0.0,1.3311597782765685,0.07221635576460622,True,17,2.255,0.21886212329586008,0.7392185926437378,RL_shank_joint,0.0,1.003627661025208,0.0007910877962088447,True,9,6.005,0.17513532621883582,0.4877614974975586,FR_thigh_joint,0.0,0.8031113614770538,-0.042935709280815415,False,0,,,,,,,,True,120,,0.21807103549965123,0.7751010656356812,RL_shank_joint,0.0,,,28.74225616455078,1.3631548881530762,1.0,False,,,0.2,1.0
440,440,0,11,0.0,1.0,compliant,20.0,1.0789473684210527,OK,,0.19229313837224593,0.8760725259780884,RR_shank_joint,0.0,0.29038487834496524,0.575,0.05403293034993112,0.1333693130984038,1.0003757283929735,0.02646049380302429,pd,0.015057842169875676,0.0258941650390625,0.006559453967857482,0.023359473794698715,0.0,0.0,-0.6524295806884766,,-0.16997018456459045,,,,,0.1509621011328839,0.5517352223396301,0.27500000000000036,0.1268310546875,0.2538473308086395,0.06359504066017353,False,False,rope_taut_during_settle|robot_and_load_speeds_differ|tension_not_steady,True,9,1.0050000000000001,0.2622067657393847,0.8760725259780884,RR_shank_joint,0.0,1.4957069472093965,0.08690052260894063,True,17,2.005,0.1677996394547866,0.5960003137588501,RL_shank_joint,0.0,0.9571800550761228,-0.007506603675657447,True,9,6.005,0.16960636428862405,0.5517352223396301,FL_thigh_joint,0.0,0.9674861617017326,-0.005699878841819994,False,0,,,,,,,,True,120,,0.17530624313044404,0.6218163967132568,FR_shank_joint,0.0,,,1683.123779296875,0.981107234954834,1.0,False,,,0.2,1.0
441,441,1,11,0.0,1.0,compliant,25.0,1.0789473684210527,COL,stop_collision,0.23231544772813195,0.8761821985244751,RR_shank_joint,0.0,0.45490324129989057,,0.1954845532402396,0.24336966905007493,0.8045154467597604,0.1318871819972992,pd,0.018316521666818297,0.0340576171875,0.01171731640356845,0.02341458573937416,0.0,0.0,0.8979434967041016,0.9111995697021484,0.8780543208122253,0.0018947590830684646,0.013456502947757798,,True,0.14534292394340392,0.5197672843933105,0.5250000000000004,0.06613731384277344,0.25385358929634094,0.105902356051541,False,True,,True,9,1.0050000000000001,0.2619404710477937,0.8761821985244751,RR_shank_joint,0.0,1.335421764514455,0.0657923491523621,True,17,2.305,0.20180816537281923,0.7226262092590332,RL_shank_joint,0.0,1.0288559656992537,0.005660043477387605,True,9,6.005,0.1674583105539019,0.5197672843933105,FR_thigh_joint,0.0,0.8537339482820818,-0.02868981134152973,True,16,8.78,0.1385290008327454,0.3517270088195801,RL_shank_joint,0.0,0.7062468888006814,-0.05761912106268621,True,120,,0.19614812189543163,0.7739267349243164,RL_shank_joint,0.0,,,27.385778427124023,0.8769724369049072,1.0,True,deck_contact_force,-54.35734558105469,0.2,1.0
442,442,2,11,0.0,1.0,compliant,30.0,1.0789473684210527,COL,stop_collision|speed_track_error,0.23410994952250547,0.9161072969436646,RL_shank_joint,0.0,0.5105716960423942,,0.22547430774196983,0.27509903898851434,0.7745256922580301,0.15760830521583558,pd,0.01820085122300081,0.02788543701171875,0.026519962718490317,0.0484551265835762,0.0,0.0,0.8867549896240234,0.9293613433837891,0.8674455285072327,-0.0022060954471641026,0.027877743369394636,2.000000000000001,True,0.14513163842784113,0.4883766174316406,0.35000000000000053,0.085479736328125,0.2538512349128723,0.08900991029415228,False,False,load_moved_during_settle,True,9,1.0050000000000001,0.26049281252224793,0.875829815864563,RR_shank_joint,0.0,1.3073080190385324,0.06123387069013944,True,17,2.305,0.1992676775393548,0.7359693050384521,RR_shank_joint,0.0,1.0000438409798125,8.735707246299018e-06,True,9,6.005,0.16615375363866328,0.4883766174316406,FR_thigh_joint,0.0,0.8338584562928224,-0.03310518819344521,True,17,7.955,0.13069895749501687,0.4288051128387451,RL_shank_joint,0.0,0.6559251810397605,-0.06855998433709162,True,120,,0.1992589418321085,0.7868564128875732,RL_shank_joint,0.0,,,24.70074462890625,0.768377423286438,1.0,True,deck_contact_force,-221.33059692382812,0.2,1.0
443,443,3,11,0.0,1.0,compliant,35.0,1.0789473684210527,SPD,stop_margin_low|speed_track_error,0.23809982836889068,0.9194072484970093,RL_shank_joint,0.0,0.5483638142100985,,0.24922307987697423,0.2993486298017155,0.7507769201230258,0.1713791698217392,pd,0.02205052459570064,0.03833770751953125,0.016521913874580105,0.02522619441151619,0.0,0.0,0.8330650329589844,0.8335857391357422,0.8355225324630737,0.06382104946543521,0.06664423849467127,,False,0.14873409747362423,0.4786585569381714,0.35000000000000053,0.067138671875,0.25384923815727234,0.10423474510128372,False,False,load_moved_during_settle,True,9,1.0050000000000001,0.26066404806185595,0.8758596181869507,RR_shank_joint,0.0,1.3000201631083372,0.06015635175150763,True,17,2.2800000000000002,0.20939772109567292,0.7606222629547119,RL_shank_joint,0.0,1.0443375738134486,0.008890024785324607,True,9,6.005,0.16922049399956202,0.4786585569381714,FR_thigh_joint,0.0,0.8439600928716493,-0.0312872023107863,False,0,,,,,,,,True,120,,0.20050769631034832,0.7986016273498535,RL_shank_joint,0.0,,,39.616905212402344,0.7922672629356384,1.0,False,,,0.2,1.0
444,444,4,11,0.0,1.0,compliant,40.0,1.0789473684210527,COL,stop_collision|speed_track_error,0.2378193595543703,0.87591552734375,RR_shank_joint,0.0,0.5652098813767983,,0.2526947939582169,0.3059460255144782,0.7473052060417831,0.16914548993110656,pd,0.021647387684148853,0.038238525390625,0.01802120508413392,0.032932449132204056,0.0,0.0,0.8351116180419922,0.9201984405517578,0.8496840000152588,-0.00172353466288655,0.055840474014633656,1.625,True,0.1454249490755385,0.5378944873809814,0.5250000000000004,0.059722900390625,0.25385376811027527,0.10309155693454097,False,False,load_moved_during_settle|rope_not_continuously_taut,True,9,1.0050000000000001,0.2608497691468855,0.87591552734375,RR_shank_joint,0.0,1.2626837659045587,0.054266160336473246,True,17,2.2800000000000002,0.2074682935712169,0.7037633657455444,RL_shank_joint,0.0,1.0042824538011461,0.0008846847608046382,True,9,6.005,0.16506736962262336,0.5378944873809814,FR_thigh_joint,0.0,0.7990342049552946,-0.041516239187788906,True,17,7.63,0.1319423147916435,0.45301973819732666,RL_shank_joint,0.0,0.6386872392801056,-0.07464129401876876,True,120,,0.20658360881041227,0.7801499366760254,RL_shank_joint,0.0,,,25.924880981445312,0.7219963669776917,1.0,True,deck_contact_force,-91.01092529296875,0.2,1.0
445,445,5,11,0.0,1.5,compliant,5.0,1.0789473684210527,COL,stop_collision,0.24047434438895163,0.9251054525375366,RR_shank_joint,0.0,0.5622758640811967,,0.2192213947698474,0.2926544452556837,0.8538524034867684,0.16365691661834716,pd,0.014521145337403105,0.02133941650390625,0.01838251062546129,0.030710486695170403,0.0,0.0,0.38268470764160156,0.3864936828613281,1.2919013500213623,0.6587862778246425,0.6659284073004521,,True,0.16593134766054088,0.7624567151069641,0.375,0.2224864959716797,0.2538503408432007,0.09762784501474918,False,True,,True,9,1.0050000000000001,0.2902772646368344,0.9251054525375366,RR_shank_joint,0.0,1.3832415929093063,0.08042436104802023,True,17,2.2800000000000002,0.19357068238285174,0.6134539842605591,RL_shank_joint,0.0,0.922411265569783,-0.016282221205962427,True,9,6.005,0.20844218720129876,0.7624567151069641,FR_thigh_joint,0.0,0.9932775941462332,-0.001410716387515415,True,11,6.055,0.20122401136742732,0.7624567151069641,FR_thigh_joint,0.0,0.9588812350278731,-0.008628892221386852,True,120,,0.20985290358881417,0.756704568862915,RL_shank_joint,0.0,,,3.1677637100219727,1.3199689388275146,1.0,True,load_velocity_jump,0.0,0.2,1.0
446,446,6,11,0.0,1.5,compliant,10.0,1.0789473684210527,OK,,0.24516738188040502,0.9254282712936401,RR_shank_joint,0.0,0.6370220666832408,,0.25838452184572813,0.33106440638593587,0.827743652102848,0.19455057621002197,pd,0.020567730399789243,0.03475189208984375,0.024149361704530723,0.0403825081884861,0.0,0.0,0.6201229095458984,0.6446743011474609,1.2775830030441284,0.37216257184847024,0.3968696682774535,,False,0.16331472455646395,0.643220841884613,0.5499999999999998,0.1886157989501953,0.25385504961013794,0.099453854936923,False,False,load_moved_during_settle|rope_not_continuously_taut,True,9,1.0050000000000001,0.2901722814436274,0.9254282712936401,RR_shank_joint,0.0,1.3503704787727366,0.07528882093777717,True,17,2.455,0.2208095235232419,0.7255756855010986,RL_shank_joint,0.0,1.0275780323131494,0.005926063017391681,True,9,6.005,0.18806425998137635,0.643220841884613,FR_thigh_joint,0.0,0.8751918809323916,-0.02681920052447387,False,0,,,,,,,,True,120,,0.21488346050585022,0.7491793632507324,RL_shank_joint,0.0,,,25.72218132019043,1.3323925733566284,1.0,False,,,0.2,1.0
447,447,7,11,0.0,1.5,compliant,15.0,1.0789473684210527,LOW,stop_margin_low,0.25001486975636444,0.9254279136657715,RL_shank_joint,0.0,0.7203920210470979,,0.2997197332046926,0.37417020165567416,0.8001868445302049,0.211759774684906,pd,0.030098473542005028,0.05373382568359375,0.040327526486882426,0.06954805552959442,0.0,0.0,0.9564132690429688,0.9463615417480469,1.30675208568573,0.06626068181878964,0.06639575744358339,,False,0.15777473986188773,0.71736741065979,0.3250000000000002,0.2011871337890625,0.25385183095932007,0.12493735312222654,False,False,rope_not_continuously_taut,True,9,1.0050000000000001,0.2902617536896911,0.9254279136657715,RR_shank_joint,0.0,1.3280566447773017,0.07170047858808251,True,17,2.2800000000000002,0.2211031938004586,0.7428379058837891,RL_shank_joint,0.0,1.011630233661788,0.0025419186988500098,True,9,6.005,0.20589001837370322,0.71736741065979,FR_thigh_joint,0.0,0.9420242368094964,-0.012671256727905367,False,0,,,,,,,,True,120,,0.21856127510160858,0.7566462755203247,RL_shank_joint,0.0,,,37.07516860961914,1.3040976524353027,1.0,False,,,0.2,1.0
448,448,8,11,0.0,1.5,rigid,20.0,0.7894736842105263,OK,,0.22563001357036935,0.9252475500106812,RR_shank_joint,0.0,0.500848841640052,0.5499999999999998,0.07614956311881542,0.22504040217279556,0.9705171072979768,0.02093684673309326,pd,0.0172037915184301,0.03328704833984375,0.032606810308870415,0.06068980321288109,0.0,0.0,-0.2991657257080078,-0.2815666198730469,-0.14089469611644745,,,,,0.1670452886819826,0.7578974664211273,0.4500000000000002,0.24481582641601562,0.2538502812385559,0.08678775154740064,False,False,rope_taut_during_settle|robot_and_load_speeds_differ,True,9,1.0050000000000001,0.29030285206822654,0.9252475500106812,RR_shank_joint,0.0,1.6143019062708843,0.11047103068430697,True,17,2.005,0.18845590851715585,0.5850843191146851,FL_shank_joint,0.0,1.0479564020809469,0.008624087133236286,True,9,6.005,0.19684360186694477,0.7578974664211273,FR_thigh_joint,0.0,1.0945982771686835,0.017011780483025207,False,0,,,,,,,,True,120,,0.17983182138391957,0.5966131687164307,FL_shank_joint,0.0,,,984.6961059570312,1.501367449760437,1.0,False,,,0.2,1.0
449,449,9,11,0.0,1.5,rigid,25.0,0.7894736842105263,SPD,speed_track_error,0.25799216032403877,0.932343602180481,RL_shank_joint,0.0,0.9000739626262451,,0.3803969315998256,0.4676021918761773,0.7464020456001162,0.2581607496738434,pd,0.02909281684615983,0.048858642578125,0.018079720520271028,0.02796095795929432,0.0,0.0,0.4045524597167969,0.42925071716308594,1.244863748550415,0.5177995612633772,0.5338188932118584,,False,0.17717382882009786,0.7772762775421143,0.7750000000000004,0.40667152404785156,0.2555255591869354,0.10692880736646121,False,False,rope_taut_during_settle,True,9,1.0050000000000001,0.3139452510860174,0.932343602180481,RL_shank_joint,0.0,1.3882113046974587,0.08779434018096796,True,17,2.005,0.2342259045270657,0.7678266763687134,RL_shank_joint,0.0,1.0357062175416423,0.008074993622016274,True,9,6.005,0.19816543761054187,0.6173295974731445,FR_thigh_joint,0.0,0.8762531038123591,-0.027985473294507568,False,0,,,,,,,,True,120,,0.22615091090504943,0.7678266763687134,RL_shank_joint,0.0,,,29.54082489013672,1.0833170413970947,1.0,False,,,0.2,1.0
450,450,10,11,0.0,1.5,rigid,30.0,0.7894736842105263,SPD,speed_track_error,0.2648194178326112,0.9327648878097534,RL_shank_joint,0.0,0.9424678973261602,,0.3980922507494688,0.48955638115037553,0.7346051661670208,0.24917420506477356,pd,0.025889517005680564,0.055103302001953125,0.012791010099251689,0.03161973878741264,0.0,0.0,0.5084781646728516,0.5394554138183594,1.2946302890777588,0.509081708673996,0.5349866211367775,,False,0.1944197363854916,1.085174560546875,0.9249999999999998,0.5111351013183594,0.2555125057697296,0.14101880046467813,False,False,rope_taut_during_settle,True,9,1.0050000000000001,0.3135922292367613,0.9327648878097534,RL_shank_joint,0.0,1.3771437663627732,0.08588017992400024,True,17,2.005,0.24457832113052014,0.7362209558486938,RL_shank_joint,0.0,1.0740684204839481,0.0168662718177591,True,9,6.005,0.22608486697927285,0.7679561376571655,FR_thigh_joint,0.0,0.992854210664745,-0.0016271823334881863,False,0,,,,,,,,True,120,,0.22771204931276104,0.782210111618042,RL_shank_joint,0.0,,,48.08916473388672,1.0189012289047241,1.0,False,,,0.2,1.0
451,451,11,11,0.0,1.5,rigid,35.0,0.7894736842105263,SPD,speed_track_error,0.26988705240331584,0.9409102201461792,RL_shank_joint,0.0,0.9780990750439922,,0.42609915183857083,0.5155980018645586,0.7159338987742861,0.26360150694847106,pd,0.03553153106833719,0.062458038330078125,0.027245989978654742,0.0446520671248436,0.0,0.0,0.48612403869628906,0.5529880523681641,1.2394870519638062,0.5194335654935855,0.5409666530308783,,False,0.19819973108849226,1.0995439291000366,0.9249999999999998,0.4891529083251953,0.25561535358428955,0.15700446341284813,False,False,rope_taut_during_settle,True,9,1.0050000000000001,0.3149111567936266,0.9409102201461792,RL_shank_joint,0.0,1.3679700076208978,0.0847078957284928,True,17,2.005,0.24477377013660429,0.7638653516769409,RL_shank_joint,0.0,1.0632941036719195,0.014570509071470505,True,9,6.005,0.2524840647400206,1.0995439291000366,FL_thigh_joint,0.0,1.0967875240854328,0.02228080367488683,False,0,,,,,,,,True,120,,0.23020326106513378,0.7904962301254272,RL_shank_joint,0.0,,,56.56934356689453,0.9678308963775635,1.0,False,,,0.2,1.0
452,452,12,11,0.0,1.5,rigid,40.0,0.7894736842105263,SPD,speed_track_error,0.27061939965135234,0.9354149103164673,RL_shank_joint,0.0,1.0036289625773274,,0.4528597637265921,0.5391023188832352,0.6980934908489386,0.27806032180786133,pd,0.023921089568554755,0.041538238525390625,0.022289941915214495,0.03554919734597206,0.0,0.0,0.5704231262207031,0.6081657409667969,1.2571719884872437,0.5244327145806835,0.5356095299441286,,False,0.19276980582557368,0.9403495192527771,,0.5733566284179688,0.2557002604007721,0.1458535556074974,False,False,rope_taut_during_settle,True,9,1.0050000000000001,0.31466109233679773,0.9354149103164673,RL_shank_joint,0.0,1.3406417678726767,0.07995179125624116,True,17,2.005,0.2431116181327191,0.7430530786514282,RL_shank_joint,0.0,1.035798824390341,0.008402317052162517,True,9,6.005,0.238001473532031,0.9403495192527771,FL_thigh_joint,0.0,1.0140265956070675,0.0032921724514744233,False,0,,,,,,,,True,120,,0.23470930108055657,0.8223646879196167,RL_shank_joint,0.0,,,62.58846664428711,0.9134188294410706,1.0,False,,,0.2,1.0
453,453,13,11,0.0,2.0,rigid,5.0,0.7894736842105263,COL,stop_collision,0.2744685657680377,0.9712475538253784,RL_shank_joint,0.0,0.9605892020774096,,0.32155238119885327,0.46630974565950806,0.8392238094005734,0.202546911239624,pd,0.012285545486091357,0.03189849853515625,0.00899747287995097,0.021867316216230392,0.0,0.0,0.37456703186035156,0.3705615997314453,1.8192583322525024,0.5174030686829489,0.5397646810914871,,True,0.17897396689985093,0.9409080743789673,0.7000000000000002,0.37848854064941406,0.2545047402381897,0.13670024947210804,False,False,rope_taut_during_settle,True,9,1.0050000000000001,0.3190860268344292,0.9712475538253784,RR_shank_joint,0.0,1.3522457006316948,0.08311853462101726,True,16,2.0300000000000002,0.2275539622466916,0.7416293621063232,RR_shank_joint,0.0,0.9643445379369839,-0.008413529966720346,True,9,6.005,0.23134684025221633,0.9409080743789673,FR_thigh_joint,0.0,0.9804182689833536,-0.0046206519611956265,True,10,6.03,0.2269282261368186,0.9409080743789673,FR_thigh_joint,0.0,0.9616927484722424,-0.00903926607659336,True,120,,0.23596749221341196,0.7546724081039429,RR_shank_joint,0.0,,,35.78239822387695,1.8224776983261108,1.0,True,load_velocity_jump,0.0,0.2,1.0
454,454,14,11,0.0,2.0,rigid,10.0,0.7894736842105263,COL,stop_collision|speed_track_error,0.27116700892576834,0.9820603132247925,RL_shank_joint,0.0,1.09708904700733,,0.42022006018087266,0.5503096905204428,0.7898899699095636,0.2695056653022766,pd,0.03399054338780326,0.049076080322265625,0.02470556682516227,0.040139928460121155,0.0,0.0,0.41168212890625,0.44417762756347656,1.7042741775512695,0.51980082594444,0.5401079043185639,,True,0.17277139155431728,0.7067866325378418,0.8500000000000005,0.4162921905517578,0.2548324763774872,0.11859026569203199,False,False,rope_taut_during_settle,True,9,1.0050000000000001,0.3242242508896499,0.9820603132247925,RL_shank_joint,0.0,1.3269719798324038,0.07989034194712699,True,17,2.005,0.26143785275536574,0.7707726955413818,RL_shank_joint,0.0,1.0700023336378839,0.01710394381284283,True,9,6.005,0.2153981338302128,0.7067866325378418,FL_thigh_joint,0.0,0.8815728228736481,-0.028935775112310103,True,11,6.055,0.22375038402194214,0.7067866325378418,FL_thigh_joint,0.0,0.9157565766877538,-0.02058352492058077,True,120,,0.2443339089425229,0.7707726955413818,RL_shank_joint,0.0,,,17.004539489746094,1.5903524160385132,1.0,True,load_velocity_jump,0.0,0.2,1.0
455,455,15,11,0.0,2.0,rigid,15.0,0.7894736842105263,COL,stop_collision|speed_track_error,0.2741819728246346,0.9855509996414185,RL_shank_joint,0.0,1.2110417990268523,,0.47992687713354826,0.6125445273248566,0.7600365614332258,0.29117086172103884,pd,0.012145981005719281,0.03478431701660156,0.024446348447245542,0.040923550724983215,0.0,0.0,0.48359107971191406,0.5217247009277344,1.6852222681045532,0.5277159022816029,0.5383687157555066,,True,0.17916898470870102,0.7918061017990112,0.875,0.4871025085449219,0.2551518380641937,0.12294832310894463,False,False,rope_taut_during_settle,True,9,1.0050000000000001,0.32539171803815486,0.9855509996414185,RL_shank_joint,0.0,1.3121621149289808,0.07741037919591409,True,16,2.0300000000000002,0.28238985789325266,0.7869192361831665,RL_shank_joint,0.0,1.138754469234081,0.03440851905101189,True,9,6.005,0.22335581168304836,0.7918061017990112,FR_thigh_joint,0.0,0.9006960472341892,-0.024625527159192417,True,13,6.105,0.2230865700651628,0.7918061017990112,FL_thigh_joint,0.0,0.899610313851417,-0.02489476877707797,True,120,,0.24798133884224077,0.7869192361831665,RL_shank_joint,0.0,,,42.88190841674805,1.4385708570480347,1.0,True,load_velocity_jump,0.0,0.2,1.0
456,456,16,11,0.0,2.0,inextensible,20.0,1.0789473684210527,OK,,0.26951244516872547,0.9742094278335571,RR_shank_joint,0.0,0.7279005142935542,0.44999999999999996,0.11166255919262767,0.32649606446979396,0.9583667387161404,0.02330467224121094,pd,0.0449397335289995,0.06605720520019531,0.018612410180459595,0.03034854121506214,0.0,0.0,-0.9702186584472656,,-0.18984802067279816,,,,,0.18289766726410395,1.0218643546104431,0.5499999999999998,0.41208648681640625,0.2538467049598694,0.18970405849183536,False,False,rope_taut_during_settle|robot_and_load_speeds_differ,True,9,1.0050000000000001,0.3185739914756111,0.9742094278335571,RR_shank_joint,0.0,1.4062032092640222,0.09202494836658126,True,17,2.005,0.2278192709651513,0.5646322965621948,FL_shank_joint,0.0,1.0056068559755962,0.0012702278561214642,True,9,6.005,0.2613357271063639,1.0218643546104431,FL_thigh_joint,0.0,1.1535503461852736,0.034786683997334034,False,0,,,,,,,,True,120,,0.22654904310902985,0.5826922655105591,FR_shank_joint,0.0,,,1491.941650390625,1.9884603023529053,1.0,False,,,0.2,1.0
457,457,17,11,0.0,2.0,inextensible,25.0,1.0789473684210527,COL,stop_collision|speed_track_error,0.27791563442349737,0.9733074903488159,RL_shank_joint,0.0,1.2585870222833098,,0.5853078211843967,0.687958791633825,0.7073460894078016,0.3523662400245666,pd,0.01653666325905319,0.03556060791015625,0.02961003801147792,0.04856767877936363,0.0,0.0,1.184539794921875,1.2315330505371094,1.6568800210952759,-0.00045898080992401447,-1.8411490358971605e-06,1.0,True,0.18425622353302207,1.1231191158294678,0.6500000000000004,0.3530540466308594,0.2538514733314514,0.167795151781497,False,False,load_moved_during_settle|rope_not_continuously_taut,True,9,1.0050000000000001,0.31933242370323156,0.9733074903488159,RR_shank_joint,0.0,1.2464414942807356,0.06313714685431399,True,17,2.23,0.2829707774034389,0.7773820161819458,RL_shank_joint,0.0,1.1045120772086336,0.026775500554521325,True,9,6.005,0.2659467195233881,1.1231191158294678,FR_thigh_joint,0.0,1.0380625388352538,0.009751442674470534,True,17,7.005,0.15640540849825468,0.8733687400817871,RL_shank_joint,0.0,0.6104929428128741,-0.09978986835066289,True,120,,0.2561952768489176,0.7808840274810791,RL_shank_joint,0.0,,,52.91640853881836,1.301559567451477,1.0,True,deck_contact_force|load_velocity_jump,-16.348649978637695,0.2,1.0
458,458,18,11,0.0,2.0,inextensible,30.0,1.0789473684210527,COL,stop_collision|speed_track_error,0.28269132546156883,0.9738718271255493,RL_shank_joint,0.0,1.3073056999293646,,0.6162826426140964,0.7253565140464017,0.6918586786929518,0.34362354040145876,pd,0.021452201984578995,0.04381561279296875,0.026703679717596164,0.04570616036653519,0.0,0.0,1.2745800018310547,1.2914371490478516,1.6420016288757324,-0.0017113387548590708,-0.0001275106297278228,1.0,True,0.17206651180077576,0.8281258344650269,,0.4457130432128906,0.2538512945175171,0.11466802539679384,False,False,load_moved_during_settle|rope_not_continuously_taut,True,9,1.0050000000000001,0.318747729679692,0.9738718271255493,RR_shank_joint,0.0,1.2551838516970788,0.06480267673089313,True,17,2.23,0.27988424268306566,0.763851523399353,RL_shank_joint,0.0,1.1021448909244818,0.025939189734266788,True,9,6.005,0.21385235989891488,0.7406332492828369,FR_thigh_joint,0.0,0.8421205981989829,-0.040092693049884,True,17,6.955,0.15399650710271606,0.8281258344650269,FR_shank_joint,0.0,0.6064166453117135,-0.09994854584608281,True,120,,0.2539450529487989,0.8181154727935791,RL_shank_joint,0.0,,,25.027170181274414,1.2003978490829468,1.0,True,deck_contact_force|load_velocity_jump,-752.127197265625,0.2,1.0
459,459,19,11,0.0,2.0,inextensible,35.0,1.0789473684210527,COL,stop_collision|speed_track_error,0.2824687390477247,0.9739698171615601,RL_shank_joint,0.0,1.3924677777396253,,0.6795737522281706,0.7883732615347647,0.6602131238859147,0.38320902705192567,pd,0.026290858203733922,0.040047407150268555,0.029636598223295608,0.047842834144830704,0.0,0.0,1.285818099975586,1.346364974975586,1.632196307182312,-0.0006509817144007002,0.016707348875730332,1.0,True,0.17638678091119847,0.9228870868682861,,0.4715995788574219,0.2538520097732544,0.11229245568914764,False,False,load_moved_during_settle|rope_not_continuously_taut,True,9,1.0050000000000001,0.3199025455620493,0.9739698171615601,RR_shank_joint,0.0,1.2355103290350575,0.06097913711762498,True,17,2.205,0.2772035243365681,0.7671694755554199,RL_shank_joint,0.0,1.0706004760325387,0.01828011589214379,True,9,6.005,0.22014348025513428,0.7458534240722656,FR_thigh_joint,0.0,0.8502262563965367,-0.03877992818929002,True,17,6.93,0.16395953764613158,0.9228870868682861,FR_shank_joint,0.0,0.6332356685367986,-0.09496387079829272,True,120,,0.2589234084444243,0.7926901578903198,RL_shank_joint,0.0,,,23.331218719482422,1.071960210800171,1.0,True,deck_contact_force|load_velocity_jump,-110.14157104492188,0.2,1.0
460,460,20,11,5.0,2.0,compliant,40.0,1.0789473684210527,SPD,speed_track_error,0.28805570872439945,0.974030613899231,RL_shank_joint,0.0,1.3287733324425954,,0.8208377137221397,0.8788359577400707,0.5895811431389302,0.7063629359006882,pd,0.015885977966347768,0.03812527656555176,0.0242038314262217,0.050718676298856735,0.0,0.0,-0.3233814239501953,0.5705165863037109,1.068611979484558,0.4746630838821453,0.8682448052867926,,False,0.13547713379442491,0.5335030555725098,0.5,-0.3447685241699219,0.2495444118976593,0.12094362812080289,False,False,tension_not_steady,True,9,1.0050000000000001,0.3186659978684728,0.974030613899231,RR_shank_joint,0.0,1.2313614128041228,0.059874391639080426,True,17,2.2800000000000002,0.2775083538130695,0.772598385810852,RL_shank_joint,0.0,1.0723236269382195,0.01871674758367714,True,9,6.005,0.1647753414530882,0.5335030555725098,FR_thigh_joint,0.0,0.6367105326709541,-0.09401626477630415,False,0,,,,,,,,True,120,,0.25879160622939235,0.7914021015167236,RL_shank_joint,0.0,,,48.22166061401367,1.1037554740905762,1.0,False,,,0.2,1.0
461,461,21,11,5.0,0.5,compliant,5.0,1.0789473684210527,OK,,0.17069879352529338,0.6475846767425537,FL_shank_joint,0.0,0.1435071800756848,0.17499999999999982,0.04509603161364794,0.07257661570424576,0.9120428045839071,0.03451615661382675,pd,0.008500666970375347,0.013285636901855469,0.011097390786540807,0.03911557421088219,0.0,0.0,0.12944602966308594,0.1252727508544922,0.4935935139656067,0.6786403643433161,0.6786403643433161,,False,0.13671067102477402,0.377765417098999,0.6000000000000005,-0.019710540771484375,0.2538522183895111,0.12301383493973782,False,True,,True,9,1.0050000000000001,0.19505217011604017,0.5920698642730713,RR_shank_joint,0.0,1.2685482105790764,0.04129201461749488,True,17,2.505,0.16009469603814583,0.5600674152374268,FR_shank_joint,0.0,1.041197542491172,0.0063345405396005305,True,9,6.005,0.1357802257733683,0.32520318031311035,FL_shank_joint,0.0,0.8830650914284025,-0.017979929725177007,False,0,,,,,,,,True,120,,0.1537601554985453,0.5697035789489746,FR_shank_joint,0.0,,,3.6234679222106934,0.4607425034046173,1.0,False,,,0.2,1.0
462,462,22,11,5.0,0.5,compliant,10.0,1.0789473684210527,OK,,0.17439656836547593,0.6974666118621826,FL_shank_joint,0.0,0.1570216441193645,0.17499999999999982,0.05350582684390247,0.08006006372331224,0.8952261752821505,0.0416130131483078,pd,0.007707413146346138,0.009632110595703125,0.011723411239512932,0.039368510246276855,0.0,0.0,0.20033645629882812,0.19322776794433594,0.4370462894439697,0.5729954005455014,0.5730917065327148,,False,0.14939346034943973,0.42867743968963623,0.75,-0.05016136169433594,0.2538517117500305,0.14385843632871118,False,False,rope_not_continuously_taut,True,9,1.0050000000000001,0.19447804291269766,0.5924423933029175,RR_shank_joint,0.0,1.258231135151099,0.03991340253814271,True,17,2.505,0.15358400287657456,0.5683070421218872,FR_shank_joint,0.0,0.9936554861732669,-0.0009806374979803856,True,9,6.005,0.1420404371649975,0.3838267922401428,FR_thigh_joint,0.0,0.9189710972754981,-0.012524203209557438,False,0,,,,,,,,True,120,,0.15456464037455495,0.5683070421218872,FR_shank_joint,0.0,,,0.0,0.4531427025794983,1.0,False,,,0.2,1.0
463,463,23,11,5.0,0.5,compliant,15.0,1.0789473684210527,OK,,0.17391448792552847,0.6306777000427246,RL_shank_joint,0.0,0.17031678833711647,0.19999999999999996,0.056518335044384,0.08530144888236353,0.8901217991113662,0.04312729239463806,pd,0.007340253827384709,0.008993148803710938,0.015236052372025,0.03975957632064819,0.0,0.0,0.2862510681152344,0.27703094482421875,0.4397943317890167,0.4829986900285306,0.4829994047592301,,False,0.14956936020619008,0.43583762645721436,0.75,-0.04996681213378906,0.25385189056396484,0.1440488811545325,False,False,rope_not_continuously_taut,True,9,1.0050000000000001,0.19374480899205715,0.589321494102478,RR_shank_joint,0.0,1.240573577286872,0.0375712353006232,True,17,2.63,0.1578729375002215,0.5601755380630493,FR_shank_joint,0.0,1.0108812507047136,0.0016993638087875462,True,9,6.005,0.13599783450368697,0.3498017191886902,FR_thigh_joint,0.0,0.8708120797209264,-0.020175739187746983,False,0,,,,,,,,True,120,,0.15617357369143395,0.5693672895431519,FR_shank_joint,0.0,,,9.691248893737793,0.46789735555648804,1.0,False,,,0.2,1.0
464,464,24,11,5.0,0.5,rigid,20.0,0.7894736842105263,OK,,0.16162956583874374,0.5919438600540161,FL_shank_joint,0.0,0.1343937628976001,0.17499999999999982,0.03588875897228718,0.06655591968294258,1.0196080051362515,0.02676807016134262,pd,0.00692377080775384,0.010372161865234375,0.013906088063075245,0.03933503478765488,0.0,0.0,-0.24654769897460938,,-0.04402536153793335,,,,,0.150631353993618,0.47163403034210205,0.75,-0.04412841796875,0.25385212898254395,0.11793380031661198,False,False,rope_taut_during_settle|robot_and_load_speeds_differ,True,9,1.0050000000000001,0.19445761040768553,0.5919438600540161,RR_shank_joint,0.0,1.290237035134946,0.04374297029712074,True,17,2.005,0.1473929996195633,0.4831883907318115,FR_shank_joint,0.0,0.977960731030743,-0.003321640491001504,True,9,6.005,0.14188949616972488,0.4195084571838379,FR_shank_joint,0.0,0.9414446802622111,-0.008825143940839913,False,0,,,,,,,,True,120,,0.1507146401105648,0.5266976356506348,FR_shank_joint,0.0,,,292.4390563964844,0.5038711428642273,1.0,False,,,0.2,1.0
465,465,25,11,5.0,0.5,rigid,25.0,0.7894736842105263,OK,,0.1809212257510907,0.6099081039428711,RL_shank_joint,0.0,0.19919801483058613,0.8999999999999999,0.0658513155952096,0.09884676251434918,0.8682973688095807,0.04924894571304321,pd,0.004953986165506286,0.015186309814453125,0.01979890526816284,0.03561697155237198,0.0,0.0,-0.0035572052001953125,0.083465576171875,0.4426473379135132,0.514620871427315,0.5427575826602506,,False,0.1527133274044944,0.47605186700820923,,-0.000591278076171875,0.25551918148994446,0.14027971829133096,False,False,rope_taut_during_settle,True,9,1.0050000000000001,0.21170675771993544,0.6099081039428711,RR_shank_joint,0.0,1.3223156442367958,0.05160371527115101,True,16,2.0300000000000002,0.16326826968765953,0.5679264068603516,RL_shank_joint,0.0,1.0197699381002558,0.003165227238875107,True,9,6.005,0.16496416065597683,0.47605186700820923,FR_thigh_joint,0.0,1.0303624349221685,0.0048611182071924,False,0,,,,,,,,True,120,,0.16010304244878443,0.5929646492004395,RL_shank_joint,0.0,,,14.942116737365723,0.4912460446357727,1.0,False,,,0.2,1.0
466,466,26,11,5.0,0.5,rigid,30.0,0.7894736842105263,OK,,0.1828788382725125,0.6192761659622192,RL_shank_joint,0.0,0.2091065981378399,,0.07201672919094562,0.10399142709540242,0.8559665416181087,0.05046268105506897,pd,0.004474544228479663,0.011775970458984375,0.018348148232961155,0.029011936858296394,0.0,0.0,0.012491226196289062,0.08893394470214844,0.4505573809146881,0.5177419883408696,0.5399142603089615,,False,0.15057810475687838,0.4661288261413574,,0.01483154296875,0.25564324855804443,0.1289568571721169,False,False,rope_taut_during_settle,True,9,1.0050000000000001,0.21394108538039314,0.6101378202438354,RR_shank_joint,0.0,1.3451745363667464,0.05489771993114964,True,17,2.005,0.157951987883373,0.539466142654419,FR_shank_joint,0.0,0.9931378617222559,-0.0010913775658704938,True,9,6.005,0.15870117306858894,0.4228197932243347,FR_thigh_joint,0.0,0.9978484334779513,-0.0003421923806545546,False,0,,,,,,,,True,120,,0.1590433654492435,0.5839974880218506,RL_shank_joint,0.0,,,3.578681230545044,0.4546370804309845,1.0,False,,,0.2,1.0
467,467,27,11,5.0,0.5,rigid,35.0,0.7894736842105263,OK,,0.18559541066671675,0.6418612003326416,RL_shank_joint,0.0,0.21720545922269457,,0.07521291054785252,0.10762269647256928,0.849574178904295,0.052208706736564636,pd,0.004748197193270039,0.013835906982421875,0.018529998708457462,0.03087729774415493,0.0,0.0,0.004970550537109375,0.10138893127441406,0.45197296142578125,0.5216703324817011,0.5414687100437696,,False,0.15158806952295945,0.471307635307312,,0.008258819580078125,0.2557860016822815,0.1317565486754627,False,False,rope_taut_during_settle,True,9,1.0050000000000001,0.2155414897806367,0.6080185174942017,RR_shank_joint,0.0,1.349355278858725,0.05580484135477504,True,16,2.0300000000000002,0.16959191239655844,0.5916099548339844,RL_shank_joint,0.0,1.0616969497470763,0.009855263970696776,True,9,6.005,0.15596585526118856,0.471307635307312,FR_thigh_joint,0.0,0.9763936879743459,-0.003770793164673103,False,0,,,,,,,,True,120,,0.15973664842586166,0.605283260345459,RL_shank_joint,0.0,,,-11.178949356079102,0.45119500160217285,1.0,False,,,0.2,1.0
468,468,28,11,5.0,0.5,inextensible,40.0,1.0789473684210527,OK,,0.18046721889447367,0.6857022047042847,RL_shank_joint,0.0,0.22898689987135462,0.17499999999999982,0.08553287714719772,0.11817044441262071,0.8303886657953262,0.053915841579437254,pd,0.006561037773905042,0.0085601806640625,0.012549874114717337,0.03927883878350258,0.0,0.0,0.6022815704345703,0.5880165100097656,0.44964709877967834,0.1856320069548687,0.1856320069548687,,False,0.14866828957110365,0.42057883739471436,0.6749999999999998,-0.030101776123046875,0.25385165214538574,0.07771285240067727,False,False,rope_not_continuously_taut,True,9,1.0050000000000001,0.19439024414880332,0.5886411666870117,RR_shank_joint,0.0,1.195213726039739,0.03174967207898413,True,17,2.48,0.17066424632706678,0.6248563528060913,RL_shank_joint,0.0,1.0493337803423561,0.008023674257247593,True,9,6.005,0.13549312094964075,0.35646605491638184,FR_thigh_joint,0.0,0.833083155238015,-0.02714745112017844,False,0,,,,,,,,True,120,,0.1626405720698192,0.6459386348724365,RL_shank_joint,0.0,,,0.0,0.4296513795852661,1.0,False,,,0.2,1.0
469,469,29,11,5.0,1.0,inextensible,5.0,1.0789473684210527,COL,stop_collision,0.20901607622871407,0.8759639263153076,RR_shank_joint,0.0,0.30771186736446854,1.3749999999999998,0.13081846989691256,0.1723693153798099,0.8691815301030874,0.13088138103485109,pd,0.02056243678059749,0.03705596923828125,0.010971752751388487,0.02304808795452118,0.0,0.0,0.013402938842773438,0.1379222869873047,0.8266942501068115,0.7304438025288675,0.8344895388176852,,True,0.15111506696535282,0.47596317529678345,0.6749999999999998,0.0171356201171875,0.2538503408432007,0.11489599244690833,False,True,,True,9,1.0050000000000001,0.26061019626620724,0.8759639263153076,RR_shank_joint,0.0,1.3583738143715138,0.06875564672397746,True,17,2.305,0.19735936903122955,0.6987695693969727,RL_shank_joint,0.0,1.0286926710997182,0.005504819488999779,True,9,6.005,0.15644086070331623,0.47596317529678345,FR_thigh_joint,0.0,0.8154138699164988,-0.03541368883891355,True,12,6.08,0.15431264723446808,0.47596317529678345,FR_thigh_joint,0.0,0.8043210213292429,-0.03754190230776169,True,120,,0.19185454954222977,0.7683980464935303,RL_shank_joint,0.0,,,13.086763381958008,0.9089124798774719,1.0,True,load_velocity_jump,0.0,0.2,1.0
470,470,30,11,10.0,1.0,compliant,10.0,1.0789473684210527,OK,,0.2149590864226759,0.8759980201721191,RR_shank_joint,0.0,0.3392346205347014,,0.19598881595768033,0.23355197537355227,0.8040111840423196,0.23007955610752107,pd,0.02377812134515891,0.03845977783203125,0.011164873950250221,0.02398022823035717,0.0,0.0,-0.043399810791015625,0.10611915588378906,0.6193726062774658,,,,False,0.15744532513317883,0.4626474380493164,,-0.04981231689453125,0.2538519501686096,0.16872975418602443,False,False,tension_not_steady,True,9,1.0050000000000001,0.2606271562731591,0.8759980201721191,RR_shank_joint,0.0,1.3432933783975096,0.06660613267213761,True,17,2.33,0.19616585038130993,0.7028659582138062,RL_shank_joint,0.0,1.0110546101679116,0.0021448267802884613,True,9,6.005,0.14511110459607757,0.40164875984191895,FR_shank_joint,0.0,0.7479143337295207,-0.0489099190049439,False,0,,,,,,,,True,120,,0.19402102360102147,0.8011001348495483,RL_shank_joint,0.0,,,17.978910446166992,0.9063376188278198,1.0,False,,,0.2,1.0
471,471,31,11,10.0,1.0,compliant,15.0,1.0789473684210527,COL,stop_collision|speed_track_error,0.2228556857582513,0.8946312665939331,RL_shank_joint,0.0,0.3934841697157863,,0.21465001966804265,0.2548898303743493,0.7853499803319574,0.23337880671024322,pd,0.021755437910806266,0.034820556640625,0.031214301631254156,0.08402415364980698,0.0,0.0,-0.100128173828125,0.09785652160644531,0.5790013670921326,0.7581884612577134,0.7581884612577134,,True,0.17019981340161414,0.5571070909500122,,-0.10270881652832031,0.25385165214538574,0.15045808255485174,False,False,tension_not_steady,True,9,1.0050000000000001,0.26078390456711104,0.8759123086929321,RR_shank_joint,0.0,1.346297895598821,0.06707944627475312,True,17,2.33,0.19665392771906404,0.735515832901001,RL_shank_joint,0.0,1.0152266470927298,0.002949469426706125,True,9,6.005,0.14671966073822298,0.3990607261657715,FL_shank_joint,0.0,0.7574408045723923,-0.04698479755413493,True,17,6.855,0.19410969348720775,0.5716416835784912,RL_shank_joint,0.0,1.0020920282290984,0.0004052351948498345,True,120,,0.1937044582923579,0.7826200723648071,RL_shank_joint,0.0,,,14.116079330444336,0.8874253034591675,1.0,True,load_velocity_jump,0.0,0.2,1.0
472,472,32,11,10.0,1.0,compliant,20.0,1.0789473684210527,OK,,0.190991243419874,0.8758749961853027,RR_shank_joint,0.0,0.29266360641669276,0.575,0.07517197951674462,0.14208028409843804,0.9503305484354496,0.06800767242908477,pd,0.03362865757931453,0.05339813232421875,0.03099910524252352,0.06261195242404938,0.0,0.0,-0.2036113739013672,,-0.036348339170217514,,,,,0.1590866592767718,0.5194859504699707,0.875,-0.0048732757568359375,0.2538517713546753,0.17262457584099483,False,False,rope_taut_during_settle|robot_and_load_speeds_differ|tension_not_steady,True,9,1.0050000000000001,0.26086640892644547,0.8758749961853027,RR_shank_joint,0.0,1.4281151504166452,0.07820158049833234,True,17,2.005,0.16802705671591078,0.5889278650283813,RL_shank_joint,0.0,0.919865406831929,-0.014637771712202347,True,9,6.005,0.16228272077215403,0.5194859504699707,FR_thigh_joint,0.0,0.8884179957830229,-0.020382107655959103,False,0,,,,,,,,True,120,,0.18266482842811313,0.7276360988616943,RL_shank_joint,0.0,,,32273.044921875,0.980080246925354,1.0,False,,,0.2,1.0
473,473,33,11,10.0,1.0,compliant,25.0,1.0789473684210527,COL,stop_collision|speed_track_error,0.22806290195487885,0.8760280609130859,RL_shank_joint,0.0,0.45029703018905576,,0.23139735522679986,0.2764995038622534,0.7686026447732002,0.23741000294685363,pd,0.032344883906824086,0.06806182861328125,0.01636484876741689,0.04727517440915108,0.0,0.0,-0.36792564392089844,0.07391548156738281,0.5271092653274536,0.7817065203680151,0.7817065203680151,,True,0.17221488965667767,0.6071479320526123,,-0.36594390869140625,0.25101369619369507,0.15134573571530185,False,False,rope_not_continuously_taut|tension_not_steady,True,9,1.0050000000000001,0.260813626627955,0.8760280609130859,RR_shank_joint,0.0,1.3239569118721466,0.06381807164486236,True,17,2.33,0.19861875818993785,0.6682004928588867,RL_shank_joint,0.0,1.0082397961059808,0.0016232032068452251,True,9,6.005,0.158579995784848,0.3958253860473633,FR_shank_joint,0.0,0.8049927613770692,-0.03841555919824463,True,17,6.73,0.188030119685948,0.5943154096603394,RR_shank_joint,0.0,0.9544891492708345,-0.008965435297144636,True,120,,0.19699555498309262,0.7855792045593262,RL_shank_joint,0.0,,,0.0,0.8741095066070557,1.0,True,load_velocity_jump,0.0,0.2,1.0
474,474,34,11,10.0,1.0,rigid,30.0,0.7894736842105263,SPD,speed_track_error,0.2407073637261183,0.9002065658569336,RL_shank_joint,0.0,0.5225359695331013,,0.26097149012610316,0.3188990656567836,0.7390285098738968,0.2610946026444435,pd,0.021889514903687634,0.04534149169921875,0.01394207286221346,0.032492052763700485,0.0,0.0,-0.5160255432128906,0.039356231689453125,0.40620702505111694,0.49564947647489177,0.504646860232274,,False,0.20185995665933038,0.6958786249160767,,-0.5160369873046875,0.252334326505661,0.16144110387133084,False,False,rope_taut_during_settle|tension_not_steady,True,9,1.0050000000000001,0.289523436218134,0.9002065658569336,RR_shank_joint,0.0,1.4751210234914736,0.09325246481481206,True,16,2.0300000000000002,0.19849332239371464,0.7204335927963257,RL_shank_joint,0.0,1.011322871510255,0.002222350990392724,True,9,6.005,0.15652843265958272,0.46353745460510254,FL_shank_joint,0.0,0.7975118864517601,-0.0397425387437392,False,0,,,,,,,,True,120,,0.19627097140332192,0.7710027694702148,RL_shank_joint,0.0,,,30.752578735351562,0.8571284413337708,1.0,False,,,0.2,1.0
475,475,35,11,10.0,1.0,rigid,35.0,0.7894736842105263,SPD,speed_track_error,0.2429696328755139,0.9020501375198364,RL_shank_joint,0.0,0.5453213216533129,,0.26850388208404186,0.3267790317184682,0.7314961179159581,0.26082930982112884,pd,0.016071624058241418,0.029815673828125,0.014469849209093638,0.0287026297301054,0.0,0.0,-0.4613990783691406,0.034549713134765625,0.3599989116191864,0.509618322874072,0.5115901913244194,,False,0.18894912868342567,0.6122456789016724,,-0.4624042510986328,0.255753755569458,0.15467322522976076,False,False,rope_taut_during_settle|tension_not_steady,True,9,1.0050000000000001,0.29136045055007753,0.9020501375198364,RR_shank_joint,0.0,1.4613160610465494,0.09197822358583396,True,16,2.0300000000000002,0.21062075211738254,0.6936514377593994,RL_shank_joint,0.0,1.056366735010711,0.011238525153138973,True,9,6.005,0.1381674637846708,0.3971688747406006,FL_shank_joint,0.0,0.6929778340245403,-0.06121476317957278,False,0,,,,,,,,True,120,,0.19938222696424357,0.7595479488372803,RL_shank_joint,0.0,,,34.34555435180664,0.820267379283905,1.0,False,,,0.2,1.0
476,476,36,11,10.0,1.0,rigid,40.0,0.7894736842105263,SPD,speed_track_error,0.2448492253567246,0.9051275253295898,RL_shank_joint,0.0,0.5673427745481272,,0.2719164551794529,0.33092377180692056,0.7280835448205472,0.2482891583442688,pd,0.015712194469760365,0.03050994873046875,0.012854507851349244,0.025539817288517952,0.0,0.0,-0.44336700439453125,0.03673744201660156,0.3680746257305145,0.5121310116838345,0.5295405950811869,,False,0.1971746173427644,0.6377882957458496,,-0.44426727294921875,0.25584521889686584,0.15585255363679643,False,False,rope_taut_during_settle|tension_not_steady,True,9,1.0050000000000001,0.2939094220081742,0.9051275253295898,RL_shank_joint,0.0,1.4727666934068386,0.09434663767585338,True,16,2.0300000000000002,0.21231359186387538,0.7234605550765991,RL_shank_joint,0.0,1.063893714322613,0.012750807531554553,True,9,6.005,0.14706636290799252,0.45109617710113525,FL_shank_joint,0.0,0.7369428292957221,-0.05249642142432831,False,0,,,,,,,,True,120,,0.19956278433232083,0.80165696144104,RL_shank_joint,0.0,,,43.81704330444336,0.7883734107017517,1.0,False,,,0.2,1.0
477,477,37,11,10.0,1.5,rigid,5.0,0.7894736842105263,COL,stop_collision|speed_track_error,0.24318674816127173,0.9143438339233398,RR_shank_joint,0.0,0.6306158455093639,0.75,0.3542577421851456,0.4173312396998969,0.7638281718765696,0.3987023794651032,pd,0.020008529048595194,0.0287322998046875,0.030627063625724732,0.04822244122624397,0.0,0.0,0.21940040588378906,0.2126483917236328,1.2245749235153198,0.5186181190849091,0.5296601000366294,,True,0.1618880808407316,0.6903803944587708,0.375,0.2345447540283203,0.25454065203666687,0.14408888506447387,False,False,rope_taut_during_settle,True,9,1.0050000000000001,0.30037862387796854,0.9143438339233398,RR_shank_joint,0.0,1.3985000639363945,0.08559234561889931,True,16,2.0300000000000002,0.20753990919638066,0.6876165866851807,RR_shank_joint,0.0,0.966262420851912,-0.007246369062688579,True,9,6.005,0.19631917554228176,0.6903803944587708,FL_thigh_joint,0.0,0.9140210312014766,-0.018467102716787476,True,11,6.055,0.18978669939018294,0.6903803944587708,FR_thigh_joint,0.0,0.8836071881708734,-0.02499957886888629,True,120,,0.21478627825906924,0.7999670505523682,RL_shank_joint,0.0,,,5.358256816864014,1.4327869415283203,1.0,True,load_velocity_jump,0.0,0.2,1.0
478,478,38,11,10.0,1.5,inextensible,10.0,1.0789473684210527,SPD,speed_track_error,0.2452351329632716,0.9252665042877197,RR_shank_joint,0.0,0.62345449170759,,0.4489322555996478,0.5069751139910578,0.7007118296002348,0.5559636157751083,pd,0.009470740723630052,0.01966094970703125,0.024004186316749908,0.049919839948415756,0.0,0.0,-0.05425071716308594,0.12000083923339844,0.7832716107368469,0.7641275119216964,0.858261543369661,,False,0.17610404714185984,0.4968574643135071,0.9000000000000004,-0.05037879943847656,0.2441483736038208,0.1505954261373806,False,False,rope_not_continuously_taut,True,9,1.0050000000000001,0.2905113201352969,0.9252665042877197,RR_shank_joint,0.0,1.3329638186154606,0.07256742992749757,True,17,2.2800000000000002,0.22039523291259505,0.738591194152832,RL_shank_joint,0.0,1.011247586259282,0.002451342704795717,True,9,6.005,0.17790141867014653,0.4968574643135071,FR_thigh_joint,0.0,0.8162716490952135,-0.04004247153765281,False,0,,,,,,,,True,120,,0.21794389020779933,0.818477988243103,RL_shank_joint,0.0,,,39.195003509521484,1.388831615447998,1.0,False,,,0.2,1.0
479,479,39,11,10.0,1.5,inextensible,15.0,1.0789473684210527,COL,stop_collision|speed_track_error,0.25160413774365253,0.9252279996871948,RL_shank_joint,0.0,0.6836996023891191,,0.5018515875376761,0.5671238962132422,0.6654322749748826,0.6243938726186752,pd,0.015137757299088088,0.0396728515625,0.02488602350039989,0.05353527143597603,0.0,0.0,-0.5555400848388672,0.08653450012207031,0.6118989586830139,0.8087027250049097,0.8627767232175465,,True,0.17430467514323725,0.5466530323028564,,-0.5517024993896484,0.2538526952266693,0.13989500807391858,False,False,rope_not_continuously_taut|tension_not_steady,True,9,1.0050000000000001,0.28998359342036956,0.9252279996871948,RR_shank_joint,0.0,1.3150603515468933,0.06947387074546377,True,17,2.2800000000000002,0.2255644705911361,0.8042689561843872,RL_shank_joint,0.0,1.0229230160689216,0.005054747916230312,True,9,6.005,0.1492808342988209,0.3370363712310791,FL_shank_joint,0.0,0.6769807357605879,-0.07122888837608488,True,17,6.68,0.18052818015381844,0.526545524597168,RL_shank_joint,0.0,0.8186858065209599,-0.03998154252108735,True,120,,0.2205097226749058,0.8686671257019043,RL_shank_joint,0.0,,,40.90167236328125,1.3314193487167358,1.0,True,load_velocity_jump,0.0,0.2,1.0
480,480,0,12,0.0,1.0,compliant,25.0,1.131578947368421,OK,,0.19090972160533212,0.8758934736251831,RR_shank_joint,0.0,0.2927816274785754,0.575,0.055294746290892365,0.13443188272667814,1.0000366102345288,0.029049551486968993,pd,0.013188068275979051,0.023651123046875,0.006956160922039945,0.023017309606075287,0.0,0.0,-0.49909210205078125,,-0.1490485966205597,,,,,0.14696796984985508,0.567848265171051,0.2999999999999998,0.14588546752929688,0.2538493573665619,0.06857494893784051,False,False,rope_taut_during_settle|robot_and_load_speeds_differ|tension_not_steady,True,9,1.0050000000000001,0.2606775040117692,0.8758934736251831,RR_shank_joint,0.0,1.4963274415312595,0.08646596663262035,True,17,2.005,0.16825408322569274,0.5891855955123901,RL_shank_joint,0.0,0.9658033317248645,-0.00595745415345611,True,9,6.005,0.17154025900640232,0.567848265171051,FL_thigh_joint,0.0,0.9846664669118164,-0.0026712783727465272,False,0,,,,,,,,True,120,,0.17421153737914885,0.6052372455596924,FR_shank_joint,0.0,,,1661.12109375,0.9797396659851074,1.0,False,,,0.2,1.0
481,481,1,12,0.0,1.0,compliant,30.0,1.131578947368421,COL,stop_collision|speed_track_error,0.2353818464841914,0.8762465715408325,RR_shank_joint,0.0,0.49220564703896513,,0.21969575348310172,0.26801913158347207,0.7803042465168982,0.15504054486751556,pd,0.01322466173110064,0.0227203369140625,0.019055544228149694,0.03418559208512306,0.0,0.0,0.9750328063964844,0.9959487915039062,0.8730008602142334,-0.000199636509911727,0.010827426722897826,2.250000000000001,True,0.15643873531742902,0.5669232606887817,0.25,0.0845794677734375,0.2538541555404663,0.08056570467378606,False,False,load_moved_during_settle|tension_not_steady,True,9,1.0050000000000001,0.26076105890885465,0.8762465715408325,RR_shank_joint,0.0,1.3105303455762265,0.06178736876190827,True,17,2.305,0.21111955787001332,0.7210985422134399,RL_shank_joint,0.0,1.0610425816302496,0.012145867723066944,True,9,6.005,0.16654132062530128,0.5669232606887817,FR_thigh_joint,0.0,0.8370017186810321,-0.032432369521645105,True,16,8.23,0.14443258031683168,0.39044857025146484,RL_shank_joint,0.0,0.725887830748704,-0.054541109830114703,True,120,,0.19897369014694638,0.8265618085861206,RL_shank_joint,0.0,,,30.59797477722168,0.8450917601585388,1.0,True,deck_contact_force,-23.268617630004883,0.2,1.0
482,482,2,12,0.0,1.0,compliant,35.0,1.131578947368421,SPD,speed_track_error,0.23073837595508864,0.9069021940231323,RL_shank_joint,0.0,0.5296462889443205,,0.24813402433879672,0.29359915640136874,0.7518659756612033,0.18359741389751436,pd,0.016583603520875085,0.0277862548828125,0.008940694162368508,0.022946132346987724,0.0,0.0,0.6973419189453125,0.7577247619628906,0.8387575149536133,0.18702049907384577,0.24863936957551402,,False,0.1448243345707678,0.505407452583313,0.5750000000000002,0.06366729736328125,0.2538517713546753,0.09766432731232345,False,False,load_moved_during_settle,True,9,1.0050000000000001,0.261099184218445,0.8757232427597046,RR_shank_joint,0.0,1.3260173304318552,0.06419437895967012,True,17,2.305,0.21152313432526623,0.7618699073791504,RL_shank_joint,0.0,1.0742405907630326,0.014618329066491326,True,9,6.005,0.16015788028652791,0.505407452583313,FR_thigh_joint,0.0,0.8133772056809193,-0.03674692497224699,False,0,,,,,,,,True,120,,0.1969048052587749,0.7933235168457031,RL_shank_joint,0.0,,,30.231081008911133,0.8083022236824036,1.0,False,,,0.2,1.0
483,483,3,12,0.0,1.0,compliant,40.0,1.131578947368421,SPD,speed_track_error,0.2434273498287686,0.9258724451065063,RL_shank_joint,0.0,0.5771499721847756,,0.2728963182680309,0.321227566536347,0.7271036817319692,0.1972583746910095,pd,0.014481697004639185,0.0259857177734375,0.013780627965152637,0.02286272868514061,0.0,0.0,0.684112548828125,0.72076416015625,0.794278085231781,0.18064703471780774,0.21917307868466196,,False,0.1527831621035648,0.4657738208770752,0.7000000000000002,0.017040252685546875,0.2538504898548126,0.08340759107303349,False,False,load_moved_during_settle,True,9,1.0050000000000001,0.26074167488876965,0.8754433393478394,RR_shank_joint,0.0,1.2925788105800757,0.05901960366608297,True,17,2.2800000000000002,0.21526240178230743,0.7589681148529053,RL_shank_joint,0.0,1.0671236938900612,0.013540330559620756,True,9,6.005,0.15462834733689765,0.4657738208770752,FR_thigh_joint,0.0,0.7665415410403905,-0.04709372388578903,False,0,,,,,,,,True,120,,0.20172207122268668,0.7839373350143433,RL_shank_joint,0.0,,,38.64704132080078,0.7886654138565063,1.0,False,,,0.2,1.0
484,484,4,12,0.0,1.5,compliant,5.0,1.131578947368421,COL,stop_collision,0.2404206116098429,0.9260578155517578,RR_shank_joint,0.0,0.5541868582516439,0.7249999999999999,0.2229211058653891,0.2936721637000928,0.851385929423074,0.17545281887054442,pd,0.0116419877926585,0.01897430419921875,0.024647279432914903,0.0411263145506382,0.0,0.0,0.3952140808105469,0.3985557556152344,1.3666309118270874,0.6931132979936834,0.6980947276034115,,True,0.16294927266057133,0.6980670690536499,0.47500000000000053,0.21131515502929688,0.2538558840751648,0.09833951286350508,False,True,,True,9,1.0050000000000001,0.29063071810310726,0.9260578155517578,RR_shank_joint,0.0,1.385100966532532,0.08080434073029125,True,17,2.2800000000000002,0.19640360171682653,0.6327303647994995,RR_shank_joint,0.0,0.9360291312081316,-0.013422775655989483,True,9,6.005,0.19715952665429273,0.6980670690536499,FL_thigh_joint,0.0,0.9396317523224593,-0.012666850718523276,True,11,6.055,0.19416313851598524,0.6980670690536499,FR_thigh_joint,0.0,0.925351430773641,-0.01566323885683077,True,120,,0.209826377372816,0.733629584312439,RL_shank_joint,0.0,,,7.057595729827881,1.2955899238586426,1.0,True,load_velocity_jump,0.0,0.2,1.0
485,485,5,12,0.0,1.5,compliant,10.0,1.131578947368421,OK,,0.24815171028082592,0.9249467849731445,RR_shank_joint,0.0,0.6382258342040551,,0.2631163642182946,0.3338107368003377,0.8245890905211369,0.1962748110294342,pd,0.02340916713781611,0.036712646484375,0.030726275443739806,0.05327156186103821,0.0,0.0,0.6141700744628906,0.5949859619140625,1.3138041496276855,0.4704397971834453,0.4704397971834453,,False,0.16272929348650284,0.6157276630401611,0.3250000000000002,0.20264053344726562,0.25385117530822754,0.09509998988746936,False,False,load_moved_during_settle|rope_not_continuously_taut,True,9,1.0050000000000001,0.29064789923759576,0.9249467849731445,RR_shank_joint,0.0,1.3537995285553717,0.07595739809098676,True,17,2.2800000000000002,0.22100971890765655,0.7129826545715332,RL_shank_joint,0.0,1.0294340817469714,0.006319217761047546,True,9,6.005,0.18699338422379902,0.6157276630401611,FR_thigh_joint,0.0,0.8709904873532526,-0.02769711692280999,False,0,,,,,,,,True,120,,0.214690501146609,0.7433695793151855,RL_shank_joint,0.0,,,42.39318084716797,1.340777039527893,1.0,False,,,0.2,1.0
486,486,6,12,0.0,1.5,compliant,15.0,1.131578947368421,OK,,0.2511419976057511,0.9257484674453735,RL_shank_joint,0.0,0.7087761624792374,,0.29621149115264417,0.3691055793898426,0.8025256725649039,0.2132197904586792,pd,0.026394986745858908,0.04665374755859375,0.036662075585989565,0.06223130226135254,0.0,0.0,0.9758567810058594,0.9590721130371094,1.3080381155014038,0.10273837005670572,0.10273837005670572,,False,0.15740923929135608,0.706971287727356,0.35000000000000053,0.2037353515625,0.25385570526123047,0.12567019900150464,False,False,load_moved_during_settle|rope_not_continuously_taut,True,9,1.0050000000000001,0.290144913996886,0.9257484674453735,RR_shank_joint,0.0,1.326633523973245,0.07143725377742549,True,17,2.2800000000000002,0.2283509400729759,0.7473217248916626,RL_shank_joint,0.0,1.0440920992151757,0.009643279853515374,True,9,6.005,0.20349254321630653,0.706971287727356,FR_thigh_joint,0.0,0.9304317142440895,-0.015215117003154005,False,0,,,,,,,,True,120,,0.21870766021946053,0.7473217248916626,RL_shank_joint,0.0,,,37.53693389892578,1.304398775100708,1.0,False,,,0.2,1.0
487,487,7,12,0.0,1.5,compliant,20.0,1.131578947368421,COL,stop_collision|speed_track_error,0.2530464858400119,0.9251002073287964,RL_shank_joint,0.0,0.7723750352075415,,0.3292245315387845,0.4043564837594252,0.7805169789741436,0.22880847692489625,pd,0.019538195713422458,0.02671051025390625,0.037160139475051764,0.06715700775384903,0.0,0.0,1.0392837524414062,1.0759468078613281,1.2654519081115723,-0.00043237891492253766,0.027524879538013636,2.125000000000001,True,0.15896638725493836,0.6793140172958374,0.3250000000000002,0.18942642211914062,0.2538536787033081,0.11761472887743137,False,False,load_moved_during_settle|rope_not_continuously_taut,True,9,1.0050000000000001,0.2903020194431465,0.9251002073287964,RR_shank_joint,0.0,1.3120309043820164,0.06904044818474497,True,17,2.2800000000000002,0.22930562306229843,0.6715965270996094,RL_shank_joint,0.0,1.0363553949208044,0.008044051803896918,True,9,6.005,0.20733894479002243,0.6793140172958374,FR_thigh_joint,0.0,0.9370761656025688,-0.013922626468379079,True,16,8.055,0.13852717873116033,0.44055795669555664,RL_shank_joint,0.0,0.6260787986965013,-0.08273439252724119,True,120,,0.2212615712584015,0.7641234397888184,RL_shank_joint,0.0,,,45.992637634277344,1.2604252099990845,1.0,True,deck_contact_force|load_velocity_jump,-67.78453826904297,0.2,1.0
488,488,8,12,0.0,1.5,rigid,25.0,0.8157894736842105,OK,,0.2259901252971423,0.925457239151001,RR_shank_joint,0.0,0.5004083361065487,0.5499999999999998,0.0761159104295075,0.22484653350259615,0.9706530511255066,0.02092636227607727,pd,0.017136223882832674,0.0330047607421875,0.03323180678152478,0.06159539148211479,0.0,0.0,0.00223541259765625,0.0,-0.0005798506899736822,,,,,0.1666830527302032,0.7557646036148071,0.4249999999999998,0.24443435668945312,0.2538508474826813,0.08668413510331686,False,False,rope_taut_during_settle|robot_and_load_speeds_differ,True,9,1.0050000000000001,0.29083127178600454,0.925457239151001,RR_shank_joint,0.0,1.6174933158414366,0.11102757866551016,True,17,2.005,0.18881731836903906,0.5887477397918701,FL_shank_joint,0.0,1.0501303676921934,0.009013625248544682,True,9,6.005,0.19649759554707694,0.7557646036148071,FR_thigh_joint,0.0,1.0928451587220471,0.016693902426582558,False,0,,,,,,,,True,120,,0.17980369312049438,0.596173882484436,FL_shank_joint,0.0,,,1057.986572265625,1.5014889240264893,1.0,False,,,0.2,1.0
489,489,9,12,0.0,1.5,rigid,30.0,0.8157894736842105,SPD,speed_track_error,0.2586073898951154,0.9332200288772583,RL_shank_joint,0.0,0.9388041063701412,,0.3981311529316008,0.4888197474934476,0.7345792313789329,0.24466505885124207,pd,0.025657241788359816,0.04592132568359375,0.02363820133793315,0.03862271085381508,0.0,0.0,0.4696197509765625,0.5088958740234375,1.2740306854248047,0.5321979199866433,0.5635219447656254,,False,0.17702885948054567,0.7263422012329102,0.875,0.4726676940917969,0.2554449439048767,0.1375560676352654,False,False,rope_taut_during_settle,True,9,1.0050000000000001,0.3125589326709907,0.9332200288772583,RL_shank_joint,0.0,1.359097348803245,0.08258355015242799,True,16,2.0300000000000002,0.23169876708905354,0.7480385303497314,RL_shank_joint,0.0,1.0074937784714924,0.0017233845704908157,True,9,6.005,0.20269593761366456,0.7263422012329102,FR_thigh_joint,0.0,0.8813810217156774,-0.02727944490489817,False,0,,,,,,,,True,120,,0.22997538251856273,0.7849134206771851,RL_shank_joint,0.0,,,-28.48626708984375,1.0166786909103394,1.0,False,,,0.2,1.0
490,490,10,12,0.0,1.5,rigid,35.0,0.8157894736842105,SPD,speed_track_error,0.26708961349477583,0.9378515481948853,RL_shank_joint,0.0,0.9866327104743501,,0.4060954610072076,0.5090173499479905,0.7292696926618616,0.22375691890716554,pd,0.03047375657659514,0.0550689697265625,0.027613211287932826,0.04761224612593651,0.0,0.0,0.5244102478027344,0.5697860717773438,1.2612186670303345,0.551687371918085,0.5634419836498168,,False,0.18585272366988856,0.748264729976654,0.9500000000000002,0.5254592895507812,0.2555554509162903,0.13588091603430974,False,False,rope_taut_during_settle,True,9,1.0050000000000001,0.3151036130959672,0.9378515481948853,RL_shank_joint,0.0,1.375462907094519,0.08601447410814722,True,16,2.0300000000000002,0.23247111996430947,0.7122365236282349,RL_shank_joint,0.0,1.014762729439868,0.003381980976489507,True,9,6.005,0.2069635788991626,0.748264729976654,FL_thigh_joint,0.0,0.9034194279728218,-0.022125560088657376,False,0,,,,,,,,True,120,,0.22908913898781996,0.8029338121414185,RL_shank_joint,0.0,,,63.5081787109375,0.9519418478012085,1.0,False,,,0.2,1.0
491,491,11,12,0.0,1.5,rigid,40.0,0.8157894736842105,SPD,speed_track_error,0.2675138703701426,0.9397166967391968,RL_shank_joint,0.0,1.0167165985958153,,0.4535505242459476,0.5430639760064985,0.6976329838360349,0.2731789183616638,pd,0.022302872591842226,0.039215087890625,0.02705088667224616,0.04673466458916664,0.0,0.0,0.47686767578125,0.5384902954101562,1.184457778930664,0.545993187761951,0.5665458656056117,,False,0.18488204007970224,0.8011478781700134,0.9750000000000005,0.48059844970703125,0.2556275427341461,0.11942530446948775,False,False,rope_taut_during_settle,True,9,1.0050000000000001,0.3161968790136141,0.9397166967391968,RL_shank_joint,0.0,1.3676789265660267,0.08500454807120322,True,16,2.0300000000000002,0.23282480618486126,0.7470417022705078,RL_shank_joint,0.0,1.0070611132981615,0.0016324752424503874,True,9,6.005,0.2120639885811759,0.8011478781700134,FR_thigh_joint,0.0,0.9172622107175356,-0.01912834236123498,False,0,,,,,,,,True,120,,0.23119233094241087,0.790418267250061,RL_shank_joint,0.0,,,62.3453369140625,0.9008482694625854,1.0,False,,,0.2,1.0
492,492,12,12,0.0,2.0,rigid,5.0,0.8157894736842105,COL,stop_collision,0.268433243358699,0.9706004858016968,RL_shank_joint,0.0,0.9601375390386815,,0.3257555252872407,0.46808072349817215,0.8371222373563796,0.20553891777992248,pd,0.01273562344483106,0.039165496826171875,0.030009520853033454,0.05973689258098602,0.0,0.0,0.3548240661621094,0.3955078125,1.817688226699829,0.5442196394858456,0.5718127167179077,,True,0.1821070071994292,0.985024094581604,0.6749999999999998,0.35901641845703125,0.2544817328453064,0.14054770777106773,False,False,rope_taut_during_settle,True,9,1.0050000000000001,0.32058292851833886,0.9706004858016968,RR_shank_joint,0.0,1.3604290245947857,0.08493452443211541,True,16,2.0300000000000002,0.2257421513575289,0.7310919761657715,RR_shank_joint,0.0,0.9579617236657801,-0.009906252728694553,True,9,6.005,0.22950906872535173,0.985024094581604,FR_thigh_joint,0.0,0.9739470530909035,-0.006139335360871717,True,10,6.03,0.22424884386857355,0.985024094581604,FR_thigh_joint,0.0,0.9516247085913689,-0.011399560217649901,True,120,,0.23564840408622345,0.7528095245361328,RR_shank_joint,0.0,,,32.4725341796875,1.8172619342803955,1.0,True,load_velocity_jump,0.0,0.2,1.0
493,493,13,12,0.0,2.0,rigid,10.0,0.8157894736842105,COL,stop_collision|speed_track_error,0.2669368847814218,0.9831355810165405,RL_shank_joint,0.0,1.1038011483010106,,0.4239033018425107,0.5539782588089913,0.7880483490787447,0.2771097242832184,pd,0.01559748126832315,0.03830718994140625,0.021964431635980497,0.04380767419934273,0.0,0.0,0.3989753723144531,0.43477630615234375,1.688576102256775,0.5513853493601104,0.5704144892431771,,True,0.1741655481030927,0.7357471585273743,0.7750000000000004,0.402618408203125,0.25479525327682495,0.11849852097087182,False,False,rope_taut_during_settle,True,9,1.0050000000000001,0.3244745735869847,0.9831355810165405,RL_shank_joint,0.0,1.3360951111446855,0.08162167271154142,True,16,2.0300000000000002,0.25967441570558425,0.8373469114303589,RR_shank_joint,0.0,1.0692662709380956,0.016821514830140938,True,9,6.005,0.21371015432280166,0.7357471585273743,FL_thigh_joint,0.0,0.8799983593048013,-0.029142746552641652,True,11,6.055,0.21737013974816163,0.7357471585273743,FL_thigh_joint,0.0,0.8950691507681371,-0.025482761127281678,True,120,,0.2428529008754433,0.8373469114303589,RR_shank_joint,0.0,,,30.019451141357422,1.5843567848205566,1.0,True,load_velocity_jump,0.0,0.2,1.0
494,494,14,12,0.0,2.0,rigid,15.0,0.8157894736842105,COL,stop_collision|speed_track_error,0.27236321420521853,0.9887148141860962,RL_shank_joint,0.0,1.2112792038912232,,0.4854163683205843,0.6152655754016267,0.7572918158397078,0.3059745681285858,pd,0.05562360296650496,0.0945281982421875,0.024573982333320803,0.04350372403860092,0.0,0.0,0.4870872497558594,0.5402488708496094,1.659666657447815,0.5419293849826801,0.5554718142789881,,True,0.20828512881497369,1.2163256406784058,,0.4862022399902344,0.2551162540912628,0.193873450107005,False,False,rope_taut_during_settle,True,9,1.0050000000000001,0.3262907044688241,0.9887148141860962,RL_shank_joint,0.0,1.3179575229038227,0.07871769942241258,True,16,2.0300000000000002,0.2731206303602687,0.800352931022644,RL_shank_joint,0.0,1.1031922899229982,0.02554762531385718,True,9,6.005,0.2947385462273913,1.2163256406784058,FR_thigh_joint,0.0,1.190511647956682,0.04716554118097982,True,12,6.08,0.28348105027225956,1.2163256406784058,FR_thigh_joint,0.0,1.1450402285140762,0.03590804522584806,True,120,,0.2475730050464115,0.800352931022644,RL_shank_joint,0.0,,,59.154693603515625,1.4429376125335693,1.0,True,load_velocity_jump,0.0,0.2,1.0
495,495,15,12,0.0,2.0,rigid,20.0,0.8157894736842105,COL,stop_collision|speed_track_error,0.2759121944767159,0.9901922941207886,RL_shank_joint,0.0,1.2930074635591635,,0.5346226265095174,0.666432349877168,0.7326886867452412,0.31136128067970276,pd,0.021229960148327457,0.03954124450683594,0.0229047384143438,0.043171368539333344,0.0,0.0,0.5722236633300781,0.6131553649902344,1.668117642402649,0.5501414976147458,0.5641785976235525,,True,0.18538202631860787,0.8106487393379211,,0.57452392578125,0.2552056610584259,0.13118223517635613,False,False,rope_taut_during_settle,True,9,1.0050000000000001,0.3271301429463216,0.9901922941207886,RL_shank_joint,0.0,1.3011257636096627,0.07570929486567402,True,16,2.0300000000000002,0.28596703914662647,0.7726089954376221,RL_shank_joint,0.0,1.1374038443100694,0.03454619106597889,True,9,6.005,0.2346888894360309,0.8106487393379211,FL_thigh_joint,0.0,0.9334503929473278,-0.016731958644616685,True,17,6.23,0.21294820880276963,0.8106487393379211,FL_thigh_joint,0.0,0.8469791205797811,-0.038472639277877946,True,120,,0.2514208480806476,0.7885429859161377,RL_shank_joint,0.0,,,48.84574508666992,1.2969379425048828,1.0,True,load_velocity_jump,0.0,0.2,1.0
496,496,16,12,0.0,2.0,inextensible,25.0,1.131578947368421,OK,,0.2677324024767713,0.974014401435852,RR_shank_joint,0.0,0.727294228461395,0.44999999999999996,0.11003801671788097,0.3261621587716042,0.9585833449754864,0.023397369384765623,pd,0.04503529822901262,0.06548309326171875,0.01983722043575589,0.03291253000497818,0.0,0.0,-0.3593482971191406,,-0.12837664783000946,,,,,0.18161807208478334,1.0210902094841003,0.5499999999999998,0.4026145935058594,0.2538490891456604,0.18286803277622804,False,False,rope_taut_during_settle|robot_and_load_speeds_differ,True,9,1.0050000000000001,0.3189377642084789,0.974014401435852,RR_shank_joint,0.0,1.4056707256134804,0.09204411237598156,True,17,2.005,0.22650841835619165,0.5726714134216309,FL_shank_joint,0.0,0.998302140790655,-0.00038523347630570193,True,9,6.005,0.2578507706192006,1.0210902094841003,FL_thigh_joint,0.0,1.1364388934493288,0.030957118786703236,False,0,,,,,,,,True,120,,0.22689365183249735,0.5833544731140137,FR_shank_joint,0.0,,,1656.2994384765625,2.017977237701416,1.0,False,,,0.2,1.0
497,497,17,12,0.0,2.0,inextensible,30.0,1.131578947368421,COL,stop_collision|speed_track_error,0.2853031665219641,0.9735990762710571,RL_shank_joint,0.0,1.2771849986745858,,0.6161490393988788,0.7140236750465005,0.6919254803005606,0.3730895507335663,pd,0.016680190917920067,0.039725303649902344,0.03405406262355442,0.04928283393383026,0.0,0.0,1.1496620178222656,1.2961311340332031,1.6316131353378296,-0.0006095829645005324,0.1109653374722086,1.125,True,0.18271382574009137,1.0932315587997437,0.6500000000000004,0.3744087219238281,0.2538513243198395,0.16217994885448955,False,False,rope_not_continuously_taut,True,9,1.0050000000000001,0.31949815544560206,0.9735990762710571,RR_shank_joint,0.0,1.2510752897685795,0.06411931609157567,True,17,2.255,0.27745838797989314,0.7746156454086304,RL_shank_joint,0.0,1.0864580193163864,0.02207954862586675,True,9,6.005,0.2601406726949003,1.0932315587997437,FR_thigh_joint,0.0,1.0186461546810959,0.004761833340873933,True,17,7.03,0.16090115303097163,0.5373157262802124,RL_shank_joint,0.0,0.6300488851698386,-0.09447768632305475,True,120,,0.2553788393540264,0.7863609790802002,RL_shank_joint,0.0,,,64.18732452392578,1.2401642799377441,1.0,True,deck_contact_force|load_velocity_jump,-924.9136962890625,0.2,1.0
498,498,18,12,0.0,2.0,inextensible,35.0,1.131578947368421,COL,stop_collision|speed_track_error,0.2839679760562169,0.9741517305374146,RL_shank_joint,0.0,1.3184849265406422,,0.6658865685760975,0.7591371513275772,0.6670567157119512,0.4060437440872192,pd,0.019920979218929723,0.04315757751464844,0.034285633248544695,0.052286386489868164,0.0,0.0,1.1705970764160156,1.3155975341796875,1.6491141319274902,-0.007739531673848887,0.10927241621158146,1.125,True,0.17811734599435314,1.0734201669692993,0.5,0.3939666748046875,0.2538519501686096,0.15257338292307376,False,False,rope_not_continuously_taut,True,9,1.0050000000000001,0.31810203386004743,0.9741517305374146,RR_shank_joint,0.0,1.2193371043051928,0.0572209102258171,True,17,2.255,0.28749329579139965,0.7792316675186157,RL_shank_joint,0.0,1.1020088068712899,0.026612172157169323,True,9,6.005,0.25789676007812,1.0734201669692993,FR_thigh_joint,0.0,0.9885604465568979,-0.0029843635561103143,True,17,7.03,0.160151005536595,0.6644710302352905,FR_thigh_joint,0.0,0.6138849883257,-0.10073011809763532,True,120,,0.2608811236342303,0.7951931953430176,RL_shank_joint,0.0,,,61.509822845458984,1.1609820127487183,1.0,True,deck_contact_force|load_velocity_jump,-773.73388671875,0.2,1.0
499,499,19,12,0.0,2.0,inextensible,40.0,1.131578947368421,COL,stop_collision|speed_track_error,0.28679569580224334,0.9733051061630249,RL_shank_joint,0.0,1.3598111119229885,,0.7291436489485205,0.8128957811820645,0.6354281755257398,0.4647943639755249,pd,0.02024313757478357,0.04385685920715332,0.03327231758890999,0.05470573529601097,0.0,0.0,1.3593559265136719,1.4036369323730469,1.598301887512207,-0.0005997278005409612,-6.182369708085389e-05,1.0,True,0.17951526309980448,1.0597736835479736,,0.47313690185546875,0.2538526952266693,0.1546960441250401,False,False,rope_not_continuously_taut,True,9,1.0050000000000001,0.31930838622325763,0.9733051061630249,RR_shank_joint,0.0,1.2068108517972844,0.05471979245339165,True,17,2.255,0.2831505954351522,0.7757613658905029,RL_shank_joint,0.0,1.0701542020417973,0.01856200166528621,True,9,6.005,0.2400301770084459,1.0597736835479736,FR_thigh_joint,0.0,0.9071826324350908,-0.024558416761420093,True,17,6.98,0.1637485914593225,0.7798330783843994,RL_shank_joint,0.0,0.6188800096263705,-0.10084000231054349,True,120,,0.264588593769866,0.7987498044967651,RL_shank_joint,0.0,,,66.95026397705078,1.0650949478149414,1.0,True,deck_contact_force,-315.2857666015625,0.2,1.0
500,500,20,12,5.0,0.5,compliant,5.0,1.131578947368421,OK,,0.16765331533302189,0.5968983173370361,FL_shank_joint,0.0,0.1411635238462826,0.17499999999999982,0.04793318313546479,0.07343787495722852,0.9073657897673547,0.04042414605617523,pd,0.005227210642792676,0.007702827453613281,0.012678534746014216,0.03908940777182579,0.0,0.0,0.12450790405273438,0.1208343505859375,0.44003215432167053,0.7203312153961505,0.7203312153961505,,False,0.14312459651401369,0.4066852331161499,,-0.043415069580078125,0.25385209918022156,0.1353108673016525,False,True,,True,9,1.0050000000000001,0.19502115414477691,0.5917476415634155,RR_shank_joint,0.0,1.2636446687078613,0.04068888101913978,True,17,2.5300000000000002,0.1622125464405801,0.5505821704864502,RL_shank_joint,0.0,1.0510604370385181,0.007880273314942982,True,9,6.005,0.14163122399753122,0.40188997983932495,FR_thigh_joint,0.0,0.9177032200013903,-0.012701049128105907,False,0,,,,,,,,True,120,,0.15433227312563713,0.569725513458252,FR_shank_joint,0.0,,,8.151466369628906,0.4782044589519501,1.0,False,,,0.2,1.0
501,501,21,12,5.0,0.5,compliant,10.0,1.131578947368421,OK,,0.17048509710607898,0.6693152189254761,FL_shank_joint,0.0,0.16122414545227584,0.17499999999999982,0.054316645571962,0.08226902960012535,0.8939289635233582,0.04390755295753479,pd,0.006932247922897671,0.008897781372070312,0.012925187116564322,0.039127252995967865,0.0,0.0,0.20179367065429688,0.19527053833007812,0.43361997604370117,0.618564180806203,0.6185942115827245,,False,0.15067171238919408,0.43342268466949463,0.7750000000000004,-0.05681610107421875,0.25385308265686035,0.14383225016912018,False,True,,True,9,1.0050000000000001,0.1949932990995567,0.5918891429901123,RR_shank_joint,0.0,1.2570847863223247,0.03987782779549212,True,17,2.5300000000000002,0.15782379617074752,0.5342328548431396,FR_shank_joint,0.0,1.0174600563303833,0.002708324866682932,True,9,6.005,0.14076037853855414,0.377424418926239,FR_thigh_joint,0.0,0.9074554417762047,-0.014355092765510447,False,0,,,,,,,,True,120,,0.15511547130406458,0.5617197751998901,FR_shank_joint,0.0,,,3.2927074432373047,0.4431837499141693,1.0,False,,,0.2,1.0
502,502,22,12,5.0,0.5,compliant,15.0,1.131578947368421,OK,,0.17321165980578548,0.7557340860366821,RL_shank_joint,0.0,0.17390834703463323,0.17499999999999982,0.05999952838756144,0.08874709288831036,0.8829202297143638,0.04596262156963348,pd,0.006453446691718774,0.009383201599121094,0.01952947114353083,0.039071276783943176,0.0,0.0,0.2780303955078125,0.2693519592285156,0.4201051890850067,0.5368474725877874,0.5368474725877874,,False,0.15477551571339668,0.4479261636734009,0.7750000000000004,-0.053371429443359375,0.253852903842926,0.14249536030810925,False,False,rope_not_continuously_taut,True,9,1.0050000000000001,0.19502400496119277,0.5916076898574829,RR_shank_joint,0.0,1.245494018211897,0.03844035051604297,True,17,2.5300000000000002,0.15679013986298354,0.5540282726287842,RL_shank_joint,0.0,1.0013186907571254,0.00020648541783374608,True,9,6.005,0.13875779842074715,0.3495730757713318,FR_thigh_joint,0.0,0.8861576191488945,-0.017825856024402648,False,0,,,,,,,,True,120,,0.1565836544451498,0.5863310098648071,FR_shank_joint,0.0,,,0.0,0.4524640738964081,1.0,False,,,0.2,1.0
503,503,23,12,5.0,0.5,compliant,20.0,1.131578947368421,OK,,0.1764661331472766,0.7015459537506104,RL_shank_joint,0.0,0.18564274867392427,0.17499999999999982,0.06573813703842461,0.09413198408049331,0.870710493978113,0.04893562525510788,pd,0.006281994371288539,0.007871627807617188,0.01806639149115571,0.0390082411468029,0.0,0.0,0.3647003173828125,0.35394287109375,0.43940404057502747,0.46989849470355693,0.46989849470355693,,False,0.15083398679911963,0.4344722032546997,0.8250000000000002,-0.0338592529296875,0.25385281443595886,0.06545748424129885,False,False,rope_not_continuously_taut,True,9,1.0050000000000001,0.19507044722504252,0.5916895866394043,RR_shank_joint,0.0,1.2297536873158228,0.03644482224251305,True,17,2.5300000000000002,0.1587080786966159,0.5070235729217529,FR_shank_joint,0.0,1.0005198007200635,8.245371408643898e-05,True,9,6.005,0.13620864102754082,0.36281824111938477,FR_shank_joint,0.0,0.8586799329713747,-0.022416983954988645,False,0,,,,,,,,True,120,,0.15862562498252947,0.5712361335754395,RL_shank_joint,0.0,,,15.42912769317627,0.4557649493217468,1.0,False,,,0.2,1.0
504,504,24,12,5.0,0.5,rigid,25.0,0.8157894736842105,OK,,0.1609427586735929,0.5917519330978394,FL_shank_joint,0.0,0.13458698411807343,0.17499999999999982,0.03626751870848238,0.066589910896115,1.0195008784346282,0.027204323709011078,pd,0.007001766664992959,0.010974884033203125,0.014963039259529224,0.03900936618447304,0.0,0.0,-0.2731971740722656,,-0.0535130649805069,,,,,0.15099338899710624,0.479536771774292,0.7750000000000004,-0.045536041259765625,0.2538529932498932,0.12001175287948773,False,False,rope_taut_during_settle|robot_and_load_speeds_differ,True,9,1.0050000000000001,0.1951198751533725,0.5917519330978394,RR_shank_joint,0.0,1.2955219286017645,0.04450885819902256,True,17,2.005,0.1488075215074394,0.4861478805541992,FR_shank_joint,0.0,0.9880254746074971,-0.0018034954469105524,True,9,6.005,0.14152172887641198,0.41162312030792236,FR_shank_joint,0.0,0.9396505762875705,-0.009089288077937963,False,0,,,,,,,,True,120,,0.15061101695434995,0.5135033130645752,FR_shank_joint,0.0,,,337.3724670410156,0.520472526550293,1.0,False,,,0.2,1.0
505,505,25,12,5.0,0.5,rigid,30.0,0.8157894736842105,OK,,0.1828827039466104,0.615364670753479,RL_shank_joint,0.0,0.20948851986653677,,0.07235768526792526,0.1042490537421622,0.8552846294641495,0.05122148036956787,pd,0.004541877070748754,0.013454437255859375,0.01908144671208346,0.032336682081222534,0.0,0.0,0.01421356201171875,0.08888626098632812,0.44950440526008606,0.5448639960347066,0.5673048511978322,,False,0.15041013404782386,0.4474714398384094,,0.0168914794921875,0.2555640935897827,0.12904738180598038,False,False,rope_taut_during_settle,True,9,1.0050000000000001,0.21374369396798618,0.6126366853713989,RR_shank_joint,0.0,1.341615496804966,0.05442554769059668,True,16,2.0300000000000002,0.1597967684066046,0.5485450029373169,FR_shank_joint,0.0,1.003004190924879,0.00047862212921509495,True,9,6.005,0.1612116896807609,0.42171865701675415,FR_thigh_joint,0.0,1.011885296481385,0.0018935434033714171,False,0,,,,,,,,True,120,,0.1593181462773895,0.590171217918396,RL_shank_joint,0.0,,,9.657078742980957,0.4608195126056671,1.0,False,,,0.2,1.0
506,506,26,12,5.0,0.5,rigid,35.0,0.8157894736842105,OK,,0.18574313497646872,0.6365834474563599,RL_shank_joint,0.0,0.2183327934456195,,0.07493274215608835,0.10783392427827987,0.8501345156878233,0.05126129299402237,pd,0.005149741476870228,0.01396942138671875,0.02189967461498045,0.04259377345442772,0.0,0.0,-0.00904083251953125,0.10159683227539062,0.45232006907463074,0.5474240262378629,0.5723746068053615,,False,0.15317073583241064,0.47697943449020386,,-0.00531005859375,0.2556929886341095,0.13156718693277938,False,False,rope_taut_during_settle,True,9,1.0050000000000001,0.2155482041434987,0.606704831123352,RR_shank_joint,0.0,1.3453446661794732,0.05533037330642762,True,16,2.0300000000000002,0.16989534253568347,0.5972458124160767,RL_shank_joint,0.0,1.0604022139611518,0.00967751169861239,True,9,6.005,0.15592584993083605,0.47697943449020386,FR_thigh_joint,0.0,0.9732115902218172,-0.004291980906235032,False,0,,,,,,,,True,120,,0.16021783083707108,0.5942295789718628,RL_shank_joint,0.0,,,-9.28357982635498,0.4493025541305542,1.0,False,,,0.2,1.0
507,507,27,12,5.0,0.5,rigid,40.0,0.8157894736842105,OK,,0.18792652079352593,0.6419752836227417,RL_shank_joint,0.0,0.22857586770310317,,0.07831653689965606,0.11221585306295842,0.8433669262006879,0.05286554485559464,pd,0.0038567287861340322,0.007080078125,0.018897492328824855,0.03348325937986374,0.0,0.0,0.018314361572265625,0.11342239379882812,0.44731956720352173,0.5484252774803693,0.5687709689316236,,False,0.1488094857939211,0.47568434476852417,,0.021633148193359375,0.2557547688484192,0.11642256936953592,False,False,rope_taut_during_settle,True,9,1.0050000000000001,0.21714489980023752,0.6075301170349121,RR_shank_joint,0.0,1.3514314296411847,0.056467195376942336,True,16,2.0300000000000002,0.16793637490512506,0.5920510292053223,RL_shank_joint,0.0,1.0451753434484437,0.007258670481829876,True,9,6.005,0.1615248681066626,0.47568434476852417,FR_thigh_joint,0.0,1.0052724407932518,0.0008471636833674301,False,0,,,,,,,,True,120,,0.16067770442329518,0.596299409866333,RL_shank_joint,0.0,,,-4.779531002044678,0.4572238624095917,1.0,False,,,0.2,1.0
508,508,28,12,5.0,1.0,inextensible,5.0,1.131578947368421,COL,stop_collision,0.21014710113976412,0.8759133815765381,RR_shank_joint,0.0,0.30821616547228714,1.5999999999999999,0.13657565796747803,0.1756636604321025,0.8634243420325219,0.13585519790649414,pd,0.02009954278157964,0.035369873046875,0.012402255083753838,0.023005757480859756,0.0,0.0,-0.004680633544921875,0.13232421875,0.8142654895782471,0.783548410605114,0.8904160023072407,,True,0.15617415905442228,0.5607605576515198,0.625,-0.0003509521484375,0.25385263562202454,0.1077236572309505,False,True,,True,9,1.0050000000000001,0.260577940682558,0.8759133815765381,RR_shank_joint,0.0,1.3583541099398622,0.06874435415621807,True,17,2.305,0.20201135015566973,0.713312029838562,RL_shank_joint,0.0,1.0530551704403042,0.010177763629329789,True,9,6.005,0.16737676623357273,0.5607605576515198,FR_thigh_joint,0.0,0.8725102275590872,-0.024456820292767217,True,11,6.055,0.16685501302880384,0.5607605576515198,FR_thigh_joint,0.0,0.869790405581004,-0.0249785734975361,True,120,,0.19183358652633994,0.7561100721359253,RL_shank_joint,0.0,,,16.36463165283203,0.9167652130126953,1.0,True,load_velocity_jump,0.0,0.2,1.0
509,509,29,12,5.0,1.0,inextensible,10.0,1.131578947368421,OK,,0.21301388896802215,0.8760111331939697,RL_shank_joint,0.0,0.3371445163105442,,0.15567190713249146,0.19299072889177737,0.8443280928675085,0.14886196017265318,pd,0.028835270220690035,0.046051025390625,0.01681199107736196,0.030242174863815308,0.0,0.0,-0.044132232666015625,0.17824172973632812,0.7689509987831116,0.7526960997887358,0.887266743559529,,False,0.1567302718993922,0.6009969711303711,0.5750000000000002,-0.03949737548828125,0.25385206937789917,0.10757088096747022,False,False,rope_not_continuously_taut|tension_not_steady,True,9,1.0050000000000001,0.26072304971213106,0.8760111331939697,RR_shank_joint,0.0,1.3465742995503565,0.06710354442438657,True,17,2.305,0.1920078816484823,0.6584267616271973,RL_shank_joint,0.0,0.9916763363439695,-0.0016116236392622052,True,9,6.005,0.17661566725761085,0.6009969711303711,FR_thigh_joint,0.0,0.9121791061036766,-0.01700383803013364,False,0,,,,,,,,True,120,,0.1936195052877445,0.7640517950057983,RL_shank_joint,0.0,,,25.177309036254883,0.9032545685768127,1.0,False,,,0.2,1.0
510,510,30,12,10.0,1.0,compliant,15.0,1.131578947368421,SPD,speed_track_error,0.22132550991114244,0.8759347200393677,RR_shank_joint,0.0,0.3731311160102798,,0.2076963013317436,0.2461600414392044,0.7925369304511696,0.23156231224536897,pd,0.028772825713730823,0.04723358154296875,0.012781615164829651,0.026285627856850624,0.0,0.0,-0.23775863647460938,0.10651779174804688,0.5850588083267212,0.9096958080966928,0.9572364063842329,,False,0.1631240693996813,0.5157442092895508,,-0.2525825500488281,0.25385257601737976,0.1585376678724334,False,False,tension_not_steady,True,9,1.0050000000000001,0.2610212364089426,0.8759347200393677,RR_shank_joint,0.0,1.3306504312456693,0.0648605992650525,True,17,2.33,0.18871199698007413,0.7003594636917114,RL_shank_joint,0.0,0.9620278549648462,-0.007448640163815967,True,9,6.005,0.15063008480472084,0.39335954189300537,FL_shank_joint,0.0,0.7678914944297864,-0.04553055233916925,False,0,,,,,,,,True,120,,0.1961606371438901,0.7730106115341187,RL_shank_joint,0.0,,,18.20211410522461,0.9188865423202515,1.0,False,,,0.2,1.0
511,511,31,12,10.0,1.0,compliant,20.0,1.131578947368421,COL,stop_collision|speed_track_error,0.22759999482850632,0.8904657363891602,RL_shank_joint,0.0,0.41259477869180117,,0.21882232480682431,0.2621040300940391,0.7811776751931757,0.23553017020225525,pd,0.02460475140406676,0.04320526123046875,0.011514096602495635,0.026242027059197426,0.0,0.0,-0.3094367980957031,0.10116958618164062,0.5901877880096436,0.8935904676381128,0.8935904676381128,,True,0.16889036507672522,0.5627861022949219,,-0.3099365234375,0.25385215878486633,0.15993932791425813,False,False,tension_not_steady,True,9,1.0050000000000001,0.26059700413946313,0.8758364915847778,RR_shank_joint,0.0,1.338333428934312,0.06587945580252047,True,17,2.33,0.20122912746114163,0.7048518657684326,RL_shank_joint,0.0,1.0334411519650568,0.006511579124198974,True,9,6.005,0.14578361203703236,0.4107590913772583,FL_shank_joint,0.0,0.7486927258593347,-0.0489339362999103,True,17,6.83,0.19466126809210255,0.5627861022949219,RL_shank_joint,0.0,0.9997109647008151,-5.628024484011229e-05,True,120,,0.19471754833694266,0.7642073631286621,RL_shank_joint,0.0,,,18.027326583862305,0.9119700789451599,1.0,True,load_velocity_jump,0.0,0.2,1.0
512,512,32,12,10.0,1.0,compliant,25.0,1.131578947368421,OK,,0.1908435201729464,0.8760141134262085,RR_shank_joint,0.0,0.2925031150046713,0.575,0.07608245964162051,0.14237649306717212,0.9497481990326196,0.06924856901168823,pd,0.03386146637102084,0.0539398193359375,0.030162973680124532,0.06147017702460289,0.0,0.0,-0.18186569213867188,,-0.03601422533392906,,,,,0.1587830422994518,0.5178055763244629,0.875,-0.00496673583984375,0.25385257601737976,0.17169214726408072,False,False,rope_taut_during_settle|robot_and_load_speeds_differ|tension_not_steady,True,9,1.0050000000000001,0.2608854018693939,0.8760141134262085,RR_shank_joint,0.0,1.4270743120080427,0.07807403761583875,True,17,2.005,0.16824620804001786,0.5883467197418213,RL_shank_joint,0.0,0.9203268556470278,-0.014565156213537295,True,9,6.005,0.16236356815763286,0.5178055763244629,FR_thigh_joint,0.0,0.888148112786021,-0.020447796095922288,False,0,,,,,,,,True,120,,0.18281136425355515,0.721260666847229,RL_shank_joint,0.0,,,31849.400390625,0.9797589182853699,1.0,False,,,0.2,1.0
513,513,33,12,10.0,1.0,compliant,30.0,1.131578947368421,COL,stop_collision|speed_track_error,0.22879498580108043,0.8759419918060303,RL_shank_joint,0.0,0.484062941857459,,0.23673421890765894,0.283772162766059,0.7632657810923411,0.22484127998352052,pd,0.02654753838373502,0.04822540283203125,0.012103876072264852,0.03049527294933796,0.0,0.0,-0.2850837707519531,0.11394119262695312,0.5795870423316956,0.8441179063046249,0.8441179063046249,,True,0.16149966898973167,0.5921968221664429,,-0.2826652526855469,0.25384974479675293,0.15746291039614152,False,False,rope_not_continuously_taut|tension_not_steady,True,9,1.0050000000000001,0.2607176440596707,0.8759419918060303,RR_shank_joint,0.0,1.3223256601237303,0.06355165694929785,True,17,2.33,0.19982337441772308,0.7092598676681519,RL_shank_joint,0.0,1.0134779195250478,0.0026573873073502396,True,9,6.005,0.15695978179343373,0.41415560245513916,FR_shank_joint,0.0,0.7960794054482033,-0.04020620531693911,True,17,6.905,0.18350682651430605,0.5921968221664429,RR_shank_joint,0.0,0.9307225308165326,-0.013659160596066783,True,120,,0.19716598711037284,0.7569994926452637,RL_shank_joint,0.0,,,31.528499603271484,0.8675710558891296,1.0,True,load_velocity_jump,0.0,0.2,1.0
514,514,34,12,10.0,1.0,rigid,35.0,0.8157894736842105,SPD,speed_track_error,0.24157720956272122,0.9024678468704224,RL_shank_joint,0.0,0.5471303167105276,,0.2659055656194687,0.3235332310630376,0.7340944343805313,0.2546332976222038,pd,0.016210930271384705,0.03231048583984375,0.012810833838911202,0.0262095108628273,0.0,0.0,-0.44821929931640625,0.0388031005859375,0.3837689459323883,0.5407892404051182,0.5645737620934597,,False,0.19547485545880933,0.6254042387008667,,-0.4471626281738281,0.25569435954093933,0.1554258162735213,False,False,rope_taut_during_settle|tension_not_steady,True,9,1.0050000000000001,0.2911969781088245,0.9024678468704224,RR_shank_joint,0.0,1.4631942506957445,0.09218240573037154,True,16,2.0300000000000002,0.21168686999915623,0.6956697702407837,RL_shank_joint,0.0,1.0636752247298011,0.012672297620703266,True,9,6.005,0.1405906334822818,0.4147615432739258,FL_shank_joint,0.0,0.7064338646264043,-0.058423938896171174,False,0,,,,,,,,True,120,,0.19901457237845296,0.765761137008667,RL_shank_joint,0.0,,,39.02173614501953,0.816992998123169,1.0,False,,,0.2,1.0
515,515,35,12,10.0,1.0,rigid,40.0,0.8157894736842105,SPD,speed_track_error,0.24327186921743107,0.9070496559143066,RL_shank_joint,0.0,0.5693158992510301,,0.2705813441425562,0.32967904140910514,0.7294186558574438,0.2465245744585991,pd,0.015682007157235868,0.0321197509765625,0.012662880168878553,0.026820408180356026,0.0,0.0,-0.423583984375,0.03739166259765625,0.37650930881500244,0.5397792995734676,0.5431717637780338,,False,0.18984810909181396,0.5994893312454224,,-0.4225502014160156,0.2557522654533386,0.1552775116218017,False,False,rope_taut_during_settle|tension_not_steady,True,9,1.0050000000000001,0.29246954429399624,0.9070496559143066,RL_shank_joint,0.0,1.4621117336056784,0.092437263879459,True,16,2.0300000000000002,0.21227303836129266,0.7184697389602661,RL_shank_joint,0.0,1.0611939129093977,0.012240757946755415,True,9,6.005,0.13436976844139342,0.37754011154174805,FL_shank_joint,0.0,0.6717404219105636,-0.06566251197314382,False,0,,,,,,,,True,120,,0.20003228041453724,0.7911421060562134,RL_shank_joint,0.0,,,41.980003356933594,0.7895810604095459,1.0,False,,,0.2,1.0
516,516,36,12,10.0,1.5,rigid,5.0,0.8157894736842105,COL,stop_collision|speed_track_error,0.2414722968466345,0.9142749309539795,RR_shank_joint,0.0,0.6339960023404377,1.0999999999999999,0.3636522572860122,0.4245838197059342,0.7575651618093252,0.4093053638935089,pd,0.010114946146267722,0.0185089111328125,0.028690930740226144,0.04894326254725456,0.0,0.0,0.18651199340820312,0.19840240478515625,1.1641839742660522,0.5367561495975721,0.5634914168907414,,True,0.1630195988484525,0.6913259625434875,0.375,0.20020675659179688,0.25451695919036865,0.15529269768483658,False,False,rope_taut_during_settle,True,9,1.0050000000000001,0.30016471447155035,0.9142749309539795,RR_shank_joint,0.0,1.383662604031352,0.08322981025645529,True,16,2.0300000000000002,0.21000806803264027,0.7222855091094971,RR_shank_joint,0.0,0.9680695174088412,-0.006926836182454793,True,9,6.005,0.19049289698739597,0.6913259625434875,FR_thigh_joint,0.0,0.8781108677583698,-0.0264420072276991,True,11,6.055,0.18763626424673022,0.6913259625434875,FR_thigh_joint,0.0,0.8649427113890594,-0.029298639968364848,True,120,,0.21693490421509506,0.8922858238220215,RL_shank_joint,0.0,,,9.315752983093262,1.4157440662384033,1.0,True,load_velocity_jump,0.0,0.2,1.0
517,517,37,12,10.0,1.5,rigid,10.0,0.8157894736842105,COL,stop_collision|speed_track_error,0.24783319992572694,0.9127625226974487,RR_shank_joint,0.0,0.7185578533126353,,0.4656562403216958,0.5337642891791541,0.6895625064522029,0.562964431643486,pd,0.014839755365767565,0.02256011962890625,0.023039230623827827,0.04939378798007965,0.0,0.0,0.005283355712890625,0.11069869995117188,0.7987685799598694,0.5048807007158373,0.5693227216171479,,True,0.17353770195627718,0.5062705278396606,,0.010387420654296875,0.25486546754837036,0.16742965056802842,False,False,rope_taut_during_settle,True,9,1.0050000000000001,0.3049575129365655,0.9127625226974487,RR_shank_joint,0.0,1.384426515980928,0.08468037332941955,True,16,2.0300000000000002,0.21563595396009705,0.7653614282608032,RL_shank_joint,0.0,0.978930243713323,-0.004641185647048879,True,9,6.005,0.17457906193141717,0.5062705278396606,FR_thigh_joint,0.0,0.7925428042273058,-0.045698077675728754,True,10,6.03,0.1754700674221172,0.5062705278396606,FR_thigh_joint,0.0,0.796587733684303,-0.04480707218502872,True,120,,0.22027713960714593,0.8587659597396851,RL_shank_joint,0.0,,,34.51167678833008,1.3590426445007324,1.0,True,load_velocity_jump,0.0,0.2,1.0
518,518,38,12,10.0,1.5,inextensible,15.0,1.131578947368421,SPD,speed_track_error,0.24735198227950259,0.9249666929244995,RL_shank_joint,0.0,0.6783990394872957,,0.4978633797354996,0.5630929486534173,0.6680910801763336,0.618518991470337,pd,0.011217190868929435,0.025970458984375,0.023751192347579633,0.05205526575446129,0.0,0.0,-0.44757843017578125,0.08678054809570312,0.6120280027389526,0.8631426342943129,0.8631426342943129,,False,0.17310478418796346,0.5305877923965454,,-0.4434623718261719,0.2538551390171051,0.13867805139059447,False,False,rope_not_continuously_taut|tension_not_steady,True,9,1.0050000000000001,0.2904066081212232,0.9249666929244995,RR_shank_joint,0.0,1.3197357414376263,0.0703575490536292,True,17,2.2800000000000002,0.2200341144544714,0.6460758447647095,RL_shank_joint,0.0,0.99993208508509,-1.4944613122597206e-05,True,9,6.005,0.14870686381972553,0.3597198724746704,FL_shank_joint,0.0,0.675789591874811,-0.07134219524786847,False,0,,,,,,,,True,120,,0.220049059067594,0.8231290578842163,RL_shank_joint,0.0,,,41.731388092041016,1.3246809244155884,1.0,False,,,0.2,1.0
519,519,39,12,10.0,1.5,inextensible,20.0,1.131578947368421,SPD,speed_track_error,0.251952058569348,0.9254570007324219,RL_shank_joint,0.0,0.7304559916661715,,0.5338748457096517,0.6047221989404417,0.6440834361935656,0.6514521339535713,pd,0.025506332748682786,0.043670654296875,0.024116206542827315,0.05348672345280647,0.0,0.0,-0.8846206665039062,0.057769775390625,0.4607260227203369,0.8501761001376096,0.8501761001376096,,False,0.18988621508114809,0.49525249004364014,,-0.8791427612304688,0.253853440284729,0.14645714757145165,False,False,rope_not_continuously_taut|tension_not_steady,True,9,1.0050000000000001,0.29027009365771866,0.9254570007324219,RR_shank_joint,0.0,1.3251653430122725,0.07122565879655854,True,17,2.2800000000000002,0.22592575550651556,0.7900519371032715,RL_shank_joint,0.0,1.0314151813522088,0.006881320645355432,True,9,6.005,0.17513446604603497,0.43680882453918457,FR_shank_joint,0.0,0.7995385327047583,-0.043909968815125155,False,0,,,,,,,,True,120,,0.21904443486116013,0.8628822565078735,RL_shank_joint,0.0,,,54.08368682861328,1.2710464000701904,1.0,False,,,0.2,1.0
520,520,0,13,0.0,1.0,compliant,30.0,1.1842105263157894,OK,,0.1909992970955524,0.8759238719940186,RR_shank_joint,0.0,0.29230780716194854,0.575,0.05423678418621421,0.13400650350888377,0.9995489726401865,0.02735450744628906,pd,0.013258225190798502,0.02367401123046875,0.006957459174924416,0.02288552187383175,0.0,0.0,0.003162384033203125,0.0,-0.0004169373423792422,,,,,0.14682805032833954,0.567688524723053,0.2999999999999998,0.14536285400390625,0.25385135412216187,0.06871126561910405,False,False,rope_taut_during_settle|robot_and_load_speeds_differ|tension_not_steady,True,9,1.0050000000000001,0.2608576271643073,0.8759238719940186,RR_shank_joint,0.0,1.4981297795160056,0.08673544447291093,True,17,2.005,0.16803122778316806,0.5891915559768677,RL_shank_joint,0.0,0.9650190756049528,-0.006090954908228335,True,9,6.005,0.17145391221018016,0.567688524723053,FL_thigh_joint,0.0,0.9846758727694948,-0.002668270481216234,False,0,,,,,,,,True,120,,0.1741221826913964,0.6033471822738647,FR_shank_joint,0.0,,,1620.3919677734375,0.9798211455345154,1.0,False,,,0.2,1.0
521,521,1,13,0.0,1.0,compliant,35.0,1.1842105263157894,SPD,speed_track_error,0.2344051750077623,0.8758226633071899,RL_shank_joint,0.0,0.5225600253301473,,0.24817107536830008,0.2923500272048932,0.7518289246316999,0.1882826417684555,pd,0.01831475421222929,0.03385162353515625,0.028001000798740343,0.04750789329409599,0.0,0.0,0.5282478332519531,0.6082000732421875,0.8105124831199646,0.4206976559220479,0.49769073270893927,,False,0.15008761830013914,0.5609534978866577,0.2999999999999998,0.06811141967773438,0.25385335087776184,0.08686288601018534,False,False,load_moved_during_settle,True,9,1.0050000000000001,0.2608260758382677,0.8758226633071899,RR_shank_joint,0.0,1.2857346873454092,0.057964569179547926,True,17,2.305,0.21362351243192282,0.7257429361343384,RR_shank_joint,0.0,1.0530509999184234,0.01076200577320302,True,9,6.005,0.17186848856736317,0.5609534978866577,FR_thigh_joint,0.0,0.8472208029909926,-0.030993018091356628,False,0,,,,,,,,True,120,,0.2028615066587198,0.7794982194900513,RL_shank_joint,0.0,,,30.890825271606445,0.8019671440124512,1.0,False,,,0.2,1.0
522,522,2,13,0.0,1.0,compliant,40.0,1.1842105263157894,COL,stop_collision|speed_track_error,0.22689032590194205,0.9111282825469971,RL_shank_joint,0.0,0.5577484476368558,,0.26786828878335656,0.3133648129525668,0.7321317112166434,0.19711004316806793,pd,0.020362581490759386,0.0339813232421875,0.008223497029559481,0.022886477410793304,0.0,0.0,0.9805030822753906,1.0068855285644531,0.8048821091651917,0.0033549540305060077,0.023408294950137076,,True,0.14236157265373175,0.48935139179229736,0.5,0.0692291259765625,0.2538522481918335,0.1126693264212724,False,False,load_moved_during_settle,True,9,1.0050000000000001,0.26070996086068027,0.8760626316070557,RR_shank_joint,0.0,1.270851004253771,0.05556399175176327,True,17,2.305,0.20885420039441255,0.6906061172485352,RR_shank_joint,0.0,1.0180760621405471,0.00370823128549555,True,9,6.005,0.15948273953975106,0.48935139179229736,FL_thigh_joint,0.0,0.7774110319227271,-0.045663229569165936,True,16,8.48,0.12711316038002066,0.32804250717163086,RL_shank_joint,0.0,0.6196229978690596,-0.07803280872889634,True,120,,0.205145969108917,0.8040777444839478,RL_shank_joint,0.0,,,31.45528793334961,0.7583135962486267,1.0,True,deck_contact_force,-77.63484191894531,0.2,1.0
523,523,3,13,0.0,1.5,compliant,5.0,1.1842105263157894,COL,stop_collision,0.2374527973435828,0.9266130924224854,RR_shank_joint,0.0,0.5556881076718583,0.75,0.22378185814246535,0.2943581766246934,0.8508120945716898,0.17800715804100037,pd,0.011613440749667405,0.01891326904296875,0.02534857852121535,0.04279623553156853,0.0,0.0,0.39644622802734375,0.39192962646484375,1.358435869216919,0.7552080872380103,0.7552080872380103,,True,0.16167107270917955,0.725446343421936,0.35000000000000053,0.2113037109375,0.2538514733314514,0.09420530799436869,False,True,,True,9,1.0050000000000001,0.2901188370639124,0.9266130924224854,RR_shank_joint,0.0,1.3805541273716486,0.079972178333297,True,17,2.305,0.20091778896100615,0.7007629871368408,RL_shank_joint,0.0,0.9560836711591992,-0.009228869769609238,True,9,6.005,0.18920883391414375,0.725446343421936,FR_thigh_joint,0.0,0.9003656544294069,-0.020937824816471634,True,11,6.055,0.18781900735757973,0.725446343421936,FR_thigh_joint,0.0,0.8937520515058142,-0.022327651373035662,True,120,,0.2101466587306154,0.7719709873199463,RL_shank_joint,0.0,,,13.254854202270508,1.2994359731674194,1.0,True,load_velocity_jump,0.0,0.2,1.0
524,524,4,13,0.0,1.5,compliant,10.0,1.1842105263157894,OK,,0.24778345244573918,0.9252679347991943,RL_shank_joint,0.0,0.6367391581076394,,0.26912522960454227,0.33670743907667816,0.8205831802636384,0.20313933610916138,pd,0.030408042376263277,0.05970001220703125,0.010073141229294749,0.02248016558587551,0.0,0.0,0.7000465393066406,0.6877822875976562,1.3347183465957642,0.44168405420199974,0.44168405420199974,,False,0.15464580814337273,0.6528300046920776,0.35000000000000053,0.20821380615234375,0.25385409593582153,0.11213119833965984,False,False,rope_not_continuously_taut,True,9,1.0050000000000001,0.29044834405952125,0.9252679347991943,RR_shank_joint,0.0,1.3460544820724534,0.07467078978673108,True,17,2.305,0.22798103151388371,0.7811534404754639,RL_shank_joint,0.0,1.0565558233441912,0.012203477241093552,True,9,6.005,0.20507999828518003,0.6528300046920776,FR_thigh_joint,0.0,0.9504232216197702,-0.01069755598761013,False,0,,,,,,,,True,120,,0.21577755427279016,0.7811534404754639,RL_shank_joint,0.0,,,32.93696212768555,1.3560636043548584,1.0,False,,,0.2,1.0
525,525,5,13,0.0,1.5,compliant,15.0,1.1842105263157894,SPD,speed_track_error,0.24771804003057651,0.9255250692367554,RL_shank_joint,0.0,0.7151326442260411,,0.30681314148008826,0.37783572346548067,0.7954579056799411,0.22369755387306214,pd,0.0190757880157243,0.02576446533203125,0.019309812419687416,0.031973015516996384,0.0,0.0,0.9578208923339844,0.9535293579101562,1.29790198802948,0.1775130136844396,0.1811133285596611,,False,0.16484712099186105,0.7691382765769958,0.375,0.21054458618164062,0.25384965538978577,0.10253185331304414,False,False,load_moved_during_settle|rope_not_continuously_taut,True,9,1.0050000000000001,0.29057180223967016,0.9255250692367554,RR_shank_joint,0.0,1.3160667761219869,0.06978376358414762,True,17,2.2800000000000002,0.21261120561590888,0.6900304555892944,RL_shank_joint,0.0,0.9629652353931577,-0.008176833039613668,True,9,6.005,0.2081067605766206,0.7691382765769958,FR_thigh_joint,0.0,0.9425635638772646,-0.012681278078901959,False,0,,,,,,,,True,120,,0.22078803865552254,0.7642014026641846,RL_shank_joint,0.0,,,29.16550064086914,1.3068283796310425,1.0,False,,,0.2,1.0
526,526,6,13,0.0,1.5,compliant,20.0,1.1842105263157894,COL,stop_collision|speed_track_error,0.2543897203949103,0.9248459339141846,RL_shank_joint,0.0,0.7582167747424245,,0.33648357283324004,0.4045738006441566,0.7756776181111733,0.2386109459400177,pd,0.01521742732250899,0.02396392822265625,0.022055554230191555,0.03596915304660797,0.0,0.0,1.10076904296875,1.1370811462402344,1.303209662437439,0.0018852174835757296,0.034201286198886294,,True,0.1605770359598818,0.6898297071456909,0.4500000000000002,0.20198440551757812,0.2538538873195648,0.09933680261001278,False,False,load_moved_during_settle|rope_not_continuously_taut,True,9,1.0050000000000001,0.29032516245288564,0.9248459339141846,RR_shank_joint,0.0,1.2990548341180816,0.06683562619325178,True,17,2.2800000000000002,0.22828917742229674,0.7672131061553955,RL_shank_joint,0.0,1.0214759099821433,0.0047996411626628765,True,9,6.005,0.1930245266835342,0.6898297071456909,FR_thigh_joint,0.0,0.8636848503694257,-0.030465009576099655,True,17,8.13,0.14366145149145262,0.38272178173065186,RL_shank_joint,0.0,0.6428106384567249,-0.07982808476818123,True,120,,0.22348953625963386,0.7804657220840454,RL_shank_joint,0.0,,,41.43901824951172,1.2343063354492188,1.0,True,deck_contact_force,-27.446805953979492,0.2,1.0
527,527,7,13,0.0,1.5,compliant,25.0,1.1842105263157894,COL,stop_collision|speed_track_error,0.2548567206996822,0.9257986545562744,RL_shank_joint,0.0,0.8400687711955608,,0.3724241228029132,0.44718537989937773,0.7517172514647245,0.2475130534172058,pd,0.023038352682027655,0.0346221923828125,0.016861784588640853,0.03929627686738968,0.0,0.0,1.0921707153320312,1.1312980651855469,1.246098279953003,-0.0008562230944662019,0.03171571021074726,1.625,True,0.1623624451801716,0.7259385585784912,0.40000000000000036,0.19217300415039062,0.25385212898254395,0.11166195026483411,False,False,load_moved_during_settle|rope_not_continuously_taut,True,9,1.0050000000000001,0.2903164544930587,0.9257986545562744,RR_shank_joint,0.0,1.286968618570797,0.06473484333034002,True,17,2.2800000000000002,0.22288063609333517,0.709707498550415,RL_shank_joint,0.0,0.9880266168174708,-0.002700975069383521,True,9,6.005,0.19887204655132718,0.7259385585784912,FR_thigh_joint,0.0,0.8815968887103784,-0.026709564611391512,True,17,7.605,0.13751249997914788,0.3717159032821655,RL_shank_joint,0.0,0.6095909115568646,-0.0880691111835708,True,120,,0.2255816111627187,0.7720640897750854,RL_shank_joint,0.0,,,54.117244720458984,1.14785635471344,1.0,True,deck_contact_force,-294.9649658203125,0.2,1.0
528,528,8,13,0.0,1.5,rigid,30.0,0.8421052631578947,OK,,0.22607019439074974,0.9253354072570801,RR_shank_joint,0.0,0.50095069335091,0.5499999999999998,0.07712879067286849,0.22515926483471008,0.9693143327658374,0.02155163049697876,pd,0.014765122995500117,0.0317840576171875,0.031051259729969905,0.057111114263534546,0.0,0.0,0.006061553955078125,0.0,0.0002804974210448563,,,,,0.16693002083907335,0.7583088874816895,0.47500000000000053,0.23888397216796875,0.25385263562202454,0.08584378855486556,False,False,rope_taut_during_settle|robot_and_load_speeds_differ,True,9,1.0050000000000001,0.29018924948168956,0.9253354072570801,RR_shank_joint,0.0,1.6138260286540447,0.11037479344412535,True,17,2.005,0.1890252661431132,0.605963945388794,FR_shank_joint,0.0,1.051223968909512,0.009210810105549,True,9,6.005,0.1961573219149153,0.7583088874816895,FR_thigh_joint,0.0,1.0908873860171564,0.016342865877351093,False,0,,,,,,,,True,120,,0.1798144560375642,0.6284887790679932,FR_shank_joint,0.0,,,1093.705810546875,1.4938418865203857,1.0,False,,,0.2,1.0
529,529,9,13,0.0,1.5,rigid,35.0,0.8421052631578947,SPD,speed_track_error,0.2665064673210463,0.9369574785232544,RL_shank_joint,0.0,0.9772749568908881,,0.4245297409035265,0.5144112211582553,0.7169801727309824,0.2645522856712341,pd,0.02076251098623324,0.03539276123046875,0.02462023706732394,0.04060918092727661,0.0,0.0,0.4487648010253906,0.4878044128417969,1.2464137077331543,0.5753433879308361,0.5920507057474822,,False,0.17298937320231628,0.7958686351776123,0.8500000000000005,0.45163726806640625,0.25546929240226746,0.13998004801646197,False,False,rope_taut_during_settle,True,9,1.0050000000000001,0.31665468120099094,0.9369574785232544,RL_shank_joint,0.0,1.3773793513254364,0.08675818907173274,True,17,2.005,0.23538885523552225,0.7454559803009033,RR_shank_joint,0.0,1.0238905911760323,0.005492363106264053,True,9,6.005,0.210731626975795,0.7958686351776123,FL_thigh_joint,0.0,0.91663698312244,-0.01916486515346319,False,0,,,,,,,,True,120,,0.2298964921292582,0.7972433567047119,RL_shank_joint,0.0,,,50.27018737792969,0.9528394937515259,1.0,False,,,0.2,1.0
530,530,10,13,0.0,1.5,rigid,40.0,0.8421052631578947,SPD,speed_track_error,0.2718842847877124,0.9392791986465454,RL_shank_joint,0.0,1.0210164682580027,,0.4637491148337722,0.5498660515854117,0.6908339234441518,0.2851204264163971,pd,0.02264664252482523,0.039081573486328125,0.031066637828589358,0.052267637103796005,0.0,0.0,0.4247016906738281,0.5006027221679688,1.2024656534194946,0.5706587394136662,0.5970722618681492,,False,0.18735476514567553,0.7570050358772278,0.8500000000000005,0.42836761474609375,0.25554367899894714,0.1111583116393113,False,False,rope_taut_during_settle,True,9,1.0050000000000001,0.3169233099263496,0.9392791986465454,RL_shank_joint,0.0,1.3701242482635743,0.08561340476409729,True,16,2.0300000000000002,0.23592104860482702,0.7456787824630737,RL_shank_joint,0.0,1.019934915624734,0.004611143442574711,True,9,6.005,0.2056661591491969,0.7570050358772278,FR_thigh_joint,0.0,0.8891368443773836,-0.025643746013055413,False,0,,,,,,,,True,120,,0.2313099051622523,0.8023015260696411,RL_shank_joint,0.0,,,60.05572509765625,0.8889458775520325,1.0,False,,,0.2,1.0
531,531,11,13,0.0,2.0,rigid,5.0,0.8421052631578947,COL,stop_collision,0.2650824097109998,0.9702481031417847,RL_shank_joint,0.0,0.957801412415911,,0.32419945519417526,0.46640121079767405,0.8379002724029124,0.20697077631950378,pd,0.009798522064082096,0.032405853271484375,0.010101780265580796,0.023455962538719177,0.0,0.0,0.3594512939453125,0.3883399963378906,1.7859688997268677,0.5731917257244064,0.5825998468290905,,True,0.19415775334890845,1.236657977104187,0.7250000000000005,0.361968994140625,0.25445178151130676,0.20650362518174842,False,False,rope_taut_during_settle,True,9,1.0050000000000001,0.3202995431322796,0.9702481031417847,RR_shank_joint,0.0,1.351734164634087,0.083345006129078,True,16,2.0300000000000002,0.2314354351174982,0.8142673969268799,RR_shank_joint,0.0,0.9767081822719907,-0.005519101885703398,True,9,6.005,0.29810959065717174,1.236657977104187,FR_thigh_joint,0.0,1.2580877092602107,0.06115505365397014,True,10,6.03,0.2980091286599403,1.236657977104187,FR_thigh_joint,0.0,1.257663737647335,0.06105459165673868,True,120,,0.2369545370032016,0.8142673969268799,RR_shank_joint,0.0,,,33.84849548339844,1.7859997749328613,1.0,True,load_velocity_jump,0.0,0.2,1.0
532,532,12,13,0.0,2.0,rigid,10.0,0.8421052631578947,COL,stop_collision|speed_track_error,0.26890556707448937,0.9818452596664429,RL_shank_joint,0.0,1.0972025239938927,,0.42419594701379537,0.5523194254929711,0.7879020264931023,0.27173391103744504,pd,0.011400325117949056,0.036243438720703125,0.020913580700212174,0.03139495104551315,0.0,0.0,0.3989524841308594,0.4366493225097656,1.7016477584838867,0.5799903514790898,0.589753001267745,,True,0.1739451089009724,0.7456384897232056,0.7750000000000004,0.4023399353027344,0.25475621223449707,0.11785095981834479,False,False,rope_taut_during_settle,True,9,1.0050000000000001,0.3244477381335207,0.9818452596664429,RL_shank_joint,0.0,1.3279559414907234,0.08012657656749356,True,16,2.0300000000000002,0.26611143415801797,0.8339577913284302,RR_shank_joint,0.0,1.089187004729028,0.021790272591990845,True,9,6.005,0.21766565862193535,0.7456384897232056,FR_thigh_joint,0.0,0.8908997371605561,-0.026655502944091775,True,12,6.08,0.2192880164503633,0.7456384897232056,FL_thigh_joint,0.0,0.8975400044956864,-0.02503314511566382,True,120,,0.24432116156602712,0.8339577913284302,RR_shank_joint,0.0,,,41.00185012817383,1.607888102531433,1.0,True,load_velocity_jump,0.0,0.2,1.0
533,533,13,13,0.0,2.0,rigid,15.0,0.8421052631578947,COL,stop_collision|speed_track_error,0.2729551563062602,0.9882961511611938,RL_shank_joint,0.0,1.1992916611559494,,0.4805098213069141,0.6095692423961238,0.759745089346543,0.3023941159248352,pd,0.021528744050959902,0.037670135498046875,0.026761933507140064,0.03988170623779297,0.0,0.0,0.5019035339355469,0.5323028564453125,1.6830443143844604,0.5781605281557916,0.5910548993279718,,True,0.1773264795579748,0.8640437126159668,0.7000000000000002,0.505462646484375,0.2549762725830078,0.11743933730128654,False,False,rope_taut_during_settle,True,9,1.0050000000000001,0.3292898427809084,0.9882961511611938,RL_shank_joint,0.0,1.336507856044375,0.08290906672209916,True,17,2.005,0.2772391626696028,0.7720860242843628,RL_shank_joint,0.0,1.125246730302643,0.03085838661079357,True,9,6.005,0.21672180572546323,0.8640437126159668,FL_thigh_joint,0.0,0.8796214103722662,-0.029658970333345996,True,14,6.13,0.2100000379281502,0.8640437126159668,FL_thigh_joint,0.0,0.8523393800741368,-0.036380738130659035,True,120,,0.24638077605880923,0.7787045240402222,RL_shank_joint,0.0,,,22.825571060180664,1.4053311347961426,1.0,True,load_velocity_jump,0.0,0.2,1.0
534,534,14,13,0.0,2.0,rigid,20.0,0.8421052631578947,COL,stop_collision|speed_track_error,0.2769791153166647,0.9906598329544067,RL_shank_joint,0.0,1.2837736159568467,,0.5332207525148988,0.6633008666113873,0.7333896237425506,0.30999708771705625,pd,0.0307434881037107,0.05084991455078125,0.029861242006384427,0.04407387226819992,0.0,0.0,0.562896728515625,0.6121673583984375,1.658665657043457,0.5747802889397491,0.5950546154367231,,True,0.18825635924618134,0.8541398048400879,,0.5665512084960938,0.2551442086696625,0.12679566835926034,False,False,rope_taut_during_settle,True,9,1.0050000000000001,0.32937778039055937,0.9906598329544067,RL_shank_joint,0.0,1.3196521826795802,0.07978339126769884,True,16,2.0300000000000002,0.28362283709070524,0.8060426712036133,RR_shank_joint,0.0,1.1363349876871411,0.03402844796784471,True,9,6.005,0.22213102679065777,0.8541398048400879,FR_thigh_joint,0.0,0.8899680300157542,-0.027463362332202756,True,17,6.23,0.2129104388990116,0.8541398048400879,FL_thigh_joint,0.0,0.853025741673257,-0.03668395022384893,True,120,,0.24959438912286053,0.8060426712036133,RL_shank_joint,0.0,,,31.570634841918945,1.3085048198699951,1.0,True,load_velocity_jump,0.0,0.2,1.0
535,535,15,13,0.0,2.0,rigid,25.0,0.8421052631578947,SPD,speed_track_error,0.27820270825928906,0.9923449754714966,RL_shank_joint,0.0,1.3520921478684536,,0.5932754006236791,0.717313851963713,0.7033622996881604,0.3487754535675049,pd,0.022699207545212197,0.03607368469238281,0.030301329362878236,0.04639089107513428,0.0,0.0,0.6480751037597656,0.6858139038085938,1.6555356979370117,0.5770962069987533,0.5920539186358624,,False,0.18849028916716443,0.8043806552886963,0.9000000000000004,0.6510467529296875,0.25527167320251465,0.13039529453978357,False,False,rope_taut_during_settle,True,9,1.0050000000000001,0.3279906481891947,0.9923449754714966,RL_shank_joint,0.0,1.2860563965610732,0.07295467226601998,True,17,2.005,0.2833607872173962,0.7672492265701294,RL_shank_joint,0.0,1.1110620224918928,0.028324811294221486,True,9,6.005,0.22440402610946183,0.8043806552886963,FR_thigh_joint,0.0,0.8798916517450845,-0.030631949813712894,False,0,,,,,,,,True,120,,0.25503597592317473,0.7759804725646973,RL_shank_joint,0.0,,,15.577266693115234,1.1232942342758179,1.0,False,,,0.2,1.0
536,536,16,13,0.0,2.0,inextensible,30.0,1.1842105263157894,OK,,0.2681919790305248,0.9742742776870728,RR_shank_joint,0.0,0.7281117285593963,0.44999999999999996,0.11191772799938918,0.326602876255591,0.9586153382994235,0.023575602769851683,pd,0.04322057100172647,0.06384658813476562,0.0183426182742112,0.030088558793067932,0.0,0.0,-0.8662071228027344,,-0.171464204788208,,,,,0.18386594249989419,1.0218580961227417,0.5250000000000004,0.4175605773925781,0.253848671913147,0.19251207939614584,False,False,rope_taut_during_settle|robot_and_load_speeds_differ,True,9,1.0050000000000001,0.31872489951777355,0.9742742776870728,RR_shank_joint,0.0,1.39782193581145,0.0907095197671686,True,17,2.005,0.22680589960525047,0.5428208112716675,FL_shank_joint,0.0,0.9946956203275525,-0.0012094801453544912,True,9,6.005,0.2626424940131189,1.0218580961227417,FL_thigh_joint,0.0,1.151863064238859,0.03462711426251394,False,0,,,,,,,,True,120,,0.22801537975060496,0.5850546360015869,FR_shank_joint,0.0,,,1762.468505859375,1.9876761436462402,1.0,False,,,0.2,1.0
537,537,17,13,0.0,2.0,inextensible,35.0,1.1842105263157894,COL,stop_collision|speed_track_error,0.2863962593577641,0.9743224382400513,RL_shank_joint,0.0,1.332910849702221,,0.6545144848711789,0.7554140275043454,0.6727427575644106,0.38655078649520874,pd,0.020939220507181933,0.04798126220703125,0.030930612383080106,0.04808993637561798,0.0,0.0,1.1738357543945312,1.3238754272460938,1.6505948305130005,-0.0008478778632436956,0.07382449412480696,1.25,True,0.18313840585992877,1.0894197225570679,0.6000000000000005,0.3097724914550781,0.25385016202926636,0.16347398252074774,False,False,rope_not_continuously_taut,True,9,1.0050000000000001,0.318667560724116,0.9743224382400513,RR_shank_joint,0.0,1.2442222134923513,0.06254967658052529,True,17,2.255,0.2778291929422226,0.7635611295700073,RL_shank_joint,0.0,1.0847707643346747,0.021711308798631868,True,9,6.005,0.2606604879906947,1.0894197225570679,FR_thigh_joint,0.0,1.0177363789424294,0.0045426038471039765,True,17,7.18,0.15115703748582535,0.42988860607147217,RL_shank_joint,0.0,0.590185406190066,-0.10496084665776537,True,120,,0.2561178841435907,0.7762570381164551,RL_shank_joint,0.0,,,71.65337371826172,1.1568748950958252,1.0,True,deck_contact_force|load_velocity_jump,-614.723876953125,0.2,1.0
538,538,18,13,0.0,2.0,inextensible,40.0,1.1842105263157894,COL,stop_collision|speed_track_error,0.2867726615201571,0.9735559225082397,RL_shank_joint,0.0,1.359890386968275,,0.7188392398506402,0.808014686816337,0.6405803800746799,0.4392923665046692,pd,0.022419122374626024,0.04909038543701172,0.03298607528626796,0.04958570748567581,0.0,0.0,1.3004264831542969,1.4681854248046875,1.626348614692688,-0.0007672170447534654,0.10044000451964052,1.0,True,0.17595945666271734,0.9959949851036072,0.6000000000000005,0.4620704650878906,0.25385135412216187,0.1476577484297011,False,False,rope_not_continuously_taut,True,9,1.0050000000000001,0.3191159582719725,0.9735559225082397,RR_shank_joint,0.0,1.2214521504112175,0.05785647449723924,True,17,2.255,0.278339532373842,0.7535747289657593,RL_shank_joint,0.0,1.065375803214232,0.017080048599108777,True,9,6.005,0.24633390295333965,0.9959949851036072,FR_thigh_joint,0.0,0.9428706640396529,-0.014925580821393586,True,17,7.005,0.15732565541442228,0.9771056175231934,FL_shank_joint,0.0,0.6021816055874695,-0.10393382836031095,True,120,,0.26125948377473324,0.7982268333435059,RL_shank_joint,0.0,,,61.852699279785156,1.0784196853637695,1.0,True,deck_contact_force|load_velocity_jump,-176.7815704345703,0.2,1.0
539,539,19,13,0.0,0.5,inextensible,5.0,1.1842105263157894,OK,,0.16950391283704644,0.6166019439697266,FL_shank_joint,0.0,0.14083424680284992,0.17499999999999982,0.049616255201399326,0.0740196428706557,0.9029587518423796,0.04366612792015076,pd,0.0069753533659976325,0.008905410766601562,0.01334426520735771,0.039370112121105194,0.0,0.0,0.128692626953125,0.12377166748046875,0.45941242575645447,0.7951684594159687,0.7956175426059531,,False,0.13231241419398637,0.390595018863678,0.4249999999999998,-0.006805419921875,0.2538519501686096,0.08051588056946204,False,True,,True,9,1.0050000000000001,0.1943812381197826,0.5887395143508911,RR_shank_joint,0.0,1.2465389947719356,0.03844448930163094,True,17,2.505,0.16139508260652166,0.5512468814849854,RL_shank_joint,0.0,1.0350035115502845,0.00545833378836999,True,9,6.005,0.14259431760615013,0.390595018863678,FR_thigh_joint,0.0,0.9144369026985355,-0.013342431212001543,False,0,,,,,,,,True,120,,0.15593674881815167,0.5680979490280151,RL_shank_joint,0.0,,,7.63725471496582,0.4579996168613434,1.0,False,,,0.2,1.0
540,540,20,13,5.0,0.5,compliant,10.0,1.1842105263157894,OK,,0.1667939661459812,0.5917866230010986,RR_shank_joint,0.0,0.15572094749427165,0.17499999999999982,0.050475023239851,0.07882964296416976,0.9026285341382027,0.04084913522005081,pd,0.006823329826138679,0.009427785873413086,0.012001492137829646,0.03911176323890686,0.0,0.0,0.21737289428710938,0.21089935302734375,0.4469071626663208,0.6820899828104601,0.6820899828104601,,False,0.14183237436798865,0.4092980623245239,,-0.042209625244140625,0.25385141372680664,0.1350437244049267,False,True,,True,9,1.0050000000000001,0.1950691057292495,0.5917866230010986,RR_shank_joint,0.0,1.2565427648845335,0.03982639439409266,True,17,2.5300000000000002,0.15178558146557153,0.5394326448440552,FR_shank_joint,0.0,0.9777308071995623,-0.003457129869585296,True,9,6.005,0.14379888616348244,0.38431495428085327,FR_thigh_joint,0.0,0.9262842997700029,-0.011443825171674388,False,0,,,,,,,,True,120,,0.15524271133515682,0.5737589597702026,FR_shank_joint,0.0,,,8.557435989379883,0.4572078287601471,1.0,False,,,0.2,1.0
541,541,21,13,5.0,0.5,compliant,15.0,1.1842105263157894,OK,,0.1716331724671621,0.6275092363357544,RR_shank_joint,0.0,0.1732232548680323,0.17499999999999982,0.057696284539997575,0.08798908892573394,0.8873102011531592,0.044099166095256805,pd,0.005821089389500422,0.008014678955078125,0.013298167464888322,0.03911834582686424,0.0,0.0,0.28338623046875,0.275054931640625,0.4354330003261566,0.574809290987254,0.5748223706684712,,False,0.15592674116212668,0.4748084545135498,0.9500000000000002,-0.07044601440429688,0.2538517713546753,0.1552918500903298,False,True,,True,9,1.0050000000000001,0.19512149251968017,0.5919311046600342,RR_shank_joint,0.0,1.2571459967086978,0.03991160199739968,True,17,2.5300000000000002,0.16071751224499845,0.5668280124664307,FR_shank_joint,0.0,1.0354849919949356,0.005507621722717959,True,9,6.005,0.13881420084457363,0.3516142964363098,FR_thigh_joint,0.0,0.8943644015047273,-0.016395689677706854,False,0,,,,,,,,True,120,,0.15520989052228049,0.5725048780441284,FR_shank_joint,0.0,,,6.288489818572998,0.43016499280929565,1.0,False,,,0.2,1.0
542,542,22,13,5.0,0.5,compliant,20.0,1.1842105263157894,OK,,0.17506692586357578,0.7155137062072754,RL_shank_joint,0.0,0.1943761980383975,0.17499999999999982,0.0664707060623914,0.098705639237475,0.8705450971983373,0.04896786034107208,pd,0.007036358015424367,0.008900642395019531,0.01664131159707597,0.03917853534221649,0.0,0.0,0.3692779541015625,0.3580818176269531,0.44934162497520447,0.5331110354714994,0.5331110354714994,,False,0.14656232126984586,0.4111957550048828,0.7000000000000002,-0.0182037353515625,0.2538515329360962,0.06416476898873218,False,False,rope_not_continuously_taut,True,9,1.0050000000000001,0.19497512537971942,0.5918174982070923,RR_shank_joint,0.0,1.253063425871085,0.03937635730923675,True,17,2.5300000000000002,0.15008807824515127,0.4566282033920288,FL_shank_joint,0.0,0.9645839752225083,-0.0055106898253314,True,9,6.005,0.13452188858570702,0.33415931463241577,FR_shank_joint,0.0,0.8645434038704708,-0.021076879484775657,False,0,,,,,,,,True,120,,0.15559876807048267,0.6012431383132935,FR_shank_joint,0.0,,,29.372516632080078,0.46526458859443665,1.0,False,,,0.2,1.0
543,543,23,13,5.0,0.5,compliant,25.0,1.1842105263157894,OK,,0.17904691692434055,0.8058290481567383,RL_shank_joint,0.0,0.20869526936304073,0.17499999999999982,0.0710710004530847,0.10413405417150295,0.8603134207800031,0.049400193393230436,pd,0.007557898830139269,0.010583877563476562,0.015426607421217275,0.03943144530057907,0.0,0.0,0.42496490478515625,0.4130592346191406,0.4396751821041107,0.48188371986611855,0.48188371986611855,,False,0.14578180551791048,0.40739452838897705,0.6749999999999998,-0.01543426513671875,0.2538517415523529,0.0597318233469823,False,False,rope_not_continuously_taut,True,9,1.0050000000000001,0.19437833135173482,0.5888875722885132,RR_shank_joint,0.0,1.2233033113218812,0.03548206290160463,True,17,2.5300000000000002,0.15712168397940451,0.5742666721343994,FL_shank_joint,0.0,0.9888318052523516,-0.0017745844707256764,True,9,6.005,0.1341248502089584,0.3680647015571594,FR_thigh_joint,0.0,0.8441032097053536,-0.024771418241171794,False,0,,,,,,,,True,120,,0.1588962684501302,0.6113790273666382,RL_shank_joint,0.0,,,30.566205978393555,0.4421873688697815,1.0,False,,,0.2,1.0
544,544,24,13,5.0,0.5,rigid,30.0,0.8421052631578947,OK,,0.16111247238149667,0.5917211771011353,FL_shank_joint,0.0,0.13412645534851617,0.17499999999999982,0.03715302488766611,0.06712222814842625,1.0215807302482427,0.027795170545578004,pd,0.00673800833100641,0.010457992553710938,0.020393548606220058,0.03912059962749481,0.0,0.0,-0.2514801025390625,,-0.04839285463094711,,,,,0.1510001417038218,0.46877431869506836,0.75,-0.0629425048828125,0.25385212898254395,0.11627187360249508,False,False,rope_taut_during_settle|robot_and_load_speeds_differ,True,9,1.0050000000000001,0.1949678537978781,0.5917211771011353,RR_shank_joint,0.0,1.2961539312469914,0.04454756103966745,True,17,2.005,0.14846243860094166,0.46075403690338135,FR_shank_joint,0.0,0.986984108850153,-0.0019578541572689845,True,9,6.005,0.13991803047973894,0.35550546646118164,FR_thigh_joint,0.0,0.9301805488747897,-0.010502262278471702,False,0,,,,,,,,True,120,,0.15042029275821064,0.5026506185531616,FR_shank_joint,0.0,,,356.84515380859375,0.5184704661369324,1.0,False,,,0.2,1.0
545,545,25,13,5.0,0.5,rigid,35.0,0.8421052631578947,OK,,0.18540961993523972,0.6544679403305054,RL_shank_joint,0.0,0.21865077220491902,,0.07512937711551786,0.10802392194678988,0.8497412457689643,0.05193350553512573,pd,0.004540258871364979,0.013957977294921875,0.018784651267380666,0.030505118891596794,0.0,0.0,0.026645660400390625,0.10284042358398438,0.453861802816391,0.5746724662395764,0.5933182581299974,,False,0.14929349830576233,0.4689387083053589,,0.02911376953125,0.2555887997150421,0.13079234621713562,False,False,rope_taut_during_settle,True,9,1.0050000000000001,0.21541029460195316,0.6078879833221436,RR_shank_joint,0.0,1.3484715655501756,0.05566625542077405,True,16,2.0300000000000002,0.17007472238121063,0.590888261795044,RL_shank_joint,0.0,1.0646702265260404,0.010330683200031526,True,9,6.005,0.1554583678501879,0.4689387083053589,FR_thigh_joint,0.0,0.9731716353676868,-0.004285671330991198,False,0,,,,,,,,True,120,,0.1597440391811791,0.6078882217407227,RL_shank_joint,0.0,,,-10.292521476745605,0.4562622606754303,1.0,False,,,0.2,1.0
546,546,26,13,5.0,0.5,rigid,40.0,0.8421052631578947,OK,,0.18797701750474732,0.6374882459640503,RL_shank_joint,0.0,0.2287358982765978,,0.07750939333811402,0.11191102870928898,0.844981213323772,0.05155258476734161,pd,0.004523342105343307,0.009429931640625,0.01679202876928645,0.0289258174598217,0.0,0.0,-0.01399993896484375,0.11537933349609375,0.4554426670074463,0.5748349881813297,0.5992052656449474,,False,0.153133695096788,0.4663412570953369,,-0.009090423583984375,0.2556948661804199,0.12453936413756597,False,False,rope_taut_during_settle,True,9,1.0050000000000001,0.2172672882518083,0.6080199480056763,RR_shank_joint,0.0,1.3566407865711156,0.057116354856279666,True,16,2.0300000000000002,0.16826526048436077,0.5977879762649536,RL_shank_joint,0.0,1.05066674865261,0.00811432708883214,True,9,6.005,0.15883737850584162,0.4663412570953369,FR_thigh_joint,0.0,0.9917980191445848,-0.001313554889687013,False,0,,,,,,,,True,120,,0.16015093339552863,0.599759578704834,RL_shank_joint,0.0,,,-3.9646599292755127,0.4565739333629608,1.0,False,,,0.2,1.0
547,547,27,13,5.0,1.0,rigid,5.0,0.8421052631578947,COL,stop_collision,0.2152562992136393,0.880385160446167,RR_shank_joint,0.0,0.3656302045137726,0.5499999999999998,0.14123502638190985,0.19433252087410693,0.8587649736180901,0.13161442101001739,pd,0.02436427032586102,0.03575897216796875,0.014950497968001325,0.02871396392583847,0.0,0.0,-0.027591705322265625,0.009365081787109375,0.8202851414680481,0.5626839152567769,0.5888423105130514,,True,0.15860182840467435,0.5241981744766235,0.7000000000000002,-0.023101806640625,0.2544945776462555,0.09963591476117926,False,False,rope_taut_during_settle,True,9,1.0050000000000001,0.2688891244720203,0.880385160446167,RR_shank_joint,0.0,1.3883715088526725,0.07521680927576141,True,16,2.0300000000000002,0.19517105159596407,0.681599497795105,RL_shank_joint,0.0,1.0077385164636796,0.0014987363997051861,True,9,6.005,0.16553062529796445,0.5241981744766235,FR_thigh_joint,0.0,0.854694307393512,-0.028141689898294436,True,10,6.03,0.16693426444564136,0.5241981744766235,FR_thigh_joint,0.0,0.8619418024536838,-0.026738050750617526,True,120,,0.19367231519625888,0.7755645513534546,RL_shank_joint,0.0,,,21.279863357543945,0.9026780724525452,1.0,True,load_velocity_jump,0.0,0.2,1.0
548,548,28,13,5.0,1.0,inextensible,10.0,1.1842105263157894,COL,stop_collision,0.21289661052012188,0.8760194778442383,RL_shank_joint,0.0,0.33613748996397286,,0.15251208948902786,0.19061970179366883,0.8474879105109722,0.1451411575078964,pd,0.023524179827326346,0.03580474853515625,0.008123009753510664,0.022968821227550507,0.0,0.0,-0.07086181640625,0.1906280517578125,0.8043876886367798,0.7634792713572907,0.9434545923224533,,True,0.16360540711419172,0.6032733917236328,0.7000000000000002,-0.06620025634765625,0.25385063886642456,0.10444064811596289,False,False,rope_not_continuously_taut,True,9,1.0050000000000001,0.26074114460539843,0.8760194778442383,RR_shank_joint,0.0,1.3454542583168294,0.0669470092837064,True,17,2.33,0.1931865772607397,0.6601337194442749,RL_shank_joint,0.0,0.9968649306133862,-0.0006075580609523346,True,9,6.005,0.17835452444771546,0.6032733917236328,FR_thigh_joint,0.0,0.9203298342937607,-0.015439610873976578,True,17,7.455,0.16451063991520865,0.4408499002456665,RL_shank_joint,0.0,0.8488937998155943,-0.029283495406483395,True,120,,0.19379413532169204,0.7739356756210327,RL_shank_joint,0.0,,,23.823373794555664,0.9229649901390076,1.0,True,load_velocity_jump,0.0,0.2,1.0
549,549,29,13,5.0,1.0,inextensible,15.0,1.1842105263157894,COL,stop_collision,0.218598258044371,0.8759227991104126,RL_shank_joint,0.0,0.3711246287732868,,0.16711818321608007,0.20650239085626285,0.8328818167839199,0.15012548863887787,pd,0.024591021070362675,0.048374176025390625,0.012826751397744671,0.022950487211346626,0.0,0.0,-0.058605194091796875,0.20745849609375,0.7728127837181091,0.7506165216971894,0.9375545800486549,,True,0.15189656585376662,0.5438215732574463,0.7000000000000002,-0.054424285888671875,0.2538508176803589,0.12715206937723203,False,False,rope_not_continuously_taut,True,9,1.0050000000000001,0.2607059815444884,0.8759227991104126,RR_shank_joint,0.0,1.3587356534897674,0.06883202808275879,True,17,2.33,0.19565511627890625,0.7051640748977661,RL_shank_joint,0.0,1.0197064935024172,0.0037811628171766642,True,9,6.005,0.1604558645390311,0.4720827341079712,FL_thigh_joint,0.0,0.8362566239144855,-0.031418088922698484,True,17,7.48,0.1805798000802058,0.49318671226501465,RL_shank_joint,0.0,0.9411376417811891,-0.011294153381523786,True,120,,0.19187395346172958,0.7385463714599609,RL_shank_joint,0.0,,,21.626590728759766,0.905899703502655,1.0,True,load_velocity_jump,0.0,0.2,1.0
550,550,30,13,10.0,1.0,compliant,20.0,1.1842105263157894,SPD,speed_track_error,0.2303322347479189,0.8866424560546875,RR_shank_joint,0.0,0.40846175072356794,,0.21614744222722948,0.2558905756733956,0.7842865761462599,0.2270037317276001,pd,0.02718620221608514,0.04448699951171875,0.017039980329318936,0.046450305730104446,0.0,0.0,-0.24415969848632812,0.12480545043945312,0.6123068928718567,,,,False,0.15801263142863287,0.5088580846786499,,-0.2520904541015625,0.25385114550590515,0.14589916299562333,False,True,,True,9,1.0050000000000001,0.260912406371726,0.8759922981262207,RR_shank_joint,0.0,1.3314541167595901,0.06495191243693063,True,17,2.355,0.19776785307508882,0.706821084022522,RL_shank_joint,0.0,1.0092230791217276,0.0018073591402934241,True,9,6.005,0.1461749734850579,0.38291287422180176,FL_shank_joint,0.0,0.7459410340825977,-0.0497855204497375,False,0,,,,,,,,True,120,,0.1959604939347954,0.801140546798706,RL_shank_joint,0.0,,,19.003602981567383,0.9094765782356262,1.0,False,,,0.2,1.0
551,551,31,13,10.0,1.0,compliant,25.0,1.1842105263157894,SPD,speed_track_error,0.23295921269965422,0.8774453401565552,RL_shank_joint,0.0,0.44423323876078413,,0.22535955728031695,0.26893604658721343,0.7750777417328208,0.22599493682384492,pd,0.02314316082445261,0.041168212890625,0.01217452717382492,0.024480881169438362,0.0,0.0,-0.28385162353515625,0.13176727294921875,0.6133372187614441,,,,False,0.15961978257217255,0.5194393396377563,,-0.2886772155761719,0.2538506090641022,0.15269696692205936,False,False,tension_not_steady,True,9,1.0050000000000001,0.26058688593669194,0.8758361339569092,RR_shank_joint,0.0,1.3380894211998646,0.06584139149654927,True,17,2.355,0.19805553437980652,0.6947011947631836,RL_shank_joint,0.0,1.0169967472119426,0.0033100399396638613,True,9,6.005,0.1450684414307356,0.3919999599456787,FL_shank_joint,0.0,0.7449129534307358,-0.04967705300940706,False,0,,,,,,,,True,120,,0.19474549444014266,0.7839601039886475,RL_shank_joint,0.0,,,17.89800262451172,0.8853330016136169,1.0,False,,,0.2,1.0
552,552,32,13,10.0,1.0,compliant,30.0,1.1842105263157894,OK,,0.19117443041263418,0.8757795095443726,RR_shank_joint,0.0,0.29276679107667375,0.575,0.07880355783738197,0.143965801083392,0.9491149073000997,0.07278760313987732,pd,0.03368905544600245,0.05364990234375,0.02952677104087545,0.05958528071641922,0.0,0.0,-0.15009307861328125,,-0.029077591374516487,,,,,0.15861324373138014,0.521202027797699,0.8500000000000005,-0.004093170166015625,0.25385138392448425,0.17278127633235435,False,False,rope_taut_during_settle|robot_and_load_speeds_differ|tension_not_steady,True,9,1.0050000000000001,0.2606546986215817,0.8757795095443726,RR_shank_joint,0.0,1.4262721182695812,0.07790226640141046,True,17,2.005,0.1679491634176754,0.5900925397872925,RL_shank_joint,0.0,0.9189982391880751,-0.014803268802495828,True,9,6.005,0.16186495905303538,0.521202027797699,FR_thigh_joint,0.0,0.8857061823288259,-0.02088747316713585,False,0,,,,,,,,True,120,,0.18275243222017123,0.7165685892105103,RL_shank_joint,0.0,,,31355.599609375,0.9795997142791748,1.0,False,,,0.2,1.0
553,553,33,13,10.0,1.0,compliant,35.0,1.1842105263157894,COL,stop_collision|speed_track_error,0.233312482950472,0.8759678602218628,RL_shank_joint,0.0,0.5256295137895527,,0.246045677093789,0.2974676284454589,0.7543735772091895,0.21621195554733277,pd,0.017562321879007674,0.033538818359375,0.01882460864234432,0.032653383910655975,0.0,0.0,-0.1916961669921875,0.16687774658203125,0.6049489378929138,,,,True,0.14789942476194443,0.4203861951828003,0.7250000000000005,-0.18906784057617188,0.25384944677352905,0.15094254324646936,False,False,rope_not_continuously_taut,True,9,1.0050000000000001,0.2611376654676047,0.8759678602218628,RR_shank_joint,0.0,1.3242916142741212,0.06394721084802979,True,17,2.355,0.19598129791106295,0.6836680173873901,RR_shank_joint,0.0,0.9938680768760095,-0.0012091567085119603,True,9,6.005,0.15880589777108564,0.40162962675094604,FL_shank_joint,0.0,0.8053427234977384,-0.038384556848489265,True,17,7.205,0.19223411630449158,0.638283371925354,RL_shank_joint,0.0,0.9748652219264607,-0.004956338315083325,True,120,,0.1971904546195749,0.8063539266586304,RL_shank_joint,0.0,,,52.61070251464844,0.8126118183135986,1.0,True,load_velocity_jump,0.0,0.2,1.0
554,554,34,13,10.0,1.0,rigid,40.0,0.8421052631578947,SPD,speed_track_error,0.24412587093843618,0.9057036638259888,RL_shank_joint,0.0,0.5687845885115995,,0.2686109266616404,0.32674059601413574,0.7313890733383596,0.24196571081876755,pd,0.014878109566391037,0.03098297119140625,0.013762789694861405,0.025935212150216103,0.0,0.0,-0.4086875915527344,0.04346466064453125,0.41123852133750916,0.5703958654599859,0.5713298448558817,,False,0.19286242360564831,0.6513528823852539,,-0.4092826843261719,0.25570276379585266,0.15672213169277147,False,False,rope_taut_during_settle|tension_not_steady,True,9,1.0050000000000001,0.2937950908749196,0.9057036638259888,RL_shank_joint,0.0,1.475202196395634,0.09463927915449916,True,16,2.0300000000000002,0.21260097364298292,0.7113155126571655,RL_shank_joint,0.0,1.0675107686108456,0.013445161922562454,True,9,6.005,0.14684375525174648,0.42307209968566895,FL_shank_joint,0.0,0.7373310072311078,-0.052312056468673984,False,0,,,,,,,,True,120,,0.19915581172042046,0.7841851711273193,RL_shank_joint,0.0,,,38.64708709716797,0.7920938730239868,1.0,False,,,0.2,1.0
555,555,35,13,10.0,1.5,rigid,5.0,0.8421052631578947,COL,stop_collision|speed_track_error,0.24301784880867514,0.9160003662109375,RR_shank_joint,0.0,0.6326773882265266,,0.3581567100249231,0.4202479049161536,0.7612288599833846,0.4012102282047272,pd,0.02619487471209735,0.03810882568359375,0.027309843592320544,0.047177232801914215,0.0,0.0,0.1905670166015625,0.19910049438476562,1.2018730640411377,0.5787853912599275,0.588946259813909,,True,0.15614815385203976,0.6661163568496704,0.35000000000000053,0.2042694091796875,0.25448158383369446,0.15626956721957388,False,False,rope_taut_during_settle,True,9,1.0050000000000001,0.3004264126290192,0.9160003662109375,RR_shank_joint,0.0,1.3975938306513458,0.08546666821672019,True,16,2.0300000000000002,0.20811565075611763,0.712090253829956,FL_shank_joint,0.0,0.9681610448742709,-0.0068440936561813825,True,9,6.005,0.189531919149041,0.6661163568496704,FL_thigh_joint,0.0,0.8817088970180077,-0.025427825263258014,True,11,6.055,0.18391692556272485,0.6661163568496704,FR_thigh_joint,0.0,0.8555877569800552,-0.03104281884957416,True,120,,0.214959744412299,0.8189969062805176,RL_shank_joint,0.0,,,5.003941059112549,1.3934098482131958,1.0,True,load_velocity_jump,0.0,0.2,1.0
556,556,36,13,10.0,1.5,rigid,10.0,0.8421052631578947,COL,stop_collision|speed_track_error,0.2470950411306094,0.9120578765869141,RR_shank_joint,0.0,0.7194267288761291,,0.46952008169144394,0.5378219133014333,0.686986612205704,0.5722816389799118,pd,0.013585593483487727,0.025238037109375,0.031953488331768004,0.06620478630065918,0.0,0.0,-0.01552581787109375,0.1085968017578125,0.7870587110519409,0.5290017998010725,0.6082160311064939,,True,0.171065622535198,0.48798513412475586,0.9500000000000002,-0.011760711669921875,0.25481975078582764,0.16497000063137865,False,False,rope_taut_during_settle,True,9,1.0050000000000001,0.30463742471987776,0.9120578765869141,RR_shank_joint,0.0,1.376867956315021,0.08338351048456227,True,16,2.0300000000000002,0.2283514285197487,0.736526608467102,RL_shank_joint,0.0,1.0320785930904917,0.007097514284433226,True,9,6.005,0.17127445231995578,0.4647436738014221,FR_thigh_joint,0.0,0.7741081232931145,-0.04997946191535971,True,11,6.055,0.1680940216885423,0.4647436738014221,FR_thigh_joint,0.0,0.7597335498876879,-0.053159892546773196,True,120,,0.22125391423531549,0.7875097990036011,RL_shank_joint,0.0,,,35.69362258911133,1.3231288194656372,1.0,True,load_velocity_jump,0.0,0.2,1.0
557,557,37,13,10.0,1.5,rigid,15.0,0.8421052631578947,SPD,speed_track_error,0.24693997305696583,0.9252568483352661,RL_shank_joint,0.0,0.7801958383822934,,0.5230225752107799,0.6001438890433185,0.6513182831928134,0.6429685074090957,pd,0.017871759547092355,0.0540618896484375,0.02547451809839193,0.04769052937626839,0.0,0.0,-0.5817298889160156,0.07469940185546875,0.6085702776908875,0.5464960783431039,0.6151390049136012,,False,0.18124004857842135,0.5866249799728394,,-0.5798530578613281,0.2544213533401489,0.14243793537315158,False,False,rope_taut_during_settle,True,9,1.0050000000000001,0.30953155739297117,0.9252568483352661,RR_shank_joint,0.0,1.387775005224243,0.08648995754591554,True,16,2.0300000000000002,0.22838817702384512,0.7825546264648438,RL_shank_joint,0.0,1.0239712106640904,0.005346577176789491,True,9,6.005,0.1598561041192634,0.3695189952850342,FL_shank_joint,0.0,0.7167098165942144,-0.06318549572779222,False,0,,,,,,,,True,120,,0.22304159984705563,0.8732024431228638,RL_shank_joint,0.0,,,43.71879577636719,1.258974313735962,1.0,False,,,0.2,1.0
558,558,38,13,10.0,1.5,inextensible,20.0,1.1842105263157894,SPD,speed_track_error,0.2524901966583075,0.9265041351318359,RL_shank_joint,0.0,0.7260156878120368,,0.5340723767131567,0.6062206458571822,0.6439517488578955,0.6566764417290688,pd,0.012090450832750652,0.0289154052734375,0.02306471985644512,0.05390957370400429,0.0,0.0,-0.9015350341796875,0.053524017333984375,0.44740399718284607,0.9078505269542063,0.9078505269542063,,False,0.17387988631188925,0.5196189880371094,,-0.8963356018066406,0.2538537085056305,0.14704617779994536,False,False,rope_not_continuously_taut|tension_not_steady,True,9,1.0050000000000001,0.29037919822222263,0.9265041351318359,RR_shank_joint,0.0,1.3208998830344623,0.07054482473803131,True,17,2.2800000000000002,0.22152705997892097,0.7195993661880493,RL_shank_joint,0.0,1.0076998263187962,0.001692686494729645,True,9,6.005,0.1523880594646479,0.3298914432525635,FR_shank_joint,0.0,0.6931948677971709,-0.06744631401954343,False,0,,,,,,,,True,120,,0.21983437348419133,0.8227957487106323,RL_shank_joint,0.0,,,52.22501754760742,1.2754167318344116,1.0,False,,,0.2,1.0
559,559,39,13,10.0,1.5,inextensible,25.0,1.1842105263157894,SPD,speed_track_error,0.2540013429690017,0.923514723777771,RL_shank_joint,0.0,0.7764398240823339,,0.5627586965449154,0.6424769883083078,0.6248275356367231,0.6768697571754455,pd,0.014235360787711145,0.033050537109375,0.0215269989131628,0.05198446288704872,0.0,0.0,-0.902679443359375,0.02960968017578125,0.32445529103279114,0.8893559590107429,0.9229143636815778,,False,0.18607360119421193,0.531043291091919,,-0.8986892700195312,0.25385063886642456,0.1584785807361172,False,False,rope_not_continuously_taut|tension_not_steady,True,9,1.0050000000000001,0.2901913482183771,0.923514723777771,RR_shank_joint,0.0,1.3099179187951675,0.06865735432867717,True,17,2.2800000000000002,0.23063280431312932,0.7827166318893433,RL_shank_joint,0.0,1.04107184754661,0.009098810423429388,True,9,6.005,0.15972313748922773,0.3702261447906494,FL_shank_joint,0.0,0.720987035374592,-0.06181085640047221,False,0,,,,,,,,True,120,,0.22153399388969994,0.7827166318893433,RL_shank_joint,0.0,,,53.14212417602539,1.211357593536377,1.0,False,,,0.2,1.0
560,560,0,14,0.0,1.0,compliant,35.0,1.236842105263158,OK,,0.19220303279384604,0.875989556312561,RR_shank_joint,0.0,0.2903838703612562,0.575,0.055408490085974337,0.1337228419354335,1.001434174394235,0.02910142958164215,pd,0.014554424779609217,0.025360107421875,0.006287203524326145,0.0235417652875185,0.0,0.0,-0.9601669311523438,,-0.19473250210285187,,,,,0.15095839540587763,0.5666090250015259,0.27500000000000036,0.12322235107421875,0.25384995341300964,0.06568084237480011,False,False,rope_taut_during_settle|robot_and_load_speeds_differ|tension_not_steady,True,9,1.0050000000000001,0.2618312599933987,0.875989556312561,RR_shank_joint,0.0,1.4917316320783054,0.08630956804629489,True,17,2.005,0.16801000633611585,0.5978543758392334,RL_shank_joint,0.0,0.9572036622501809,-0.007511685610987945,True,9,6.005,0.16930499679202282,0.5666090250015259,FL_thigh_joint,0.0,0.9645816133258648,-0.00621669515508097,False,0,,,,,,,,True,120,,0.1755216919471038,0.622020959854126,FR_shank_joint,0.0,,,1623.2086181640625,0.9806356430053711,1.0,False,,,0.2,1.0
561,561,1,14,0.0,1.0,compliant,40.0,1.236842105263158,SPD,speed_track_error,0.23994226460000437,0.9082556962966919,RL_shank_joint,0.0,0.5232036518160891,,0.25129551528953015,0.2964205369427892,0.7492238247487694,0.19045196413993837,pd,0.01658235284572405,0.02896881103515625,0.00997857579830658,0.022994501516222954,0.0,0.0,0.87164306640625,0.8942489624023438,0.8050853610038757,0.17273491945533692,0.19648903334008594,,False,0.1407970867286301,0.4567371606826782,0.5499999999999998,0.06298828125,0.2538537085056305,0.10739068598139435,False,True,,True,9,1.0050000000000001,0.26077520936401305,0.8758655786514282,RR_shank_joint,0.0,1.2727999355523585,0.05589209923811245,True,17,2.355,0.21360747428996585,0.7009586095809937,RR_shank_joint,0.0,1.0425821540814375,0.008724364164065246,True,9,6.005,0.15540814829861332,0.4567371606826782,FL_thigh_joint,0.0,0.7585210328128809,-0.04947496182728728,False,0,,,,,,,,True,120,,0.2048831101259006,0.7724391222000122,RL_shank_joint,0.0,,,36.462886810302734,0.7949149012565613,1.0,False,,,0.2,1.0
562,562,2,14,0.0,1.5,compliant,5.0,1.236842105263158,COL,stop_collision,0.23816018973116038,0.9264740943908691,RR_shank_joint,0.0,0.5456128706404548,,0.2122951286844909,0.2854965703472589,0.8584699142103394,0.17112087488174438,pd,0.013214079442166965,0.01955413818359375,0.03246132134423921,0.05610443279147148,0.0,0.0,0.39818572998046875,0.39359283447265625,1.32637357711792,0.7845999922473226,0.7845999922473226,,True,0.16081113553352305,0.6360161304473877,0.47500000000000053,0.1883087158203125,0.2538515031337738,0.0925699580333673,False,True,,True,9,1.0050000000000001,0.29033159078066784,0.9264740943908691,RR_shank_joint,0.0,1.3954245455348822,0.08227190621393232,True,17,2.33,0.19722431084591263,0.6811245679855347,RL_shank_joint,0.0,0.9479218006920153,-0.010835373720822883,True,9,6.005,0.19265461294503922,0.6360161304473877,FL_thigh_joint,0.0,0.9259584015337912,-0.015405071621696298,True,10,6.03,0.19083735073508226,0.6360161304473877,FL_thigh_joint,0.0,0.9172240702588917,-0.017222333831653253,True,120,,0.20805968456673551,0.7723648548126221,RL_shank_joint,0.0,,,20.20354652404785,1.360690951347351,1.0,True,load_velocity_jump,0.0,0.2,1.0
563,563,3,14,0.0,1.5,compliant,10.0,1.236842105263158,OK,,0.250335346371635,0.9255430698394775,RR_shank_joint,0.0,0.6086319138135537,,0.257257838062942,0.3241946632866689,0.8284947746247053,0.1976228964328766,pd,0.021056249588234058,0.03479766845703125,0.036260284309225045,0.06271304935216904,0.0,0.0,0.692901611328125,0.6837921142578125,1.3173022270202637,0.47333361510534644,0.47340726643918174,,False,0.15982213869760567,0.6339473724365234,0.2999999999999998,0.17198944091796875,0.2538520097732544,0.10836142026115073,False,True,,True,9,1.0050000000000001,0.28991022079143575,0.9255430698394775,RR_shank_joint,0.0,1.3504834496589389,0.07523878526614158,True,17,2.33,0.21333891587401313,0.6729815006256104,RR_shank_joint,0.0,0.9937927482153347,-0.0013325196512810333,True,9,6.005,0.19471037238384836,0.6339473724365234,FR_thigh_joint,0.0,0.9070157466800288,-0.0199610631414458,False,0,,,,,,,,True,120,,0.21467143552529416,0.7617443799972534,RL_shank_joint,0.0,,,15.930485725402832,1.269797444343567,1.0,False,,,0.2,1.0
564,564,4,14,0.0,1.5,compliant,15.0,1.236842105263158,SPD,speed_track_error,0.2555456041055909,0.9251322746276855,RL_shank_joint,0.0,0.6963059243326558,,0.30025462839752437,0.3691851246095196,0.7998302477349838,0.21820592522621154,pd,0.029171895375535377,0.04770660400390625,0.030286626734664115,0.0515257865190506,0.0,0.0,0.9697113037109375,0.9596176147460938,1.2588022947311401,0.20458992534504716,0.20523073876167075,,False,0.15374979741211328,0.6690622568130493,0.35000000000000053,0.19153594970703125,0.2538541555404663,0.12732266229007852,False,False,rope_not_continuously_taut,True,9,1.0050000000000001,0.29013945492821347,0.9251322746276855,RR_shank_joint,0.0,1.3254475760482518,0.07124022407877612,True,17,2.33,0.22939326275521973,0.7216572761535645,RR_shank_joint,0.0,1.0479400126947014,0.01049403190578238,True,9,6.005,0.1974991752869539,0.6690622568130493,FL_thigh_joint,0.0,0.9022378677191297,-0.02140005556248345,False,0,,,,,,,,True,120,,0.21889923084943735,0.7355053424835205,RL_shank_joint,0.0,,,0.0,1.2194709777832031,1.0,False,,,0.2,1.0
565,565,5,14,0.0,1.5,compliant,20.0,1.236842105263158,COL,stop_collision|speed_track_error,0.25601357027789096,0.9265341758728027,RL_shank_joint,0.0,0.753158406176705,,0.3234815577603877,0.397623298821234,0.7843456281597416,0.22245802164077758,pd,0.02023352549155017,0.0308837890625,0.025611359461491786,0.04126302897930145,0.0,0.0,1.1634597778320312,1.1629409790039062,1.2954566478729248,0.0025066319940521,0.002874670441201488,,True,0.16288663102143489,0.7027104496955872,0.3250000000000002,0.17932891845703125,0.25384950637817383,0.09030762111243737,False,False,rope_not_continuously_taut,True,9,1.0050000000000001,0.29061951028651667,0.9265341758728027,RR_shank_joint,0.0,1.3057599803686406,0.06805218194454274,True,17,2.33,0.22703907472043938,0.7505079507827759,RR_shank_joint,0.0,1.0200916568113476,0.004471746378465452,True,9,6.005,0.1914812607548242,0.7027104496955872,FL_thigh_joint,0.0,0.860329600850552,-0.03108606758714974,True,17,8.58,0.15296861158841674,0.3926663398742676,RL_shank_joint,0.0,0.6872914040347422,-0.0695987167535572,True,120,,0.22256732834197393,0.7571225166320801,RL_shank_joint,0.0,,,29.282527923583984,1.1985433101654053,1.0,True,deck_contact_force,-17.449260711669922,0.2,1.0
566,566,6,14,0.0,1.5,compliant,25.0,1.236842105263158,COL,stop_collision|speed_track_error,0.257102814670082,0.926199197769165,RL_shank_joint,0.0,0.8511605833886055,,0.36144121510908006,0.44649013561708834,0.75903918992728,0.22558417677879333,pd,0.01951829697164605,0.0315093994140625,0.022237993906666177,0.04085204377770424,0.0,0.0,1.1757278442382812,1.19598388671875,1.2876801490783691,0.0016570083968190374,0.008025050277424839,,True,0.18118899253414206,1.0552728176116943,0.40000000000000036,0.20108795166015625,0.2538514733314514,0.17485591465973113,False,False,rope_not_continuously_taut,True,9,1.0050000000000001,0.29038449667254923,0.926199197769165,RR_shank_joint,0.0,1.3131464700076356,0.06924808629872345,True,17,2.33,0.2296569047466617,0.7604480981826782,RL_shank_joint,0.0,1.0385304905620574,0.008520494372835918,True,9,6.005,0.2654154004119154,1.0552728176116943,FR_thigh_joint,0.0,1.2002338283561584,0.04427899003808963,True,17,7.755,0.13661019282506806,0.33569931983947754,FR_shank_joint,0.0,0.6177643590855609,-0.08452621754875772,True,120,,0.22113641037382578,0.7729822397232056,RL_shank_joint,0.0,,,53.43062210083008,1.129488468170166,1.0,True,deck_contact_force,-30.04802703857422,0.2,1.0
567,567,7,14,0.0,1.5,compliant,30.0,1.236842105263158,COL,stop_collision|speed_track_error,0.2578745233771873,0.9251165390014648,RL_shank_joint,0.0,0.8888765698222975,,0.3927174146543257,0.47664284779015154,0.7381883902304495,0.24221811175346375,pd,0.025131268055650385,0.042510986328125,0.01859924599260796,0.04836932569742203,0.0,0.0,1.1929092407226562,1.2254409790039062,1.2732772827148438,-0.0006235059484964722,0.03272899951292629,1.625,True,0.1582502172905877,0.6115740537643433,0.3250000000000002,0.2440338134765625,0.2538529634475708,0.09572985493996962,False,False,rope_not_continuously_taut,True,9,1.0050000000000001,0.28984442140298594,0.9251165390014648,RR_shank_joint,0.0,1.2931161976102759,0.0657002787972181,True,17,2.33,0.22577078484606122,0.7327120304107666,RL_shank_joint,0.0,1.0072571258003131,0.00162664224029338,True,9,6.005,0.18287840406611602,0.6115740537643433,FR_thigh_joint,0.0,0.8158964224542268,-0.04126573853965182,True,17,7.555,0.1472870330950229,0.6351797580718994,RL_shank_joint,0.0,0.6571085524821241,-0.07685710951074495,True,120,,0.22414414260576784,0.7507041692733765,RL_shank_joint,0.0,,,64.4548110961914,1.061637282371521,1.0,True,deck_contact_force|load_velocity_jump,-85.99180603027344,0.2,1.0
568,568,8,14,0.0,1.5,rigid,35.0,0.868421052631579,OK,,0.22564114777261104,0.9254121780395508,RR_shank_joint,0.0,0.5002087190567568,0.5499999999999998,0.07627328818663955,0.22478609976549294,0.9702523044372598,0.021431592702865602,pd,0.014695490234558739,0.03192138671875,0.030680673436906013,0.05588150396943092,0.0,0.0,-1.0055389404296875,,-0.1933080106973648,,,,,0.16744770001195056,0.7565305233001709,0.47500000000000053,0.23758697509765625,0.2538532018661499,0.08567259975600842,False,False,rope_taut_during_settle|robot_and_load_speeds_differ,True,9,1.0050000000000001,0.290037067302455,0.9254121780395508,RR_shank_joint,0.0,1.6159531569531682,0.1105534813739425,True,17,2.005,0.1885695901647434,0.5871884822845459,FL_shank_joint,0.0,1.0506230371386152,0.009086004236230905,True,9,6.005,0.19605607212827147,0.7565305233001709,FR_thigh_joint,0.0,1.0923342717609827,0.016572486199758985,False,0,,,,,,,,True,120,,0.1794835859285125,0.596473217010498,FL_shank_joint,0.0,,,1198.4644775390625,1.5017198324203491,1.0,False,,,0.2,1.0
569,569,9,14,0.0,1.5,rigid,40.0,0.868421052631579,SPD,speed_track_error,0.2693854489854762,0.9358071088790894,RL_shank_joint,0.0,1.0146825691312713,,0.46116183724254367,0.545715872541939,0.6925587751716376,0.2944203758239746,pd,0.019380870458086622,0.033924102783203125,0.028578878332659256,0.04851003736257553,0.0,0.0,0.39238739013671875,0.48102569580078125,1.200303554534912,0.5872424963156817,0.6259745501033933,,False,0.17986028378586494,0.7234256863594055,0.8250000000000002,0.39655303955078125,0.2555409371852875,0.10943120164292881,False,False,rope_taut_during_settle,True,9,1.0050000000000001,0.3131138002300026,0.9358071088790894,RL_shank_joint,0.0,1.3516776439865128,0.08146552105410845,True,17,2.005,0.24542485267615122,0.7404793500900269,RL_shank_joint,0.0,1.0594719440578977,0.013776573500257044,True,9,6.005,0.20512662682392968,0.7234256863594055,FL_thigh_joint,0.0,0.8855089601946657,-0.026521652351964492,False,0,,,,,,,,True,120,,0.23164827917589417,0.8023450374603271,RL_shank_joint,0.0,,,48.49375915527344,0.8965690732002258,1.0,False,,,0.2,1.0
570,570,10,14,0.0,2.0,rigid,5.0,0.868421052631579,COL,stop_collision,0.2718290308486145,0.9710251092910767,RL_shank_joint,0.0,0.9608525352119431,,0.32485898660495877,0.4676285112317591,0.8375705066975206,0.20802029490470886,pd,0.011943682291336228,0.03644561767578125,0.02493635705479677,0.041819944977760315,0.0,0.0,0.36257171630859375,0.39548492431640625,1.819907307624817,0.598703293681595,0.6216143503262401,,True,0.17766308822814075,0.9641497135162354,0.7250000000000005,0.3663787841796875,0.25442010164260864,0.14162704985905153,False,False,rope_taut_during_settle,True,9,1.0050000000000001,0.3192192404072193,0.9710251092910767,RR_shank_joint,0.0,1.3538538111891507,0.08343363507156293,True,16,2.0300000000000002,0.22335327770301577,0.7418062686920166,RR_shank_joint,0.0,0.947272745446261,-0.012432327632640572,True,9,6.005,0.22729464579992265,0.9641497135162354,FR_thigh_joint,0.0,0.9639886433115955,-0.0084909595357337,True,10,6.03,0.2219703203755353,0.9641497135162354,FR_thigh_joint,0.0,0.941407428411696,-0.01381528496012105,True,120,,0.23578560533565635,0.7532956600189209,RR_shank_joint,0.0,,,36.20541000366211,1.7915974855422974,1.0,True,load_velocity_jump,0.0,0.2,1.0
571,571,11,14,0.0,2.0,rigid,10.0,0.868421052631579,COL,stop_collision|speed_track_error,0.2669928175746445,0.9817956686019897,RL_shank_joint,0.0,1.0916150720110067,,0.4206789167225361,0.5494278449428704,0.789660541638732,0.2746752786636353,pd,0.01365765841393186,0.038249969482421875,0.024390844378780675,0.03635171800851822,0.0,0.0,0.39296722412109375,0.43300628662109375,1.6941485404968262,0.6020106956124067,0.620184486405492,,True,0.1716492260281724,0.7515127062797546,0.7999999999999998,0.39548492431640625,0.2547651529312134,0.1157607131779058,False,False,rope_taut_during_settle,True,9,1.0050000000000001,0.3250398631019513,0.9817956686019897,RL_shank_joint,0.0,1.3354616751010102,0.08164848080910767,True,16,2.0300000000000002,0.26310452162476383,0.8126782178878784,RR_shank_joint,0.0,1.080993579748858,0.019713139331920176,True,9,6.005,0.21122413386292851,0.7515127062797546,FL_thigh_joint,0.0,0.8678373567425154,-0.03216724842991514,True,11,6.055,0.21593815302587713,0.7515127062797546,FL_thigh_joint,0.0,0.8872054178404092,-0.027453229266966528,True,120,,0.24339138229284366,0.8126782178878784,RR_shank_joint,0.0,,,43.3426513671875,1.6248596906661987,1.0,True,load_velocity_jump,0.0,0.2,1.0
572,572,12,14,0.0,2.0,rigid,15.0,0.868421052631579,COL,stop_collision|speed_track_error,0.27339472179010954,0.980803370475769,RL_shank_joint,0.0,1.1939542376496182,,0.47415805315598847,0.604696996850692,0.7629209734220058,0.2973162007331848,pd,0.011989701546441594,0.036106109619140625,0.02170392581317615,0.0356660857796669,0.0,0.0,0.46849822998046875,0.5129928588867188,1.677870273590088,0.6051006907546963,0.6175607743433176,,True,0.18141477740353107,0.7821266651153564,,0.4712677001953125,0.2549058496952057,0.12226900984222394,False,False,rope_taut_during_settle,True,9,1.0050000000000001,0.32498865659030485,0.980803370475769,RL_shank_joint,0.0,1.3189722448732408,0.07859328485028941,True,17,2.005,0.26366440457873624,0.8054910898208618,RL_shank_joint,0.0,1.0700866770214428,0.017269032838720805,True,9,6.005,0.22222421912681564,0.7426241636276245,FR_thigh_joint,0.0,0.9019009470733726,-0.024171152613199798,True,13,6.105,0.22051876373616425,0.7821266651153564,FL_thigh_joint,0.0,0.894979326027459,-0.025876608003851193,True,120,,0.24639537174001544,0.8145525455474854,RR_shank_joint,0.0,,,59.76213836669922,1.4299054145812988,1.0,True,load_velocity_jump,0.0,0.2,1.0
573,573,13,14,0.0,2.0,rigid,20.0,0.868421052631579,COL,stop_collision|speed_track_error,0.2799366893316046,0.9815574884414673,RL_shank_joint,0.0,1.2814559168150503,,0.5243107442185283,0.657106154334917,0.7378446278907359,0.3071933043003082,pd,0.025941299339822435,0.04154205322265625,0.028422045756509553,0.04259643331170082,0.0,0.0,0.5850296020507812,0.621490478515625,1.6701475381851196,0.6019639651438808,0.6189287251289244,,True,0.18245584498855785,0.8661035299301147,0.8250000000000002,0.58837890625,0.25506049394607544,0.11795132810061244,False,False,rope_taut_during_settle,True,9,1.0050000000000001,0.32656498265731954,0.9815574884414673,RL_shank_joint,0.0,1.3138092453576682,0.07800151439795569,True,17,2.005,0.2752141760884954,0.7996325492858887,RL_shank_joint,0.0,1.1072189248716262,0.026650707829131565,True,9,6.005,0.21807462853254098,0.8661035299301147,FL_thigh_joint,0.0,0.8773398201259034,-0.03048883972682287,True,17,6.23,0.20788124346138448,0.8661035299301147,FL_thigh_joint,0.0,0.8363306358618658,-0.040682224797979366,True,120,,0.24856346825936385,0.7996325492858887,RL_shank_joint,0.0,,,46.505104064941406,1.2726786136627197,1.0,True,load_velocity_jump,0.0,0.2,1.0
574,574,14,14,0.0,2.0,rigid,25.0,0.868421052631579,SPD,speed_track_error,0.2834284153666652,0.9791408777236938,RL_shank_joint,0.0,1.3382950357130898,,0.5696077650785446,0.7005941323851049,0.7151961174607276,0.31817015767097473,pd,0.03558158991626762,0.06026458740234375,0.030628162573380312,0.04732562601566315,0.0,0.0,0.666473388671875,0.7101058959960938,1.6629446744918823,0.6014644907892119,0.6177088889996156,,False,0.18593028275573256,0.8290631771087646,0.9249999999999998,0.6696090698242188,0.25518566370010376,0.11603350713860208,False,False,rope_taut_during_settle,True,9,1.0050000000000001,0.3275076362674509,0.9791408777236938,RL_shank_joint,0.0,1.2983863228083135,0.0752655797129147,True,17,2.005,0.28561098646918,0.7785112857818604,RL_shank_joint,0.0,1.1322893191184764,0.0333689299146438,True,9,6.005,0.210197330520837,0.8290631771087646,FR_thigh_joint,0.0,0.8333159560780504,-0.04204472603369919,False,0,,,,,,,,True,120,,0.2522420565545362,0.8020673990249634,RL_shank_joint,0.0,,,30.498069763183594,1.1701277494430542,1.0,False,,,0.2,1.0
575,575,15,14,0.0,2.0,rigid,30.0,0.868421052631579,SPD,speed_track_error,0.28244669742004413,0.9776300191879272,RL_shank_joint,0.0,1.3935801551092672,,0.604978264644742,0.7397882020266335,0.697510867677629,0.32011805415153505,pd,0.022085897183909034,0.03770637512207031,0.024996936411395276,0.04993346333503723,0.0,0.0,0.7402572631835938,0.7755355834960938,1.6497045755386353,0.6029565411221398,0.61689551870343,,False,0.19243870159933155,0.797067403793335,,0.7426071166992188,0.25524741411209106,0.12945817894596773,False,False,rope_taut_during_settle,True,9,1.0050000000000001,0.3289798336232384,0.9776300191879272,RL_shank_joint,0.0,1.290268213934283,0.07400971960321318,True,16,2.0300000000000002,0.28547902528367936,0.7804019451141357,RL_shank_joint,0.0,1.1196568130383233,0.030508911263654126,True,9,6.005,0.22732000625694437,0.797067403793335,FR_thigh_joint,0.0,0.8915554951632126,-0.027650107763080856,False,0,,,,,,,,True,120,,0.25497011402002523,0.798540472984314,RL_shank_joint,0.0,,,49.42424392700195,1.1080610752105713,1.0,False,,,0.2,1.0
576,576,16,14,0.0,2.0,inextensible,35.0,1.236842105263158,OK,,0.2690877455086994,0.9750221967697144,RR_shank_joint,0.0,0.7280576095220989,0.44999999999999996,0.11164963372051716,0.32656301179638275,0.9580357604846358,0.023706218004226686,pd,0.04232346085218657,0.06598281860351562,0.021102344444804282,0.03581658750772476,0.0,0.0,-0.5443496704101562,,-0.1479150503873825,,,,,0.1784882194648323,1.0171349048614502,0.5499999999999998,0.39804840087890625,0.2538507580757141,0.16479864171389141,False,False,rope_taut_during_settle|robot_and_load_speeds_differ,True,9,1.0050000000000001,0.3186342889105898,0.9750221967697144,RR_shank_joint,0.0,1.4053357810597753,0.09190250480252057,True,17,2.005,0.22751290738711952,0.5656709671020508,FL_shank_joint,0.0,1.0034451423832045,0.0007811232790502776,True,9,6.005,0.24900615143304075,1.0171349048614502,FR_thigh_joint,0.0,1.0982410446448685,0.02227436732497151,False,0,,,,,,,,True,120,,0.22673178410806924,0.5847094058990479,FR_shank_joint,0.0,,,1849.664306640625,1.9887927770614624,1.0,False,,,0.2,1.0
577,577,17,14,0.0,2.0,inextensible,40.0,1.236842105263158,COL,stop_collision|speed_track_error,0.2840289569722817,0.9736417531967163,RL_shank_joint,0.0,1.3403091366566302,,0.7037679463252425,0.7921736681399969,0.6481160268373788,0.4369750487804413,pd,0.021094619124854948,0.04802894592285156,0.031143867882267137,0.05033842846751213,0.0,0.0,1.3166275024414062,1.467926025390625,1.5639241933822632,-0.0005848714597362914,0.07042964527013851,1.125,True,0.18015031615441812,1.019511878490448,0.6749999999999998,0.3986053466796875,0.25385406613349915,0.15455992561699705,False,False,rope_not_continuously_taut,True,9,1.0050000000000001,0.31933155664777635,0.9736417531967163,RR_shank_joint,0.0,1.2248387614353258,0.058618418966235264,True,17,2.2800000000000002,0.27934887102205114,0.766114354133606,RL_shank_joint,0.0,1.0714798398969578,0.018635733340510052,True,9,6.005,0.25015388873240363,1.019511878490448,FR_thigh_joint,0.0,0.9594985928095595,-0.010559248949137456,True,17,7.13,0.1639133536711143,0.9698271751403809,RL_shank_joint,0.0,0.6287115222836721,-0.0967997840104268,True,120,,0.2607131376815411,0.8000482320785522,RL_shank_joint,0.0,,,66.93467712402344,1.0946192741394043,1.0,True,deck_contact_force|load_velocity_jump,-226.68055725097656,0.2,1.0
578,578,18,14,0.0,0.5,inextensible,5.0,1.236842105263158,OK,,0.16744363040252352,0.5951881408691406,FL_shank_joint,0.0,0.139962334259097,0.17499999999999982,0.04390760745853186,0.07066744627897677,0.9146800977736711,0.033529923260211945,pd,0.00706503393792597,0.008778572082519531,0.011720457818345485,0.03915020450949669,0.0,0.0,0.13646697998046875,0.13140106201171875,0.5067492127418518,0.84924246709231,0.8495209417140757,,False,0.13557746735303441,0.37335658073425293,0.5,0.009124755859375,0.25385355949401855,0.07290642129155563,False,True,,True,9,1.0050000000000001,0.1949822722113532,0.588287353515625,RR_shank_joint,0.0,1.2595712988176204,0.040181767949001274,True,17,2.5300000000000002,0.1619038911762745,0.5539339780807495,RL_shank_joint,0.0,1.0458873628853556,0.007103386913922566,True,9,6.005,0.13563864074056553,0.32305002212524414,FR_thigh_joint,0.0,0.8762157551547032,-0.019161863521786393,False,0,,,,,,,,True,120,,0.15480050426235192,0.5674821138381958,FR_shank_joint,0.0,,,16.868261337280273,0.460798442363739,1.0,False,,,0.2,1.0
579,579,19,14,0.0,0.5,inextensible,10.0,1.236842105263158,OK,,0.1702396989417609,0.6074068546295166,FL_shank_joint,0.0,0.15575998718458633,0.17499999999999982,0.057211122484877704,0.08132416306032199,0.8885787416063249,0.04940827131271362,pd,0.0070161711136570845,0.009351968765258789,0.013405346394589884,0.03950075805187225,0.0,0.0,-0.0172119140625,0.13028717041015625,0.4478422701358795,0.8392299431963863,0.9783402549451381,,False,0.13756469523509351,0.36430859565734863,0.5499999999999998,-0.01697540283203125,0.2538524866104126,0.08414947757756823,False,False,rope_not_continuously_taut,True,9,1.0050000000000001,0.19444115826453978,0.5926979780197144,RR_shank_joint,0.0,1.2460649123027532,0.03839699367506541,True,17,2.5300000000000002,0.1538781117997813,0.5522572994232178,FR_shank_joint,0.0,0.9861189760258476,-0.0021660527896930626,True,9,6.005,0.13440869631650018,0.3403576612472534,FR_thigh_joint,0.0,0.8613503534086429,-0.02163546827297419,False,0,,,,,,,,True,120,,0.15604416458947437,0.582064151763916,RL_shank_joint,0.0,,,12.995494842529297,0.4688612222671509,1.0,False,,,0.2,1.0
580,580,20,14,5.0,0.5,compliant,15.0,1.236842105263158,OK,,0.16884656181507876,0.5912156105041504,RR_shank_joint,0.0,0.17160228419070744,0.17499999999999982,0.05676807662472129,0.0867888119790249,0.8903785331919789,0.045124582052230834,pd,0.006560457168969982,0.008698225021362305,0.011700398502944978,0.03920529782772064,0.0,0.0,0.2918701171875,0.28391265869140625,0.4446922838687897,0.6499350177994501,0.650034665572008,,False,0.15001651707295963,0.4326552152633667,0.7999999999999998,-0.04981231689453125,0.2538527250289917,0.14658265885251825,False,True,,True,9,1.0050000000000001,0.19464205273645013,0.5912156105041504,RR_shank_joint,0.0,1.2578329635156595,0.03989809357638563,True,17,2.555,0.15632234346966528,0.5300900936126709,FR_shank_joint,0.0,1.010199973673726,0.0015783843096007777,True,9,6.005,0.13939400978736802,0.348910391330719,FR_thigh_joint,0.0,0.9008042093790636,-0.015349949372696486,False,0,,,,,,,,True,120,,0.1547439591600645,0.5859324932098389,FR_shank_joint,0.0,,,8.992264747619629,0.46421894431114197,1.0,False,,,0.2,1.0
581,581,21,14,5.0,0.5,compliant,20.0,1.236842105263158,OK,,0.1736244006926463,0.6353116035461426,RR_shank_joint,0.0,0.18593365104211798,0.19999999999999996,0.06253626358695329,0.09437130214022711,0.8787507901154459,0.04713268220424652,pd,0.00451129514310681,0.0076084136962890625,0.018240619152008492,0.039777349680662155,0.0,0.0,0.35703277587890625,0.34702301025390625,0.4428688585758209,0.5780966325203849,0.5780966325203849,,False,0.15064439844909172,0.4244750738143921,0.9249999999999998,-0.04041290283203125,0.25385403633117676,0.15603858374263602,False,True,,True,9,1.0050000000000001,0.19368634638663748,0.5892163515090942,RR_shank_joint,0.0,1.2395467279857313,0.03743056190211175,True,17,2.555,0.15838268369339117,0.5647135972976685,RL_shank_joint,0.0,1.0136116510238766,0.0021268992088654404,True,9,6.005,0.13913719777116673,0.3625364303588867,FR_shank_joint,0.0,0.8904451008336637,-0.017118586713359002,False,0,,,,,,,,True,120,,0.15625578448452573,0.5768711566925049,FR_shank_joint,0.0,,,7.067776679992676,0.4194338917732239,1.0,False,,,0.2,1.0
582,582,22,14,5.0,0.5,compliant,25.0,1.236842105263158,OK,,0.17605161736134153,0.6467059850692749,RL_shank_joint,0.0,0.20222337279233293,0.19999999999999996,0.06957947968505324,0.10299501526243421,0.8654394507594406,0.05092122554779053,pd,0.00690246931717989,0.009806632995605469,0.018567098662374156,0.03975706174969673,0.0,0.0,0.4174957275390625,0.40602874755859375,0.4394261837005615,0.5256532329582626,0.5256532329582626,,False,0.15044480733892243,0.4293215274810791,0.8250000000000002,-0.02896881103515625,0.2538542151451111,0.06837056765764689,False,False,rope_not_continuously_taut,True,9,1.0050000000000001,0.19413526905265335,0.5882112979888916,RR_shank_joint,0.0,1.2273982918247708,0.035967158223663365,True,17,2.555,0.1515545689196549,0.46035027503967285,FR_shank_joint,0.0,0.9581866289312542,-0.00661354190933508,True,9,6.005,0.13595870614159436,0.3327164649963379,FR_shank_joint,0.0,0.8595835496106529,-0.02220940468739563,False,0,,,,,,,,True,120,,0.15816811082899,0.6383559703826904,FR_shank_joint,0.0,,,14.249269485473633,0.4550933539867401,1.0,False,,,0.2,1.0
583,583,23,14,5.0,0.5,compliant,30.0,1.236842105263158,OK,,0.17919425667689937,0.6906371116638184,RL_shank_joint,0.0,0.21580259294390042,0.17499999999999982,0.0735623049363494,0.10810328735659064,0.8558998358994723,0.050788424015045165,pd,0.008257990176653096,0.010662078857421875,0.013151871263751936,0.03953470662236214,0.0,0.0,0.49541473388671875,0.48279571533203125,0.4469950199127197,0.47507086026381273,0.47507086026381273,,False,0.13603127917945515,0.38232022523880005,0.6000000000000005,-0.007476806640625,0.2538527846336365,0.06128573966492756,False,False,rope_not_continuously_taut,True,9,1.0050000000000001,0.19432494922848595,0.5921556949615479,RR_shank_joint,0.0,1.222281136834016,0.03533947250597724,True,17,2.555,0.15822207908155503,0.5379207134246826,FL_shank_joint,0.0,0.9951983183829671,-0.000763397640953678,True,9,6.005,0.13063996207192685,0.38232022523880005,FR_thigh_joint,0.0,0.8217100377032818,-0.028345514650581854,False,0,,,,,,,,True,120,,0.1589854767225087,0.6347291469573975,RL_shank_joint,0.0,,,22.82491683959961,0.44000500440597534,1.0,False,,,0.2,1.0
584,584,24,14,5.0,0.5,rigid,35.0,0.868421052631579,OK,,0.1610763598543839,0.5880215167999268,FL_shank_joint,0.0,0.13568964257897412,0.19999999999999996,0.03814053871668875,0.06778878603808584,1.0245299844257534,0.027497693598270416,pd,0.0071886018090847135,0.010957717895507812,0.01817972351160146,0.039751533418893814,0.0,0.0,-0.23448944091796875,,-0.047015901654958725,,,,,0.1491818673190857,0.45026111602783203,0.6500000000000004,-0.05495452880859375,0.25385183095932007,0.11720603751594942,False,False,rope_taut_during_settle|robot_and_load_speeds_differ,True,9,1.0050000000000001,0.19412418005367668,0.5880215167999268,RR_shank_joint,0.0,1.283719667162807,0.042904108398377355,True,17,2.005,0.14763089747711497,0.4759029150009155,FR_shank_joint,0.0,0.9762652263096017,-0.0035891741781843567,True,9,6.005,0.14067458294981958,0.3704144358634949,FR_thigh_joint,0.0,0.9302639617211808,-0.01054548870547975,False,0,,,,,,,,True,120,,0.15122007165529933,0.510705828666687,FR_shank_joint,0.0,,,367.447265625,0.5020317435264587,1.0,False,,,0.2,1.0
585,585,25,14,5.0,0.5,rigid,40.0,0.868421052631579,OK,,0.1877191095986892,0.6366956233978271,RL_shank_joint,0.0,0.22784153019121742,,0.07770281316712499,0.1116501374019862,0.8445943736657501,0.05281088024377823,pd,0.004124444482765518,0.01177215576171875,0.017199601733885343,0.027360254898667336,0.0,0.0,0.03380584716796875,0.11572265625,0.4527592062950134,0.6012712295932374,0.6191249401301206,,False,0.15036476579815888,0.4788084030151367,,0.03655242919921875,0.2556125521659851,0.12610482275881893,False,False,rope_taut_during_settle,True,9,1.0050000000000001,0.2170939784237769,0.6057412624359131,RR_shank_joint,0.0,1.3539742903687304,0.0567556470625106,True,16,2.0300000000000002,0.1681420080507844,0.5967118740081787,RL_shank_joint,0.0,1.0486700630053036,0.007803676689518091,True,9,6.005,0.15565485314027105,0.4666287302970886,FR_thigh_joint,0.0,0.9707900276793909,-0.004683478220995241,False,0,,,,,,,,True,120,,0.1603383313612663,0.5931142568588257,RL_shank_joint,0.0,,,-6.541531562805176,0.4572245180606842,1.0,False,,,0.2,1.0
586,586,26,14,5.0,1.0,rigid,5.0,0.868421052631579,COL,stop_collision,0.21530263732717453,0.8805688619613647,RR_shank_joint,0.0,0.36529906602224127,0.5499999999999998,0.13895013194531203,0.19263573846613571,0.861049868054688,0.12747813045978545,pd,0.019696544036151745,0.034748077392578125,0.011136605753336944,0.025081351399421692,0.0,0.0,0.011016845703125,0.0921630859375,0.8293860554695129,0.58866930534397,0.6180452409204094,,True,0.1605312588275815,0.5548848509788513,0.6749999999999998,0.015899658203125,0.2544686794281006,0.0982556538463048,False,False,rope_taut_during_settle,True,9,1.0050000000000001,0.2690711963558255,0.8805688619613647,RR_shank_joint,0.0,1.3910457779124017,0.075640325403734,True,16,2.0300000000000002,0.19482974999191238,0.6713838577270508,RL_shank_joint,0.0,1.0072319326947938,0.0013988790398208883,True,9,6.005,0.1657781878204912,0.5548848509788513,FL_thigh_joint,0.0,0.857041003871356,-0.027652683131600297,True,10,6.03,0.16742214394947214,0.5548848509788513,FL_thigh_joint,0.0,0.8655399374742972,-0.02600872700261936,True,120,,0.1934308709520915,0.7681710720062256,RL_shank_joint,0.0,,,16.455286026000977,0.9083974957466125,1.0,True,load_velocity_jump,0.0,0.2,1.0
587,587,27,14,5.0,1.0,rigid,10.0,0.868421052631579,COL,stop_collision,0.2217770837856101,0.8827707767486572,RR_shank_joint,0.0,0.4060671287707889,1.7750000000000001,0.1638993115723133,0.2177047620126941,0.8361006884276867,0.14984452664852144,pd,0.0288430247930225,0.045848846435546875,0.02450340256308554,0.04058167710900307,0.0,0.0,-0.0365447998046875,0.039031982421875,0.7922502160072327,0.585293068120535,0.6256355702847003,,True,0.1616373018067332,0.4982069730758667,0.875,-0.03104400634765625,0.2547907829284668,0.1303650032202059,False,False,rope_taut_during_settle|tension_not_steady,True,9,1.0050000000000001,0.27479081358047847,0.8827707767486572,RR_shank_joint,0.0,1.4225987270403688,0.08162965832472743,True,16,2.0300000000000002,0.19858118054850632,0.6680641174316406,RL_shank_joint,0.0,1.0280596027994293,0.005420025292755287,True,9,6.005,0.1738311728144316,0.4982069730758667,FL_thigh_joint,0.0,0.8999282106398362,-0.01932998244131942,True,10,6.03,0.17039980824090456,0.4982069730758667,FL_thigh_joint,0.0,0.882163952764158,-0.022761347014846472,True,120,,0.19316115525575103,0.7759678363800049,RL_shank_joint,0.0,,,-8.319157600402832,0.9023678302764893,1.0,True,load_velocity_jump,0.0,0.2,1.0
588,588,28,14,5.0,1.0,inextensible,15.0,1.236842105263158,COL,stop_collision,0.21763912987141132,0.8757178783416748,RL_shank_joint,0.0,0.37269622401024327,,0.16700958472676575,0.20588124919967793,0.8329904152732343,0.1466607481241226,pd,0.025047237675659927,0.04546356201171875,0.014850889113750284,0.032133109867572784,0.0,0.0,-0.107269287109375,0.2074432373046875,0.7809208035469055,0.8041702584856125,1.0071339912167048,,True,0.15150839103545125,0.4679586887359619,0.6500000000000004,-0.10113525390625,0.25385141372680664,0.12040099931726725,False,False,rope_not_continuously_taut,True,9,1.0050000000000001,0.2609387302560088,0.8757178783416748,RR_shank_joint,0.0,1.3633462735406146,0.06954294525243074,True,17,2.33,0.1934991667415667,0.7552015781402588,RL_shank_joint,0.0,1.0109896972806864,0.0021033817379886577,True,9,6.005,0.16425555552876364,0.4679586887359619,FL_thigh_joint,0.0,0.8581983951511418,-0.027140229474814398,True,17,7.48,0.18055750061886677,0.49179935455322266,RL_shank_joint,0.0,0.9433723977541687,-0.010838284384711266,True,120,,0.19139578500357804,0.7552015781402588,RL_shank_joint,0.0,,,22.505218505859375,0.9037449359893799,1.0,True,load_velocity_jump,0.0,0.2,1.0
589,589,29,14,5.0,1.0,inextensible,20.0,1.236842105263158,OK,,0.2228284405430774,0.8756844997406006,RL_shank_joint,0.0,0.40520857319635395,,0.1792410683631897,0.22038402341108443,0.8207589316368104,0.15111278831958772,pd,0.02220670559940839,0.042816162109375,0.016328936132680383,0.0408385805785656,0.0,0.0,-0.10012054443359375,0.235321044921875,0.7740761041641235,0.7743694819839817,1.0062390959903382,,False,0.15334065213337894,0.47813308238983154,0.7999999999999998,-0.09404754638671875,0.25385040044784546,0.1238281111213437,False,False,rope_not_continuously_taut,True,9,1.0050000000000001,0.26064865900467865,0.8756844997406006,RR_shank_joint,0.0,1.3359962632290607,0.0655518116716636,True,17,2.33,0.19795450136850953,0.6964064836502075,RL_shank_joint,0.0,1.014647361423615,0.0028576540354944835,True,9,6.005,0.15334462838329677,0.434517502784729,FL_thigh_joint,0.0,0.7859923442102039,-0.041752218949718284,False,0,,,,,,,,True,120,,0.19509684733301505,0.7721182107925415,RL_shank_joint,0.0,,,27.295177459716797,0.8793525099754333,1.0,False,,,0.2,1.0
590,590,30,14,10.0,1.0,compliant,25.0,1.236842105263158,SPD,speed_track_error,0.23630461945640602,0.8875740766525269,RR_shank_joint,0.0,0.44143177806984535,,0.22109512481838464,0.26320180736915705,0.7794004758819938,0.2171112936735153,pd,0.025519925045160596,0.04013824462890625,0.014664437734707292,0.03232197463512421,0.0,0.0,-0.24834442138671875,0.1563262939453125,0.6066398620605469,,,,False,0.15913766273285196,0.5331223011016846,0.8250000000000002,-0.27420806884765625,0.2538498044013977,0.15466036282725906,False,True,,True,9,1.0050000000000001,0.26068795144720364,0.8757188320159912,RR_shank_joint,0.0,1.3438350146930755,0.06669988848045372,True,17,2.355,0.19734938853775832,0.69572913646698,RL_shank_joint,0.0,1.0173274866484159,0.0033613255710084056,True,9,6.005,0.14428587286614059,0.3664398193359375,FL_shank_joint,0.0,0.7437873787670718,-0.049702190100609334,False,0,,,,,,,,True,120,,0.19398806296674992,0.7696905136108398,RL_shank_joint,0.0,,,19.97096061706543,0.8583558201789856,1.0,False,,,0.2,1.0
591,591,31,14,10.0,1.0,compliant,30.0,1.236842105263158,SPD,speed_track_error,0.23457336703342507,0.8990331888198853,RR_shank_joint,0.0,0.4701593221223643,,0.22899106579832731,0.2750906118995418,0.7714326517004519,0.21922429978847505,pd,0.0221780252498433,0.0357208251953125,0.013923863196261954,0.025486646220088005,0.0,0.0,-0.21471405029296875,0.1637725830078125,0.617273211479187,,,,False,0.1584606848521672,0.5268466472625732,0.8250000000000002,-0.2191162109375,0.253851056098938,0.15841344710202365,False,True,,True,9,1.0050000000000001,0.2609594169341159,0.8757404088973999,RR_shank_joint,0.0,1.3461476854301782,0.06710296287742518,True,17,2.355,0.19561324006316314,0.7028837203979492,RL_shank_joint,0.0,1.0090623034194088,0.0017567860064724161,True,9,6.005,0.14133973953646023,0.3684396743774414,FL_shank_joint,0.0,0.7290948357856959,-0.05251671452023049,False,0,,,,,,,,True,120,,0.19385645405669072,0.7603445053100586,RL_shank_joint,0.0,,,17.709741592407227,0.8357702493667603,1.0,False,,,0.2,1.0
592,592,32,14,10.0,1.0,compliant,35.0,1.236842105263158,OK,,0.19086203155377604,0.8759546279907227,RR_shank_joint,0.0,0.2927064280037733,0.575,0.07698783003725111,0.14289189290918136,0.9484554735478014,0.07161520898342133,pd,0.03370805545411556,0.05426788330078125,0.030851996014576038,0.0629408210515976,0.0,0.0,-0.1171875,,-0.02349625900387764,,,,,0.15927921194450678,0.5188015699386597,0.875,-0.005859375,0.2538520097732544,0.17271177197089244,False,False,rope_taut_during_settle|robot_and_load_speeds_differ|tension_not_steady,True,9,1.0050000000000001,0.260787165470274,0.8759546279907227,RR_shank_joint,0.0,1.4296843092401774,0.07837824919079658,True,17,2.005,0.16818337351742002,0.5881283283233643,RL_shank_joint,0.0,0.9220128979865121,-0.01422554276205737,True,9,6.005,0.16292126317590525,0.5188015699386597,FR_thigh_joint,0.0,0.8931650190075457,-0.019487653103572145,False,0,,,,,,,,True,120,,0.1824089162794774,0.7075792551040649,RL_shank_joint,0.0,,,30925.80859375,0.980986475944519,1.0,False,,,0.2,1.0
593,593,33,14,10.0,1.0,compliant,40.0,1.236842105263158,COL,stop_collision|speed_track_error,0.22743540946763807,0.9253029823303223,RL_shank_joint,0.0,0.5439185132055516,,0.2507254944741726,0.303431343466389,0.7497665740549564,0.2088025516271591,pd,0.023976861208543334,0.04956817626953125,0.019563317580158,0.04388164356350899,0.0,0.0,-0.12952423095703125,0.21656036376953125,0.6563524603843689,,,,True,0.15199210061364227,0.49345195293426514,0.7000000000000002,-0.12700653076171875,0.25384968519210815,0.16538020062158845,False,False,rope_not_continuously_taut,True,9,1.0050000000000001,0.2610698402172201,0.875605583190918,RR_shank_joint,0.0,1.3032657914063663,0.060750118838285405,True,17,2.355,0.20755136097474122,0.725604772567749,RL_shank_joint,0.0,1.0361004874908288,0.007231639595806555,True,9,6.005,0.15073171962340035,0.4072147607803345,FR_shank_joint,0.0,0.7524557172195182,-0.04958800175553432,True,17,7.605,0.19328979941218927,0.7127994298934937,RR_shank_joint,0.0,0.9649064908918915,-0.0070299219667454005,True,120,,0.20031972137893467,0.7805963754653931,RL_shank_joint,0.0,,,42.148094177246094,0.8030003309249878,1.0,True,load_velocity_jump,0.0,0.2,1.0
594,594,34,14,10.0,1.5,rigid,5.0,0.868421052631579,COL,stop_collision|speed_track_error,0.24092757367240852,0.9157156944274902,RR_shank_joint,0.0,0.6308691616648371,0.7249999999999999,0.36435031378641725,0.42687717080778315,0.7570997908090552,0.41791022777557374,pd,0.020473634086136838,0.0303955078125,0.032080558051317626,0.04922628775238991,0.0,0.0,0.179168701171875,0.1972198486328125,1.2042934894561768,0.6044618207315295,0.6221451455942315,,True,0.15696869239037922,0.6811333894729614,0.47500000000000053,0.19156646728515625,0.25446951389312744,0.1423501435658191,False,False,rope_taut_during_settle,True,9,1.0050000000000001,0.3002723270496487,0.9157156944274902,RR_shank_joint,0.0,1.4025417226430534,0.08618078010886085,True,16,2.0300000000000002,0.20580299854322884,0.6680331230163574,RR_shank_joint,0.0,0.9612850272885768,-0.008288548397558992,True,9,6.005,0.18842736524788345,0.6811333894729614,FR_thigh_joint,0.0,0.8801251984974333,-0.02566418169290438,True,11,6.055,0.18362628579852114,0.6811333894729614,FR_thigh_joint,0.0,0.8576998411306141,-0.030465261142266692,True,120,,0.21409154694078783,0.8075405359268188,RL_shank_joint,0.0,,,7.47012996673584,1.4261517524719238,1.0,True,load_velocity_jump,0.0,0.2,1.0
595,595,35,14,10.0,1.5,rigid,10.0,0.868421052631579,COL,stop_collision|speed_track_error,0.24814906459190939,0.9115738868713379,RR_shank_joint,0.0,0.7167327445535981,,0.4586661610752344,0.5271194915960122,0.694222559283177,0.5525709408521652,pd,0.014445319817030228,0.03203582763671875,0.02136042874735745,0.049435731023550034,0.0,0.0,-0.06926727294921875,0.123626708984375,0.8122730255126953,0.5441580050633519,0.6325491995840622,,True,0.17378120266768918,0.6533081531524658,0.8500000000000005,-0.0611419677734375,0.2461358904838562,0.1530934429542659,False,False,rope_taut_during_settle,True,9,1.0050000000000001,0.304465210813932,0.9115738868713379,RR_shank_joint,0.0,1.3876274188413025,0.08505097419689633,True,16,2.0300000000000002,0.21997754626439733,0.7655718326568604,RL_shank_joint,0.0,1.0025673340802623,0.0005633096473616483,True,9,6.005,0.18149817695770815,0.6533081531524658,FR_thigh_joint,0.0,0.827194168236649,-0.03791605965932754,True,10,6.03,0.17813017822729582,0.6533081531524658,FR_thigh_joint,0.0,0.8118442129085871,-0.041284058389739864,True,120,,0.21941423661703569,0.7801187038421631,RL_shank_joint,0.0,,,35.53895568847656,1.3402361869812012,1.0,True,load_velocity_jump,0.0,0.2,1.0
596,596,36,14,10.0,1.5,rigid,15.0,0.868421052631579,SPD,speed_track_error,0.2468101064135379,0.9270710945129395,RL_shank_joint,0.0,0.7839236813575021,,0.5262332526221871,0.602865645750018,0.6491778315852086,0.6457423079013824,pd,0.012262530055661703,0.03151702880859375,0.025264265038492113,0.053403470665216446,0.0,0.0,-0.30527496337890625,0.0692291259765625,0.5849447250366211,0.5861971408104409,0.6319287074784938,,False,0.17718237829110436,0.5363122224807739,,-0.3010101318359375,0.2550007700920105,0.14418215122355005,False,False,rope_taut_during_settle|tension_not_steady,True,9,1.0050000000000001,0.3087125239712258,0.9270710945129395,RR_shank_joint,0.0,1.3907525907917522,0.08673736748744282,True,16,2.0300000000000002,0.22769150865356488,0.7840061187744141,RL_shank_joint,0.0,1.0257522159701666,0.005716352169781919,True,9,6.005,0.1472644142098917,0.33325934410095215,FL_shank_joint,0.0,0.6634274598231921,-0.07471074227389127,False,0,,,,,,,,True,120,,0.22197515648378296,0.8100593090057373,RL_shank_joint,0.0,,,41.14387893676758,1.2602354288101196,1.0,False,,,0.2,1.0
597,597,37,14,10.0,1.5,rigid,20.0,0.868421052631579,SPD,speed_track_error,0.2511534035456652,0.9285613298416138,RL_shank_joint,0.0,0.8361400042562599,,0.5666403679549694,0.6527050110324265,0.622239754696687,0.6912404826283455,pd,0.021006526079137965,0.04036712646484375,0.02194455760494199,0.05717795714735985,0.0,0.0,-0.7516021728515625,0.06148529052734375,0.4777021110057831,0.5469579611973074,0.6441432729753558,,False,0.18925995326849165,0.5254087448120117,,-0.7490615844726562,0.2551749348640442,0.15219923306244884,False,False,rope_taut_during_settle|tension_not_steady,True,9,1.0050000000000001,0.31127682781961785,0.9285613298416138,RL_shank_joint,0.0,1.3915089122464794,0.08757949819412059,True,16,2.0300000000000002,0.2265918968633264,0.7471160888671875,RL_shank_joint,0.0,1.0129396593275166,0.002894567237829132,True,9,6.005,0.16617881809727736,0.43178319931030273,FR_shank_joint,0.0,0.7428734995428221,-0.05751851152821991,False,0,,,,,,,,True,120,,0.22369732962549727,0.8328949213027954,RL_shank_joint,0.0,,,34.302982330322266,1.190697431564331,1.0,False,,,0.2,1.0
598,598,38,14,10.0,1.5,inextensible,25.0,1.236842105263158,SPD,speed_track_error,0.2538481961757856,0.9260348081588745,RL_shank_joint,0.0,0.7726155928684609,,0.5536300846748055,0.6300435954674231,0.630913276883463,0.659622820019722,pd,0.016839407757096057,0.03249359130859375,0.02501285117374116,0.05598776042461395,0.0,0.0,-0.8647308349609375,0.03728485107421875,0.35785260796546936,0.9670101245602467,0.9697083245575016,,False,0.20088144565169422,0.6067150831222534,,-0.860870361328125,0.2538530230522156,0.15670742935298482,False,False,rope_not_continuously_taut|tension_not_steady,True,9,1.0050000000000001,0.2902740820649786,0.9260348081588745,RR_shank_joint,0.0,1.314835253985598,0.06950567690921139,True,17,2.305,0.23437216391020937,0.7448908090591431,RL_shank_joint,0.0,1.0616200436146819,0.013603758754442141,True,9,6.005,0.16607101089252752,0.42874014377593994,FR_shank_joint,0.0,0.7522408415975693,-0.05469739426323972,False,0,,,,,,,,True,120,,0.22076840515576723,0.7750111818313599,RL_shank_joint,0.0,,,51.64776611328125,1.235671877861023,1.0,False,,,0.2,1.0
599,599,39,14,10.0,1.5,inextensible,30.0,1.236842105263158,SPD,speed_track_error,0.25605953007846494,0.9246424436569214,RL_shank_joint,0.0,0.8169036650155641,,0.5708491642214358,0.6520394718857895,0.6194338905190427,0.6602501130104065,pd,0.010179118951795511,0.02158355712890625,0.02408002547899657,0.05035560205578804,0.0,0.0,-0.998016357421875,0.02022552490234375,0.2604473829269409,0.9586787433515696,0.9586787433515696,,False,0.1889815309726747,0.5659288167953491,,-0.9967193603515625,0.2538497745990753,0.15010813948221727,False,False,rope_not_continuously_taut|tension_not_steady,True,9,1.0050000000000001,0.29025927587493633,0.9246424436569214,RR_shank_joint,0.0,1.312057263200394,0.06903472720933113,True,17,2.305,0.23828017944272042,0.7360706329345703,RL_shank_joint,0.0,1.0770964654691007,0.01705563077711522,True,9,6.005,0.14870467078199387,0.33531415462493896,FR_shank_joint,0.0,0.6721888311173382,-0.07251987788361133,False,0,,,,,,,,True,120,,0.2212245486656052,0.7772121429443359,RL_shank_joint,0.0,,,56.761192321777344,1.1716282367706299,1.0,False,,,0.2,1.0
600,600,0,15,0.0,1.0,compliant,40.0,1.2894736842105263,OK,,0.1908209385049912,0.875805139541626,RR_shank_joint,0.0,0.2929380634790948,0.575,0.05522474949248135,0.134471722131873,0.999971495224163,0.02847947657108307,pd,0.013081616022894614,0.02350616455078125,0.006881171217283827,0.023069582879543304,0.0,0.0,-0.02672576904296875,-0.00498199462890625,-0.024222835898399353,,,,,0.14799415595811433,0.5725591778755188,0.2999999999999998,0.14522552490234375,0.25385135412216187,0.06987977649914492,False,False,rope_taut_during_settle|robot_and_load_speeds_differ|tension_not_steady,True,9,1.0050000000000001,0.26082787913194766,0.875805139541626,RR_shank_joint,0.0,1.4951025428103584,0.0863730362944343,True,17,2.005,0.16899335176187166,0.588886022567749,RL_shank_joint,0.0,0.9686939554854976,-0.0054614910756417,True,9,6.005,0.1704946564962906,0.5725591778755188,FL_thigh_joint,0.0,0.97729964799595,-0.003960186341222777,False,0,,,,,,,,True,120,,0.17445484283751336,0.6131689548492432,FR_shank_joint,0.0,,,1590.0008544921875,0.980587899684906,1.0,False,,,0.2,1.0
601,601,1,15,0.0,1.5,compliant,5.0,1.2894736842105263,COL,stop_collision,0.24047139393658012,0.9253617525100708,RR_shank_joint,0.0,0.5411886870429562,,0.22485924312844874,0.2907424308576036,0.8500938379143675,0.17745543599128724,pd,0.020226227504239386,0.03278350830078125,0.027805781772692363,0.04618874192237854,0.0,0.0,0.4722747802734375,0.43122100830078125,1.3399379253387451,0.7808588292507039,0.7808588292507039,,True,0.16091535700308646,0.7101001739501953,0.47500000000000053,0.19136810302734375,0.2538509964942932,0.08950803352013241,False,True,,True,9,1.0050000000000001,0.29011355492008134,0.9253617525100708,RR_shank_joint,0.0,1.3736940812751974,0.07892129685140747,True,17,2.33,0.2098992979146575,0.6956148147583008,RL_shank_joint,0.0,0.9938778051532745,-0.0012929601540163649,True,9,6.005,0.18994421366708186,0.7101001739501953,FR_thigh_joint,0.0,0.8993900411127631,-0.021248044401592003,True,12,6.08,0.18396899974847594,0.7101001739501953,FR_thigh_joint,0.0,0.8710972714191745,-0.027223258320197924,True,120,,0.21119225806867387,0.7775834798812866,RL_shank_joint,0.0,,,19.125690460205078,1.3017958402633667,1.0,True,load_velocity_jump,0.0,0.2,1.0
602,602,2,15,0.0,1.5,compliant,10.0,1.2894736842105263,OK,,0.24625338199381988,0.9254584312438965,RR_shank_joint,0.0,0.6064669064509735,,0.26211684312671424,0.3266751950055429,0.8252554379155238,0.20427120447158814,pd,0.026992320076546502,0.04496002197265625,0.03933326549105841,0.0721755251288414,0.0,0.0,0.7013015747070312,0.6908493041992188,1.3110305070877075,0.519166348425415,0.519166348425415,,False,0.15357732058883314,0.6194372773170471,0.3250000000000002,0.1737213134765625,0.2538515329360962,0.10284492901597646,False,True,,True,9,1.0050000000000001,0.2903308906840722,0.9254584312438965,RR_shank_joint,0.0,1.3469356848596947,0.07478170452206559,True,17,2.33,0.21217096944449398,0.6451016664505005,RR_shank_joint,0.0,0.9843273974833124,-0.003378216717512622,True,9,6.005,0.1906495458727823,0.6194372773170471,FR_thigh_joint,0.0,0.8844827914566573,-0.024899640289224312,False,0,,,,,,,,True,120,,0.2155491861620066,0.7524369955062866,RL_shank_joint,0.0,,,10.817066192626953,1.302687644958496,1.0,False,,,0.2,1.0
603,603,3,15,0.0,1.5,compliant,15.0,1.2894736842105263,OK,,0.25117698953022116,0.9252721071243286,RR_shank_joint,0.0,0.6645721336082415,,0.2919100284576416,0.35742546411761017,0.8053933143615722,0.22228704929351806,pd,0.015204152944578777,0.0213775634765625,0.03601248250826804,0.06192547827959061,0.0,0.0,1.0034027099609375,0.9944839477539062,1.2899980545043945,0.2275944745569518,0.2275944745569518,,False,0.15908133174932873,0.6514884829521179,0.2999999999999998,0.1922454833984375,0.2538509964942932,0.12028901596366859,False,True,,True,9,1.0050000000000001,0.29041490697734157,0.9252721071243286,RR_shank_joint,0.0,1.3229110532591446,0.07088774658218816,True,17,2.33,0.22386657428075724,0.6665503978729248,RL_shank_joint,0.0,1.0197670934101857,0.004339413885603827,True,9,6.005,0.21001611842641082,0.6514884829521179,FR_thigh_joint,0.0,0.9566748736164468,-0.009511041968742584,False,0,,,,,,,,True,120,,0.2195271603951534,0.7396315336227417,RL_shank_joint,0.0,,,26.446542739868164,1.2523739337921143,1.0,False,,,0.2,1.0
604,604,4,15,0.0,1.5,compliant,20.0,1.2894736842105263,SPD,stop_margin_low|speed_track_error,0.2584147712465735,0.9261800050735474,RR_shank_joint,0.0,0.7338872774630506,,0.3272146898135543,0.3950463218149182,0.7818568734576304,0.2354028904438019,pd,0.016020461197474495,0.02593994140625,0.024513677150815132,0.0406360924243927,0.0,0.0,1.1840286254882812,1.2038040161132812,1.3040298223495483,0.010583936937365479,0.03333625688361508,,False,0.1667871107142247,0.6943651437759399,0.35000000000000053,0.17763519287109375,0.25385183095932007,0.09278243157205032,False,False,rope_not_continuously_taut,True,9,1.0050000000000001,0.2901867846443,0.9261800050735474,RR_shank_joint,0.0,1.3137004493497144,0.06929412620915726,True,17,2.33,0.2297900767181036,0.7213927507400513,RR_shank_joint,0.0,1.0402793752675727,0.008897418282960867,True,9,6.005,0.19695767748578907,0.6943651437759399,FL_thigh_joint,0.0,0.89164428949828,-0.023934980949353646,False,0,,,,,,,,True,120,,0.22089265843514272,0.7426198720932007,RL_shank_joint,0.0,,,0.7939109802246094,1.1733152866363525,1.0,False,,,0.2,1.0
605,605,5,15,0.0,1.5,compliant,25.0,1.2894736842105263,COL,stop_collision|speed_track_error,0.25918328235162247,0.9258629083633423,RR_shank_joint,0.0,0.783273957162685,,0.34752126663923266,0.42001329755329847,0.7683191555738449,0.2362666392326355,pd,0.0175177807266888,0.0279998779296875,0.031749062760119136,0.060249924659729004,0.0,0.0,1.2189254760742188,1.256103515625,1.283045768737793,-0.00027669209164571384,0.022739553664806067,2.000000000000001,True,0.15997683525277812,0.7137659788131714,0.3250000000000002,0.19664764404296875,0.2538497745990753,0.08830085117853043,False,False,rope_not_continuously_taut,True,9,1.0050000000000001,0.2905016978859553,0.9258629083633423,RR_shank_joint,0.0,1.306081568473212,0.06807937381507281,True,17,2.33,0.2333003383131058,0.7069212198257446,RR_shank_joint,0.0,1.0489070253521704,0.010878014242223288,True,9,6.005,0.18596832363551766,0.7137659788131714,FR_thigh_joint,0.0,0.8361045790361065,-0.03645400043536484,True,17,7.930000000000001,0.13941830733731225,0.38382720947265625,RL_shank_joint,0.0,0.6268179595717281,-0.08300401673357025,True,120,,0.2224223240708825,0.7718945741653442,RL_shank_joint,0.0,,,5.138742446899414,1.1314419507980347,1.0,True,deck_contact_force,-38.2881965637207,0.2,1.0
606,606,6,15,0.0,1.5,compliant,30.0,1.2894736842105263,SPD,speed_track_error,0.25964240011971995,0.9250571727752686,RL_shank_joint,0.0,0.8534160266167734,,0.39530755234882237,0.4665828174917934,0.7364616317674518,0.26877605557441714,pd,0.020763717509874702,0.032073974609375,0.0314109169741832,0.05153241381049156,0.0,0.0,0.859344482421875,0.935302734375,1.1934442520141602,0.2946894706745695,0.37057051449383493,,False,0.15544551713731228,0.6149582266807556,0.2999999999999998,0.19073486328125,0.2538527548313141,0.09008973679633434,False,False,rope_not_continuously_taut,True,9,1.0050000000000001,0.29027634545285136,0.9250571727752686,RR_shank_joint,0.0,1.2917987315257955,0.06556924645299844,True,17,2.33,0.23066197965737623,0.7389682531356812,RL_shank_joint,0.0,1.0265006343102991,0.005954880657523309,True,9,6.005,0.18074617994951003,0.6149582266807556,FR_thigh_joint,0.0,0.8043634613859189,-0.043960919050342884,False,0,,,,,,,,True,120,,0.22470709899985292,0.7434414625167847,RL_shank_joint,0.0,,,31.72169303894043,1.0992623567581177,1.0,False,,,0.2,1.0
607,607,7,15,0.0,1.5,compliant,35.0,1.2894736842105263,COL,stop_collision|speed_track_error,0.26335562303716653,0.9261164665222168,RL_shank_joint,0.0,0.8871809702526772,,0.42083744032308457,0.49312425038911284,0.7194417064512769,0.2781286180019379,pd,0.022455790720683683,0.03759765625,0.018133645156236063,0.04214676097035408,0.0,0.0,1.2458343505859375,1.285400390625,1.2373720407485962,-0.0010153505953667263,0.026096113911421526,1.625,True,0.15780962531899725,0.6064740419387817,0.3250000000000002,0.233001708984375,0.2538519501686096,0.08615640641723805,False,False,rope_not_continuously_taut,True,9,1.0050000000000001,0.2902738824410636,0.9261164665222168,RR_shank_joint,0.0,1.2824798880436235,0.0639359217858943,True,17,2.33,0.23316818678905124,0.7278980016708374,RL_shank_joint,0.0,1.030177112642134,0.006830226133881928,True,9,6.005,0.18193520017932913,0.6064740419387817,FR_thigh_joint,0.0,0.8038209748496906,-0.044402760475840186,True,17,7.58,0.1497172363916776,0.606559157371521,RL_shank_joint,0.0,0.6614764750830948,-0.0766207242634917,True,120,,0.2263379606551693,0.7675740718841553,RL_shank_joint,0.0,,,6.461533546447754,1.0252012014389038,1.0,True,deck_contact_force|load_velocity_jump,-81.30213165283203,0.2,1.0
608,608,8,15,0.0,1.5,rigid,40.0,0.8947368421052632,OK,,0.2256956795176651,0.9258029460906982,RR_shank_joint,0.0,0.5004046186210701,0.5499999999999998,0.0762607155367732,0.22483880558931862,0.9707294044146936,0.0209052574634552,pd,0.017206389939091987,0.03330230712890625,0.032276851517215426,0.059218548238277435,0.0,0.0,0.0011444091796875,0.0,-0.0012002976145595312,,,,,0.16682657693579545,0.7564246654510498,0.4500000000000002,0.244049072265625,0.2538519501686096,0.08698986518685606,False,False,rope_taut_during_settle|robot_and_load_speeds_differ,True,9,1.0050000000000001,0.29026853197035046,0.9258029460906982,RR_shank_joint,0.0,1.6141895501133532,0.11044545484166571,True,17,2.005,0.1890164355893389,0.5872296094894409,FL_shank_joint,0.0,1.0511244641535924,0.009193358460654139,True,9,6.005,0.19674590151852347,0.7564246654510498,FR_thigh_joint,0.0,1.0941081904505974,0.01692282438983872,False,0,,,,,,,,True,120,,0.17982307712868476,0.5964779853820801,FL_shank_joint,0.0,,,1248.1151123046875,1.4998083114624023,1.0,False,,,0.2,1.0
609,609,9,15,0.0,2.0,rigid,5.0,0.8947368421052632,COL,stop_collision,0.2713300711359289,0.9707454442977905,RL_shank_joint,0.0,0.9584299226243893,,0.32235710514709354,0.4661404884453464,0.8388214474264533,0.20528865456581116,pd,0.012461845926031199,0.0362091064453125,0.011300092490096265,0.021919332444667816,0.0,0.0,0.37989044189453125,0.35997772216796875,1.8000049591064453,0.6249839272019244,0.6394893162383539,,True,0.1793832026106612,0.9931433200836182,0.7750000000000004,0.383148193359375,0.2544079124927521,0.1496171148409269,False,False,rope_taut_during_settle,True,9,1.0050000000000001,0.3193801696706803,0.9707454442977905,RR_shank_joint,0.0,1.3623130368780592,0.08494053573559956,True,16,2.0300000000000002,0.22206640951228052,0.7222303152084351,RR_shank_joint,0.0,0.9472221304260077,-0.0123732244228002,True,9,6.005,0.2332330941099817,0.9931433200836182,FR_thigh_joint,0.0,0.994853515999632,-0.0012065398250990234,True,10,6.03,0.22671233497791016,0.9931433200836182,FR_thigh_joint,0.0,0.9670392807416244,-0.007727298957170559,True,120,,0.23443963393508072,0.7587494850158691,RR_shank_joint,0.0,,,33.83420181274414,1.8234505653381348,1.0,True,load_velocity_jump,0.0,0.2,1.0
610,610,10,15,0.0,2.0,rigid,10.0,0.8947368421052632,COL,stop_collision|speed_track_error,0.26649319907196495,0.9822384119033813,RL_shank_joint,0.0,1.094166331647288,,0.4156399975903332,0.5472813920760463,0.7921800012048333,0.274662150144577,pd,0.031107514870604303,0.046688079833984375,0.02498230359365583,0.041035186499357224,0.0,0.0,0.40897369384765625,0.43990325927734375,1.6766852140426636,0.6235094877290805,0.646833952268949,,True,0.17290100468843222,0.6942660808563232,0.9000000000000004,0.41252899169921875,0.25467970967292786,0.11746857584895662,False,False,rope_taut_during_settle,True,9,1.0050000000000001,0.323894408090809,0.9822384119033813,RL_shank_joint,0.0,1.332593690643861,0.08083877127902506,True,16,2.0300000000000002,0.2587416390006777,0.7668155431747437,RR_shank_joint,0.0,1.0645366731446784,0.015686002188893766,True,9,6.005,0.2142184360074956,0.6856505870819092,FL_thigh_joint,0.0,0.8813555563551109,-0.028837200804288338,True,12,6.08,0.21948931003190564,0.6942660808563232,FL_thigh_joint,0.0,0.903041430805707,-0.0235663267798783,True,120,,0.24305563681178394,0.7717980146408081,RR_shank_joint,0.0,,,56.132965087890625,1.666409969329834,1.0,True,load_velocity_jump,0.0,0.2,1.0
611,611,11,15,0.0,2.0,rigid,15.0,0.8947368421052632,COL,stop_collision|speed_track_error,0.27444336870056957,0.9849032163619995,RL_shank_joint,0.0,1.2078623987418864,,0.4813118820637465,0.6124973086019697,0.7593440589681267,0.2985197174549103,pd,0.022291115890869677,0.03421783447265625,0.02607854648434535,0.03852321207523346,0.0,0.0,0.5061721801757812,0.5303726196289062,1.6835030317306519,0.6315698644559831,0.6456434574904364,,True,0.17575761957306282,0.7309448719024658,0.7000000000000002,0.5094223022460938,0.2548825442790985,0.11634595030986014,False,False,rope_taut_during_settle,True,9,1.0050000000000001,0.3245720780882166,0.9849032163619995,RL_shank_joint,0.0,1.3135857736920538,0.07748347177973611,True,17,2.005,0.28133906057991687,0.7659751176834106,RL_shank_joint,0.0,1.138616081021057,0.03425045427143639,True,9,6.005,0.21188778107290268,0.7309448719024658,FL_thigh_joint,0.0,0.8575376430282222,-0.0352008252355778,True,15,6.155,0.2051158143273992,0.7309448719024658,FL_thigh_joint,0.0,0.8301306053396899,-0.04197279198108128,True,120,,0.24708860630848048,0.7842553853988647,RL_shank_joint,0.0,,,8.416393280029297,1.3979109525680542,1.0,True,load_velocity_jump,0.0,0.2,1.0
612,612,12,15,0.0,2.0,rigid,20.0,0.8947368421052632,COL,stop_collision|speed_track_error,0.27717571185687384,0.9830669164657593,RL_shank_joint,0.0,1.2748576730431054,,0.528565024342388,0.6576001604263716,0.7357174878288061,0.31383791446685794,pd,0.02996462935699108,0.0450897216796875,0.027728881535947682,0.040648043155670166,0.0,0.0,0.5796432495117188,0.6222610473632812,1.674708604812622,0.6310516012340912,0.6435523306260933,,True,0.18378822391738692,0.8989107608795166,,0.5825576782226562,0.25502079725265503,0.12442307187754464,False,False,rope_taut_during_settle,True,9,1.0050000000000001,0.3257853649764659,0.9830669164657593,RL_shank_joint,0.0,1.3041315751171614,0.07597516852661934,True,16,2.0300000000000002,0.2694082516339674,0.7612773180007935,RL_shank_joint,0.0,1.0784517824437783,0.01959805518412089,True,9,6.005,0.21904831276911238,0.8989107608795166,FL_thigh_joint,0.0,0.8768589748621005,-0.030761883680734153,True,17,6.23,0.20969501477631275,0.8989107608795166,FL_thigh_joint,0.0,0.8394173566826862,-0.040115181673533784,True,120,,0.24981019644984653,0.7938433885574341,RL_shank_joint,0.0,,,56.824119567871094,1.356903076171875,1.0,True,load_velocity_jump,0.0,0.2,1.0
613,613,13,15,0.0,2.0,rigid,25.0,0.8947368421052632,COL,stop_collision|speed_track_error,0.28316397978959723,0.9840701818466187,RL_shank_joint,0.0,1.3510380225927872,,0.5772246038354933,0.7084363627996608,0.7113876980822533,0.3230940639972687,pd,0.02931196781570626,0.056522369384765625,0.03248272783327129,0.052238091826438904,0.0,0.0,0.67034912109375,0.7067947387695312,1.662294864654541,0.6295748636251659,0.6460755409524097,,True,0.19352280921728113,0.7443877756595612,0.9249999999999998,0.672637939453125,0.2551426887512207,0.15527431719230422,False,False,rope_taut_during_settle,True,9,1.0050000000000001,0.32887819263681534,0.9840701818466187,RL_shank_joint,0.0,1.3046164105484463,0.07679015359508767,True,16,2.0300000000000002,0.2854474149168037,0.7939646244049072,RL_shank_joint,0.0,1.1323322439330574,0.033359375875076036,True,9,6.005,0.22667240258391896,0.7356460094451904,FR_thigh_joint,0.0,0.8991795225413226,-0.0254156364578087,True,17,6.23,0.2114920310206657,0.7378332018852234,FL_thigh_joint,0.0,0.8389609908689789,-0.040596008021061974,True,120,,0.25208803904172766,0.7939646244049072,RL_shank_joint,0.0,,,65.65814208984375,1.2076867818832397,1.0,True,load_velocity_jump,0.0,0.2,1.0
614,614,14,15,0.0,2.0,rigid,30.0,0.8947368421052632,SPD,speed_track_error,0.2853126667627889,0.9831811189651489,RL_shank_joint,0.0,1.4059590729730393,,0.6336666092090308,0.758957507533521,0.6831666953954846,0.3509732460975647,pd,0.0332734925879985,0.054286956787109375,0.029734823298713044,0.045211341232061386,0.0,0.0,0.7506027221679688,0.789703369140625,1.6412382125854492,0.6259705374207414,0.6453592759240792,,False,0.18969526248921612,0.8308267593383789,,0.753387451171875,0.25525176525115967,0.1175462568513973,False,False,rope_taut_during_settle,True,9,1.0050000000000001,0.3304927728553805,0.9831811189651489,RL_shank_joint,0.0,1.3018986870964202,0.07663832463217263,True,17,2.005,0.28253414932429893,0.7675162553787231,RL_shank_joint,0.0,1.1129769491999357,0.028679701101091082,True,9,6.005,0.21240834506235737,0.8308267593383789,FR_thigh_joint,0.0,0.8367328071225761,-0.041446103160850484,False,0,,,,,,,,True,120,,0.25385444822320785,0.8092608451843262,RL_shank_joint,0.0,,,30.89679527282715,1.0497345924377441,1.0,False,,,0.2,1.0
615,615,15,15,0.0,2.0,rigid,35.0,0.8947368421052632,SPD,speed_track_error,0.28083955834687097,0.9826472997665405,RL_shank_joint,0.0,1.446718816790393,,0.688437014259398,0.8046464443496453,0.655781492870301,0.3922976815700531,pd,0.0328089869771361,0.05338287353515625,0.023922491490690055,0.04654311016201973,0.0,0.0,0.83453369140625,0.8605804443359375,1.643549919128418,0.627791567845577,0.6444939012944673,,False,0.19345387502471653,0.9531464576721191,,0.8365859985351562,0.25530415773391724,0.121446384043543,False,False,rope_taut_during_settle,True,9,1.0050000000000001,0.3300446076492525,0.9826472997665405,RL_shank_joint,0.0,1.2745729157216525,0.07109935345609869,True,17,2.005,0.2853281004570501,0.7770390510559082,RL_shank_joint,0.0,1.1018858072765323,0.02638284626389631,True,9,6.005,0.22217321368563037,0.9531464576721191,FL_thigh_joint,0.0,0.8579929930668116,-0.03677204050752342,False,0,,,,,,,,True,120,,0.2589452541931538,0.7828439474105835,RL_shank_joint,0.0,,,37.33607482910156,0.9714711904525757,1.0,False,,,0.2,1.0
616,616,16,15,0.0,2.0,inextensible,40.0,1.2894736842105263,OK,,0.2691976341420102,0.970892071723938,RR_shank_joint,0.0,0.7300407736251976,0.44999999999999996,0.11236882837489247,0.32744501902203726,0.9579711691942066,0.02365988612174988,pd,0.043931319771273104,0.06527137756347656,0.027248425182695588,0.051517125219106674,0.0,0.0,-0.4664154052734375,,-0.15518710017204285,,,,,0.18090307147469256,1.0320247411727905,0.5499999999999998,0.3953857421875,0.2538508176803589,0.171748968599605,False,False,rope_taut_during_settle|robot_and_load_speeds_differ,True,9,1.0050000000000001,0.31831194152839704,0.970892071723938,RR_shank_joint,0.0,1.398212339390974,0.09065557449401249,True,17,2.005,0.2277432650547307,0.5731834173202515,FL_shank_joint,0.0,1.0003817069624634,8.689802034614336e-05,True,9,6.005,0.2531759268884987,1.0320247411727905,FL_thigh_joint,0.0,1.112096842212455,0.025519559854114165,False,0,,,,,,,,True,120,,0.22765636703438455,0.5871436595916748,FR_shank_joint,0.0,,,1927.6885986328125,1.9890022277832031,1.0,False,,,0.2,1.0
617,617,17,15,0.0,0.5,inextensible,5.0,1.2894736842105263,OK,,0.1660330312751594,0.5913909673690796,FL_shank_joint,0.0,0.13989766413045351,0.17499999999999982,0.04561711075715721,0.07172811063744405,0.9115665482915938,0.03928617864847183,pd,0.008182123272174607,0.01792430877685547,0.011795557800651063,0.039330363273620605,0.0,0.0,-0.001007080078125,0.08530426025390625,0.4738975763320923,0.9659352681677973,1.0349100997906504,,False,0.13362449105056656,0.459814190864563,0.3250000000000002,0.00026702880859375,0.2538539171218872,0.08247803682787491,False,True,,True,9,1.0050000000000001,0.1945014958417765,0.5913909673690796,RR_shank_joint,0.0,1.2537322203860202,0.039363506501524786,True,17,2.555,0.15836556179254888,0.5707449913024902,RL_shank_joint,0.0,1.0208045267701542,0.003227572452297156,True,9,6.005,0.14702810991759754,0.4266970753669739,FL_thigh_joint,0.0,0.9477247355264646,-0.008109879422654176,False,0,,,,,,,,True,120,,0.15513798934025172,0.5744520425796509,FR_shank_joint,0.0,,,9.501520156860352,0.47271034121513367,1.0,False,,,0.2,1.0
618,618,18,15,0.0,0.5,inextensible,10.0,1.2894736842105263,OK,,0.16790523498815424,0.5912755727767944,FL_shank_joint,0.0,0.15294356993105337,0.17499999999999982,0.05915161717683077,0.0816486972591413,0.8843557109683752,0.049584778845310214,pd,0.005735797606390947,0.00803375244140625,0.011364560829258562,0.0393625944852829,0.0,0.0,0.04463958740234375,0.1335906982421875,0.43887466192245483,0.8935369373912891,0.9785050253647825,,False,0.132471555849609,0.3701012134552002,0.40000000000000036,-0.011505126953125,0.2538517117500305,0.08429336326622416,False,False,rope_not_continuously_taut,True,9,1.0050000000000001,0.1944493904068588,0.5912755727767944,RR_shank_joint,0.0,1.214332758303151,0.03432080203000165,True,17,2.555,0.160183346301362,0.549202561378479,RL_shank_joint,0.0,1.000341962200878,5.4757924504850175e-05,True,9,6.005,0.1393173595245822,0.3701012134552002,FR_thigh_joint,0.0,0.8700342701873046,-0.020811228852274932,False,0,,,,,,,,True,120,,0.16012858837685714,0.5892579555511475,RL_shank_joint,0.0,,,13.407155990600586,0.4737967550754547,1.0,False,,,0.2,1.0
619,619,19,15,0.0,0.5,inextensible,15.0,1.2894736842105263,OK,,0.17022174390317824,0.5924198627471924,RR_shank_joint,0.0,0.16585186974820557,0.17499999999999982,0.06552878291346133,0.08840575603323879,0.8716224628500641,0.05230946451425553,pd,0.006583342091374236,0.009426593780517578,0.014595447015108535,0.039351027458906174,0.0,0.0,-0.0070953369140625,0.1524505615234375,0.42832210659980774,0.8824801110553153,1.0273140392252174,,False,0.1444333171481825,0.3666316270828247,0.6000000000000005,-0.006500244140625,0.25385189056396484,0.08701384179519234,False,False,rope_not_continuously_taut,True,9,1.0050000000000001,0.1944898530253047,0.5924198627471924,RR_shank_joint,0.0,1.2246550872407418,0.03567791074733004,True,17,2.555,0.16487186771426418,0.5701456069946289,FR_shank_joint,0.0,1.0381578699269518,0.006059925436289526,True,9,6.005,0.13853538391642298,0.3221653699874878,FR_shank_joint,0.0,0.8723234659137861,-0.020276558361551678,False,0,,,,,,,,True,120,,0.15881194227797465,0.6077231168746948,RL_shank_joint,0.0,,,6.703235158056486e-07,0.45974305272102356,1.0,False,,,0.2,1.0
620,620,20,15,5.0,0.5,compliant,20.0,1.2894736842105263,OK,,0.16959469835217808,0.5922986268997192,RR_shank_joint,0.0,0.18429304406664637,0.17499999999999982,0.06779479697346687,0.0974740585519793,0.8674646362662315,0.043761640787124634,pd,0.006632115356635408,0.011620759963989258,0.017996887925815108,0.03933154419064522,0.0,0.0,0.37523651123046875,0.36594390869140625,0.4575449824333191,0.6261558424462237,0.6261558424462237,,False,0.15174697436445625,0.43922102451324463,0.9000000000000004,-0.0356292724609375,0.25385189056396484,0.0710132835858892,False,True,,True,9,1.0050000000000001,0.1945304170595875,0.5922986268997192,RR_shank_joint,0.0,1.2414374213426782,0.037832694149645824,True,17,2.58,0.15565862315400922,0.530879020690918,FL_shank_joint,0.0,0.9933687628854079,-0.001039099755932471,True,9,6.005,0.13901005567842104,0.38211357593536377,FR_shank_joint,0.0,0.8871223722779544,-0.017687667231520654,False,0,,,,,,,,True,120,,0.1566977229099417,0.6293869018554688,FR_shank_joint,0.0,,,3.7620134353637695,0.4128586947917938,1.0,False,,,0.2,1.0
621,621,21,15,5.0,0.5,compliant,25.0,1.2894736842105263,OK,,0.17613994837519611,0.6154131889343262,RR_shank_joint,0.0,0.20349055660850954,0.17499999999999982,0.0757104133348912,0.10876443271587014,0.851335276607424,0.04919433236122131,pd,0.004720025052591374,0.007571220397949219,0.014135106949574395,0.039495598524808884,0.0,0.0,0.39231109619140625,0.3820953369140625,0.4212349057197571,0.6273226307350228,0.6273255768032016,,False,0.14737920175167835,0.41542840003967285,0.7000000000000002,-0.01061248779296875,0.25385376811027527,0.07304557883743117,False,True,,True,9,1.0050000000000001,0.1942727366070516,0.589003324508667,RR_shank_joint,0.0,1.2426697701135219,0.03793777032771242,True,17,2.58,0.16188156206447893,0.5791199207305908,RL_shank_joint,0.0,1.0354789201491181,0.005546595785139746,True,9,6.005,0.14458483941971179,0.36498546600341797,FR_shank_joint,0.0,0.9248400588859162,-0.011750126859627397,False,0,,,,,,,,True,120,,0.15633496627933918,0.6359152793884277,FR_shank_joint,0.0,,,12.667373657226562,0.4575841426849365,1.0,False,,,0.2,1.0
622,622,22,15,5.0,0.5,compliant,30.0,1.2894736842105263,OK,,0.17803567190517897,0.6274365186691284,RR_shank_joint,0.0,0.20758736360205424,0.17499999999999982,0.0715575441531837,0.10630268117076087,0.8604886025562882,0.051023873388767245,pd,0.00803320778556621,0.010641098022460938,0.011261256632915528,0.03934308513998985,0.0,0.0,0.5070877075195312,0.49444580078125,0.4610426127910614,0.5174753792269513,0.5174753792269513,,False,0.12868239048854463,0.3492509126663208,0.375,-0.0095672607421875,0.2538536787033081,0.06399973897974608,False,False,rope_not_continuously_taut,True,9,1.0050000000000001,0.1944771437519884,0.5922187566757202,RR_shank_joint,0.0,1.2354555417314834,0.03706383571871846,True,17,2.58,0.1521764760080856,0.5666651725769043,FR_shank_joint,0.0,0.966731961289591,-0.005236832025184351,True,9,6.005,0.1288199851737699,0.3492509126663208,FR_thigh_joint,0.0,0.8183551110338351,-0.02859332285950003,False,0,,,,,,,,True,120,,0.15741330803326994,0.5895106792449951,RL_shank_joint,0.0,,,10.65635871887207,0.43881288170814514,1.0,False,,,0.2,1.0
623,623,23,15,5.0,0.5,compliant,35.0,1.2894736842105263,OK,,0.1797322964899901,0.6520236730575562,RR_shank_joint,0.0,0.22303821568426108,0.19999999999999996,0.07770139935426414,0.1129002874057712,0.8486653994955122,0.05477956682443619,pd,0.008420537271409812,0.01143646240234375,0.011043470830381099,0.03981886804103851,0.0,0.0,0.5449600219726562,0.5322952270507812,0.44869479537010193,0.47314018502936506,0.47314018502936506,,False,0.12489539441100318,0.34798645973205566,0.40000000000000036,-0.0139312744140625,0.25385189056396484,0.061841693362819306,False,False,rope_not_continuously_taut,True,9,1.0050000000000001,0.19409785641349372,0.5882395505905151,RR_shank_joint,0.0,1.209289436756317,0.03359214908330868,True,17,2.58,0.16500588119364032,0.5747076272964478,FR_shank_joint,0.0,1.0280374694352628,0.004500173863455276,True,9,6.005,0.13209553150376746,0.34798645973205566,FR_thigh_joint,0.0,0.8229958529264416,-0.028410175826417583,False,0,,,,,,,,True,120,,0.16050570733018504,0.6074248552322388,RL_shank_joint,0.0,,,13.810827255249023,0.453926682472229,1.0,False,,,0.2,1.0
624,624,24,15,5.0,0.5,rigid,40.0,0.8947368421052632,OK,,0.16153689875752872,0.5921907424926758,FL_shank_joint,0.0,0.13471238245612796,0.17499999999999982,0.03626592790707946,0.06679367569284655,1.0201503639295697,0.027872386276721953,pd,0.006641478274220402,0.010206222534179688,0.016309379870929248,0.039466213434934616,0.0,0.0,-0.2024383544921875,,-0.040534552186727524,,,,,0.15048669549609286,0.47819483280181885,0.7750000000000004,-0.05171966552734375,0.253851979970932,0.11870262940738721,False,False,rope_taut_during_settle|robot_and_load_speeds_differ,True,9,1.0050000000000001,0.19434538299528872,0.5921907424926758,RR_shank_joint,0.0,1.2913627124906033,0.04384902661493298,True,17,2.005,0.14725418931555195,0.481542706489563,FR_shank_joint,0.0,0.9784568401336593,-0.0032421670648037915,True,9,6.005,0.1437520330799035,0.40076756477355957,FR_shank_joint,0.0,0.9551861356469852,-0.006744323300452243,False,0,,,,,,,,True,120,,0.15049635638035574,0.5210320949554443,FR_shank_joint,0.0,,,384.6101379394531,0.5053213834762573,1.0,False,,,0.2,1.0
625,625,25,15,5.0,1.0,rigid,5.0,0.8947368421052632,COL,stop_collision,0.21502678897295605,0.880603551864624,RR_shank_joint,0.0,0.3661405310549512,0.575,0.14286340137943626,0.19523824533437134,0.8571365986205638,0.13439418792724608,pd,0.025694727620392557,0.03868865966796875,0.014563763000270671,0.02657282166182995,0.0,0.0,-0.02834320068359375,-0.00183868408203125,0.8300074338912964,0.6180861500868531,0.6410621506891516,,True,0.1591759122446082,0.5314339399337769,0.7000000000000002,-0.02117919921875,0.2544407546520233,0.09930368908055873,False,False,rope_taut_during_settle,True,9,1.0050000000000001,0.26908592282438154,0.880603551864624,RR_shank_joint,0.0,1.3904807628200992,0.0755658612604691,True,16,2.0300000000000002,0.19458533794251875,0.6757006645202637,RL_shank_joint,0.0,1.005504733566109,0.0010652763786063169,True,9,6.005,0.16640711819756174,0.5314339399337769,FR_thigh_joint,0.0,0.8598959552449486,-0.0271129433663507,True,10,6.03,0.16760294145464374,0.5314339399337769,FR_thigh_joint,0.0,0.8660752797419443,-0.025917120109268693,True,120,,0.19352006156391244,0.764296293258667,RL_shank_joint,0.0,,,18.660356521606445,0.9015122056007385,1.0,True,load_velocity_jump,0.0,0.2,1.0
626,626,26,15,5.0,1.0,rigid,10.0,0.8947368421052632,COL,stop_collision,0.22169369730432062,0.8827167749404907,RR_shank_joint,0.0,0.405365624359197,,0.16889878967776895,0.2198880794767632,0.831101210322231,0.15271058022975922,pd,0.02477315967043056,0.048526763916015625,0.013554500873032223,0.024659479036927223,0.0,0.0,0.0121612548828125,0.1118621826171875,0.8015944361686707,0.6143213961867531,0.639418837408968,,True,0.1627878972037513,0.5121137499809265,0.9500000000000002,0.01546478271484375,0.25474461913108826,0.13000628923077562,False,False,rope_taut_during_settle,True,9,1.0050000000000001,0.27453315141950624,0.8827167749404907,RR_shank_joint,0.0,1.417235222569595,0.08082278700889764,True,16,2.0300000000000002,0.19928203440051692,0.6759088039398193,RL_shank_joint,0.0,1.0287628904465742,0.005571669989908323,True,9,6.005,0.1693854316586459,0.5121137499809265,FL_thigh_joint,0.0,0.8744262712737402,-0.024324932751962708,True,10,6.03,0.17124996507531318,0.5121137499809265,FL_thigh_joint,0.0,0.8840516386222576,-0.022460399335295422,True,120,,0.1937103644106086,0.7627658843994141,RL_shank_joint,0.0,,,-10.150211334228516,0.8981884717941284,1.0,True,load_velocity_jump,0.0,0.2,1.0
627,627,27,15,5.0,1.0,rigid,15.0,0.8947368421052632,OK,,0.2239631265532964,0.8848742246627808,RL_shank_joint,0.0,0.4374553082591565,,0.1831921357102692,0.23650776074575056,0.8168078642897307,0.16402794361114503,pd,0.02621598404823582,0.04555511474609375,0.01600896519708703,0.03498673439025879,0.0,0.0,-0.08562469482421875,0.119476318359375,0.7527427673339844,0.6242188483701767,0.6418953823000777,,False,0.16763046418140398,0.5113450288772583,,-0.0818328857421875,0.25497767329216003,0.12687781757241964,False,False,rope_taut_during_settle|tension_not_steady,True,9,1.0050000000000001,0.2822429801351797,0.8848742246627808,RR_shank_joint,0.0,1.455892392884504,0.08838045189160362,True,16,2.0300000000000002,0.18835394374575753,0.7237968444824219,RL_shank_joint,0.0,0.9715850992570502,-0.0055085844978185194,True,9,6.005,0.16353972309560008,0.5113450288772583,FL_thigh_joint,0.0,0.8435860430444956,-0.030322805147975973,False,0,,,,,,,,True,120,,0.19386252824357605,0.7943966388702393,RL_shank_joint,0.0,,,19.14531898498535,0.9119343757629395,1.0,False,,,0.2,1.0
628,628,28,15,5.0,1.0,inextensible,20.0,1.2894736842105263,OK,,0.2215552443072487,0.8760621547698975,RL_shank_joint,0.0,0.4015871777413858,,0.18059324243105948,0.22045461093158444,0.8198273458238691,0.15382270276546478,pd,0.022445824935415103,0.044200897216796875,0.012392172066900287,0.024996349588036537,0.0,0.0,-0.04184722900390625,0.2349090576171875,0.7728690505027771,0.8224347275265274,1.0580546489042888,,False,0.15188805428459948,0.47454702854156494,0.7750000000000004,-0.03798675537109375,0.2538509666919708,0.12363860166448429,False,False,rope_not_continuously_taut,True,9,1.0050000000000001,0.2607993808491921,0.8760621547698975,RR_shank_joint,0.0,1.340457382283633,0.06623938640543853,True,17,2.355,0.1983943179409456,0.7103112936019897,RL_shank_joint,0.0,1.0197076665640046,0.003834323497192066,True,9,6.005,0.15543082806706066,0.43573546409606934,FL_thigh_joint,0.0,0.798883801942105,-0.03912916637669289,False,0,,,,,,,,True,120,,0.19455999444375355,0.7838608026504517,RL_shank_joint,0.0,,,28.215816497802734,0.8982001543045044,1.0,False,,,0.2,1.0
629,629,29,15,5.0,1.0,inextensible,25.0,1.2894736842105263,OK,,0.22607367991972613,0.8758352994918823,RL_shank_joint,0.0,0.43088858304711675,,0.18819892941974103,0.23157342484944765,0.8122107893321663,0.15097094237804412,pd,0.022177195393951306,0.043895721435546875,0.01443716331183246,0.028952689841389656,0.0,0.0,-0.0648040771484375,0.25521087646484375,0.7793363928794861,0.8054667493797751,1.0517211950817256,,False,0.15355120427605337,0.4822118282318115,0.7999999999999998,-0.06018829345703125,0.25385236740112305,0.12306102146190268,False,False,rope_not_continuously_taut,True,9,1.0050000000000001,0.26092693058524336,0.8758352994918823,RR_shank_joint,0.0,1.3354006865574775,0.06553469122831629,True,17,2.355,0.1991178020415401,0.6822497844696045,RL_shank_joint,0.0,1.0190670965073871,0.0037255626846130208,True,9,6.005,0.15434349866044358,0.43058502674102783,FL_thigh_joint,0.0,0.7899162175960383,-0.04104874069648348,False,0,,,,,,,,True,120,,0.19539223935692707,0.7993271350860596,RL_shank_joint,0.0,,,29.73630714416504,0.879797637462616,1.0,False,,,0.2,1.0
630,630,30,15,10.0,1.0,compliant,30.0,1.2894736842105263,SPD,speed_track_error,0.2351239891917189,0.8873265981674194,RL_shank_joint,0.0,0.4723023935254296,,0.22893741776235402,0.2738530243084041,0.7720479829143733,0.2128446388244629,pd,0.023388360187520576,0.037975311279296875,0.012905902927820331,0.02732023037970066,0.0,0.0,-0.147796630859375,0.1992340087890625,0.6108217239379883,,,,False,0.16028235979461122,0.5465705394744873,0.8500000000000005,-0.16436767578125,0.2538527250289917,0.15507566490740862,False,True,,True,9,1.0050000000000001,0.26059714437282616,0.8760278224945068,RR_shank_joint,0.0,1.3363139810736504,0.06558523245415301,True,17,2.38,0.1956202478999539,0.7291843891143799,RL_shank_joint,0.0,1.0031194811398723,0.0006083359812807387,True,9,6.005,0.14642093675045653,0.36359119415283203,FL_shank_joint,0.0,0.7508307329016867,-0.048590975168216616,False,0,,,,,,,,True,120,,0.19501191191867315,0.7833521366119385,RL_shank_joint,0.0,,,22.298419952392578,0.8242214322090149,1.0,False,,,0.2,1.0
631,631,31,15,10.0,1.0,compliant,35.0,1.2894736842105263,SPD,speed_track_error,0.2372167347990246,0.8757607936859131,RR_shank_joint,0.0,0.49465276010180476,,0.2356320689059794,0.28321870782151515,0.7653390087746084,0.21150473713874818,pd,0.025652512849003113,0.0380096435546875,0.010068466818679777,0.025370817631483078,0.0,0.0,-0.1362762451171875,0.2153472900390625,0.6519330739974976,,,,False,0.14530685003611624,0.4282093048095703,0.6749999999999998,-0.1703948974609375,0.2538508176803589,0.1575331231242759,False,True,,True,9,1.0050000000000001,0.2608679675481404,0.8757607936859131,RR_shank_joint,0.0,1.3284501191655238,0.0644978037124018,True,17,2.38,0.20104214687179361,0.6872066259384155,RL_shank_joint,0.0,1.0237917153237346,0.004671983036055011,True,9,6.005,0.13942362886597306,0.3816896677017212,FR_thigh_joint,0.0,0.710004137810871,-0.05694653496976554,False,0,,,,,,,,True,120,,0.1963701638357386,0.7784602642059326,RL_shank_joint,0.0,,,18.944927215576172,0.8114377856254578,1.0,False,,,0.2,1.0
632,632,32,15,10.0,1.0,compliant,40.0,1.2894736842105263,OK,,0.1907227207905855,0.8760559558868408,RR_shank_joint,0.0,0.2925721906565591,0.575,0.07743099801242352,0.14292264781650346,0.9489271343499422,0.07130317926406861,pd,0.033880946036830305,0.0540008544921875,0.030811901578596503,0.06278418004512787,0.0,0.0,-0.099273681640625,0.0,-0.016107279807329178,,,,,0.15919826111961255,0.5181671977043152,0.875,-0.00643157958984375,0.25384995341300964,0.17098321465679286,False,False,rope_taut_during_settle|robot_and_load_speeds_differ|tension_not_steady,True,9,1.0050000000000001,0.2609089080417833,0.8760559558868408,RR_shank_joint,0.0,1.4265921566320798,0.07801928059721572,True,17,2.005,0.16860361585057068,0.5878777503967285,RL_shank_joint,0.0,0.9218872508320524,-0.014286011593996895,True,9,6.005,0.16278530534892605,0.5181671977043152,FR_thigh_joint,0.0,0.8900740168999743,-0.02010432209564153,False,0,,,,,,,,True,120,,0.18288962744456758,0.7307254076004028,RL_shank_joint,0.0,,,30333.3671875,0.9794750213623047,1.0,False,,,0.2,1.0
633,633,33,15,10.0,1.5,compliant,5.0,1.2894736842105263,COL,stop_collision|speed_track_error,0.2383476419994701,0.9259756803512573,RR_shank_joint,0.0,0.5559692224540499,,0.34326131487265227,0.3928942495586357,0.7711591234182319,0.3867382711172104,pd,0.022192576013805275,0.0353851318359375,0.018859322469341716,0.04683671519160271,0.0,0.0,0.21369171142578125,0.21123504638671875,1.2294955253601074,1.040480593929928,1.0408906845958938,,True,0.14349298332129246,0.6075789928436279,0.4249999999999998,0.22714996337890625,0.25384989380836487,0.1580718801334306,False,False,rope_not_continuously_taut,True,9,1.0050000000000001,0.29057793919339747,0.9259756803512573,RR_shank_joint,0.0,1.354501736431605,0.07605038904132716,True,17,2.33,0.20491162470820432,0.6824073791503906,RR_shank_joint,0.0,0.955176267863733,-0.009615925443865997,True,9,6.005,0.18415050624086032,0.6075789928436279,FL_thigh_joint,0.0,0.858400266587313,-0.03037704391120999,True,10,6.03,0.1811512491733976,0.6075789928436279,FR_thigh_joint,0.0,0.8444195118295363,-0.033376300978672724,True,120,,0.2145275501520703,0.7994273900985718,RL_shank_joint,0.0,,,24.439016342163086,1.342671513557434,1.0,True,load_velocity_jump,0.0,0.2,1.0
634,634,34,15,10.0,1.5,rigid,10.0,0.8947368421052632,COL,stop_collision|speed_track_error,0.24615643610777946,0.9120051860809326,RR_shank_joint,0.0,0.7165237907752847,,0.4665950665809214,0.5338852141246861,0.6889366222793858,0.5659222757816315,pd,0.014948289167580842,0.03035736083984375,0.02169742549658315,0.0488959364593029,0.0,0.0,-0.1069488525390625,0.12491607666015625,0.8369753360748291,0.5765967049759553,0.6361167663607148,,True,0.17177073729255465,0.4902297258377075,,-0.10517120361328125,0.24880915880203247,0.16464723723837424,False,False,rope_taut_during_settle,True,9,1.0050000000000001,0.3047047259020337,0.9120051860809326,RR_shank_joint,0.0,1.3923305271005844,0.08585961694894867,True,17,2.005,0.20954610789688075,0.7438341379165649,RL_shank_joint,0.0,0.9575087553901068,-0.009299001056204265,True,9,6.005,0.1702430096231578,0.4889301657676697,FR_thigh_joint,0.0,0.7779155332169371,-0.048602099329927206,True,10,6.03,0.17411917330472204,0.4889301657676697,FR_thigh_joint,0.0,0.7956274377694632,-0.04472593564836297,True,120,,0.218845108953085,0.793550968170166,RL_shank_joint,0.0,,,42.887325286865234,1.3222427368164062,1.0,True,load_velocity_jump,0.0,0.2,1.0
635,635,35,15,10.0,1.5,rigid,15.0,0.8947368421052632,SPD,speed_track_error,0.24690671696922958,0.92387855052948,RL_shank_joint,0.0,0.7790421481961453,,0.5179057465679944,0.5939635998834841,0.6547295022880038,0.6285473740100861,pd,0.011271375035486206,0.02935028076171875,0.025272197325174738,0.05165465176105499,0.0,0.0,-0.3759918212890625,0.0723114013671875,0.6031730771064758,0.6060546365902582,0.646598056659613,,False,0.17944803047468347,0.5349413156509399,,-0.37197113037109375,0.254958838224411,0.14567579395315491,False,False,rope_taut_during_settle|tension_not_steady,True,9,1.0050000000000001,0.30903445464541485,0.92387855052948,RR_shank_joint,0.0,1.3882374722997337,0.08642523913888273,True,17,2.005,0.22095855207540566,0.6718993186950684,RL_shank_joint,0.0,0.9925849276842807,-0.0016506634311264645,True,9,6.005,0.15505804624957054,0.3586416244506836,FL_shank_joint,0.0,0.6965481904994207,-0.06755116925696159,False,0,,,,,,,,True,120,,0.22260921550653212,0.801701545715332,RL_shank_joint,0.0,,,33.75400161743164,1.2415921688079834,1.0,False,,,0.2,1.0
636,636,36,15,10.0,1.5,rigid,20.0,0.8947368421052632,SPD,speed_track_error,0.24957233055745728,0.9287967681884766,RL_shank_joint,0.0,0.8395744051940119,,0.5650391522049903,0.6490321128216384,0.6233072318633398,0.6842020666599273,pd,0.02722604777190509,0.0645751953125,0.021767941536270465,0.05441277101635933,0.0,0.0,-0.9891815185546875,0.05426788330078125,0.47934943437576294,0.58625640532793,0.66818324138994,,False,0.18891440454042635,0.5800775289535522,,-0.9864273071289062,0.2542118430137634,0.15236114260262815,False,False,rope_taut_during_settle|tension_not_steady,True,9,1.0050000000000001,0.3109768635419352,0.9287967681884766,RL_shank_joint,0.0,1.3918481956726265,0.08754957850554365,True,16,2.0300000000000002,0.22809189344081826,0.7445063591003418,RL_shank_joint,0.0,1.0208775235471663,0.004664608404426701,True,9,6.005,0.17656528400696245,0.5082091093063354,FR_shank_joint,0.0,0.790258378595988,-0.04686200102942911,False,0,,,,,,,,True,120,,0.22342728503639156,0.8303090333938599,RL_shank_joint,0.0,,,33.936737060546875,1.1891759634017944,1.0,False,,,0.2,1.0
637,637,37,15,10.0,1.5,rigid,25.0,0.8947368421052632,SPD,speed_track_error,0.25307027052716075,0.931759238243103,RL_shank_joint,0.0,0.8862889653960907,,0.5943080883286893,0.6853709418366163,0.6037946077808738,0.7042752659320831,pd,0.016122398152741507,0.02901458740234375,0.026320648737447425,0.05813470482826233,0.0,0.0,-0.9836502075195312,0.03168487548828125,0.3093310296535492,0.5880789481157223,0.6570220626257708,,False,0.2026245572231902,0.5788929462432861,,-0.9811248779296875,0.2552485167980194,0.15581572476507058,False,False,rope_taut_during_settle|tension_not_steady,True,9,1.0050000000000001,0.3110005229263818,0.931759238243103,RL_shank_joint,0.0,1.3926148305477544,0.08767924549602685,True,17,2.005,0.2329266460007521,0.7388472557067871,RL_shank_joint,0.0,1.0430114348302197,0.00960536857039715,True,9,6.005,0.16100946295966362,0.4833904504776001,FR_shank_joint,0.0,0.7209768133709341,-0.06231181447069134,False,0,,,,,,,,True,120,,0.22332127743035496,0.9031887054443359,RL_shank_joint,0.0,,,36.165557861328125,1.117329716682434,1.0,False,,,0.2,1.0
638,638,38,15,10.0,1.5,inextensible,30.0,1.2894736842105263,SPD,speed_track_error,0.25709201076937643,0.9239420890808105,RL_shank_joint,0.0,0.814248244208678,,0.5658504846319556,0.6446123189851903,0.6227663435786962,0.6478783473372459,pd,0.009799103618871628,0.0224456787109375,0.02321069995957651,0.05123542249202728,0.0,0.0,-0.9662399291992188,0.02100372314453125,0.26423943042755127,0.987325639019005,1.032268076343314,,False,0.1904397892178631,0.5439348220825195,,-0.9633560180664062,0.253852903842926,0.1526827753433103,False,False,rope_not_continuously_taut|tension_not_steady,True,9,1.0050000000000001,0.29023219424005453,0.9239420890808105,RR_shank_joint,0.0,1.317364306030885,0.06991941294533335,True,17,2.305,0.23289885008396713,0.7640970945358276,RL_shank_joint,0.0,1.0571281825560954,0.012586068789245952,True,9,6.005,0.15748474246713737,0.37400245666503906,FL_shank_joint,0.0,0.714823450285727,-0.06282803882758381,False,0,,,,,,,,True,120,,0.22031278129472118,0.7810752391815186,RL_shank_joint,0.0,,,47.71854782104492,1.1614500284194946,1.0,False,,,0.2,1.0
639,639,39,15,10.0,1.5,inextensible,35.0,1.2894736842105263,SPD,speed_track_error,0.2583844359066947,0.9259073734283447,RL_shank_joint,0.0,0.8505933969367266,,0.5765057488530875,0.6574635955038991,0.6156628340979416,0.6386437766253948,pd,0.012728582228685637,0.024688720703125,0.022210924712775425,0.0481700636446476,0.0,0.0,-0.9117202758789062,0.0143585205078125,0.21127334237098694,1.0102938529704204,1.020046921463674,,False,0.1976088985133362,0.6329988241195679,,-0.9111557006835938,0.2538498342037201,0.14466664825522182,False,False,rope_not_continuously_taut|tension_not_steady,True,9,1.0050000000000001,0.29055491798988864,0.9259073734283447,RR_shank_joint,0.0,1.3076111674434594,0.06835207571991994,True,17,2.305,0.23771143689560453,0.7553621530532837,RL_shank_joint,0.0,1.0697947626016118,0.015508594625635835,True,9,6.005,0.16450973052829,0.35764801502227783,FR_shank_joint,0.0,0.7403583538702733,-0.05769311174167871,False,0,,,,,,,,True,120,,0.2222028422699687,0.7967931032180786,RL_shank_joint,0.0,,,54.596763610839844,1.1130892038345337,1.0,False,,,0.2,1.0
640,640,0,16,0.0,1.5,compliant,5.0,1.3421052631578947,OK,,0.2259889983261098,0.9253787994384766,RR_shank_joint,0.0,0.4996810497703041,0.5499999999999998,0.0766936581581831,0.22461473122314993,0.9697602149347464,0.02181686758995056,pd,0.01616646849857606,0.03263092041015625,0.03225569655387048,0.05937600135803223,0.0,0.0,-0.7602996826171875,,-0.15343768894672394,,,,,0.16643681247339157,0.7601084113121033,0.4249999999999998,0.24201202392578125,0.25385162234306335,0.0876464235864173,False,False,rope_taut_during_settle|robot_and_load_speeds_differ|tension_not_steady,True,9,1.0050000000000001,0.2902856411856184,0.9253787994384766,RR_shank_joint,0.0,1.614522001010753,0.11048899486931649,True,17,2.005,0.18818082387145832,0.5720652341842651,FR_shank_joint,0.0,1.0466314457301211,0.008384177555156413,True,9,6.005,0.1968683800764598,0.7601084113121033,FR_thigh_joint,0.0,1.094950234667475,0.017071733760157887,False,0,,,,,,,,True,120,,0.1797966463163019,0.6421314477920532,FR_shank_joint,0.0,,,1869.2069091796875,1.5011515617370605,1.0,False,,,0.2,1.0
641,641,1,16,0.0,1.5,compliant,10.0,1.3421052631578947,OK,,0.24921457956431745,0.9245201349258423,RR_shank_joint,0.0,0.6008396445948749,,0.25518195793032644,0.3208994952078453,0.8298786947131157,0.2038270926475525,pd,0.02354312035279171,0.038360595703125,0.031561006504923446,0.054450202733278275,0.0,0.0,0.7199020385742188,0.7079849243164062,1.3014370203018188,0.5715979243022247,0.5715979243022247,,False,0.1556417030011459,0.6111572980880737,0.375,0.1728057861328125,0.25385305285453796,0.09126229217393912,False,True,,True,9,1.0050000000000001,0.29076263688042464,0.9245201349258423,RR_shank_joint,0.0,1.3603981911269318,0.07702915886134437,True,17,2.355,0.21516037898214282,0.6957228183746338,RL_shank_joint,0.0,1.0066760760938684,0.001426900963062555,True,9,6.005,0.18216146573976363,0.6111572980880737,FR_thigh_joint,0.0,0.8522832615089988,-0.031572012279316636,False,0,,,,,,,,True,120,,0.21373347801908027,0.7251918315887451,RL_shank_joint,0.0,,,20.445545196533203,1.3313210010528564,1.0,False,,,0.2,1.0
642,642,2,16,0.0,1.5,compliant,15.0,1.3421052631578947,OK,,0.24780662281266413,0.9257874488830566,RR_shank_joint,0.0,0.6612166198485459,,0.2834155863709748,0.35139366317802573,0.8110562757526835,0.2138434088230133,pd,0.01617721989990854,0.0239410400390625,0.01881017249773988,0.030812643468379974,0.0,0.0,0.9752120971679688,0.9668960571289062,1.281335711479187,0.30207111092003913,0.3020716418995306,,False,0.15434666970212468,0.5883551836013794,0.2999999999999998,0.18125152587890625,0.2538549304008484,0.1254818384062177,False,True,,True,9,1.0050000000000001,0.2903586261856839,0.9257874488830566,RR_shank_joint,0.0,1.3392317274841772,0.07354877899729698,True,17,2.33,0.21804032455464256,0.6633236408233643,RL_shank_joint,0.0,1.0056753758291543,0.0012304773662556168,True,9,6.005,0.1910827035371501,0.5883551836013794,FR_thigh_joint,0.0,0.8813377529440236,-0.02572714365123685,False,0,,,,,,,,True,120,,0.21680984718838694,0.7571674585342407,RL_shank_joint,0.0,,,34.2591438293457,1.3032621145248413,1.0,False,,,0.2,1.0
643,643,3,16,0.0,1.5,compliant,20.0,1.3421052631578947,SPD,speed_track_error,0.25277696120050414,0.9252215623855591,RR_shank_joint,0.0,0.7169616702565056,,0.3208103740401566,0.38747634695487093,0.7861264173065622,0.24215830326080323,pd,0.012870611873194295,0.019256591796875,0.02070050235475101,0.03299728035926819,0.0,0.0,0.7721786499023438,0.8180770874023438,1.2310773134231567,0.4668684718297129,0.5150923827258254,,False,0.1598561393460046,0.6814677715301514,0.3250000000000002,0.1883544921875,0.2538509666919708,0.09441117538585754,False,True,,True,9,1.0050000000000001,0.2902363837754355,0.9252215623855591,RR_shank_joint,0.0,1.3064474320312236,0.06807942846328408,True,17,2.33,0.22464965446249535,0.676166296005249,RL_shank_joint,0.0,1.0112204416325452,0.0024926991503439466,True,9,6.005,0.18809300454272276,0.6814677715301514,FR_thigh_joint,0.0,0.8466671875225982,-0.03406395076942864,False,0,,,,,,,,True,120,,0.2221569553121514,0.7500929832458496,RL_shank_joint,0.0,,,43.68254852294922,1.2869410514831543,1.0,False,,,0.2,1.0
644,644,4,16,0.0,1.5,compliant,25.0,1.3421052631578947,COL,stop_collision|speed_track_error,0.2564846541247048,0.9242510795593262,RR_shank_joint,0.0,0.7687809307721084,,0.34497265338897704,0.4150168726101969,0.7700182310740153,0.23450656294822692,pd,0.01891824344636328,0.03084564208984375,0.03055309166359117,0.057736434042453766,0.0,0.0,1.2665786743164062,1.3062820434570312,1.2810450792312622,-0.0004635694558317027,0.026686092301801523,2.250000000000001,True,0.16045378120859521,0.7065746784210205,0.3250000000000002,0.19512176513671875,0.25385358929634094,0.08856800529903658,False,False,rope_not_continuously_taut,True,9,1.0050000000000001,0.29032658143247175,0.9242510795593262,RR_shank_joint,0.0,1.2996258334764144,0.0669341449679956,True,17,2.33,0.23496877128475915,0.7051397562026978,RR_shank_joint,0.0,1.0518206211611103,0.011576334820283002,True,9,6.005,0.18775377545688657,0.7065746784210205,FR_thigh_joint,0.0,0.8404661251221152,-0.035638661007589584,True,17,8.105,0.14001726599078376,0.38448357582092285,RL_shank_joint,0.0,0.6267771111984326,-0.08337517047369239,True,120,,0.22339243646447615,0.7529802322387695,RL_shank_joint,0.0,,,7.474620819091797,1.1265590190887451,1.0,True,deck_contact_force,-31.582000732421875,0.2,1.0
645,645,5,16,0.0,1.5,compliant,30.0,1.3421052631578947,SPD,speed_track_error,0.25802277534853085,0.9255785942077637,RR_shank_joint,0.0,0.8153849371061589,,0.38266813548281786,0.44987936477128604,0.7448879096781215,0.2697541415691376,pd,0.02177646392769903,0.0353851318359375,0.02922989221655244,0.04848712310194969,0.0,0.0,0.9720916748046875,1.0202178955078125,1.2139091491699219,0.2472944285515979,0.2961138920180275,,False,0.1547243176088868,0.5838720798492432,0.2999999999999998,0.1790771484375,0.2538505792617798,0.08864860257621311,False,False,rope_not_continuously_taut,True,9,1.0050000000000001,0.29046418999742607,0.9255785942077637,RR_shank_joint,0.0,1.2891687761856259,0.06515296980417307,True,17,2.33,0.23125868638017805,0.7471083402633667,RR_shank_joint,0.0,1.0263966711547867,0.005947466186925043,True,9,6.005,0.1788334598505929,0.5838720798492432,FR_thigh_joint,0.0,0.7937175063771995,-0.0464777603426601,False,0,,,,,,,,True,120,,0.225311220193253,0.7649658918380737,RL_shank_joint,0.0,,,44.310020446777344,1.1040743589401245,1.0,False,,,0.2,1.0
646,646,6,16,0.0,1.5,compliant,35.0,1.3421052631578947,COL,stop_collision|speed_track_error,0.25808108436718763,0.9258575439453125,RL_shank_joint,0.0,0.8635236978825978,,0.40701833853498104,0.4783565451824738,0.7286544409766793,0.26782079219818117,pd,0.023798019875382694,0.04242706298828125,0.0171665431445378,0.04119866341352463,0.0,0.0,1.343780517578125,1.34356689453125,1.2597415447235107,-0.0010434224823541172,0.003569137120734922,1.625,True,0.16446519117763886,0.6178473830223083,0.47500000000000053,0.2601318359375,0.25385576486587524,0.09820161980396859,False,False,rope_not_continuously_taut,True,9,1.0050000000000001,0.2901853636869189,0.9258575439453125,RR_shank_joint,0.0,1.2714589779245336,0.061955142558901805,True,17,2.33,0.2350504164177764,0.7530701160430908,RL_shank_joint,0.0,1.0298829631590893,0.006820195289759329,True,9,6.005,0.18880213144683136,0.6178473830223083,FR_thigh_joint,0.0,0.827244220829677,-0.03942808968118572,True,17,7.63,0.1455780615654681,0.38559454679489136,RL_shank_joint,0.0,0.6378561999631575,-0.08265215956254898,True,120,,0.22823022112801708,0.7853484153747559,RL_shank_joint,0.0,,,28.876270294189453,1.049454927444458,1.0,True,deck_contact_force|load_velocity_jump,-114.13572692871094,0.2,1.0
647,647,7,16,0.0,1.5,compliant,40.0,1.3421052631578947,COL,stop_collision|speed_track_error,0.25787532134747565,0.9246420860290527,RR_shank_joint,0.0,0.8927778335874503,,0.43040136782452465,0.5030222915649872,0.7130657547836502,0.27037817120552066,pd,0.024052156343404203,0.04410552978515625,0.031263589520768624,0.06504765152931213,0.0,0.0,1.2667617797851562,1.3763504028320312,1.2632250785827637,-0.0007994267803752564,0.0688365379663054,1.5,True,0.16133262891432706,0.6611029505729675,0.3250000000000002,0.23531341552734375,0.2538510262966156,0.1004015473743807,False,False,rope_not_continuously_taut,True,9,1.0050000000000001,0.29047497047014137,0.9246420860290527,RR_shank_joint,0.0,1.2688751947732368,0.061551770090254754,True,17,2.33,0.23042169240978838,0.7440073490142822,RL_shank_joint,0.0,1.0065458285897415,0.0014984920299017657,True,9,6.005,0.1917027368905209,0.6611029505729675,FR_thigh_joint,0.0,0.8374106974408875,-0.037220463489365724,True,17,7.53,0.15461918209080994,0.858372688293457,FR_shank_joint,0.0,0.6754194499912072,-0.07430401828907668,True,120,,0.22892320037988662,0.7707626819610596,RL_shank_joint,0.0,,,43.41337585449219,0.9923061728477478,1.0,True,deck_contact_force|load_velocity_jump,-57.45535659790039,0.2,1.0
648,648,8,16,0.0,2.0,rigid,5.0,0.9210526315789473,OK,,0.2670680435719295,0.9706214666366577,RR_shank_joint,0.0,0.7305845272571773,0.44999999999999996,0.11283664783462882,0.32768777857381526,0.9574249227810651,0.02351091504096985,pd,0.048987806880603696,0.0675201416015625,0.00799198661668448,0.021950531750917435,0.0,0.0,-0.0121307373046875,0.0,-0.014106006361544132,,,,,0.18074459413312205,1.0360497832298279,0.5499999999999998,0.42151641845703125,0.25385135412216187,0.16520005501744023,False,False,rope_taut_during_settle|robot_and_load_speeds_differ,True,9,1.0050000000000001,0.31915416163837823,0.9706214666366577,RR_shank_joint,0.0,1.4100722083526587,0.09281528356685334,True,17,2.005,0.22695322094043247,0.5507616996765137,FL_shank_joint,0.0,1.0027142613506879,0.0006143428689075747,True,9,6.005,0.2479656569529343,1.0360497832298279,FR_thigh_joint,0.0,1.0955504377580911,0.021626778881409403,False,0,,,,,,,,True,120,,0.2263388780715249,0.5870013236999512,FR_shank_joint,0.0,,,740.9344482421875,1.9903126955032349,1.0,False,,,0.2,1.0
649,649,9,16,0.0,2.0,rigid,10.0,0.9210526315789473,COL,stop_collision|speed_track_error,0.26846268643769916,0.9813216924667358,RL_shank_joint,0.0,1.0982436047577633,,0.42473987506702543,0.5527390518422889,0.7876300624664873,0.27863903164863585,pd,0.05340620509031721,0.08727645874023438,0.019329759081802064,0.03093227930366993,0.0,0.0,0.4134521484375,0.4346160888671875,1.6912899017333984,0.652805339777089,0.6636809185272767,,True,0.17621842462081438,0.7665978670120239,0.7999999999999998,0.414947509765625,0.25464943051338196,0.11749752781605152,False,False,rope_taut_during_settle,True,9,1.0050000000000001,0.32396995238172005,0.9813216924667358,RL_shank_joint,0.0,1.3341825621723056,0.08114714719212537,True,16,2.0300000000000002,0.26177437591741265,0.7764045000076294,RR_shank_joint,0.0,1.078046914551624,0.018951570727817973,True,9,6.005,0.21811543283421658,0.762965977191925,FL_thigh_joint,0.0,0.8982493743283844,-0.024707372355378093,True,11,6.055,0.22475762283103518,0.7665978670120239,FL_thigh_joint,0.0,0.9256034360345425,-0.0180651823585595,True,120,,0.24282280518959468,0.7764045000076294,RL_shank_joint,0.0,,,56.19640350341797,1.6101417541503906,1.0,True,load_velocity_jump,0.0,0.2,1.0
650,650,10,16,0.0,2.0,rigid,15.0,0.9210526315789473,COL,stop_collision|speed_track_error,0.2733415771855387,0.9869683980941772,RL_shank_joint,0.0,1.2104888290859352,,0.47993316300213335,0.6120049977122508,0.7600334184989334,0.2997952961921692,pd,0.011900923658843505,0.0347747802734375,0.024244333872333487,0.037543803453445435,0.0,0.0,0.46039581298828125,0.510772705078125,1.6737663745880127,0.6585685405171233,0.6737982427389113,,True,0.1829589672649597,0.7853555679321289,0.9500000000000002,0.4636383056640625,0.25485143065452576,0.12186654365318013,False,False,rope_taut_during_settle,True,9,1.0050000000000001,0.32619556211486106,0.9869683980941772,RL_shank_joint,0.0,1.3243305397593854,0.07988578345935501,True,16,2.0300000000000002,0.2751983621390369,0.7781667709350586,RL_shank_joint,0.0,1.1172855728311748,0.028888583483530877,True,9,6.005,0.22317308460367402,0.779320240020752,FR_thigh_joint,0.0,0.9060666848952372,-0.023136694051832024,True,13,6.105,0.22354631965617802,0.7853555679321289,FL_thigh_joint,0.0,0.9075819923854284,-0.022763458999328023,True,120,,0.24630977865550605,0.7781667709350586,RL_shank_joint,0.0,,,54.54585647583008,1.4744046926498413,1.0,True,load_velocity_jump,0.0,0.2,1.0
651,651,11,16,0.0,2.0,rigid,20.0,0.9210526315789473,COL,stop_collision|speed_track_error,0.27690808984262577,0.9900907278060913,RL_shank_joint,0.0,1.2953898292824277,,0.5376534897275269,0.6694515327502061,0.7311732551362365,0.31653767585754394,pd,0.018236801827943804,0.03385162353515625,0.02176791111482343,0.04378405213356018,0.0,0.0,0.5657501220703125,0.6042861938476562,1.656083106994629,0.6601330301505612,0.6703811525086678,,True,0.18332135497047647,0.7798104286193848,,0.5683059692382812,0.2550036609172821,0.12956861912989362,False,False,rope_taut_during_settle,True,9,1.0050000000000001,0.32723826890654556,0.9900907278060913,RL_shank_joint,0.0,1.3139811929713658,0.07819492592950744,True,17,2.005,0.28028999998742715,0.77299964427948,RL_shank_joint,0.0,1.1254667426033949,0.031246657010389034,True,9,6.005,0.23116816552958389,0.7798104286193848,FR_thigh_joint,0.0,0.9282246325728838,-0.017875177447454232,True,14,6.13,0.22116369720461335,0.7798104286193848,FL_thigh_joint,0.0,0.8880530375188737,-0.02787964577242477,True,120,,0.24904334297703812,0.7907048463821411,RL_shank_joint,0.0,,,11.085942268371582,1.2547640800476074,1.0,True,load_velocity_jump,0.0,0.2,1.0
652,652,12,16,0.0,2.0,rigid,25.0,0.9210526315789473,SPD,speed_track_error,0.28016144562405404,0.9893447160720825,RL_shank_joint,0.0,1.356618720157293,,0.5819622817449271,0.7129674810505705,0.7090188591275364,0.32151493668556214,pd,0.021367417770938858,0.040866851806640625,0.027148637582893497,0.044505782425403595,0.0,0.0,0.6680221557617188,0.7053146362304688,1.6639249324798584,0.654024714369001,0.6697547569643518,,False,0.19293765784105288,0.9215743541717529,0.9500000000000002,0.6715087890625,0.2551173269748688,0.11903610494469297,False,False,rope_taut_during_settle,True,9,1.0050000000000001,0.32887596415334547,0.9893447160720825,RL_shank_joint,0.0,1.3242781881910957,0.08053240077971988,True,17,2.005,0.2781216196265826,0.7640172243118286,RL_shank_joint,0.0,1.119906696386396,0.029778056252957014,True,9,6.005,0.22015041328134252,0.9215743541717529,FL_thigh_joint,0.0,0.8864752131712498,-0.02819315009228307,False,0,,,,,,,,True,120,,0.2483435633736256,0.8157693147659302,RL_shank_joint,0.0,,,20.98378562927246,1.1772620677947998,1.0,False,,,0.2,1.0
653,653,13,16,0.0,2.0,rigid,30.0,0.9210526315789473,SPD,speed_track_error,0.2794748409183735,0.9898842573165894,RL_shank_joint,0.0,1.399979970129528,,0.6241264257393777,0.7521928341310573,0.6879367871303111,0.3409675359725952,pd,0.021347188301511274,0.03647613525390625,0.031224415621018506,0.050080329179763794,0.0,0.0,0.7827987670898438,0.8067474365234375,1.6619993448257446,0.6588968400850206,0.6713909995500416,,False,0.20334049892655134,1.0669277906417847,,0.7851333618164062,0.25520628690719604,0.1528387606153622,False,False,rope_taut_during_settle,True,9,1.0050000000000001,0.32924897889637383,0.9898842573165894,RL_shank_joint,0.0,1.2835991165128156,0.07274445605839275,True,17,2.005,0.28432911970918157,0.7652604579925537,RL_shank_joint,0.0,1.1084760477645677,0.02782459687120048,True,9,6.005,0.25302903463576176,1.0669277906417847,FR_thigh_joint,0.0,0.9864505773084766,-0.0034754882022193234,False,0,,,,,,,,True,120,,0.2565045228379811,0.800652027130127,RL_shank_joint,0.0,,,28.673410415649414,1.051639437675476,1.0,False,,,0.2,1.0
654,654,14,16,0.0,2.0,rigid,35.0,0.9210526315789473,SPD,speed_track_error,0.2808786199566347,0.9854413270950317,RL_shank_joint,0.0,1.4459915034415785,,0.6869198882952332,0.8039333667061751,0.6565400558523834,0.39024142622947694,pd,0.03450778731698362,0.05921173095703125,0.03391275419138366,0.051024869084358215,0.0,0.0,0.7631912231445312,0.8142852783203125,1.6465142965316772,0.6533920045017965,0.6712742696458491,,False,0.1982137751052419,1.003944993019104,,0.7655715942382812,0.25527748465538025,0.1220417627189463,False,False,rope_taut_during_settle,True,9,1.0050000000000001,0.32736638939900786,0.9854413270950317,RL_shank_joint,0.0,1.270727545942464,0.06974516253230834,True,17,2.005,0.28147478891732014,0.7735528945922852,RL_shank_joint,0.0,1.0925916017897201,0.023853562050620614,True,9,6.005,0.22534808025465672,1.003944993019104,FL_thigh_joint,0.0,0.8747263686127004,-0.03227314661204281,False,0,,,,,,,,True,120,,0.2576212268666995,0.7904186248779297,RL_shank_joint,0.0,,,36.20295715332031,0.9656826853752136,1.0,False,,,0.2,1.0
655,655,15,16,0.0,2.0,rigid,40.0,0.9210526315789473,SPD,speed_track_error,0.28592810442405897,0.9834944009780884,RL_shank_joint,0.0,1.4856092838171044,,0.7163072809763252,0.8354140595722165,0.6418463595118373,0.3967889356613159,pd,0.03477927483940717,0.055988311767578125,0.026260666659804435,0.04836786165833473,0.0,0.0,0.8903579711914062,0.9307937622070312,1.6333012580871582,0.6540166185402114,0.6668831359486092,,False,0.1973793648409152,1.0036864280700684,,0.8913345336914062,0.2553543150424957,0.12301809871280071,False,False,rope_taut_during_settle,True,9,1.0050000000000001,0.3323363120614287,0.9834944009780884,RL_shank_joint,0.0,1.2889272570171855,0.07449684885501318,True,17,2.005,0.286872586291854,0.7846444845199585,RL_shank_joint,0.0,1.1126015495238437,0.029033123085438484,True,9,6.005,0.22481275858981942,1.0036864280700684,FL_thigh_joint,0.0,0.8719098147122797,-0.033026704616596125,False,0,,,,,,,,True,120,,0.25783946320641554,0.7846444845199585,RL_shank_joint,0.0,,,21.636945724487305,0.9090747833251953,1.0,False,,,0.2,1.0
656,656,16,16,0.0,0.5,inextensible,5.0,1.3421052631578947,OK,,0.1610168637388233,0.5923430919647217,FL_shank_joint,0.0,0.13506347207964448,0.17499999999999982,0.040501356460154056,0.06874592565933925,1.039527288004756,0.03288966357707977,pd,0.007607976195207967,0.010227203369140625,0.011151801644751673,0.03962711617350578,0.0,0.0,-0.28656768798828125,-0.2836761474609375,-0.11055266112089157,,,,,0.14636234493971217,0.4330748915672302,0.5250000000000004,0.0140380859375,0.25384968519210815,0.07459608976206802,False,False,rope_taut_during_settle|robot_and_load_speeds_differ,True,9,1.0050000000000001,0.1942724123861974,0.5923430919647217,RR_shank_joint,0.0,1.2857229766020863,0.04317266856764848,True,17,2.005,0.14716115296271107,0.4834022521972656,FR_shank_joint,0.0,0.973933834986725,-0.003938590855837865,True,9,6.005,0.14169372600242838,0.4330748915672302,FR_thigh_joint,0.0,0.9377496110951985,-0.009406017816120549,False,0,,,,,,,,True,120,,0.15109974381854893,0.5075428485870361,FR_shank_joint,0.0,,,179.80760192871094,0.5009183287620544,1.0,False,,,0.2,1.0
657,657,17,16,0.0,0.5,inextensible,10.0,1.3421052631578947,OK,,0.167164034877642,0.5913162231445312,RR_shank_joint,0.0,0.15042520560114647,0.17499999999999982,0.05740191660821438,0.08010678145481154,0.8880356581509113,0.048605571985244754,pd,0.006069321366458923,0.0084228515625,0.011989118134584198,0.0391586571931839,0.0,0.0,0.123443603515625,0.17812347412109375,0.45010340213775635,0.8932834266801706,0.9501015171662033,,False,0.13662436301257838,0.39745229482650757,0.40000000000000036,-0.01678466796875,0.25385111570358276,0.0835489565253272,False,False,rope_not_continuously_taut,True,9,1.0050000000000001,0.19468444606331142,0.5913162231445312,RR_shank_joint,0.0,1.2184213391250107,0.03490027304224397,True,17,2.58,0.15703076179214384,0.5531413555145264,RL_shank_joint,0.0,0.9827679351661408,-0.0027534112289236135,True,9,6.005,0.1416600796935983,0.39745229482650757,FR_thigh_joint,0.0,0.8865714107674514,-0.018124093327469143,False,0,,,,,,,,True,120,,0.15978417302106745,0.5878000259399414,RL_shank_joint,0.0,,,9.892300605773926,0.45864179730415344,1.0,False,,,0.2,1.0
658,658,18,16,0.0,0.5,inextensible,15.0,1.3421052631578947,OK,,0.16823744424039305,0.592268705368042,RR_shank_joint,0.0,0.16366172221290623,0.19999999999999996,0.062000269256532195,0.0859289194889382,0.8798003662377596,0.051755717396736144,pd,0.005864366161773237,0.007951736450195312,0.01583550649240372,0.03970668092370033,0.0,0.0,0.05680084228515625,0.200347900390625,0.4475595951080322,0.8663100686214733,1.0084267803172793,,False,0.14326551199621113,0.3680506944656372,0.5499999999999998,-0.01428985595703125,0.2538517713546753,0.08031647135487782,False,False,rope_not_continuously_taut,True,9,1.0050000000000001,0.19382067563955,0.592268705368042,RR_shank_joint,0.0,1.224559759936187,0.03554283409946038,True,17,2.58,0.15961175665124133,0.5475709438323975,FR_shank_joint,0.0,1.0084276807048436,0.0013339151111517178,True,9,6.005,0.13745400616914333,0.35398536920547485,FR_thigh_joint,0.0,0.8684349295623172,-0.020823835370946286,False,0,,,,,,,,True,120,,0.15827784154008961,0.5980056524276733,RL_shank_joint,0.0,,,14.824951171875,0.47631165385246277,1.0,False,,,0.2,1.0
659,659,19,16,0.0,0.5,inextensible,20.0,1.3421052631578947,OK,,0.17053119896574995,0.5922892093658447,RR_shank_joint,0.0,0.1746434933428287,0.17499999999999982,0.06597427286207676,0.09097574865413337,0.8707869629561901,0.05035342574119568,pd,0.006599572462172821,0.008468151092529297,0.014971426771398087,0.03914126008749008,0.0,0.0,0.243896484375,0.3128509521484375,0.44639673829078674,0.7605679921201443,0.8318947164415107,,False,0.14549447215900776,0.3803412914276123,0.6000000000000005,-0.00334930419921875,0.2538517713546753,0.08355716152366492,False,False,rope_not_continuously_taut,True,9,1.0050000000000001,0.19475448759583522,0.5922892093658447,RR_shank_joint,0.0,1.229189564950331,0.03631311032649204,True,17,2.58,0.15619531268932854,0.5720800161361694,RL_shank_joint,0.0,0.9858240024245912,-0.0022460645800146395,True,9,6.005,0.1366707717428369,0.3291941285133362,FR_shank_joint,0.0,0.8625952014447764,-0.02177060552650628,False,0,,,,,,,,True,120,,0.15844137726934318,0.5954983234405518,RL_shank_joint,0.0,,,16.25869369506836,0.47951802611351013,1.0,False,,,0.2,1.0
660,660,20,16,5.0,0.5,compliant,25.0,1.3421052631578947,OK,,0.1705422546751538,0.5882419347763062,RR_shank_joint,0.0,0.19148977979329912,0.17499999999999982,0.07339259112253785,0.10453200475317728,0.8562797386571765,0.04581902831792831,pd,0.006139293398106525,0.008303403854370117,0.012274245618825274,0.03903858736157417,0.0,0.0,0.43888092041015625,0.42908477783203125,0.4494056701660156,0.6315196370175755,0.6315196370175755,,False,0.13636369153361758,0.39820778369903564,0.4500000000000002,-0.03060150146484375,0.2538517117500305,0.06779490307357953,False,True,,True,9,1.0050000000000001,0.1951043391447611,0.5882419347763062,RR_shank_joint,0.0,1.2474583696119017,0.03870285601914766,True,17,2.605,0.16202636387830321,0.7054818868637085,FL_shank_joint,0.0,1.0359643696484142,0.00562488075268977,True,9,6.005,0.14269431696505852,0.39820778369903564,FR_thigh_joint,0.0,0.9123591037206082,-0.013707166160554923,False,0,,,,,,,,True,120,,0.15640148312561344,0.7054818868637085,FR_shank_joint,0.0,,,7.078619480133057,0.4751814007759094,1.0,False,,,0.2,1.0
661,661,21,16,5.0,0.5,compliant,30.0,1.3421052631578947,OK,,0.1802016130492019,0.618507981300354,RR_shank_joint,0.0,0.21972803009430902,0.17499999999999982,0.08410853703506291,0.11858767870038414,0.8361225148104131,0.05134571492671967,pd,0.006967279781885378,0.01970672607421875,0.013207715531456108,0.03964293748140335,0.0,0.0,0.48712921142578125,0.4762115478515625,0.4428112804889679,0.5811706879674858,0.5811840591211279,,False,0.15011549574887675,0.4426858425140381,0.75,-0.02588653564453125,0.2538519501686096,0.08109261728886873,False,True,,True,9,1.0050000000000001,0.19441005057227306,0.5928579568862915,RR_shank_joint,0.0,1.2492933153388521,0.03879403295230985,True,17,2.605,0.16712085636054577,0.5936753749847412,RL_shank_joint,0.0,1.073930941792117,0.011504838740582557,True,9,6.005,0.1468374173907565,0.408128559589386,FL_thigh_joint,0.0,0.9435880678385864,-0.008778600229206707,False,0,,,,,,,,True,120,,0.15561601761996322,0.5936753749847412,FR_shank_joint,0.0,,,5.980645179748535,0.45065173506736755,1.0,False,,,0.2,1.0
662,662,22,16,5.0,0.5,compliant,35.0,1.3421052631578947,OK,,0.1830667874370487,0.6307389736175537,RR_shank_joint,0.0,0.21713714790641472,0.17499999999999982,0.07528114822576754,0.11167524687353694,0.8533250791416503,0.05337953507900238,pd,0.008323280007016194,0.011219978332519531,0.012624686446830562,0.03912534564733505,0.0,0.0,0.5415496826171875,0.52899169921875,0.4527885913848877,0.5299823681193061,0.5299823681193061,,False,0.12262986832344965,0.3351590037345886,0.375,-0.013580322265625,0.2538514733314514,0.06157177784266134,False,False,rope_not_continuously_taut,True,9,1.0050000000000001,0.19475909508307812,0.591255784034729,RR_shank_joint,0.0,1.2274379456817808,0.03608785979313511,True,17,2.605,0.16169334603447882,0.6096020936965942,FR_shank_joint,0.0,1.019046368039005,0.0030221107445358164,True,9,6.005,0.12710777432535683,0.3351590037345886,FL_shank_joint,0.0,0.8010763519493016,-0.031563460964586176,False,0,,,,,,,,True,120,,0.158671235289943,0.6538996696472168,RL_shank_joint,0.0,,,0.9915428161621094,0.4278879761695862,1.0,False,,,0.2,1.0
663,663,23,16,5.0,0.5,compliant,40.0,1.3421052631578947,OK,,0.18035823406371254,0.6380996704101562,RR_shank_joint,0.0,0.22929752542524842,0.19999999999999996,0.07985014074016362,0.11705770072942763,0.8447732736077159,0.05339276701211929,pd,0.007478130838490982,0.013113021850585938,0.01092627568969609,0.0398046039044857,0.0,0.0,0.5947265625,0.5822525024414062,0.44705599546432495,0.4838215791371141,0.4838215791371141,,False,0.1372694664091405,0.36124861240386963,0.5750000000000002,-0.0101776123046875,0.25385183095932007,0.06423787875722255,False,False,rope_not_continuously_taut,True,9,1.0050000000000001,0.19384622891617795,0.5923322439193726,RR_shank_joint,0.0,1.2116820492764573,0.033865127411925156,True,17,2.605,0.1633663702097207,0.5940358638763428,RL_shank_joint,0.0,1.0211604287858833,0.003385268705467903,True,9,6.005,0.13221906006538836,0.29524731636047363,FL_shank_joint,0.0,0.8264667440227218,-0.027762041438864432,False,0,,,,,,,,True,120,,0.1599811015042528,0.6283823251724243,RL_shank_joint,0.0,,,14.857434272766113,0.44735297560691833,1.0,False,,,0.2,1.0
664,664,24,16,5.0,1.0,rigid,5.0,0.9210526315789473,OK,,0.1910420248172956,0.8761160373687744,RR_shank_joint,0.0,0.292667794758876,0.575,0.052932498957961795,0.13376234740722176,0.9766602272726596,0.025528656244277956,pd,0.021605802175852208,0.044467926025390625,0.008730459870726213,0.022923870012164116,0.0,0.0,-0.19658660888671875,,-0.03840921074151993,,,,,0.1563252495723815,0.5891275405883789,0.5750000000000002,0.0291900634765625,0.2538519501686096,0.10941655091671687,False,False,rope_taut_during_settle|robot_and_load_speeds_differ,True,9,1.0050000000000001,0.26110562963015677,0.8761160373687744,RR_shank_joint,0.0,1.4436232170462597,0.08023736251791494,True,17,2.005,0.16817987729713227,0.5890119075775146,RL_shank_joint,0.0,0.9298473412849392,-0.012688389815109558,True,9,6.005,0.17268634393247562,0.5891275405883789,FR_thigh_joint,0.0,0.9547630808300456,-0.00818192317976621,False,0,,,,,,,,True,120,,0.18086826711224183,0.6623055934906006,RL_shank_joint,0.0,,,297.5578918457031,0.9808859825134277,1.0,False,,,0.2,1.0
665,665,25,16,5.0,1.0,rigid,10.0,0.9210526315789473,COL,stop_collision,0.2216772518616014,0.8829953670501709,RR_shank_joint,0.0,0.40576286804400835,,0.16682418692857026,0.218966021303813,0.8331758130714297,0.15158822655677795,pd,0.025461541600346714,0.04940032958984375,0.013394888951202695,0.024692993611097336,0.0,0.0,0.013702392578125,0.11147308349609375,0.8008663058280945,0.641460699626677,0.6652766716085239,,True,0.16276965679562605,0.5079836845397949,0.9500000000000002,0.01673126220703125,0.25470873713493347,0.12992215570901425,False,False,rope_taut_during_settle,True,9,1.0050000000000001,0.27434849578372994,0.8829953670501709,RR_shank_joint,0.0,1.4221647505095631,0.08143941426878551,True,16,2.0300000000000002,0.19850293507516378,0.6668093204498291,RL_shank_joint,0.0,1.0289973572850484,0.005593853560219353,True,9,6.005,0.1690364729608351,0.5079836845397949,FL_thigh_joint,0.0,0.8762494312521002,-0.02387260855410933,True,10,6.03,0.1708116433807078,0.5079836845397949,FL_thigh_joint,0.0,0.8854515403800481,-0.02209743813423662,True,120,,0.19290908151494443,0.7452499866485596,RL_shank_joint,0.0,,,-10.582510948181152,0.9010024070739746,1.0,True,load_velocity_jump,0.0,0.2,1.0
666,666,26,16,5.0,1.0,rigid,15.0,0.9210526315789473,OK,,0.22443739059418785,0.884555459022522,RL_shank_joint,0.0,0.4381598241278309,,0.18032229533419014,0.23451100667033403,0.8196777046658099,0.1585618770122528,pd,0.025413934061354854,0.042911529541015625,0.01859408070540335,0.03578001633286476,0.0,0.0,-0.076995849609375,0.12328338623046875,0.7561344504356384,0.6503217625699733,0.6920061772662081,,False,0.16423158847527208,0.5134237408638,,-0.0681915283203125,0.2540817856788635,0.13100367508954397,False,False,rope_taut_during_settle,True,9,1.0050000000000001,0.2820266275655282,0.884555459022522,RR_shank_joint,0.0,1.4607207905739137,0.08895302350275547,True,17,2.005,0.19579319005836468,0.6793400049209595,RL_shank_joint,0.0,1.0140857472920417,0.002719585995591939,True,9,6.005,0.16079071887286867,0.5134237408638,FL_thigh_joint,0.0,0.8327949315152984,-0.032282885189904076,False,0,,,,,,,,True,120,,0.19307360406277274,0.7797641754150391,RL_shank_joint,0.0,,,28.159278869628906,0.9093144536018372,1.0,False,,,0.2,1.0
667,667,27,16,5.0,1.0,rigid,20.0,0.9210526315789473,OK,,0.22133203332601586,0.8916327953338623,RL_shank_joint,0.0,0.47310787593289977,,0.1965220526047051,0.25196543144776296,0.8034779473952949,0.16574670255184173,pd,0.020305887947145614,0.033718109130859375,0.008544489347213595,0.02477831393480301,0.0,0.0,-0.11585235595703125,0.12473297119140625,0.7436959743499756,0.6483139944786132,0.6761468220809803,,False,0.16994771267230144,0.6364319920539856,,-0.108917236328125,0.25507211685180664,0.10920522800627522,False,False,rope_taut_during_settle|tension_not_steady,True,9,1.0050000000000001,0.2846548242851206,0.8916327953338623,RR_shank_joint,0.0,1.4525738967850113,0.08868901151982964,True,17,2.005,0.1981681919718237,0.6728445291519165,RL_shank_joint,0.0,1.0112385888918825,0.002202379206532712,True,9,6.005,0.16806553963537213,0.6364319920539856,FR_thigh_joint,0.0,0.8576268343124975,-0.027900273129918857,False,0,,,,,,,,True,120,,0.195965812765291,0.7771553993225098,RL_shank_joint,0.0,,,3.412644863128662,0.8691384196281433,1.0,False,,,0.2,1.0
668,668,28,16,5.0,1.0,inextensible,25.0,1.3421052631578947,COL,stop_collision,0.22761916439907015,0.8760731220245361,RL_shank_joint,0.0,0.42775524524899183,,0.1869270644336939,0.2299116061707791,0.8134826316684485,0.15036212265491486,pd,0.022902382542148554,0.044483184814453125,0.016936148849883186,0.03950357064604759,0.0,0.0,-0.08026123046875,0.27384185791015625,0.7947458028793335,0.8411273054863244,1.1023973706413415,,True,0.1533007646712444,0.4784543514251709,0.7999999999999998,-0.075042724609375,0.2538526952266693,0.12319495111661788,False,False,rope_not_continuously_taut,True,9,1.0050000000000001,0.2606973436551466,0.8760731220245361,RR_shank_joint,0.0,1.3427668045076953,0.06654796285426565,True,17,2.355,0.1965925122506544,0.6914992332458496,RL_shank_joint,0.0,1.0125837715252832,0.0024431314497734835,True,9,6.005,0.15425529751407072,0.42501747608184814,FL_thigh_joint,0.0,0.794518616942047,-0.03989408328681021,True,17,7.705,0.19556634961680186,0.5671894550323486,RR_shank_joint,0.0,1.0072983432142602,0.0014169688159209326,True,120,,0.19414938080088093,0.8056607246398926,RL_shank_joint,0.0,,,29.40005874633789,0.8832831382751465,1.0,True,load_velocity_jump,0.0,0.2,1.0
669,669,29,16,5.0,1.0,inextensible,30.0,1.3421052631578947,OK,,0.22950189520278855,0.8759769201278687,RL_shank_joint,0.0,0.4548519705163868,,0.19510799846611918,0.24154309774754612,0.8052983740810304,0.1507862079143524,pd,0.022206602669649845,0.038356781005859375,0.01559733937754468,0.037005163729190826,0.0,0.0,-0.121856689453125,0.28801727294921875,0.7720643281936646,0.8308145240859801,1.1168372530679562,,False,0.15299754244756072,0.44988858699798584,0.7750000000000004,-0.11431121826171875,0.25384721159935,0.12035667548237586,False,False,rope_not_continuously_taut,True,9,1.0050000000000001,0.2602403101061309,0.8759769201278687,RR_shank_joint,0.0,1.3313911612567082,0.06477535759699116,True,17,2.355,0.19764425423918705,0.6816110610961914,RL_shank_joint,0.0,1.011149322178079,0.002179301730047295,True,9,6.005,0.1582586940853143,0.4418657422065735,FR_thigh_joint,0.0,0.8096525338879575,-0.03720625842382547,False,0,,,,,,,,True,120,,0.19546495250913976,0.7593667507171631,RL_shank_joint,0.0,,,27.353986740112305,0.8625001907348633,1.0,False,,,0.2,1.0
670,670,30,16,10.0,1.0,compliant,35.0,1.3421052631578947,SPD,speed_track_error,0.2345717455135603,0.8998206853866577,RL_shank_joint,0.0,0.4994420399853827,,0.23683810599148272,0.28477252736815006,0.7641525816172361,0.20946360647678375,pd,0.026081310829164508,0.04770660400390625,0.012381241930268969,0.023919006809592247,0.0,0.0,-0.0677642822265625,0.226165771484375,0.679693877696991,1.0802757073382878,1.0802757073382878,,False,0.1502024790625321,0.48226189613342285,0.6749999999999998,-0.08177947998046875,0.25384601950645447,0.15868570167278018,False,True,,True,9,1.0050000000000001,0.26110268404702863,0.8764051198959351,RR_shank_joint,0.0,1.3077811942799265,0.06144949650383749,True,17,2.38,0.20623756834372445,0.6874799728393555,RL_shank_joint,0.0,1.0329790918019224,0.006584380800533307,True,9,6.005,0.162972264774742,0.48226189613342285,FL_thigh_joint,0.0,0.8162767986836478,-0.03668092276844914,False,0,,,,,,,,True,120,,0.19965318754319114,0.7730677127838135,RL_shank_joint,0.0,,,28.670942306518555,0.8222721219062805,1.0,False,,,0.2,1.0
671,671,31,16,10.0,1.0,compliant,40.0,1.3421052631578947,SPD,speed_track_error,0.23843432073981946,0.9184566736221313,RR_shank_joint,0.0,0.5192400656444965,,0.24260532232001425,0.2938429496141884,0.7582466903142631,0.20961909532546996,pd,0.02805341811372729,0.04552459716796875,0.01337149312516815,0.024701714515686035,0.0,0.0,-0.0853271484375,0.23026275634765625,0.6846832036972046,,,,False,0.15055833930558163,0.42224085330963135,0.6749999999999998,-0.09513092041015625,0.2538539171218872,0.15965818121420342,False,True,,True,9,1.0050000000000001,0.2620535906292014,0.876167893409729,RR_shank_joint,0.0,1.3076641344230717,0.06165535095061847,True,17,2.38,0.20310724163371824,0.7140020132064819,RL_shank_joint,0.0,1.0135180925714729,0.002709001955135293,True,9,6.005,0.1561372708853512,0.42224085330963135,FR_thigh_joint,0.0,0.7791349421820195,-0.04426096879323174,False,0,,,,,,,,True,120,,0.20039823967858295,0.7686425447463989,RL_shank_joint,0.0,,,23.623567581176758,0.7796903848648071,1.0,False,,,0.2,1.0
672,672,32,16,10.0,1.5,compliant,5.0,1.3421052631578947,OK,,0.226046536334533,0.9245071411132812,RR_shank_joint,0.0,0.5011419236123483,0.5499999999999998,0.12232761947438121,0.23776118650789543,0.9499973180020849,0.08366062521934509,pd,0.022875809477469505,0.04087066650390625,0.007927447157252448,0.022479230538010597,0.0,0.0,-0.08785247802734375,0.0,-0.013178408145904541,,,,,0.17842713360129106,1.0670346021652222,0.75,0.40828704833984375,0.253852903842926,0.1578104330855661,False,False,rope_taut_during_settle|robot_and_load_speeds_differ|tension_not_steady,True,9,1.0050000000000001,0.29065723360503865,0.9245071411132812,RR_shank_joint,0.0,1.482155830668472,0.09455286482625214,True,17,2.005,0.18806511452890115,0.6017417907714844,FR_shank_joint,0.0,0.9590052261459103,-0.008039254249885358,True,9,6.005,0.2539708835576652,1.0670346021652222,FL_thigh_joint,0.0,1.2950801919367456,0.057866514778878664,False,0,,,,,,,,True,120,,0.1961043687787865,0.7557146549224854,RL_shank_joint,0.0,,,35394.28515625,1.5005639791488647,1.0,False,,,0.2,1.0
673,673,33,16,10.0,1.5,compliant,10.0,1.3421052631578947,COL,stop_collision|speed_track_error,0.24877808895700945,0.9248907566070557,RL_shank_joint,0.0,0.6153134120196261,,0.43824097646400334,0.4921107563607398,0.7078393490239977,0.5325572550296783,pd,0.011006210703699117,0.0240631103515625,0.024612987604042,0.051478080451488495,0.0,0.0,-0.023284912109375,0.1340484619140625,0.8473608493804932,1.0348385527217232,1.0348385527217232,,True,0.17217689157575655,0.6114163398742676,,-0.02092742919921875,0.2516213655471802,0.1447305082256283,False,False,rope_not_continuously_taut|tension_not_steady,True,9,1.0050000000000001,0.2905404445676257,0.9248907566070557,RR_shank_joint,0.0,1.3379874269138368,0.07339307926107874,True,17,2.33,0.21959351484835854,0.8079893589019775,RR_shank_joint,0.0,1.0112649284892699,0.002446149541811604,True,9,6.005,0.1823955350549156,0.6114163398742676,FR_thigh_joint,0.0,0.8399619990665225,-0.03475183025163134,True,11,6.055,0.18080029117576207,0.6114163398742676,FR_thigh_joint,0.0,0.8326156337219487,-0.03634707413078486,True,120,,0.21714736530654694,0.8079893589019775,RL_shank_joint,0.0,,,0.0,1.3011789321899414,1.0,True,load_velocity_jump,0.0,0.2,1.0
674,674,34,16,10.0,1.5,rigid,15.0,0.9210526315789473,COL,stop_collision|speed_track_error,0.24489117474364314,0.9239685535430908,RL_shank_joint,0.0,0.7805175274967172,,0.5227514622174203,0.5982515667093155,0.6514990251883864,0.6365104186534881,pd,0.015698276812594638,0.03351593017578125,0.024269941047619273,0.05451676622033119,0.0,0.0,-0.3165740966796875,0.071044921875,0.6133041381835938,0.6648629775226027,0.6802532196223723,,True,0.18000200311389133,0.5234122276306152,,-0.31192779541015625,0.2549259662628174,0.1480237988322068,False,False,rope_taut_during_settle|tension_not_steady,True,9,1.0050000000000001,0.30869864302823974,0.9239685535430908,RR_shank_joint,0.0,1.387255723351388,0.08617395790207338,True,16,2.0300000000000002,0.22667635631151725,0.7111918926239014,RL_shank_joint,0.0,1.0186571264351953,0.004151671185350897,True,9,6.005,0.15010092602486586,0.32025450468063354,FL_thigh_joint,0.0,0.6745360674918475,-0.0724237591013005,True,11,6.055,0.1527628733246409,0.32025450468063354,FL_thigh_joint,0.0,0.6864985484106083,-0.06976181180152546,True,120,,0.22252468512616635,0.8731526136398315,RL_shank_joint,0.0,,,45.20357131958008,1.2564163208007812,1.0,True,load_velocity_jump,0.0,0.2,1.0
675,675,35,16,10.0,1.5,rigid,20.0,0.9210526315789473,SPD,speed_track_error,0.24911601600377486,0.9289264678955078,RL_shank_joint,0.0,0.8415177235890942,,0.560783036928624,0.6443489195806248,0.626144642047584,0.6739908719062805,pd,0.027633335983211087,0.05759429931640625,0.022573164052488607,0.053343478590250015,0.0,0.0,-0.7521591186523438,0.06134796142578125,0.4863666296005249,0.6032439145764386,0.6828888103295441,,False,0.18915273487456025,0.5201939344406128,,-0.7480545043945312,0.255076140165329,0.15713710630730277,False,False,rope_taut_during_settle|tension_not_steady,True,9,1.0050000000000001,0.31069191165825155,0.9289264678955078,RL_shank_joint,0.0,1.3964984472889141,0.08821267277229944,True,16,2.0300000000000002,0.22368688313769633,0.735493540763855,RL_shank_joint,0.0,1.0054281211037552,0.0012076442517442165,True,9,6.005,0.16669884206014407,0.40460121631622314,FR_shank_joint,0.0,0.7492781928546496,-0.05578039682580804,False,0,,,,,,,,True,120,,0.2224792388859521,0.7959393262863159,RL_shank_joint,0.0,,,27.986717224121094,1.187575340270996,1.0,False,,,0.2,1.0
676,676,36,16,10.0,1.5,rigid,25.0,0.9210526315789473,SPD,speed_track_error,0.2525560573515973,0.9299242496490479,RL_shank_joint,0.0,0.8857774854067593,,0.593469772618264,0.6854770248813638,0.6043534849211574,0.7055413073301315,pd,0.013760058752513609,0.0261688232421875,0.026341829142552297,0.05721801146864891,0.0,0.0,-1.0052947998046875,0.03542327880859375,0.3288777768611908,0.6152156394214359,0.6950950562554539,,False,0.20425296324629524,0.599776029586792,,-1.0017776489257812,0.2552085816860199,0.1529978871307761,False,False,rope_taut_during_settle|tension_not_steady,True,9,1.0050000000000001,0.31054706463538395,0.9299242496490479,RL_shank_joint,0.0,1.3908304711138353,0.08726531241242261,True,16,2.0300000000000002,0.22727153938942615,0.753063440322876,RL_shank_joint,0.0,1.0178688456479004,0.003989787166464809,True,9,6.005,0.162627408978736,0.4755105972290039,FR_shank_joint,0.0,0.7283506482712567,-0.060654343244225334,False,0,,,,,,,,True,120,,0.22328175222296134,0.852471113204956,RL_shank_joint,0.0,,,-15.024367332458496,1.1283280849456787,1.0,False,,,0.2,1.0
677,677,37,16,10.0,1.5,rigid,30.0,0.9210526315789473,SPD,speed_track_error,0.25613766642948815,0.9305850267410278,RL_shank_joint,0.0,0.9302703654429075,,0.6154678149148822,0.7133930713318771,0.5896881233900785,0.7152807044982911,pd,0.01129093242530012,0.0228271484375,0.02732817122413036,0.055000144988298416,0.0,0.0,-1.0801010131835938,0.0169525146484375,0.2095329612493515,0.6124619891048866,0.6647178252193982,,False,0.20020953787157086,0.5991649627685547,,-1.0792160034179688,0.2553112506866455,0.14207961830570232,False,False,rope_taut_during_settle|tension_not_steady,True,9,1.0050000000000001,0.31124750951103414,0.9305850267410278,RL_shank_joint,0.0,1.386397978065934,0.08674667033263775,True,16,2.0300000000000002,0.22924553101865222,0.7230798006057739,RL_shank_joint,0.0,1.0211344058116663,0.0047446918402558325,True,9,6.005,0.1611501256951476,0.509418249130249,FR_shank_joint,0.0,0.7178152486418635,-0.06335071348324878,False,0,,,,,,,,True,120,,0.2245008391783964,0.8706779479980469,RL_shank_joint,0.0,,,-11.828756332397461,1.0619022846221924,1.0,False,,,0.2,1.0
678,678,38,16,10.0,1.5,inextensible,35.0,1.3421052631578947,SPD,speed_track_error,0.25819667109471733,0.9257785081863403,RL_shank_joint,0.0,0.8477324017124531,,0.5738421237282455,0.655232473760628,0.6174385841811697,0.6344776411354541,pd,0.011724316761975447,0.02490234375,0.022124034597164787,0.05128055810928345,0.0,0.0,-0.8790817260742188,0.0142364501953125,0.2165270745754242,1.045028566855919,1.0751560843075225,,False,0.19331255636225783,0.6140323877334595,,-0.8774948120117188,0.2538536489009857,0.1436948310493709,False,False,rope_not_continuously_taut|tension_not_steady,True,9,1.0050000000000001,0.29051415058958435,0.9257785081863403,RR_shank_joint,0.0,1.3113216118499749,0.06897113020137055,True,17,2.305,0.23882459532920858,0.7578550577163696,RL_shank_joint,0.0,1.07800550390038,0.017281574940994776,True,9,6.005,0.16154217610324373,0.4281001091003418,FR_shank_joint,0.0,0.729168428868445,-0.06000084428497007,False,0,,,,,,,,True,120,,0.2215430203882138,0.7996593713760376,RL_shank_joint,0.0,,,55.592926025390625,1.1032955646514893,1.0,False,,,0.2,1.0
679,679,39,16,10.0,1.5,inextensible,40.0,1.3421052631578947,SPD,speed_track_error,0.26010260064595503,0.9260964393615723,RL_shank_joint,0.0,0.8810203555257294,,0.5858802374452352,0.66213956787688,0.6094131750365098,0.6188388520479202,pd,0.012445604810344336,0.0238037109375,0.0227348743065347,0.049418214708566666,0.0,0.0,-0.8147048950195312,0.01265716552734375,0.20046904683113098,1.0542935098788604,1.0841703934172955,,False,0.19207875052002113,0.6720280647277832,,-0.8459091186523438,0.2538504898548126,0.1483455140058516,False,False,rope_not_continuously_taut|tension_not_steady,True,9,1.0050000000000001,0.2907413920596571,0.9260964393615723,RR_shank_joint,0.0,1.3027680072408263,0.0675693534129394,True,17,2.305,0.2387385932514526,0.73139488697052,RL_shank_joint,0.0,1.0697513662514722,0.015566554604734911,True,9,6.005,0.1591522359966677,0.42391788959503174,FR_shank_joint,0.0,0.7131369904659355,-0.06401980265005,False,0,,,,,,,,True,120,,0.2231720386467177,0.8344180583953857,RL_shank_joint,0.0,,,52.23964309692383,1.0407202243804932,1.0,False,,,0.2,1.0
680,680,0,17,0.0,1.5,compliant,10.0,1.3947368421052633,OK,,0.22657832360765676,0.9255659580230713,RR_shank_joint,0.0,0.5004701925919428,0.5499999999999998,0.07676928186789155,0.2249452851633069,0.9699612862244248,0.02123404622077942,pd,0.015387978689097902,0.0324249267578125,0.03169212366060253,0.05828997865319252,0.0,0.0,-0.7143325805664062,,-0.1532483547925949,,,,,0.16684910218930932,0.7623105347156525,0.4249999999999998,0.24115753173828125,0.25384584069252014,0.09081566453452315,False,False,rope_taut_during_settle|robot_and_load_speeds_differ|tension_not_steady,True,9,1.0050000000000001,0.2902784594965739,0.9255659580230713,RR_shank_joint,0.0,1.6152235373882955,0.11056435010095794,True,17,2.005,0.19002538594586263,0.5945980548858643,FL_shank_joint,0.0,1.0573759989403382,0.01031127655024669,True,9,6.005,0.19950702087988306,0.7623105347156525,FR_thigh_joint,0.0,1.110135545566407,0.019792911484267123,False,0,,,,,,,,True,120,,0.17971410939561594,0.6273802518844604,FR_shank_joint,0.0,,,1849.9649658203125,1.4983134269714355,1.0,False,,,0.2,1.0
681,681,1,17,0.0,1.5,compliant,15.0,1.3947368421052633,OK,,0.2529316072022721,0.9260115623474121,RR_shank_joint,0.0,0.6609008519385459,,0.28372100273147227,0.351471099702436,0.8108526648456852,0.2134811496734619,pd,0.02361347188721771,0.04114532470703125,0.03711030097247044,0.06365987658500671,0.0,0.0,1.0259933471679688,1.010650634765625,1.291215419769287,0.32294740160894264,0.32294740160894264,,False,0.1551471690556312,0.707753598690033,0.3250000000000002,0.1826171875,0.25385305285453796,0.12241707289493768,False,True,,True,9,1.0050000000000001,0.28979400676084544,0.9260115623474121,RR_shank_joint,0.0,1.3368067656551919,0.07301323170334306,True,17,2.355,0.22015393633658234,0.7547832727432251,RR_shank_joint,0.0,1.0155602418073522,0.003373161279079967,True,9,6.005,0.1988794139654806,0.707753598690033,FR_thigh_joint,0.0,0.9174218235575856,-0.017901361092021784,False,0,,,,,,,,True,120,,0.21678077505750237,0.7648766040802002,RL_shank_joint,0.0,,,25.3574275970459,1.279258370399475,1.0,False,,,0.2,1.0
682,682,2,17,0.0,1.5,compliant,20.0,1.3947368421052633,SPD,speed_track_error,0.25122922120593294,0.9257248640060425,RR_shank_joint,0.0,0.719270735560904,,0.32379683693870903,0.3898693252488025,0.7841354420408607,0.23117151141166686,pd,0.012500883738850837,0.02010345458984375,0.02203029539334033,0.034999947994947433,0.0,0.0,1.2410736083984375,1.2304763793945312,1.2799628973007202,0.1139930412133765,0.1139930412133765,,False,0.16226255982769286,0.7367389798164368,0.35000000000000053,0.204833984375,0.25384849309921265,0.09454768423202718,False,True,,True,9,1.0050000000000001,0.2901452143237606,0.9257248640060425,RR_shank_joint,0.0,1.3102146194708646,0.0686965981871639,True,17,2.355,0.22241699618748922,0.6840274333953857,RR_shank_joint,0.0,1.0043729334045384,0.0009683800508925033,True,9,6.005,0.19033340469339155,0.7367389798164368,FR_thigh_joint,0.0,0.8594924096341505,-0.03111521144320517,False,0,,,,,,,,True,120,,0.22144861613659672,0.735721230506897,RL_shank_joint,0.0,,,29.309999465942383,1.1905778646469116,1.0,False,,,0.2,1.0
683,683,3,17,0.0,1.5,compliant,25.0,1.3947368421052633,COL,stop_collision|speed_track_error,0.25554417972469234,0.9248957633972168,RR_shank_joint,0.0,0.7685512303235059,,0.34041937937960026,0.41289348659194997,0.7730537470802665,0.23008063316345215,pd,0.01564993722124643,0.02803802490234375,0.023813626311152362,0.045369699597358704,0.0,0.0,1.3275070190429688,1.3494415283203125,1.2694917917251587,0.0015973204547350406,0.01549128496826313,,True,0.1661530353568728,0.7322430610656738,0.35000000000000053,0.1908721923828125,0.2538474500179291,0.11617424909984547,False,True,,True,9,1.0050000000000001,0.2904550490545755,0.9248957633972168,RR_shank_joint,0.0,1.3026537655999453,0.06748325353621332,True,17,2.355,0.22122257430136072,0.7047646045684814,RR_shank_joint,0.0,0.9921549664479542,-0.0017492212170014398,True,9,6.005,0.2111200239984406,0.7322430610656738,FR_thigh_joint,0.0,0.9468463197671764,-0.011851771519921561,True,17,8.455,0.146406366009245,0.38452744483947754,RL_shank_joint,0.0,0.656613836153049,-0.07656542950911716,True,120,,0.22297179551836216,0.7513707876205444,RL_shank_joint,0.0,,,31.666671752929688,1.1335937976837158,1.0,True,deck_contact_force,-83.0191650390625,0.2,1.0
684,684,4,17,0.0,1.5,compliant,30.0,1.3947368421052633,SPD,stop_margin_low|speed_track_error,0.25928796722366737,0.9248504638671875,RR_shank_joint,0.0,0.8119743458044145,,0.378428222220391,0.44733954966455447,0.7477145185197394,0.25808834433555605,pd,0.02369540530045824,0.03736114501953125,0.032678404801083805,0.05473930016160011,0.0,0.0,1.3337554931640625,1.3313827514648438,1.2207077741622925,0.004141701545222531,0.004141701545222531,,False,0.15674212776832103,0.6142503023147583,0.3250000000000002,0.19249725341796875,0.2538520395755768,0.09252658644281798,False,False,rope_not_continuously_taut,True,9,1.0050000000000001,0.2903057296272931,0.9248504638671875,RR_shank_joint,0.0,1.2901883609508273,0.06529538353073777,True,17,2.355,0.22684669158185056,0.756172776222229,RR_shank_joint,0.0,1.008161160218416,0.00183634548529521,True,9,6.005,0.18450859330290476,0.6142503023147583,FR_thigh_joint,0.0,0.8200004866608637,-0.04050175279365059,False,0,,,,,,,,True,120,,0.22501034609655535,0.756172776222229,RL_shank_joint,0.0,,,0.0,1.0902323722839355,1.0,False,,,0.2,1.0
685,685,5,17,0.0,1.5,compliant,35.0,1.3947368421052633,COL,stop_collision|speed_track_error,0.26268468162196146,0.9241194725036621,RR_shank_joint,0.0,0.8491063060470339,,0.4051614529825747,0.47449303651946423,0.7298923646782836,0.27368314981460573,pd,0.021794294245211777,0.04952239990234375,0.017767732681066333,0.026875339448451996,0.0,0.0,1.3650894165039062,1.3795166015625,1.2787472009658813,-0.0014433910927209581,-0.0005530595980616226,1.75,True,0.15268228386129035,0.5989885926246643,0.3250000000000002,0.21698760986328125,0.25384920835494995,0.10603374387025104,False,False,rope_not_continuously_taut,True,9,1.0050000000000001,0.2902840298760048,0.9241194725036621,RR_shank_joint,0.0,1.271531487134469,0.0619892272595233,True,17,2.355,0.22884671305856097,0.7577270269393921,RR_shank_joint,0.0,1.0024175339769195,0.0005519104420794452,True,9,6.005,0.19616298305352797,0.5989885926246643,FR_thigh_joint,0.0,0.8592529519082717,-0.03213181956295355,True,17,7.68,0.1334149119876643,0.34470677375793457,RR_shank_joint,0.0,0.5843975003311466,-0.09487989062881722,True,120,,0.22829480261648152,0.767066240310669,RL_shank_joint,0.0,,,0.0,1.0228997468948364,1.0,True,deck_contact_force|load_velocity_jump,-166.9740447998047,0.2,1.0
686,686,6,17,0.0,1.5,compliant,40.0,1.3947368421052633,COL,stop_collision|speed_track_error,0.26273801772859495,0.9247273206710815,RR_shank_joint,0.0,0.8946397220220378,,0.42398343394044785,0.49995757982733596,0.7173443773730348,0.2660020458698273,pd,0.025197200315563717,0.0425872802734375,0.017943710887396058,0.03893964737653732,0.0,0.0,1.3975448608398438,1.4053802490234375,1.2308220863342285,-0.0007557879911104237,0.006088538852338843,1.75,True,0.1595627098825862,0.630354642868042,0.3250000000000002,0.2615509033203125,0.25385308265686035,0.09432277121580213,False,False,rope_not_continuously_taut,True,9,1.0050000000000001,0.2903485670617842,0.9247273206710815,RR_shank_joint,0.0,1.2766454193127281,0.06291770593975782,True,17,2.355,0.22586286920272589,0.724533200263977,RR_shank_joint,0.0,0.993105632579656,-0.0015679919193004876,True,9,6.005,0.18584042814821305,0.630354642868042,FR_thigh_joint,0.0,0.8171293343013011,-0.04159043297381332,True,17,7.755,0.14684328396740493,0.4153589606285095,RL_shank_joint,0.0,0.6456612055327761,-0.08058757715462145,True,120,,0.22743086112202637,0.7965089082717896,RL_shank_joint,0.0,,,3.5039312839508057,1.0343760251998901,1.0,True,deck_contact_force|load_velocity_jump,-82.18965148925781,0.2,1.0
687,687,7,17,0.0,2.0,compliant,5.0,1.3947368421052633,COL,stop_collision,0.2728404914909273,0.9738260507583618,RR_shank_joint,0.0,0.8260364607930714,,0.3060956742614508,0.4159160548588572,0.8469521628692747,0.2153178894519806,pd,0.008710279505476764,0.02907562255859375,0.013380729995045222,0.02582910843193531,0.0,0.0,0.6070938110351562,0.5513992309570312,1.810293436050415,0.9033849617950978,0.9033849617950978,,True,0.17577946319450125,0.9871022701263428,0.6500000000000004,0.3717803955078125,0.2538425922393799,0.14979362617900185,False,False,rope_not_continuously_taut,True,9,1.0050000000000001,0.31864233133539244,0.9738260507583618,RR_shank_joint,0.0,1.3592160471767196,0.08421136504621657,True,17,2.4050000000000002,0.24117126543003797,0.7129039764404297,RR_shank_joint,0.0,1.0287517440530778,0.006740299140862105,True,9,6.005,0.23164700967904533,0.9871022701263428,FR_thigh_joint,0.0,0.988124620845966,-0.0027839566101305335,True,10,6.03,0.22534240864282296,0.9871022701263428,FR_thigh_joint,0.0,0.9612314115740922,-0.009088557646352913,True,120,,0.23443096628917587,0.7519679069519043,RR_shank_joint,0.0,,,12.664835929870605,1.7825114727020264,1.0,True,load_velocity_jump,0.0,0.2,1.0
688,688,8,17,0.0,2.0,rigid,10.0,0.9473684210526316,OK,,0.26857327408880455,0.970871090888977,RR_shank_joint,0.0,0.7317798977741637,0.7,0.11359220756217837,0.32820378046264786,0.9577466868702322,0.0229626989364624,pd,0.045109064676541674,0.06839752197265625,0.020402028946730124,0.034482188522815704,0.0,0.0,-0.7506637573242188,,-0.1567346453666687,,,,,0.17932741964889773,1.0116305947303772,0.5499999999999998,0.40888214111328125,0.25384795665740967,0.1760105776376419,False,False,rope_taut_during_settle|robot_and_load_speeds_differ,True,9,1.0050000000000001,0.3199250186829275,0.970871090888977,RR_shank_joint,0.0,1.4168296036285744,0.0941215643623918,True,17,2.005,0.22944118246820475,0.5705879926681519,FL_shank_joint,0.0,1.0161101527813883,0.0036377281476690504,True,9,6.005,0.25569269883064555,1.0116305947303772,FL_thigh_joint,0.0,1.1323684112807284,0.029889244510109853,False,0,,,,,,,,True,120,,0.2258034543205357,0.5780357122421265,FR_shank_joint,0.0,,,1138.6353759765625,1.9886113405227661,1.0,False,,,0.2,1.0
689,689,9,17,0.0,2.0,rigid,15.0,0.9473684210526316,COL,stop_collision|speed_track_error,0.27302986348054864,0.9861098527908325,RL_shank_joint,0.0,1.207182625146379,,0.48384281938895585,0.6138765159421954,0.758078590305522,0.2973683547973633,pd,0.02638495053744228,0.043079376220703125,0.028453494832879084,0.042676862329244614,0.0,0.0,0.5044403076171875,0.532684326171875,1.6769413948059082,0.6801506024323345,0.6979505887526471,,True,0.1769796903514921,0.8280880451202393,0.7000000000000002,0.50726318359375,0.2548162341117859,0.11518021458713991,False,False,rope_taut_during_settle,True,9,1.0050000000000001,0.3267264784177291,0.9861098527908325,RL_shank_joint,0.0,1.3291314574579696,0.08090694222030148,True,17,2.005,0.276999673112003,0.7762606143951416,RL_shank_joint,0.0,1.1268415740949627,0.031180136914575385,True,9,6.005,0.21603045353832773,0.8280880451202393,FL_thigh_joint,0.0,0.8788172692866238,-0.029789082659099908,True,13,6.105,0.21507873270999395,0.8280880451202393,FL_thigh_joint,0.0,0.8749456452364938,-0.030740803487433688,True,120,,0.24581953619742763,0.785104513168335,RL_shank_joint,0.0,,,-6.587596416473389,1.390202522277832,1.0,True,load_velocity_jump,0.0,0.2,1.0
690,690,10,17,0.0,2.0,rigid,20.0,0.9473684210526316,COL,stop_collision|speed_track_error,0.2759354332906022,0.9867249727249146,RL_shank_joint,0.0,1.287069358048754,,0.5272829261049629,0.6603026160133336,0.7363585369475186,0.3131905460357666,pd,0.024475057205188604,0.041656494140625,0.0295971306370619,0.044352367520332336,0.0,0.0,0.5556488037109375,0.6052474975585938,1.6619832515716553,0.6811670565421082,0.7005562787952613,,True,0.18574508250026095,0.7916537821292877,,0.558502197265625,0.254932165145874,0.12380866505044591,False,False,rope_taut_during_settle,True,9,1.0050000000000001,0.32666033382009824,0.9867249727249146,RL_shank_joint,0.0,1.3104954070667647,0.07739556565791869,True,16,2.0300000000000002,0.2847725358939214,0.7667949199676514,RR_shank_joint,0.0,1.1424500060459382,0.03550776773174183,True,9,6.005,0.22068264371597393,0.7916537821292877,FL_thigh_joint,0.0,0.8853342786590315,-0.028582124446205615,True,17,6.23,0.20913638655510075,0.7916537821292877,FL_thigh_joint,0.0,0.8390130225665506,-0.040128381607078795,True,120,,0.24926476816217955,0.7961193323135376,RL_shank_joint,0.0,,,53.17906188964844,1.320316195487976,1.0,True,load_velocity_jump,0.0,0.2,1.0
691,691,11,17,0.0,2.0,rigid,25.0,0.9473684210526316,SPD,speed_track_error,0.28066850597733456,0.9779235124588013,RL_shank_joint,0.0,1.3279676219916192,,0.5668070521578192,0.696328655757657,0.7165964739210904,0.316604642868042,pd,0.03428154874063249,0.05413055419921875,0.02705793323538311,0.043244823813438416,0.0,0.0,0.6663970947265625,0.7015228271484375,1.6541693210601807,0.6792430961454556,0.697060164009784,,False,0.19179014562929989,0.8346126079559326,0.9500000000000002,0.6692886352539062,0.25502243638038635,0.1165462086025113,False,False,rope_taut_during_settle,True,9,1.0050000000000001,0.32736523859931355,0.9779235124588013,RL_shank_joint,0.0,1.305517604796122,0.07661010715055994,True,17,2.005,0.270000974970882,0.7415395975112915,RL_shank_joint,0.0,1.0767515440698434,0.01924584352212838,True,9,6.005,0.21400550047648859,0.8346126079559326,FR_thigh_joint,0.0,0.8534441518307454,-0.036749630972265024,False,0,,,,,,,,True,120,,0.2507551314487536,0.7626882791519165,RL_shank_joint,0.0,,,39.85149383544922,1.2152142524719238,1.0,False,,,0.2,1.0
692,692,12,17,0.0,2.0,rigid,30.0,0.9473684210526316,SPD,speed_track_error,0.284451474391644,0.9775313138961792,RL_shank_joint,0.0,1.393892494014965,,0.6399624107405544,0.757351985470188,0.6800187946297228,0.3752975726127625,pd,0.017363595119864877,0.032581329345703125,0.030283099760942952,0.050192348659038544,0.0,0.0,0.7140579223632812,0.7666244506835938,1.6509441137313843,0.6829546563102298,0.6982919715007085,,False,0.19373347055166784,0.8718899488449097,,0.7171249389648438,0.2551528513431549,0.13354030273022716,False,False,rope_taut_during_settle,True,9,1.0050000000000001,0.3290770463147379,0.9775313138961792,RL_shank_joint,0.0,1.2807894444338277,0.07214406818560737,True,16,2.0300000000000002,0.28826671349906674,0.7804938554763794,RL_shank_joint,0.0,1.1219529528599026,0.03133373536993622,True,9,6.005,0.22891500421465052,0.8718899488449097,FR_shank_joint,0.0,0.8909522081653583,-0.028017973914479993,False,0,,,,,,,,True,120,,0.2569329781291305,0.7968631982803345,RL_shank_joint,0.0,,,48.609317779541016,1.1102113723754883,1.0,False,,,0.2,1.0
693,693,13,17,0.0,2.0,rigid,35.0,0.9473684210526316,SPD,speed_track_error,0.2829364231078085,0.9811946153640747,RL_shank_joint,0.0,1.4341207271313159,,0.6756584345176816,0.7935065831988147,0.6621707827411591,0.3809115242958069,pd,0.019082633030928605,0.0334625244140625,0.032633337424666,0.05481015145778656,0.0,0.0,0.7773361206054688,0.8353424072265625,1.6382695436477661,0.6838145079540112,0.7012506197923614,,False,0.19706375712159765,0.8860321044921875,,0.780609130859375,0.25522762537002563,0.13701809216160626,False,False,rope_taut_during_settle,True,9,1.0050000000000001,0.32902809265801364,0.9811946153640747,RL_shank_joint,0.0,1.2664272157701923,0.06921995796160996,True,17,2.005,0.28556579037390467,0.7819960117340088,RL_shank_joint,0.0,1.099141066955428,0.02575765567750099,True,9,6.005,0.2325022443907889,0.8860321044921875,FR_shank_joint,0.0,0.8948997869619332,-0.027305890305614783,False,0,,,,,,,,True,120,,0.2598081346964037,0.7853931188583374,RL_shank_joint,0.0,,,9.906463623046875,0.9851226210594177,1.0,False,,,0.2,1.0
694,694,14,17,0.0,2.0,rigid,40.0,0.9473684210526316,SPD,speed_track_error,0.28840653741427147,0.9823836088180542,RL_shank_joint,0.0,1.49189516373071,,0.7373064343072474,0.8519007543524184,0.6313467828463764,0.4141111171245575,pd,0.030316348339581196,0.0517120361328125,0.025322720890288905,0.0485369898378849,0.0,0.0,0.9077224731445312,0.95123291015625,1.6261024475097656,0.6788590765287665,0.694840494938191,,False,0.20973731917010136,1.1220154762268066,,0.9108047485351562,0.25526586174964905,0.17660723329286657,False,False,rope_taut_during_settle,True,9,1.0050000000000001,0.3313214245089561,0.9823836088180542,RL_shank_joint,0.0,1.2756245346452142,0.07158870887793728,True,17,2.005,0.2878175349885658,0.7847805023193359,RL_shank_joint,0.0,1.1081296951341504,0.02808481935754703,True,9,6.005,0.23218293004697013,1.1220154762268066,FR_thigh_joint,0.0,0.893930244724402,-0.027549785584048664,False,0,,,,,,,,True,120,,0.2597327156310188,0.7884654998779297,RL_shank_joint,0.0,,,29.944753646850586,0.8756158947944641,1.0,False,,,0.2,1.0
695,695,15,17,0.0,0.5,rigid,5.0,0.9473684210526316,OK,,0.16941401050260632,0.5944191217422485,RR_shank_joint,0.0,0.1590655109817384,0.375,0.04938909819349647,0.07991560021034133,0.9013597609475255,0.04001203298568726,pd,0.00647869324088567,0.009485244750976562,0.017523902432972267,0.04192277044057846,0.0,0.0,-0.00063323974609375,0.04502105712890625,0.46709102392196655,0.6704757114505071,0.6941231738105245,,False,0.1405632475703373,0.4170806407928467,0.4249999999999998,0.0001373291015625,0.2543681263923645,0.08438497522708083,False,False,rope_taut_during_settle|load_moved_during_settle,True,9,1.0050000000000001,0.20585818310397952,0.5944191217422485,RR_shank_joint,0.0,1.317054739095935,0.04955626413796402,True,16,2.0300000000000002,0.15150471363638915,0.5325733423233032,FR_shank_joint,0.0,0.9693080842425907,-0.004797205329626353,True,9,6.005,0.14577587701850175,0.39697980880737305,FR_thigh_joint,0.0,0.9326557087900986,-0.010526041947513748,False,0,,,,,,,,True,120,,0.1563019189660155,0.5810928344726562,FR_shank_joint,0.0,,,8.12698745727539,0.4686282277107239,1.0,False,,,0.2,1.0
696,696,16,17,0.0,0.5,inextensible,10.0,1.3947368421052633,OK,,0.16120072860741055,0.5893170833587646,FL_shank_joint,0.0,0.13608211336204443,0.19999999999999996,0.03977159976027906,0.06854488553060344,1.0371388554759324,0.03331548392772674,pd,0.006469970853863239,0.009044647216796875,0.013525976031891684,0.03971065580844879,0.0,0.0,-0.333648681640625,,-0.12295295298099518,,,,,0.14830267837658762,0.45516514778137207,0.6749999999999998,-0.0159759521484375,0.2538456320762634,0.08298149039526377,False,False,rope_taut_during_settle|robot_and_load_speeds_differ,True,9,1.0050000000000001,0.1938997739307094,0.5893170833587646,RR_shank_joint,0.0,1.2894321779822193,0.04352368029689349,True,17,2.005,0.14742773245142676,0.48122644424438477,FR_shank_joint,0.0,0.9803934181880748,-0.002948361182389142,True,9,6.005,0.14894282085958807,0.45516514778137207,FR_thigh_joint,0.0,0.9904687457986638,-0.001433272774227834,False,0,,,,,,,,True,120,,0.1503760936338159,0.5222043991088867,FR_shank_joint,0.0,,,288.1488952636719,0.5078805088996887,1.0,False,,,0.2,1.0
697,697,17,17,0.0,0.5,inextensible,15.0,1.3947368421052633,OK,,0.1670668904310239,0.5926811695098877,RR_shank_joint,0.0,0.16241358111508808,0.17499999999999982,0.060654102675616745,0.08508664411180376,0.8824430356174707,0.051022140979766845,pd,0.006288469452950359,0.008400917053222656,0.015718648330402898,0.03958476707339287,0.0,0.0,-0.02205657958984375,0.15856170654296875,0.44094932079315186,0.9657964583702778,1.133779775820372,,False,0.14162353083104892,0.36244070529937744,0.5250000000000004,-0.0218353271484375,0.25384771823883057,0.0807744027382776,False,False,rope_not_continuously_taut,True,9,1.0050000000000001,0.19446838338223313,0.5926811695098877,RR_shank_joint,0.0,1.2315741419040542,0.036566088452933465,True,17,2.58,0.16213320249834348,0.5805227756500244,RL_shank_joint,0.0,1.0267944653428767,0.004230907569043818,True,9,6.005,0.13650269142961324,0.3464311361312866,FR_thigh_joint,0.0,0.8644756650986736,-0.02139960349968642,False,0,,,,,,,,True,120,,0.15790229492929966,0.5900352001190186,RL_shank_joint,0.0,,,7.490167140960693,0.473819762468338,1.0,False,,,0.2,1.0
698,698,18,17,0.0,0.5,inextensible,20.0,1.3947368421052633,OK,,0.16976049353016068,0.5890617370605469,RR_shank_joint,0.0,0.17465684430464662,0.19999999999999996,0.07578814835287631,0.09737448687984726,0.8524561637453735,0.07003107637166978,pd,0.005070513926122475,0.008045196533203125,0.013134661007923069,0.03974420204758644,0.0,0.0,0.11481475830078125,0.20738983154296875,0.43090561032295227,0.936485728009643,1.0189663617587712,,False,0.13203503752319773,0.35650956630706787,0.4500000000000002,-0.00765228271484375,0.25384896993637085,0.08148164016221646,False,False,rope_not_continuously_taut,True,9,1.0050000000000001,0.19382814278788332,0.5890617370605469,RR_shank_joint,0.0,1.2260074325898105,0.03573110549795275,True,17,2.58,0.1582270898092552,0.5348505973815918,RL_shank_joint,0.0,1.0008226119954806,0.00013005251932463047,True,9,6.005,0.13802068070177956,0.35650956630706787,FR_thigh_joint,0.0,0.8730124426599251,-0.020076356588151018,False,0,,,,,,,,True,120,,0.15809703728993058,0.5959584712982178,RL_shank_joint,0.0,,,15.18364143371582,0.47539639472961426,1.0,False,,,0.2,1.0
699,699,19,17,0.0,0.5,inextensible,25.0,1.3947368421052633,OK,,0.1725255816432748,0.5923476219177246,RR_shank_joint,0.0,0.18526524872705313,0.17499999999999982,0.07511582536622882,0.0992621492622118,0.8531188217177987,0.06324417680501938,pd,0.007111679316806917,0.009160757064819336,0.01183496598566825,0.03917599841952324,0.0,0.0,0.1599578857421875,0.28328704833984375,0.45053979754447937,0.8569561478836363,0.9815588238629829,,False,0.12407849346891131,0.33999061584472656,0.40000000000000036,0.00518035888671875,0.2538496255874634,0.0716883463706436,False,False,rope_not_continuously_taut,True,9,1.0050000000000001,0.1947171504218066,0.5923476219177246,RR_shank_joint,0.0,1.2193545532771126,0.03502844470574662,True,17,2.605,0.16337638650291147,0.5830985307693481,RL_shank_joint,0.0,1.0230929342830826,0.0036876807868514994,True,9,6.005,0.12987307378685817,0.30004703998565674,FL_shank_joint,0.0,0.8132890375965817,-0.029815631929201808,False,0,,,,,,,,True,120,,0.15968870571605998,0.5905897617340088,RL_shank_joint,0.0,,,9.542378425598145,0.46501606702804565,1.0,False,,,0.2,1.0
700,700,20,17,5.0,0.5,compliant,30.0,1.3947368421052633,OK,,0.17264936403557007,0.615411639213562,RR_shank_joint,0.0,0.19454571605084492,0.17499999999999982,0.0685816635005176,0.10247891685734539,0.8679758426919579,0.04655999094247818,pd,0.007216645799969338,0.009541988372802734,0.013459795184165653,0.0391363650560379,0.0,0.0,0.494903564453125,0.48407745361328125,0.4524035155773163,0.6406983980136545,0.6406987524763679,,False,0.1431231453301329,0.3909029960632324,0.6500000000000004,-0.0131378173828125,0.2538498640060425,0.06474067191881262,False,True,,True,9,1.0050000000000001,0.1947366544433205,0.5911771059036255,RR_shank_joint,0.0,1.239745393787713,0.03765871294086867,True,17,2.63,0.1545394131067818,0.5793858766555786,FR_shank_joint,0.0,0.9838390523112985,-0.0025385283956700366,True,9,6.005,0.13060114842625686,0.32910794019699097,FR_shank_joint,0.0,0.8314416854273476,-0.026476793076194965,False,0,,,,,,,,True,120,,0.15707794150245183,0.6015554666519165,FR_shank_joint,0.0,,,10.381048202514648,0.44497227668762207,1.0,False,,,0.2,1.0
701,701,21,17,5.0,0.5,compliant,35.0,1.3947368421052633,OK,,0.17711008425823352,0.5942018032073975,RR_shank_joint,0.0,0.22297506922993873,0.17499999999999982,0.07952459817752242,0.11706512755198024,0.8453098522499204,0.056293665170669555,pd,0.0039761358220881645,0.0077152252197265625,0.016219305746846956,0.03914446383714676,0.0,0.0,0.4682464599609375,0.45722198486328125,0.4068334400653839,0.6445764354109258,0.6445764354109258,,False,0.147484313232391,0.40855634212493896,0.6749999999999998,-0.022491455078125,0.25384947657585144,0.07804561092626817,False,True,,True,9,1.0050000000000001,0.19464147433380077,0.5886001586914062,RR_shank_joint,0.0,1.2534975873250394,0.039362775513833215,True,17,2.63,0.15542027251394683,0.5681459903717041,FR_shank_joint,0.0,1.0009117393116709,0.0001415736939792689,True,9,6.005,0.13557970130478575,0.32847166061401367,FR_shank_joint,0.0,0.8731377989068474,-0.01969899751518181,False,0,,,,,,,,True,120,,0.15527869881996756,0.6389847993850708,FR_shank_joint,0.0,,,5.525208950042725,0.4137372076511383,1.0,False,,,0.2,1.0
702,702,22,17,5.0,0.5,compliant,40.0,1.3947368421052633,OK,,0.18372518131653198,0.602304220199585,RR_shank_joint,0.0,0.2377194151368541,0.17499999999999982,0.0937675954028964,0.13169633271173042,0.8168278060108424,0.05268667876720429,pd,0.00633057800066897,0.011319160461425781,0.017039896877457685,0.0394568108022213,0.0,0.0,0.5327529907226562,0.5212326049804688,0.4360368251800537,0.5837933070647665,0.5837933070647665,,False,0.1472604993267294,0.3882327079772949,0.5499999999999998,-0.0140380859375,0.2538488507270813,0.08166427861765223,False,False,rope_not_continuously_taut,True,9,1.0050000000000001,0.19448567673770445,0.5924215316772461,RR_shank_joint,0.0,1.2423648535357645,0.037940941763756064,True,17,2.605,0.1496521501346635,0.5419107675552368,FL_shank_joint,0.0,0.9559705100242948,-0.006892584839284899,True,9,6.005,0.1391608750192752,0.38084685802459717,FR_thigh_joint,0.0,0.8889527651149294,-0.017383859954673175,False,0,,,,,,,,True,120,,0.15654473497394839,0.5981100797653198,FR_shank_joint,0.0,,,2.33432674407959,0.3893145024776459,1.0,False,,,0.2,1.0
703,703,23,17,5.0,1.0,compliant,5.0,1.3947368421052633,COL,stop_collision,0.20734200694839497,0.8757688999176025,RR_shank_joint,0.0,0.306468420362975,1.925,0.13019161903299392,0.17101471192300668,0.8707495788391679,0.12394472360610961,pd,0.022383359591079836,0.04145240783691406,0.012344666389566938,0.023018863052129745,0.0,0.0,0.00974273681640625,0.13636016845703125,0.8347804546356201,1.0680369696579533,1.1643236107635175,,True,0.15200205631360963,0.4540146589279175,0.7250000000000005,0.013092041015625,0.25385141372680664,0.1167620128587694,False,True,,True,9,1.0050000000000001,0.26058736908302066,0.8757688999176025,RR_shank_joint,0.0,1.3664298674166877,0.06988064106361949,True,17,2.38,0.19454292287334696,0.7122520208358765,RL_shank_joint,0.0,1.020115676535311,0.00383619485394579,True,9,6.005,0.15587817737547588,0.43680340051651,FL_thigh_joint,0.0,0.8173711488543703,-0.03482855064392529,True,11,6.055,0.15439179463415206,0.43680340051651,FL_thigh_joint,0.0,0.8095770728049265,-0.036314933385249104,True,120,,0.19070672801940117,0.7549501657485962,RL_shank_joint,0.0,,,21.4366397857666,0.907324492931366,1.0,True,load_velocity_jump,0.0,0.2,1.0
704,704,24,17,5.0,1.0,rigid,10.0,0.9473684210526316,OK,,0.19093323282105445,0.8760432004928589,RR_shank_joint,0.0,0.29290069230282595,0.575,0.05349915155209601,0.13393635142789623,0.9770376168843359,0.025704866647720336,pd,0.021664052150480364,0.04464530944824219,0.008466928901038749,0.02306392975151539,0.0,0.0,-0.187408447265625,,-0.037094585597515106,,,,,0.15765654767588538,0.6104474067687988,0.5750000000000002,0.02728271484375,0.253851056098938,0.10882470717790843,False,False,rope_taut_during_settle|robot_and_load_speeds_differ,True,9,1.0050000000000001,0.2607205365712462,0.8760432004928589,RR_shank_joint,0.0,1.4391591573871105,0.07955882472514175,True,17,2.005,0.1685310485140461,0.5896477699279785,RL_shank_joint,0.0,0.9302796203273459,-0.012630663332058367,True,9,6.005,0.17516707981254967,0.6104474067687988,FR_thigh_joint,0.0,0.9669100497424798,-0.005994632033554798,False,0,,,,,,,,True,120,,0.18116171184610447,0.6582976579666138,RL_shank_joint,0.0,,,464.0851135253906,0.9793701171875,1.0,False,,,0.2,1.0
705,705,25,17,5.0,1.0,rigid,15.0,0.9473684210526316,OK,,0.2236038233542757,0.8846765756607056,RL_shank_joint,0.0,0.4380468555213477,,0.18100586352869869,0.2342863229428159,0.8189941364713014,0.15723420977592467,pd,0.02680873507941319,0.044963836669921875,0.020010824285055732,0.038371652364730835,0.0,0.0,-0.1038055419921875,0.1260528564453125,0.7734184861183167,0.6735634173317635,0.6998790922696827,,False,0.16528900512218375,0.4827868938446045,,-0.1000213623046875,0.25488317012786865,0.12645535279129455,False,False,rope_taut_during_settle,True,9,1.0050000000000001,0.28202512414842873,0.8846765756607056,RR_shank_joint,0.0,1.4659687308206575,0.08964371912995367,True,16,2.0300000000000002,0.18840546302455857,0.728471040725708,RL_shank_joint,0.0,0.9793330234097487,-0.0039759419939164875,True,9,6.005,0.1600130146247127,0.4827868938446045,FL_thigh_joint,0.0,0.8317488616394402,-0.03236839039376235,False,0,,,,,,,,True,120,,0.19238140501847506,0.7827010154724121,RL_shank_joint,0.0,,,18.228458404541016,0.9080339670181274,1.0,False,,,0.2,1.0
706,706,26,17,5.0,1.0,rigid,20.0,0.9473684210526316,OK,,0.2211253971012215,0.8905296325683594,RL_shank_joint,0.0,0.4729723490724448,,0.19337819159030914,0.24914359284720716,0.8066218084096909,0.16000164687633514,pd,0.021317375596279945,0.034580230712890625,0.008760375115628917,0.024814698845148087,0.0,0.0,-0.102813720703125,0.127532958984375,0.7645604014396667,0.674231410054773,0.6927066178102592,,False,0.16962550715433714,0.6279846429824829,,-0.0969085693359375,0.2550185024738312,0.10787576065836718,False,False,rope_taut_during_settle|tension_not_steady,True,9,1.0050000000000001,0.28438781175531375,0.8905296325683594,RR_shank_joint,0.0,1.4515086455399504,0.08846213633536226,True,16,2.0300000000000002,0.19257703345178503,0.6778808832168579,RR_shank_joint,0.0,0.9829086108240337,-0.003348641968166449,True,9,6.005,0.1666246579572711,0.6279846429824829,FR_thigh_joint,0.0,0.8504483018885813,-0.02930101746268038,False,0,,,,,,,,True,120,,0.19592567541995148,0.7587987184524536,RL_shank_joint,0.0,,,10.746084213256836,0.8718324899673462,1.0,False,,,0.2,1.0
707,707,27,17,5.0,1.0,rigid,25.0,0.9473684210526316,SPD,speed_track_error,0.23220076795124148,0.8933147192001343,RL_shank_joint,0.0,0.5020006065153976,,0.20420587949454785,0.2620724156313822,0.7957941205054522,0.16151475369930268,pd,0.026899523515954985,0.04447174072265625,0.009943570258289444,0.024302121251821518,0.0,0.0,-0.13680267333984375,0.1314849853515625,0.713313639163971,0.6822309593540439,0.7001997813533478,,False,0.17502898164135058,0.6112256050109863,,-0.13140869140625,0.2551482319831848,0.09745931368425524,False,False,rope_taut_during_settle,True,9,1.0050000000000001,0.28732009281456045,0.8933147192001343,RR_shank_joint,0.0,1.4634398535318687,0.09098807949597987,True,16,2.0300000000000002,0.1998466149397597,0.6607614755630493,RL_shank_joint,0.0,1.0179013170688374,0.0035146016211791142,True,9,6.005,0.18081001907120742,0.6112256050109863,FR_thigh_joint,0.0,0.9209400750035288,-0.015521994247373161,False,0,,,,,,,,True,120,,0.19633201331858058,0.7781180143356323,RL_shank_joint,0.0,,,7.176037788391113,0.8728742003440857,1.0,False,,,0.2,1.0
708,708,28,17,5.0,1.0,inextensible,30.0,1.3947368421052633,OK,,0.23173884485105117,0.8759490251541138,RR_shank_joint,0.0,0.4451801930574577,,0.1928113385941833,0.23808619768755335,0.807639633724466,0.15080199420452117,pd,0.02129994963718058,0.037811279296875,0.019264050231260484,0.04477759450674057,0.0,0.0,-0.115814208984375,0.3051910400390625,0.783489465713501,0.8769715693692604,1.1709445303546744,,False,0.15165548099986642,0.447640061378479,0.75,-0.108367919921875,0.2538536787033081,0.11895693132514147,False,False,rope_not_continuously_taut,True,9,1.0050000000000001,0.262173738467285,0.8759490251541138,RR_shank_joint,0.0,1.338158115371017,0.06625239295827923,True,17,2.355,0.20428313189142228,0.7422152757644653,RL_shank_joint,0.0,1.0426793025573222,0.008361786382416525,True,9,6.005,0.15581684285495181,0.447640061378479,FR_thigh_joint,0.0,0.7953030459756082,-0.040104502654053936,False,0,,,,,,,,True,120,,0.19592134550900575,0.7597126960754395,RL_shank_joint,0.0,,,25.930753707885742,0.8560225367546082,1.0,False,,,0.2,1.0
709,709,29,17,5.0,1.0,inextensible,35.0,1.3947368421052633,SPD,speed_track_error,0.23391973693256202,0.8755018711090088,RL_shank_joint,0.0,0.4735771103230105,,0.2037657467648387,0.25203197780971914,0.7967094059661031,0.15101736962795256,pd,0.021921295001801604,0.0370941162109375,0.017956339382225173,0.043855614960193634,0.0,0.0,-0.1719512939453125,0.33905792236328125,0.7845262289047241,0.8346802539906406,1.1646070806246058,,False,0.15250100539972564,0.4746512770652771,0.7250000000000005,-0.16819000244140625,0.253844290971756,0.11626394327054063,False,False,rope_not_continuously_taut,True,9,1.0050000000000001,0.26078899077297046,0.8755018711090088,RR_shank_joint,0.0,1.3324412947210322,0.06506630354751128,True,17,2.355,0.20025035180227407,0.683194637298584,RL_shank_joint,0.0,1.0231330595394867,0.004527664576814888,True,9,6.005,0.15911234842143082,0.4746512770652771,FR_thigh_joint,0.0,0.8129479043895624,-0.036610338804028364,False,0,,,,,,,,True,120,,0.19572268722545919,0.7449662685394287,RL_shank_joint,0.0,,,17.59708595275879,0.8298919796943665,1.0,False,,,0.2,1.0
710,710,30,17,10.0,1.0,compliant,40.0,1.3947368421052633,SPD,speed_track_error,0.23598995455683286,0.897540807723999,RL_shank_joint,0.0,0.5194436021075426,,0.2446299777366221,0.2953896024231888,0.7564216568134725,0.2082175451517105,pd,0.025420783007293682,0.048435211181640625,0.012259734358053985,0.024884581565856934,0.0,0.0,-0.00238037109375,0.28667449951171875,0.7741618752479553,,,,False,0.15243168888537903,0.4980543851852417,0.7250000000000005,-0.0491180419921875,0.2538469135761261,0.16136875659372174,False,True,,True,9,1.0050000000000001,0.2606794202470792,0.8762468099594116,RR_shank_joint,0.0,1.3175579554839343,0.06282898098398615,True,17,2.38,0.21108560903480125,0.7292900085449219,RL_shank_joint,0.0,1.0668948212650093,0.013235169771708216,True,9,6.005,0.1521296468891505,0.4040933847427368,FR_shank_joint,0.0,0.7689123534714777,-0.045720792373942526,False,0,,,,,,,,True,120,,0.19785043926309304,0.7701137065887451,RL_shank_joint,0.0,,,30.645282745361328,0.8259963393211365,1.0,False,,,0.2,1.0
711,711,31,17,10.0,1.5,compliant,5.0,1.3947368421052633,COL,stop_collision|speed_track_error,0.24070133336902444,0.9256042242050171,RR_shank_joint,0.0,0.5440582791382347,,0.3366825050488114,0.386445334344964,0.7755449966341258,0.3758040767908096,pd,0.022292213245831284,0.03481292724609375,0.019635276498929034,0.04570433124899864,0.0,0.0,0.205047607421875,0.22202301025390625,1.2052557468414307,1.1368036158284127,1.1521234128766906,,True,0.14025855442413085,0.5913234949111938,0.625,0.2129669189453125,0.24875718355178833,0.154688050095921,False,False,tension_not_steady,True,9,1.0050000000000001,0.2907059976643148,0.9256042242050171,RR_shank_joint,0.0,1.3573139592452859,0.0765285808005278,True,17,2.355,0.20674076048563328,0.6549607515335083,RL_shank_joint,0.0,0.9652780555156134,-0.007436656378153744,True,9,6.005,0.18105109489328922,0.5913234949111938,FL_thigh_joint,0.0,0.8453323302915473,-0.03312632197049781,True,11,6.055,0.17820105294293956,0.5913234949111938,FR_thigh_joint,0.0,0.8320254093655085,-0.035976363920847465,True,120,,0.21417741686378702,0.8139855861663818,RL_shank_joint,0.0,,,27.935270309448242,1.3661125898361206,1.0,True,load_velocity_jump,0.0,0.2,1.0
712,712,32,17,10.0,1.5,compliant,10.0,1.3947368421052633,OK,,0.22626269297592672,0.9252703189849854,RR_shank_joint,0.0,0.5002053602557811,0.5499999999999998,0.12175761165097355,0.23724092737909455,0.9494497104361653,0.08389499425888061,pd,0.023264481022241473,0.04291534423828125,0.008093986190406594,0.022601081058382988,0.0,0.0,-0.10419464111328125,0.0,-0.01714314892888069,,,,,0.17787024226171463,1.0679901838302612,0.7750000000000004,0.41588592529296875,0.25385183095932007,0.15816055002079984,False,False,rope_taut_during_settle|robot_and_load_speeds_differ|tension_not_steady,True,9,1.0050000000000001,0.29015655431655824,0.9252703189849854,RR_shank_joint,0.0,1.4776225563564356,0.09378938797332464,True,17,2.005,0.19164236659062456,0.5903018712997437,FR_shank_joint,0.0,0.9759389523177695,-0.004724799752609032,True,9,6.005,0.25424314541472853,1.0679901838302612,FL_thigh_joint,0.0,1.294733483958986,0.05787597907149494,False,0,,,,,,,,True,120,,0.1963671663432336,0.7585198879241943,RL_shank_joint,0.0,,,35036.16015625,1.4929931163787842,1.0,False,,,0.2,1.0
713,713,33,17,10.0,1.5,compliant,15.0,1.3947368421052633,COL,stop_collision|speed_track_error,0.25144259586479795,0.9252698421478271,RL_shank_joint,0.0,0.6751849858510091,,0.4777991625294089,0.5429446981181751,0.681467224980394,0.5803140920400619,pd,0.015777380464678446,0.03079986572265625,0.022268737935489898,0.04650651663541794,0.0,0.0,-0.3011016845703125,0.08904266357421875,0.6100847721099854,1.126298570131297,1.126298570131297,,True,0.16816305214455174,0.4541895389556885,,-0.29924774169921875,0.2538495659828186,0.15137852625509518,False,False,rope_not_continuously_taut|tension_not_steady,True,9,1.0050000000000001,0.29026753931454746,0.9252698421478271,RR_shank_joint,0.0,1.3228737969872941,0.07084559598510723,True,17,2.355,0.22616656756225437,0.8061633110046387,RR_shank_joint,0.0,1.0307381482930709,0.006744624232814134,True,9,6.005,0.1561606435545575,0.4048337936401367,FL_shank_joint,0.0,0.7116910970025355,-0.06326129977488273,True,17,6.58,0.16603811324778459,0.4537353515625,RL_shank_joint,0.0,0.7567069670807485,-0.05338383008165565,True,120,,0.21942194332944023,0.8061633110046387,RL_shank_joint,0.0,,,0.0,1.3081129789352417,1.0,True,load_velocity_jump,0.0,0.2,1.0
714,714,34,17,10.0,1.5,rigid,20.0,0.9473684210526316,SPD,speed_track_error,0.24946192532829745,0.9285614490509033,RL_shank_joint,0.0,0.842279192336737,,0.556599207688123,0.639827625247966,0.6289338615412513,0.6655518171191216,pd,0.0304507178857741,0.07352447509765625,0.021783210574160113,0.053284645080566406,0.0,0.0,-0.7995834350585938,0.05522918701171875,0.4766491651535034,0.6275034484904296,0.7217823530487095,,False,0.19033209444358046,0.5432165861129761,,-0.7984542846679688,0.2532132565975189,0.15706027923636204,False,False,rope_taut_during_settle|tension_not_steady,True,9,1.0050000000000001,0.3107561418950682,0.9285614490509033,RR_shank_joint,0.0,1.3963728618865212,0.08821089601050419,True,16,2.0300000000000002,0.2245079225402899,0.7422835826873779,RL_shank_joint,0.0,1.008819225267764,0.001962676655725859,True,9,6.005,0.18191239196546086,0.444303035736084,FR_shank_joint,0.0,0.8174175603814976,-0.04063285391910318,False,0,,,,,,,,True,120,,0.22254524588456404,0.820344090461731,RL_shank_joint,0.0,,,26.447599411010742,1.186607837677002,1.0,False,,,0.2,1.0
715,715,35,17,10.0,1.5,rigid,25.0,0.9473684210526316,SPD,speed_track_error,0.25238419413958085,0.9314531087875366,RL_shank_joint,0.0,0.8867117250515512,,0.5926964885555208,0.6871473761030384,0.6048690076296528,0.7083977016806603,pd,0.014356686707452954,0.02390289306640625,0.0235433648855478,0.056229230016469955,0.0,0.0,-0.98968505859375,,0.33020034432411194,0.6497029019807741,0.7201827161436825,,False,0.2004240909203586,0.5715162754058838,,-0.9866790771484375,0.2551540434360504,0.15976168714748903,False,False,rope_taut_during_settle|tension_not_steady,True,9,1.0050000000000001,0.3106794517943299,0.9314531087875366,RL_shank_joint,0.0,1.3951525235146278,0.08799451480143736,True,16,2.0300000000000002,0.22766611016427138,0.7442809343338013,RL_shank_joint,0.0,1.0223687027898876,0.004981173171378861,True,9,6.005,0.16433584266570414,0.5573511123657227,FR_shank_joint,0.0,0.7379746689869252,-0.05834909432718838,False,0,,,,,,,,True,120,,0.22268493699289252,0.8906205892562866,RL_shank_joint,0.0,,,8.41666316986084,1.1273722648620605,1.0,False,,,0.2,1.0
716,716,36,17,10.0,1.5,rigid,30.0,0.9473684210526316,SPD,speed_track_error,0.25630447393753375,0.9321171045303345,RL_shank_joint,0.0,0.931065292083816,,0.617135230731219,0.7144106223575439,0.588576512845854,0.7159820795059204,pd,0.012458369791193488,0.02246856689453125,0.027012506891112485,0.05939635634422302,0.0,0.0,-1.040008544921875,0.01811981201171875,0.21663764119148254,0.6487366409239712,0.7037278385046335,,False,0.20070643352293496,0.6490134000778198,,-1.0418777465820312,0.25524795055389404,0.15370349169781003,False,False,rope_taut_during_settle|tension_not_steady,True,9,1.0050000000000001,0.31177645787810704,0.9321171045303345,RL_shank_joint,0.0,1.3852628886755853,0.08670982220421802,True,16,2.0300000000000002,0.23020486829223122,0.7270369529724121,RL_shank_joint,0.0,1.0228298281660337,0.005138232618342203,True,9,6.005,0.1576672767098145,0.4894050359725952,FR_shank_joint,0.0,0.7005359823224397,-0.06739935896407451,False,0,,,,,,,,True,120,,0.22506663567388902,0.8948487043380737,RL_shank_joint,0.0,,,3.4975481033325195,1.0573257207870483,1.0,False,,,0.2,1.0
717,717,37,17,10.0,1.5,rigid,35.0,0.9473684210526316,SPD,speed_track_error,0.26025327880519766,0.9332598447799683,RL_shank_joint,0.0,0.9679965605678578,,0.6290569330193102,0.7299035776934406,0.5806287113204599,0.7088742135465145,pd,0.014094654987499925,0.029083251953125,0.027093460496340042,0.053436361253261566,0.0,0.0,-1.0036697387695312,0.01020050048828125,0.1551164835691452,0.6499891201283532,0.6499891201283532,,False,0.2025537208791562,0.6313996315002441,,-1.0050125122070312,0.2553313970565796,0.13989664642411767,False,False,rope_taut_during_settle|tension_not_steady,True,9,1.0050000000000001,0.3123315212729947,0.9332598447799683,RL_shank_joint,0.0,1.388409287943505,0.08737514566734289,True,16,2.0300000000000002,0.23756384129706737,0.7194125652313232,RL_shank_joint,0.0,1.0560440470178825,0.012607465691415576,True,9,6.005,0.1607545060293374,0.5222797393798828,FR_shank_joint,0.0,0.7146030229040489,-0.06420186957631438,False,0,,,,,,,,True,120,,0.2249563756056518,0.8823738098144531,RL_shank_joint,0.0,,,14.85323715209961,0.9993754029273987,1.0,False,,,0.2,1.0
718,718,38,17,10.0,1.5,inextensible,40.0,1.3947368421052633,SPD,speed_track_error,0.259778754467527,0.9265326261520386,RR_shank_joint,0.0,0.8737311107304255,,0.5739651962369681,0.6472281288757965,0.6173565358420213,0.5997423326969147,pd,0.014374844833348952,0.0249786376953125,0.02437233880173548,0.04605473577976227,0.0,0.0,-0.8549346923828125,0.0175933837890625,0.23943696916103363,1.1024824173036762,1.134594678669302,,False,0.20072012362825836,0.6487590074539185,,-0.8654556274414062,0.25385168194770813,0.14202735166770322,False,False,rope_not_continuously_taut|tension_not_steady,True,9,1.0050000000000001,0.2904649227733553,0.9265326261520386,RR_shank_joint,0.0,1.3026932730691099,0.0674923099732386,True,17,2.33,0.23105834063772543,0.7347338199615479,RL_shank_joint,0.0,1.0362633228182925,0.008085727837608747,True,9,6.005,0.1634334327145951,0.43648219108581543,FR_shank_joint,0.0,0.7329753670739134,-0.05953918008552159,False,0,,,,,,,,True,120,,0.22297261280011668,0.8317725658416748,RL_shank_joint,0.0,,,26.594600677490234,1.059286117553711,1.0,False,,,0.2,1.0
719,719,39,17,10.0,2.0,inextensible,5.0,1.3947368421052633,COL,stop_collision|speed_track_error,0.2731975846811456,0.9734193086624146,RR_shank_joint,0.0,0.8389902060302616,,0.47662149142473936,0.5563443709989081,0.7616892542876303,0.4641819453239441,pd,0.01360927950250253,0.03564453125,0.020855249357489603,0.05667594447731972,0.0,0.0,1.692657470703125,1.6921234130859375,1.7067910432815552,0.0028080393702936135,0.003780928437080888,,True,0.16764712975646184,1.130223274230957,,0.5684585571289062,0.2538534998893738,0.17190368965795663,False,True,,True,9,1.0050000000000001,0.31907012192244444,0.9734193086624146,RR_shank_joint,0.0,1.3252718487058357,0.07831187882384913,True,17,2.305,0.23897730829904865,0.9366639852523804,RR_shank_joint,0.0,0.9926028086240132,-0.001780934799546663,True,9,6.005,0.25622450395661733,1.130223274230957,FR_thigh_joint,0.0,1.0642397978111524,0.015466260858022024,True,13,6.105,0.23398744438285998,1.130223274230957,FR_thigh_joint,0.0,0.971877188383691,-0.006770798715735327,True,120,,0.2407582430985953,0.9366639852523804,RL_shank_joint,0.0,,,23.41620445251465,1.7867602109909058,1.0,True,load_velocity_jump,0.0,0.2,1.0
720,720,0,18,0.0,1.5,compliant,15.0,1.4473684210526314,OK,,0.22608751013408784,0.926337718963623,RR_shank_joint,0.0,0.4999346573172201,0.5499999999999998,0.07646438146010041,0.22466427188675564,0.9701893415426214,0.021258572340011595,pd,0.014357600354442612,0.03208160400390625,0.030630908120129755,0.05577488988637924,0.0,0.0,-0.6928176879882812,,-0.1438109427690506,,,,,0.167950747868057,0.760487973690033,0.47500000000000053,0.2370758056640625,0.25384968519210815,0.0866980801594947,False,False,rope_taut_during_settle|robot_and_load_speeds_differ|tension_not_steady,True,9,1.0050000000000001,0.2902296532388288,0.926337718963623,RR_shank_joint,0.0,1.6107337982039078,0.11004491162450544,True,17,2.005,0.18836901052955612,0.5791360139846802,FR_shank_joint,0.0,1.0454215425896094,0.008184268915232745,True,9,6.005,0.19702784894425873,0.760487973690033,FR_thigh_joint,0.0,1.093476879224253,0.016843107329935353,False,0,,,,,,,,True,120,,0.18018474161432338,0.6434465646743774,FR_shank_joint,0.0,,,1841.4407958984375,1.5015915632247925,1.0,False,,,0.2,1.0
721,721,1,18,0.0,1.5,compliant,20.0,1.4473684210526314,SPD,speed_track_error,0.2559911065891584,0.9242372512817383,RR_shank_joint,0.0,0.7159499590313765,,0.31870749829337003,0.3855394146986043,0.7875283344710867,0.2328850507736206,pd,0.014666222500963333,0.0229034423828125,0.02001569397439308,0.031560640782117844,0.0,0.0,1.240203857421875,1.2275390625,1.28457510471344,0.1687174375742586,0.1687174375742586,,False,0.16232740938487772,0.6900956034660339,0.35000000000000053,0.1832275390625,0.25385183095932007,0.09521801969748081,False,True,,True,9,1.0050000000000001,0.2906485249944039,0.9242372512817383,RR_shank_joint,0.0,1.310942822272678,0.06893898888318775,True,17,2.355,0.2206876779472606,0.7283080816268921,RR_shank_joint,0.0,0.9953910049072361,-0.001021858163955558,True,9,6.005,0.1957282253913778,0.6900956034660339,FR_thigh_joint,0.0,0.8828137428116517,-0.025981310719838363,False,0,,,,,,,,True,120,,0.22170953611121616,0.7970912456512451,RL_shank_joint,0.0,,,25.99678611755371,1.2036397457122803,1.0,False,,,0.2,1.0
722,722,2,18,0.0,1.5,compliant,25.0,1.4473684210526314,COL,stop_collision|speed_track_error,0.25562301102163054,0.9230977296829224,RR_shank_joint,0.0,0.776072854293324,,0.3398314729146659,0.41473328943253246,0.7734456847235561,0.22629085659980774,pd,0.014106815752857207,0.0214080810546875,0.02083159884003148,0.031102517619729042,0.0,0.0,1.395172119140625,1.399566650390625,1.267956018447876,0.003511979427798906,0.007090759898460419,,True,0.16165457619536958,0.7185896635055542,0.35000000000000053,0.1994171142578125,0.25385209918022156,0.09417544602875168,False,True,,True,9,1.0050000000000001,0.29029764277627157,0.9230977296829224,RR_shank_joint,0.0,1.321348569063804,0.07059963910570949,True,17,2.355,0.22144418237964067,0.7314251661300659,RR_shank_joint,0.0,1.0079480863726782,0.0017461787090785885,True,9,6.005,0.19023891567986165,0.7185896635055542,FR_thigh_joint,0.0,0.8659109891827946,-0.029459087990700433,True,16,9.78,0.15106043368719613,0.3875389099121094,RL_shank_joint,0.0,0.6875821862892836,-0.06863756998336595,True,120,,0.21969800367056208,0.7314251661300659,RL_shank_joint,0.0,,,27.409852981567383,1.126347541809082,1.0,True,deck_contact_force,-17.898109436035156,0.2,1.0
723,723,3,18,0.0,1.5,compliant,30.0,1.4473684210526314,COL,stop_collision|speed_track_error,0.25815593056132713,0.9244149923324585,RR_shank_joint,0.0,0.814621482447127,,0.3571777166053653,0.43757284548565145,0.7618815222630898,0.22183626055717467,pd,0.018924043483503912,0.02826690673828125,0.03831907704604219,0.0719204768538475,0.0,0.0,1.3909149169921875,1.4185791015625,1.2728253602981567,2.9347224398179605e-05,0.013826114383419963,,True,0.15727719867018314,0.6949231028556824,0.4500000000000002,0.1956024169921875,0.25384995341300964,0.08475175806068481,False,True,,True,9,1.0050000000000001,0.2901871072138963,0.9244149923324585,RR_shank_joint,0.0,1.3063030268947273,0.06804331573565608,True,17,2.355,0.22787058238881325,0.7293599843978882,RL_shank_joint,0.0,1.025779657727387,0.005726790910573043,True,9,6.005,0.17919844413359687,0.6949231028556824,FL_thigh_joint,0.0,0.8066777060980793,-0.042945347344643336,True,17,8.13,0.134861551955115,0.37694525718688965,RL_shank_joint,0.0,0.6070912495806807,-0.0872822395231252,True,120,,0.2221437914782402,0.7458059787750244,RL_shank_joint,0.0,,,38.8804817199707,1.0717583894729614,1.0,True,deck_contact_force,-135.22128295898438,0.2,1.0
724,724,4,18,0.0,1.5,compliant,35.0,1.4473684210526314,COL,stop_collision|speed_track_error,0.25915711180663625,0.9251611232757568,RR_shank_joint,0.0,0.8488360000129485,,0.4159665411012247,0.4814979418087298,0.7226889725991835,0.29023862957954405,pd,0.02007794225682516,0.036712646484375,0.04070103718357095,0.0694989487528801,0.0,0.0,1.36676025390625,1.376007080078125,1.2147804498672485,-0.0011132262354180966,0.0024449104856216763,3.250000000000001,True,0.15663870523320642,0.6945337057113647,0.2999999999999998,0.1733856201171875,0.25385260581970215,0.11911904798889782,False,False,rope_not_continuously_taut,True,9,1.0050000000000001,0.2902427755102861,0.9251611232757568,RR_shank_joint,0.0,1.2565206649533247,0.05925351794716627,True,17,2.355,0.23020686872893506,0.7549124956130981,RL_shank_joint,0.0,0.9966128778349315,-0.0007823888341847718,True,9,6.005,0.19294599204114735,0.6945337057113647,FR_thigh_joint,0.0,0.8353028797818581,-0.038043265521972486,True,16,9.23,0.13548217644084393,0.35576319694519043,RL_shank_joint,0.0,0.5865302043486686,-0.0955070811222759,True,120,,0.23098925756311983,0.7862550020217896,RL_shank_joint,0.0,,,17.97301483154297,1.0092144012451172,1.0,True,deck_contact_force,-72.65089416503906,0.2,1.0
725,725,5,18,0.0,1.5,compliant,40.0,1.4473684210526314,COL,stop_collision|speed_track_error,0.26130249765593694,0.926098108291626,RR_shank_joint,0.0,0.880131693459591,,0.441208212133497,0.5070825145438009,0.7058611919110019,0.3052183306217194,pd,0.01635427598790749,0.0250244140625,0.01757333736800523,0.03234175220131874,0.0,0.0,1.375244140625,1.3951873779296875,1.1688121557235718,-0.0007134940402409029,0.01668280456740945,3.500000000000001,True,0.1524963401318365,0.6050134301185608,0.3250000000000002,0.196746826171875,0.2538500428199768,0.12151799044405284,False,False,rope_not_continuously_taut,True,9,1.0050000000000001,0.2905957050915058,0.926098108291626,RR_shank_joint,0.0,1.2503784169268175,0.058189498172377674,True,17,2.355,0.23472279261899398,0.7243536710739136,RL_shank_joint,0.0,1.009967830595299,0.0023165856998658696,True,9,6.005,0.1986023940575365,0.6050134301185608,FR_thigh_joint,0.0,0.8545485797917843,-0.03380381286159162,True,16,9.43,0.13335431925831845,0.32466375827789307,RR_shank_joint,0.0,0.573798441212556,-0.09905188766080966,True,120,,0.2324062069191281,0.7879968881607056,RL_shank_joint,0.0,,,25.222915649414062,0.958492636680603,1.0,True,deck_contact_force,-31.45545768737793,0.2,1.0
726,726,6,18,0.0,2.0,compliant,5.0,1.4473684210526314,COL,stop_collision,0.2732733967982768,0.9708064794540405,RR_shank_joint,0.0,0.8370238827338934,,0.3079365866072476,0.4199356643589859,0.8460317066963762,0.2106979727745056,pd,0.009216573462794041,0.02964019775390625,0.010253951354910775,0.022416649386286736,0.0,0.0,0.561065673828125,0.5565948486328125,1.8272695541381836,1.0081858186276804,1.009917168835699,,True,0.17571780317440627,1.0079824924468994,0.5750000000000002,0.375518798828125,0.2538537383079529,0.14355638627684292,False,False,rope_not_continuously_taut,True,9,1.0050000000000001,0.3198649391387926,0.9708064794540405,RR_shank_joint,0.0,1.3739596185008696,0.08705974251460219,True,17,2.33,0.22782676243012265,0.7615138292312622,RR_shank_joint,0.0,0.9786154507448376,-0.004978434194067766,True,9,6.005,0.23347170720358756,1.0079824924468994,FR_thigh_joint,0.0,1.002862954045107,0.0006665105793971504,True,10,6.03,0.2278266380066027,1.0079824924468994,FR_thigh_joint,0.0,0.9786149162914759,-0.004978558617587725,True,120,,0.2328051966241904,0.7615138292312622,RR_shank_joint,0.0,,,31.245004653930664,1.8118103742599487,1.0,True,load_velocity_jump,0.0,0.2,1.0
727,727,7,18,0.0,2.0,compliant,10.0,1.4473684210526314,OK,,0.2779232828975677,0.9707313776016235,RR_shank_joint,0.0,0.9434117059221627,,0.39636716375127434,0.4925388712431939,0.8018164181243628,0.2885615921020508,pd,0.02174967657108646,0.03670501708984375,0.032615865750666016,0.05308019369840622,0.0,0.0,0.917724609375,0.90869140625,1.709783911705017,0.6151653495597884,0.6151653495597884,,False,0.18811184593132038,1.1727243661880493,0.5750000000000002,0.3325958251953125,0.25385141372680664,0.16907718590916995,False,False,rope_not_continuously_taut,True,9,1.0050000000000001,0.3190711712993655,0.9707313776016235,RR_shank_joint,0.0,1.3336077793455445,0.07981703958160763,True,17,2.33,0.2419982820870902,0.7918992042541504,RR_shank_joint,0.0,1.0114696049327563,0.0027441503693323155,True,9,6.005,0.2835748352147687,1.1727243661880493,FR_thigh_joint,0.0,1.1852453003791583,0.04432070349701078,False,0,,,,,,,,True,120,,0.2392541317177579,0.7918992042541504,RR_shank_joint,0.0,,,41.4644775390625,1.7388414144515991,1.0,False,,,0.2,1.0
728,728,8,18,0.0,2.0,rigid,15.0,0.9736842105263157,OK,,0.2674628872150724,0.9710711240768433,RR_shank_joint,0.0,0.734466457635556,0.44999999999999996,0.11428970815613866,0.32942272079845625,0.9565895736124367,0.023021377325057983,pd,0.04493310533027897,0.06873321533203125,0.021230758445128384,0.0365980826318264,0.0,0.0,-0.01380157470703125,0.0,-0.015224059112370014,,,,,0.17860603390743643,1.0111558437347412,0.5499999999999998,0.39849853515625,0.25385206937789917,0.1650668719806475,False,False,rope_taut_during_settle|robot_and_load_speeds_differ,True,9,1.0050000000000001,0.31992374059321155,0.9710711240768433,RR_shank_joint,0.0,1.4210205774705051,0.09478714111997,True,17,2.005,0.22910414141554034,0.5681829452514648,FL_shank_joint,0.0,1.0176228207745064,0.003967541942298786,True,9,6.005,0.24908805731706848,1.0111558437347412,FL_thigh_joint,0.0,1.1063863356729506,0.023951457843826934,False,0,,,,,,,,True,120,,0.22513659947324155,0.5786759853363037,FR_shank_joint,0.0,,,1386.4605712890625,1.9956971406936646,1.0,False,,,0.2,1.0
729,729,9,18,0.0,2.0,rigid,20.0,0.9736842105263157,COL,stop_collision|speed_track_error,0.2745401405116697,0.9835060834884644,RL_shank_joint,0.0,1.268122116331951,,0.5200597977451981,0.6514280728535926,0.739970101127401,0.3055223870277405,pd,0.013418601166119853,0.037036895751953125,0.017506983977402,0.04086984694004059,0.0,0.0,0.6382598876953125,0.6519317626953125,1.676096796989441,0.7044748977722577,0.7150188518641301,,True,0.21367403793287254,1.1359972953796387,0.9000000000000004,0.6398773193359375,0.25500985980033875,0.21106160848668493,False,False,rope_taut_during_settle,True,9,1.0050000000000001,0.3249663492941183,0.9835060834884644,RL_shank_joint,0.0,1.2986384910727709,0.07473015844652359,True,16,2.0300000000000002,0.2618803269874738,0.7756352424621582,RR_shank_joint,0.0,1.0465325822793192,0.011644136139879135,True,9,6.005,0.2809219871418893,1.1359972953796387,FR_thigh_joint,0.0,1.1226273313638462,0.03068579629429463,True,15,6.155,0.25757460427660345,1.1359972953796387,FR_thigh_joint,0.0,1.029325947634322,0.007338413429008761,True,120,,0.2502361908475947,0.7938432693481445,RL_shank_joint,0.0,,,53.16757583618164,1.3477123975753784,1.0,True,load_velocity_jump,0.0,0.2,1.0
730,730,10,18,0.0,2.0,rigid,25.0,0.9736842105263157,SPD,speed_track_error,0.2765667501898997,0.9860669374465942,RL_shank_joint,0.0,1.3500316784409325,,0.5660845527239143,0.7019163808355893,0.7169577236380428,0.31822006464004515,pd,0.04263644042031534,0.06634140014648438,0.03306506635038832,0.055145904421806335,0.0,0.0,0.6702117919921875,0.699005126953125,1.6454699039459229,0.7055262332093832,0.7211770923546794,,False,0.1882319556157172,0.8511385917663574,0.9000000000000004,0.6725006103515625,0.2550129294395447,0.11713441370009407,False,False,rope_taut_during_settle,True,9,1.0050000000000001,0.3255448953176041,0.9860669374465942,RL_shank_joint,0.0,1.2987570620667654,0.07488608865860419,True,17,2.005,0.27836250128841583,0.7882934808731079,RL_shank_joint,0.0,1.1105235239833582,0.02770369462941591,True,9,6.005,0.21599559231871945,0.8511385917663574,FR_thigh_joint,0.0,0.8617115640088527,-0.03466321434028047,False,0,,,,,,,,True,120,,0.2506588066589999,0.7882934808731079,RL_shank_joint,0.0,,,37.050682067871094,1.1600539684295654,1.0,False,,,0.2,1.0
731,731,11,18,0.0,2.0,rigid,30.0,0.9736842105263157,SPD,speed_track_error,0.2849825991264231,0.9827533960342407,RL_shank_joint,0.0,1.4088765701747008,,0.6394490005448461,0.7651483703291795,0.680275499727577,0.3447818541526794,pd,0.03702560150586077,0.06017303466796875,0.030153421898224383,0.04524008557200432,0.0,0.0,0.712493896484375,0.7519683837890625,1.6255301237106323,0.7004414982899618,0.7251482002498335,,False,0.19397040626451686,0.8028173446655273,,0.7151031494140625,0.25511103868484497,0.13530628232831374,False,False,rope_taut_during_settle,True,9,1.0050000000000001,0.32896035558481734,0.9827533960342407,RL_shank_joint,0.0,1.2996877677801906,0.07585313726678461,True,17,2.005,0.282899518181083,0.7947506904602051,RL_shank_joint,0.0,1.117706243468789,0.029792299863050264,True,9,6.005,0.22341064150941203,0.7728638648986816,FR_thigh_joint,0.0,0.8826719482519596,-0.0296965768086207,False,0,,,,,,,,True,120,,0.25310721831803273,0.8001829385757446,RL_shank_joint,0.0,,,23.216270446777344,1.0216689109802246,1.0,False,,,0.2,1.0
732,732,12,18,0.0,2.0,rigid,35.0,0.9736842105263157,SPD,speed_track_error,0.2867243430231023,0.9832018613815308,RL_shank_joint,0.0,1.449507367502659,,0.7004225900955499,0.8134217538623156,0.6497887049522251,0.40514097929000853,pd,0.02933189718573705,0.04644775390625,0.024438558756464626,0.047002989798784256,0.0,0.0,0.7563018798828125,0.756134033203125,1.6268070936203003,0.7057802855324269,0.7169173703221077,,False,0.1945129487175643,1.0402588844299316,,0.7578125,0.2551684081554413,0.12314816692144018,False,False,rope_taut_during_settle,True,9,1.0050000000000001,0.33009322219882337,0.9832018613815308,RL_shank_joint,0.0,1.2878406233292794,0.07377794822844791,True,17,2.005,0.284453538005736,0.7645336389541626,RL_shank_joint,0.0,1.1097798956710347,0.028138264035360516,True,9,6.005,0.2273805129490098,1.0402588844299316,FL_thigh_joint,0.0,0.8871126149715529,-0.028934761021365663,False,0,,,,,,,,True,120,,0.25631527397037546,0.7880128622055054,RL_shank_joint,0.0,,,12.092118263244629,0.9732759594917297,1.0,False,,,0.2,1.0
733,733,13,18,0.0,2.0,rigid,40.0,0.9736842105263157,SPD,speed_track_error,0.2852698799877268,0.9838501214981079,RL_shank_joint,0.0,1.4859329644281305,,0.7384181708097458,0.8492463414316301,0.6307909145951272,0.4271112489700317,pd,0.032155166312188364,0.05066680908203125,0.026674099596827247,0.05283953621983528,0.0,0.0,0.9025115966796875,0.94769287109375,1.6192907094955444,0.7074596528480299,0.7186335238216941,,False,0.21718823510253496,1.1087919473648071,,0.9050750732421875,0.25523069500923157,0.18077043901363166,False,False,rope_taut_during_settle,True,9,1.0050000000000001,0.3312393278567825,0.9838501214981079,RL_shank_joint,0.0,1.283448230612945,0.07315386717669703,True,16,2.0300000000000002,0.2803768894176508,0.7925437688827515,RL_shank_joint,0.0,1.0863722763724264,0.022291428737565344,True,9,6.005,0.23162824736982432,1.1087919473648071,FL_thigh_joint,0.0,0.8974866184226601,-0.026457213310261157,False,0,,,,,,,,True,120,,0.2580854606800855,0.8014161586761475,RL_shank_joint,0.0,,,44.920867919921875,0.9387000799179077,1.0,False,,,0.2,1.0
734,734,14,18,0.0,0.5,rigid,5.0,0.9736842105263157,OK,,0.16879609523047703,0.5951615571975708,RR_shank_joint,0.0,0.15831395719553135,0.3999999999999999,0.04185523772612214,0.07636132616310214,0.9166164154931903,0.030440448224544524,pd,0.007579818083651336,0.016468048095703125,0.014526565720914594,0.042854148894548416,0.0,0.0,-0.00567626953125,0.049041748046875,0.48325228691101074,0.7077081173590614,0.7217228162657818,,False,0.14640027953288942,0.5022827386856079,0.625,-0.004119873046875,0.2543522119522095,0.08312002500582247,False,False,rope_taut_during_settle|load_moved_during_settle,True,9,1.0050000000000001,0.20604849576350326,0.5951615571975708,RR_shank_joint,0.0,1.3350108939499719,0.051706312716699815,True,16,2.0300000000000002,0.15458727450159923,0.548966646194458,FR_shank_joint,0.0,1.0015879745249001,0.0002450914547957872,True,9,6.005,0.15724594431003802,0.5022827386856079,FL_thigh_joint,0.0,1.0188137889844024,0.0029037612632345777,False,0,,,,,,,,True,120,,0.15434218304680344,0.5556856393814087,FR_shank_joint,0.0,,,7.740038871765137,0.4730202257633209,1.0,False,,,0.2,1.0
735,735,15,18,0.0,0.5,rigid,10.0,0.9736842105263157,OK,,0.173196294101153,0.5992743968963623,RR_shank_joint,0.0,0.17128738051695494,,0.06115498585626483,0.08839590459692816,0.8776900282874703,0.050442992746829986,pd,0.00815913092085802,0.010843276977539062,0.013687023606946938,0.04121825471520424,0.0,0.0,-0.0005340576171875,0.0521087646484375,0.436605304479599,0.7082242805641954,0.7111216113138425,,False,0.14156155044518726,0.41242271661758423,0.75,0.00042724609375,0.2546001076698303,0.08242046780468834,False,False,rope_taut_during_settle,True,9,1.0050000000000001,0.20433501590605455,0.5992743968963623,RR_shank_joint,0.0,1.2856385272394029,0.0453984162501509,True,17,2.005,0.15462489325879838,0.5259435176849365,FL_shank_joint,0.0,0.9728715323818424,-0.004311706397105264,True,9,6.005,0.14404764863860134,0.41242271661758423,FR_thigh_joint,0.0,0.9063214448431842,-0.01488895101730231,False,0,,,,,,,,True,120,,0.15893659965590365,0.5948421955108643,RL_shank_joint,0.0,,,18.454591751098633,0.4588471055030823,1.0,False,,,0.2,1.0
736,736,16,18,0.0,0.5,inextensible,15.0,1.4473684210526314,OK,,0.1613694446381977,0.5913745164871216,FL_shank_joint,0.0,0.1352216928474757,0.17499999999999982,0.03806451014243066,0.0676381780279701,1.0334493304975332,0.031173425912857055,pd,0.006541860082465803,0.008390426635742188,0.011447631590131539,0.03964143618941307,0.0,0.0,-0.7496566772460938,,-0.15016590058803558,,,,,0.14892221789003723,0.41989314556121826,0.6000000000000005,-0.003662109375,0.2538504898548126,0.07842535827542398,False,False,rope_taut_during_settle|robot_and_load_speeds_differ,True,9,1.0050000000000001,0.19434777426459074,0.5913745164871216,RR_shank_joint,0.0,1.2893961051258236,0.043620023892159104,True,17,2.005,0.14738960153809738,0.488269567489624,FR_shank_joint,0.0,0.9778531237540131,-0.0033381488343342536,True,9,6.005,0.1472759352705047,0.4195507764816284,FR_thigh_joint,0.0,0.9770990073599727,-0.003451815101926936,False,0,,,,,,,,True,120,,0.15072775037243163,0.5284750461578369,FR_shank_joint,0.0,,,356.4630126953125,0.5073795318603516,1.0,False,,,0.2,1.0
737,737,17,18,0.0,0.5,inextensible,20.0,1.4473684210526314,OK,,0.16900754866364925,0.5911797285079956,RR_shank_joint,0.0,0.17673398599865667,0.17499999999999982,0.0730702698789537,0.09619301611166156,0.8572909878566861,0.06088470458984375,pd,0.007268223726317627,0.009035110473632812,0.01450590522606444,0.03925274312496185,0.0,0.0,0.1450958251953125,0.2255706787109375,0.4345097839832306,0.9461109923025219,1.0287697280924988,,False,0.13811047443293983,0.36287856101989746,0.5499999999999998,-0.0146636962890625,0.2538541555404663,0.08464507378973565,False,False,rope_not_continuously_taut,True,9,1.0050000000000001,0.19463414860869283,0.5911797285079956,RR_shank_joint,0.0,1.2095996611271211,0.03372624257693177,True,17,2.605,0.15451627805282478,0.523633599281311,FR_shank_joint,0.0,0.960277725709297,-0.006391627978936276,True,9,6.005,0.13474354099261168,0.333512544631958,FR_thigh_joint,0.0,0.8373954040891882,-0.026164365039149373,False,0,,,,,,,,True,120,,0.16090790603176106,0.6056522130966187,RL_shank_joint,0.0,,,25.428354263305664,0.4296807646751404,1.0,False,,,0.2,1.0
738,738,18,18,0.0,0.5,inextensible,25.0,1.4473684210526314,OK,,0.1724331053703961,0.5886473655700684,RR_shank_joint,0.0,0.18860180552396033,0.17499999999999982,0.07410815968178212,0.1001539186365535,0.8551865896768868,0.05694013178348541,pd,0.005880246311350902,0.008190155029296875,0.012146818944103162,0.039267875254154205,0.0,0.0,0.08391571044921875,0.24090576171875,0.43541231751441956,0.940127921383862,1.097154058561074,,False,0.13184655968747833,0.38746821880340576,0.4249999999999998,-0.0137939453125,0.25385361909866333,0.0839709663378907,False,False,rope_not_continuously_taut,True,9,1.0050000000000001,0.19448506652632408,0.5886473655700684,RR_shank_joint,0.0,1.2120506420037362,0.03402554463307586,True,17,2.605,0.1549875743260653,0.5869488716125488,FL_shank_joint,0.0,0.9658982682821196,-0.0054719475671829165,True,9,6.005,0.14113902638216264,0.38746821880340576,FR_thigh_joint,0.0,0.8795927142052731,-0.019320495511085584,False,0,,,,,,,,True,120,,0.16045952189324822,0.5869488716125488,RL_shank_joint,0.0,,,26.745208740234375,0.4227079749107361,1.0,False,,,0.2,1.0
739,739,19,18,0.0,0.5,inextensible,30.0,1.4473684210526314,OK,,0.17403748921434567,0.592633843421936,RR_shank_joint,0.0,0.19843376043302988,0.17499999999999982,0.08213804012164473,0.10787401062695788,0.8400981282070279,0.0672527626156807,pd,0.007021458761187421,0.00930643081665039,0.015221886221340207,0.03961339220404625,0.0,0.0,-0.00859832763671875,0.26108551025390625,0.4287633001804352,0.9237794774367103,1.1862410560095213,,False,0.14406287295683162,0.3696742057800293,0.6000000000000005,-0.008026123046875,0.253852516412735,0.08376964434785004,False,False,rope_not_continuously_taut,True,9,1.0050000000000001,0.19449898043985916,0.592633843421936,RR_shank_joint,0.0,1.22376569266857,0.03556416015107458,True,17,2.605,0.15960384163291208,0.634063720703125,FL_shank_joint,0.0,1.0042094069940866,0.0006690213441274961,True,9,6.005,0.13848670951346834,0.31885576248168945,FR_shank_joint,0.0,0.8713427885836343,-0.020448110775316247,False,0,,,,,,,,True,120,,0.15893482028878458,0.634063720703125,RL_shank_joint,0.0,,,18.454383850097656,0.4203929305076599,1.0,False,,,0.2,1.0
740,740,20,18,5.0,0.5,compliant,35.0,1.4473684210526314,OK,,0.17482144555613022,0.6398128271102905,RL_shank_joint,0.0,0.1987501970725746,0.17499999999999982,0.07211417759768665,0.10807673766236649,0.8616508383490146,0.04273041367530823,pd,0.008118922696062146,0.011693954467773438,0.011007117194522216,0.03924880176782608,0.0,0.0,0.5391693115234375,0.528411865234375,0.446128785610199,0.6575854406971757,0.6575936982685562,,False,0.13186755758732527,0.35502737760543823,0.40000000000000036,-0.011871337890625,0.25385239720344543,0.06193290691376239,False,True,,True,9,1.0050000000000001,0.19462384789441273,0.5911920070648193,RR_shank_joint,0.0,1.246009481915798,0.03842612169800416,True,17,2.63,0.16311320872865645,0.58367919921875,RL_shank_joint,0.0,1.0442739001434125,0.006915482532247885,True,9,6.005,0.12960700198732764,0.35502737760543823,FR_thigh_joint,0.0,0.8297624116778447,-0.02659072420908093,False,0,,,,,,,,True,120,,0.15619772619640857,0.6041185855865479,FR_shank_joint,0.0,,,13.27423095703125,0.42557671666145325,1.0,False,,,0.2,1.0
741,741,21,18,5.0,0.5,compliant,40.0,1.4473684210526314,OK,,0.18008550377823726,0.6248745918273926,RR_shank_joint,0.0,0.22619122890252233,0.17499999999999982,0.08952265173196793,0.12362765506587096,0.8258188861608505,0.06431284964084626,pd,0.005689679611100231,0.009120941162109375,0.010329148137422037,0.03921189904212952,0.0,0.0,0.553009033203125,0.54205322265625,0.4253900647163391,0.6266078063992495,0.6266078063992495,,False,0.12459946606591674,0.3129733204841614,0.3250000000000002,-0.0165252685546875,0.2538541555404663,0.07436591787549397,False,True,,True,9,1.0050000000000001,0.19491416890573782,0.5874872207641602,RR_shank_joint,0.0,1.253498234133384,0.039418003376240046,True,17,2.63,0.15818382263474567,0.6122351884841919,FR_shank_joint,0.0,1.01728439473794,0.0026876571052479037,True,9,6.005,0.12739459491333416,0.3129733204841614,FL_shank_joint,0.0,0.8192780476581416,-0.028101570616163613,False,0,,,,,,,,True,120,,0.15549616552949777,0.6239780187606812,FR_shank_joint,0.0,,,16.722332000732422,0.4015974998474121,1.0,False,,,0.2,1.0
742,742,22,18,5.0,1.0,compliant,5.0,1.4473684210526314,COL,stop_collision,0.20993047600946538,0.8762996196746826,RR_shank_joint,0.0,0.3047681182978988,1.675,0.1313620427902788,0.17198482150423736,0.8698370178882032,0.1321229273080826,pd,0.02176704899083753,0.041716575622558594,0.013335358589775656,0.026370348408818245,0.0,0.0,0.0076751708984375,0.144683837890625,0.8401016592979431,1.1152287874559477,1.2254386597114717,,True,0.15263367401275335,0.4545555114746094,0.7750000000000004,0.010101318359375,0.2538532614707947,0.1268551395047632,False,True,,True,9,1.0050000000000001,0.26198462095456565,0.8762996196746826,RR_shank_joint,0.0,1.3768998171973517,0.07171324631829806,True,17,2.4050000000000002,0.19611103842407465,0.6582902669906616,RL_shank_joint,0.0,1.0306912366559104,0.0058396637878070645,True,9,6.005,0.15962611954383046,0.4127448797225952,FL_thigh_joint,0.0,0.8389392248254887,-0.030645255092437124,True,11,6.055,0.1571422805722239,0.4127448797225952,FL_thigh_joint,0.0,0.8258850332722147,-0.033129094064043685,True,120,,0.1902713746362676,0.7664672136306763,RL_shank_joint,0.0,,,13.67352294921875,0.9151065349578857,1.0,True,load_velocity_jump,0.0,0.2,1.0
743,743,23,18,5.0,1.0,compliant,10.0,1.4473684210526314,COL,stop_collision,0.21308719943549656,0.8758658170700073,RR_shank_joint,0.0,0.33779469799169964,,0.15012331712059676,0.1894052756307378,0.8511601556558162,0.13848664104938507,pd,0.023473103893003187,0.03582000732421875,0.01117370572790167,0.02306085079908371,0.0,0.0,-0.0406494140625,0.2055511474609375,0.8596819043159485,1.0535467128268863,1.2189312443868232,,True,0.15532521328763696,0.5862400531768799,0.7000000000000002,-0.0366363525390625,0.2538549602031708,0.10785296381043204,False,False,rope_not_continuously_taut,True,9,1.0050000000000001,0.26089137222867975,0.8758658170700073,RR_shank_joint,0.0,1.3511488032059393,0.06780281557996012,True,17,2.4050000000000002,0.1902801455857383,0.7288025617599487,RL_shank_joint,0.0,0.9854553210623943,-0.0028084110629813253,True,9,6.005,0.16029232658424922,0.5862400531768799,FR_thigh_joint,0.0,0.8301492815851556,-0.03279623006447041,True,17,7.43,0.1663371794796463,0.4601767063140869,RL_shank_joint,0.0,0.8614553983240896,-0.02675137716907333,True,120,,0.19308855664871963,0.7797887325286865,RL_shank_joint,0.0,,,25.54865837097168,0.8981110453605652,1.0,True,load_velocity_jump,0.0,0.2,1.0
744,744,24,18,5.0,1.0,rigid,15.0,0.9736842105263157,OK,,0.1909517823475022,0.8760802745819092,RR_shank_joint,0.0,0.2926884323702393,0.575,0.0540909025259316,0.13400133214632337,0.9767348602227867,0.02604701220989227,pd,0.021633272040642436,0.04466438293457031,0.00844034515892968,0.022970708087086678,0.0,0.0,-0.16345977783203125,,-0.03189731389284134,,,,,0.15774634411496471,0.6124255657196045,0.5750000000000002,0.0281219482421875,0.25385382771492004,0.10889258067978297,False,False,rope_taut_during_settle|robot_and_load_speeds_differ,True,9,1.0050000000000001,0.26076997406359703,0.8760802745819092,RR_shank_joint,0.0,1.4394699344109005,0.0796130302262695,True,17,2.005,0.16801490883607115,0.5895334482192993,RL_shank_joint,0.0,0.9274549751012721,-0.01314203500125638,True,9,6.005,0.17543492882705816,0.6124255657196045,FR_thigh_joint,0.0,0.9684140453627462,-0.005722015010269366,False,0,,,,,,,,True,120,,0.18115694383732753,0.6638935804367065,RL_shank_joint,0.0,,,574.3065185546875,0.9801490902900696,1.0,False,,,0.2,1.0
745,745,25,18,5.0,1.0,rigid,20.0,0.9736842105263157,OK,,0.2203501979184018,0.891044020652771,RL_shank_joint,0.0,0.4749886420796386,,0.19596385214477777,0.25163786643751,0.8040361478552223,0.16297579824924469,pd,0.02039274884943433,0.0339508056640625,0.008657501665880257,0.024717209860682487,0.0,0.0,-0.074676513671875,0.1251373291015625,0.7529920935630798,0.7007307047609288,0.7239708457258018,,False,0.1711902606145439,0.6008155345916748,,-0.069671630859375,0.2549864649772644,0.10278692121195347,False,False,rope_taut_during_settle|tension_not_steady,True,9,1.0050000000000001,0.28421174454743886,0.891044020652771,RR_shank_joint,0.0,1.4467714614315204,0.08776624356539492,True,16,2.0300000000000002,0.1923643569061222,0.682124137878418,RR_shank_joint,0.0,0.9792250570488006,-0.00408114407592175,True,9,6.005,0.16506313380627738,0.6008155345916748,FR_thigh_joint,0.0,0.8402489900818086,-0.03138236717576656,False,0,,,,,,,,True,120,,0.19644550098204394,0.7612286806106567,RL_shank_joint,0.0,,,14.589959144592285,0.867485761642456,1.0,False,,,0.2,1.0
746,746,26,18,5.0,1.0,rigid,25.0,0.9736842105263157,SPD,speed_track_error,0.23183576779239246,0.8929017782211304,RL_shank_joint,0.0,0.5035581739589562,,0.20413802579045295,0.26239661098707523,0.7958619742095471,0.16102469325065613,pd,0.026178660569010546,0.04308319091796875,0.008265093740234467,0.02435818687081337,0.0,0.0,-0.110107421875,0.1314239501953125,0.7126426696777344,0.7103799656545675,0.7231554608997612,,False,0.1738016288546758,0.5986461639404297,,-0.1060028076171875,0.2551223635673523,0.09645373078555218,False,False,rope_taut_during_settle,True,9,1.0050000000000001,0.2864322566346433,0.8929017782211304,RR_shank_joint,0.0,1.4612686679744968,0.09041610785094656,True,16,2.0300000000000002,0.1992666140118115,0.6503697633743286,RL_shank_joint,0.0,1.0165826399931042,0.003250465228114785,True,9,6.005,0.17885914151428084,0.5986461639404297,FR_thigh_joint,0.0,0.9124714602553048,-0.01715700726941588,False,0,,,,,,,,True,120,,0.19601614878369672,0.7619073390960693,RL_shank_joint,0.0,,,14.9263277053833,0.8746746182441711,1.0,False,,,0.2,1.0
747,747,27,18,5.0,1.0,rigid,30.0,0.9736842105263157,SPD,speed_track_error,0.23952744128489106,0.8946167230606079,RL_shank_joint,0.0,0.524891704184699,,0.21170032754540444,0.2715488328864641,0.7882996724545955,0.16224021553993226,pd,0.030769558398549068,0.05377960205078125,0.010148688608650877,0.023053154349327087,0.0,0.0,-0.211273193359375,0.1430511474609375,0.711148738861084,0.6901064445860072,0.7427417656282671,,False,0.17083570198180179,0.5718333125114441,,-0.204437255859375,0.2552201747894287,0.12891406340315548,False,False,rope_taut_during_settle|tension_not_steady,True,9,1.0050000000000001,0.29041978937871216,0.8946167230606079,RR_shank_joint,0.0,1.4766151354977404,0.09374038226914269,True,17,2.005,0.20914581529791346,0.702396035194397,RL_shank_joint,0.0,1.0633844100485772,0.012466408188343991,True,9,6.005,0.1748827012360543,0.5718333125114441,FL_thigh_joint,0.0,0.8891764715287539,-0.021796705873515176,False,0,,,,,,,,True,120,,0.19667940710956947,0.7563111782073975,RL_shank_joint,0.0,,,38.539390563964844,0.8330203294754028,1.0,False,,,0.2,1.0
748,748,28,18,5.0,1.0,inextensible,35.0,1.4473684210526314,SPD,speed_track_error,0.2329248653864096,0.8757903575897217,RR_shank_joint,0.0,0.4703637291053333,,0.20417106248438358,0.25123438749711297,0.7968265011161566,0.15188183963298799,pd,0.019920014048900432,0.036266326904296875,0.00973454649788966,0.022930540144443512,0.0,0.0,-0.123779296875,0.369171142578125,0.8051243424415588,0.8686406030726346,1.2204566087602018,,False,0.15532592985218135,0.5221667289733887,0.625,-0.1185302734375,0.25385063886642456,0.09237571701487475,False,False,rope_not_continuously_taut,True,9,1.0050000000000001,0.26086253421348155,0.8757903575897217,RR_shank_joint,0.0,1.3275288560343674,0.06436018849970351,True,17,2.38,0.20141886358607,0.6974385976791382,RL_shank_joint,0.0,1.0250201485098467,0.00491651787229197,True,9,6.005,0.15674322926846396,0.5221667289733887,FR_thigh_joint,0.0,0.7976659448980495,-0.039759116445314074,False,0,,,,,,,,True,120,,0.19650234571377803,0.7789833545684814,RL_shank_joint,0.0,,,29.415691375732422,0.8336725234985352,1.0,False,,,0.2,1.0
749,749,29,18,5.0,1.0,inextensible,40.0,1.4473684210526314,SPD,speed_track_error,0.23355731212663217,0.876221776008606,RR_shank_joint,0.0,0.49163895392776746,,0.21148598707281052,0.261546303727174,0.7895013745967299,0.1515301811695099,pd,0.017582368625392922,0.036182403564453125,0.012359456441377595,0.023802049458026886,0.0,0.0,-0.0902557373046875,0.407073974609375,0.8220556974411011,0.8271192172788631,1.1927158005804301,,False,0.1487128580952099,0.5000007748603821,0.9249999999999998,-0.094635009765625,0.25385063886642456,0.09438523648275864,False,False,rope_not_continuously_taut,True,9,1.0050000000000001,0.2609330744837324,0.876221776008606,RR_shank_joint,0.0,1.3054690767990023,0.06105620331069947,True,17,2.38,0.20271776414990977,0.6838538646697998,RL_shank_joint,0.0,1.014213215166939,0.0028408929768768687,True,9,6.005,0.15713165225180203,0.5000007748603821,FR_thigh_joint,0.0,0.7861422451213655,-0.04274521892123087,False,0,,,,,,,,True,120,,0.1998768711730329,0.746131420135498,RL_shank_joint,0.0,,,28.865327835083008,0.8142908215522766,1.0,False,,,0.2,1.0
750,750,30,18,10.0,1.5,compliant,5.0,1.4473684210526314,COL,stop_collision|speed_track_error,0.24353476399572044,0.925065279006958,RR_shank_joint,0.0,0.5401314472960711,,0.33674934301525355,0.38544114915472133,0.775500437989831,0.3766205352544785,pd,0.020859835595553152,0.029697418212890625,0.021071606155388712,0.044233035296201706,0.0,0.0,0.19097900390625,0.2514801025390625,1.1931469440460205,,,,True,0.14262876387289827,0.5389772653579712,0.9000000000000004,0.1816558837890625,0.24850642681121826,0.15426887785023793,False,False,tension_not_steady,True,9,1.0050000000000001,0.2902106382049807,0.925065279006958,RR_shank_joint,0.0,1.3561978600966078,0.07622221752991212,True,17,2.355,0.20755295344998495,0.6709928512573242,RL_shank_joint,0.0,0.9699260959785502,-0.0064354672250836464,True,9,6.005,0.17661195405568564,0.5389772653579712,FL_thigh_joint,0.0,0.8253341629352114,-0.03737646661938296,True,13,6.105,0.16880499311893266,0.5389772653579712,FR_thigh_joint,0.0,0.7888510629986617,-0.04518342755613594,True,120,,0.2139884206750686,0.8169585466384888,RL_shank_joint,0.0,,,20.70743751525879,1.3616727590560913,1.0,True,load_velocity_jump,0.0,0.2,1.0
751,751,31,18,10.0,1.5,compliant,10.0,1.4473684210526314,COL,stop_collision|speed_track_error,0.2451214123029124,0.9231669902801514,RR_shank_joint,0.0,0.6026691406370206,,0.42558923590928316,0.4792889205663881,0.7162738427271446,0.5140079122781753,pd,0.00903410029876649,0.01979827880859375,0.021829976189139712,0.04594327509403229,0.0,0.0,-0.0278472900390625,0.159088134765625,0.8472652435302734,1.1657760332458338,1.1657760332458338,,True,0.1636416550979124,0.5461307764053345,,-0.031463623046875,0.25384846329689026,0.15335733920750216,False,False,tension_not_steady,True,9,1.0050000000000001,0.29035857872523774,0.9231669902801514,RR_shank_joint,0.0,1.3389001490495083,0.07349507405585315,True,17,2.355,0.2178800882158382,0.7098908424377441,RR_shank_joint,0.0,1.004687665395814,0.00101658354645362,True,9,6.005,0.16886859347549818,0.46365493535995483,FR_thigh_joint,0.0,0.7786860852080382,-0.04799491119388641,True,12,6.08,0.16763637084144298,0.46365493535995483,FR_thigh_joint,0.0,0.7730040658386022,-0.04922713382794161,True,120,,0.2168635046693846,0.7612491846084595,RL_shank_joint,0.0,,,15.82754898071289,1.2981319427490234,1.0,True,load_velocity_jump,0.0,0.2,1.0
752,752,32,18,10.0,1.5,compliant,15.0,1.4473684210526314,OK,,0.2256199420944587,0.9268255233764648,RR_shank_joint,0.0,0.5003472346315051,0.375,0.12222589282318949,0.2374831824434133,0.9498003433272242,0.0832059645652771,pd,0.023679054519243313,0.04461669921875,0.008391812409282114,0.022463681176304817,0.0,0.0,-0.0981903076171875,0.0,-0.015094290487468243,,,,,0.1796621969464342,1.0660549402236938,0.9000000000000004,0.41290283203125,0.2538536787033081,0.158549615333312,False,False,rope_taut_during_settle|robot_and_load_speeds_differ|tension_not_steady,True,9,1.0050000000000001,0.29030938776828186,0.9268255233764648,RR_shank_joint,0.0,1.4790800370140107,0.09403239091666937,True,17,2.005,0.18488478014207355,0.5656828880310059,FL_shank_joint,0.0,0.9419584725042865,-0.011392216709538938,True,9,6.005,0.2562176257472124,1.0660549402236938,FL_thigh_joint,0.0,1.3053879458982944,0.05994062889559992,False,0,,,,,,,,True,120,,0.19627699685161248,0.7591235637664795,RL_shank_joint,0.0,,,34655.8203125,1.5151264667510986,1.0,False,,,0.2,1.0
753,753,33,18,10.0,1.5,compliant,20.0,1.4473684210526314,COL,stop_collision|speed_track_error,0.25274310732653255,0.9269667863845825,RL_shank_joint,0.0,0.7203590533479519,,0.5017564878612757,0.5694478930062716,0.6654956747591495,0.5969675153493881,pd,0.012759052450722072,0.03159332275390625,0.02426976334539996,0.04876050725579262,0.0,0.0,-0.8629608154296875,0.0668487548828125,0.5083836317062378,1.180238141556913,1.180238141556913,,True,0.1792607767970173,0.5680749416351318,,-0.85845947265625,0.25384971499443054,0.14629590125113015,False,False,rope_not_continuously_taut|tension_not_steady,True,9,1.0050000000000001,0.29072338884910665,0.9269667863845825,RR_shank_joint,0.0,1.3288396859878697,0.07194350748743536,True,17,2.355,0.22021535885249688,0.7837435007095337,RR_shank_joint,0.0,1.006561286540112,0.001435477490825593,True,9,6.005,0.14525206756465386,0.37098753452301025,FL_shank_joint,0.0,0.6639187600825759,-0.07352781379701742,True,17,6.58,0.17135614029399132,0.5401611328125,RL_shank_joint,0.0,0.783235365278938,-0.047423741067679964,True,120,,0.21877988136167129,0.7884455919265747,RL_shank_joint,0.0,,,0.0,1.2714751958847046,1.0,True,load_velocity_jump,0.0,0.2,1.0
754,754,34,18,10.0,1.5,rigid,25.0,0.9736842105263157,SPD,speed_track_error,0.25210168195862914,0.9296272993087769,RL_shank_joint,0.0,0.8915734036628956,,0.5855476438254118,0.6757226519255353,0.6096349041163921,0.6851544028520584,pd,0.018931061212187048,0.03607177734375,0.023839932144324446,0.05439569428563118,0.0,0.0,-0.94793701171875,-0.953216552734375,0.3461596369743347,0.6727595242099369,0.7535630045582593,,False,0.2021830594171062,0.6114909648895264,,-0.9450225830078125,0.25510355830192566,0.15577453045693582,False,False,rope_taut_during_settle|tension_not_steady,True,9,1.0050000000000001,0.31217097185502146,0.9296272993087769,RL_shank_joint,0.0,1.4046566883406977,0.0899309224207466,True,16,2.0300000000000002,0.2241817091019795,0.7479850053787231,RL_shank_joint,0.0,1.0087367676197303,0.001941659667704626,True,9,6.005,0.15925042322771377,0.4705688953399658,FR_shank_joint,0.0,0.7165694195672432,-0.0629896262065611,False,0,,,,,,,,True,120,,0.22224004943427486,0.8891870975494385,RL_shank_joint,0.0,,,-42.8835334777832,1.1219768524169922,1.0,False,,,0.2,1.0
755,755,35,18,10.0,1.5,rigid,30.0,0.9736842105263157,SPD,speed_track_error,0.25304511255419143,0.9293179512023926,RL_shank_joint,0.0,0.9300188294861924,,0.6043374221399427,0.7012328797244411,0.5971083852400382,0.6946685290336609,pd,0.010705955138621907,0.02294158935546875,0.027737780853611404,0.058607205748558044,0.0,0.0,-1.081207275390625,0.0229034423828125,0.24657128751277924,0.6821592694580545,0.7292114212010006,,False,0.20034270206747254,0.592140793800354,,-1.0810394287109375,0.25520390272140503,0.15180246789902974,False,False,rope_taut_during_settle|tension_not_steady,True,9,1.0050000000000001,0.311903973421901,0.9293179512023926,RL_shank_joint,0.0,1.392784524080756,0.0879612399773583,True,16,2.0300000000000002,0.23277739009443046,0.7459781169891357,RL_shank_joint,0.0,1.0394505171657002,0.008834656649887751,True,9,6.005,0.15896352963727903,0.49691951274871826,FR_shank_joint,0.0,0.7098400880984371,-0.06497920380726369,False,0,,,,,,,,True,120,,0.2239427334445427,0.8575681447982788,RL_shank_joint,0.0,,,-32.72834396362305,1.0640134811401367,1.0,False,,,0.2,1.0
756,756,36,18,10.0,1.5,rigid,35.0,0.9736842105263157,SPD,speed_track_error,0.26032740176911795,0.9329830408096313,RL_shank_joint,0.0,0.9700597794955438,,0.6280292602442205,0.7280094118427249,0.581313826503853,0.7042811580002308,pd,0.013780319895125251,0.029937744140625,0.024939844522377595,0.050653185695409775,0.0,0.0,-0.9669952392578125,0.0111236572265625,0.16332674026489258,0.683368105893436,0.7206822502126045,,False,0.19878961495506092,0.6101000308990479,,-0.9678497314453125,0.25527772307395935,0.1421197519207931,False,False,rope_taut_during_settle|tension_not_steady,True,9,1.0050000000000001,0.3118796861118985,0.9329830408096313,RL_shank_joint,0.0,1.3949868699147798,0.08830791433532878,True,17,2.005,0.24124983066626987,0.7193644046783447,RL_shank_joint,0.0,1.0790710685397575,0.01767805888970017,True,9,6.005,0.16260341340404444,0.542731523513794,FR_shank_joint,0.0,0.7272984961918402,-0.06096835837252526,False,0,,,,,,,,True,120,,0.2235717717765697,0.8365000486373901,RL_shank_joint,0.0,,,53.944461822509766,0.997678279876709,1.0,False,,,0.2,1.0
757,757,37,18,10.0,1.5,rigid,40.0,0.9736842105263157,SPD,speed_track_error,0.2620847737828906,0.9331439733505249,RL_shank_joint,0.0,1.001769115605835,,0.6430794149637222,0.7416902554089088,0.5712803900241852,0.6950542642176152,pd,0.012499402402585092,0.0284423828125,0.030466988709961562,0.05444902554154396,0.0,0.0,-0.92236328125,0.0042877197265625,0.0958433672785759,0.6893648761351869,0.6893648761351869,,False,0.2050527265911118,0.6049841642379761,,-0.9227752685546875,0.2553096413612366,0.14836785957864515,False,False,rope_taut_during_settle|tension_not_steady,True,9,1.0050000000000001,0.31356081851881257,0.9331439733505249,RL_shank_joint,0.0,1.3883841297237125,0.087714950789677,True,17,2.005,0.24290851945830708,0.7649474143981934,RL_shank_joint,0.0,1.0755499841583789,0.017062651729171513,True,9,6.005,0.16217604170005173,0.5210229158401489,FR_shank_joint,0.0,0.7180828382237874,-0.06366982602908383,False,0,,,,,,,,True,120,,0.22584586772913556,0.839612603187561,RL_shank_joint,0.0,,,50.9996337890625,0.9402081370353699,1.0,False,,,0.2,1.0
758,758,38,18,10.0,2.0,inextensible,5.0,1.4473684210526314,COL,stop_collision|speed_track_error,0.2767733532561026,0.9708257913589478,RR_shank_joint,0.0,0.8387429374507503,1.0999999999999999,0.47418241288512947,0.5548563924242559,0.7629087935574352,0.46062502145767215,pd,0.020046696683550847,0.03275299072265625,0.02373827993815201,0.05508832260966301,0.0,0.0,1.76385498046875,1.76385498046875,1.8331977128982544,-0.007228610693317705,-0.007189764398276566,2.875000000000001,True,0.19156806736572962,1.1179447174072266,,0.5782318115234375,0.25385379791259766,0.1707252542394812,False,False,rope_not_continuously_taut,True,9,1.0050000000000001,0.3201744776567811,0.9708257913589478,RR_shank_joint,0.0,1.346872650158009,0.08245751338460611,True,17,2.305,0.21969140581081936,0.9099419116973877,RR_shank_joint,0.0,0.9241721830137576,-0.018025558461355617,True,9,6.005,0.27649813803305484,1.1179447174072266,FR_thigh_joint,0.0,1.163140118668507,0.03878117376087986,True,10,6.03,0.2802179033906401,1.1179447174072266,FR_thigh_joint,0.0,1.1787879937327632,0.04250093911846514,True,120,,0.23771696427217498,0.9099419116973877,RL_shank_joint,0.0,,,23.32451820373535,1.818595290184021,1.0,True,load_velocity_jump,0.0,0.2,1.0
759,759,39,18,10.0,2.0,inextensible,10.0,1.4473684210526314,COL,stop_collision|speed_track_error,0.2778223479751292,0.9728354215621948,RL_shank_joint,0.0,0.9419815010498979,,0.6668471749126911,0.7236397775257346,0.6665764125436544,0.7534907853603363,pd,0.01638906232297675,0.03334808349609375,0.027256688719369586,0.06299711018800735,0.0,0.0,0.35076904296875,0.5503997802734375,1.5259208679199219,0.9749909000148591,1.1626051292786883,,True,0.1496236019010495,0.7268238067626953,0.875,0.3501129150390625,0.2538510262966156,0.18059366049288722,False,False,rope_not_continuously_taut|tension_not_steady,True,9,1.0050000000000001,0.31944440497079385,0.9728354215621948,RR_shank_joint,0.0,1.2994566374148755,0.07361519007194736,True,17,2.305,0.24180745987138114,0.786518931388855,RL_shank_joint,0.0,0.9836400444547642,-0.004021755027465351,True,9,6.005,0.1916347174367508,0.7268238067626953,FR_thigh_joint,0.0,0.7795441136465592,-0.054194497462095675,True,11,6.055,0.20147960399985942,0.7268238067626953,FR_thigh_joint,0.0,0.8195917807521942,-0.04434961089898706,True,120,,0.2458292148988465,0.8944497108459473,RL_shank_joint,0.0,,,27.153926849365234,1.6650822162628174,1.0,True,load_velocity_jump,0.0,0.2,1.0
760,760,0,19,0.0,1.5,compliant,20.0,1.5,OK,,0.22613297820363124,0.9247848987579346,RR_shank_joint,0.0,0.5013030449729516,0.5499999999999998,0.07628408838063479,0.22523634902889242,0.9707711915920179,0.02097365736961365,pd,0.01726985536678747,0.0334625244140625,0.033287025026475195,0.06256524473428726,0.0,0.0,-0.70843505859375,,-0.1436997801065445,,,,,0.16714975386562175,0.7626205384731293,0.4500000000000002,0.2447967529296875,0.2538619935512543,0.0862751424419143,False,False,rope_taut_during_settle|robot_and_load_speeds_differ|tension_not_steady,True,9,1.0050000000000001,0.29075498735226524,0.9247848987579346,RR_shank_joint,0.0,1.6166298163009918,0.11090244200113392,True,17,2.005,0.18862162920874936,0.5898334980010986,FL_shank_joint,0.0,1.0487570739713352,0.008769083857618043,True,9,6.005,0.1966031972879466,0.7626205384731293,FR_thigh_joint,0.0,1.0931354733073835,0.01675065193681527,False,0,,,,,,,,True,120,,0.17985254535113132,0.5966778993606567,FL_shank_joint,0.0,,,1816.330810546875,1.5013411045074463,1.0,False,,,0.2,1.0
761,761,1,19,0.0,1.5,compliant,25.0,1.5,COL,stop_collision|speed_track_error,0.2582633181667648,0.9264541864395142,RL_shank_joint,0.0,0.7680608110614606,,0.3509254125505686,0.4194615186425164,0.7660497249662876,0.24720515847206115,pd,0.013960947588245466,0.0249481201171875,0.018039820522686052,0.03847552835941315,0.0,0.0,1.4423065185546875,1.4547271728515625,1.283517837524414,-0.0003079599161708302,0.005199749380153662,3.500000000000001,True,0.15111202147219407,0.6559597253799438,0.2999999999999998,0.17376708984375,0.25385385751724243,0.10531908070328937,False,True,,True,9,1.0050000000000001,0.2902229182978239,0.9262356758117676,RR_shank_joint,0.0,1.2892414564932497,0.0651115422742563,True,17,2.355,0.22339276703623923,0.7762547731399536,RR_shank_joint,0.0,0.9923655169379427,-0.0017186089873283406,True,9,6.005,0.19224789201126924,0.6559597253799438,FR_thigh_joint,0.0,0.8540123356144482,-0.03286348401229833,True,16,9.43,0.12460117307179454,0.28312528133392334,RR_shank_joint,0.0,0.5535090019562124,-0.10051020295177303,True,120,,0.22511137602356757,0.7762547731399536,RL_shank_joint,0.0,,,39.001773834228516,1.1384176015853882,1.0,True,deck_contact_force,-8.056940078735352,0.2,1.0
762,762,2,19,0.0,1.5,compliant,30.0,1.5,COL,stop_collision|speed_track_error,0.25836875304837825,0.9383963346481323,RR_shank_joint,0.0,0.8099743322541045,,0.36194774966686966,0.43849315776971887,0.7587015002220868,0.23249804615974426,pd,0.017864070671931853,0.03145599365234375,0.014437901743347017,0.034004926681518555,0.0,0.0,1.4397430419921875,1.45977783203125,1.2665603160858154,-0.00021883104423636723,0.005822824194098075,2.375000000000001,True,0.1619674659842961,0.7811962366104126,0.35000000000000053,0.1885833740234375,0.2538455128669739,0.11180689952494463,False,True,,True,9,1.0050000000000001,0.2904752170006777,0.9263603687286377,RR_shank_joint,0.0,1.288020639703846,0.06495459408001819,True,17,2.355,0.22412405471498975,0.755391001701355,RR_shank_joint,0.0,0.993807359222482,-0.001396568205669746,True,9,6.005,0.20708460893823796,0.7811962366104126,FR_thigh_joint,0.0,0.9182513166926312,-0.018436013982421534,True,16,8.38,0.1314847719192666,0.3683164119720459,RR_shank_joint,0.0,0.583027708137913,-0.09403585100139289,True,120,,0.2255206229206595,0.7573847770690918,RL_shank_joint,0.0,,,34.12898635864258,1.085618495941162,1.0,True,deck_contact_force,-57.669395446777344,0.2,1.0
763,763,3,19,0.0,1.5,compliant,35.0,1.5,COL,stop_collision|speed_track_error,0.2599862784767949,0.9537185430526733,RR_shank_joint,0.0,0.8509783989307619,,0.4050474060513079,0.47711990873358673,0.7299683959657948,0.27030925035476683,pd,0.01839070204400739,0.04314422607421875,0.016098269114361834,0.03671201691031456,0.0,0.0,1.4871978759765625,1.4950408935546875,1.2706198692321777,-0.0003543337475093722,1.9789713178397506e-05,2.000000000000001,True,0.15643992293459727,0.7596836090087891,0.40000000000000036,0.2299957275390625,0.25384509563446045,0.10941430577324916,False,True,,True,9,1.0050000000000001,0.2899434312130928,0.9251883029937744,RR_shank_joint,0.0,1.2639675603096088,0.060551918078000005,True,17,2.355,0.22558633264744613,0.7490665912628174,RL_shank_joint,0.0,0.9834118514863899,-0.0038051804876466644,True,9,6.005,0.21636276251000602,0.7596836090087891,FR_thigh_joint,0.0,0.9432029962790563,-0.013028750625086766,True,17,7.98,0.13247899853025172,0.33483099937438965,RR_shank_joint,0.0,0.5775235392088479,-0.09691251460484107,True,120,,0.2293915131350928,0.7490665912628174,RL_shank_joint,0.0,,,38.38506317138672,1.026520013809204,1.0,True,deck_contact_force,-354.75701904296875,0.2,1.0
764,764,4,19,0.0,1.5,compliant,40.0,1.5,COL,stop_collision|speed_track_error,0.2605203732623928,0.9260692596435547,RR_shank_joint,0.0,0.8759463497075547,,0.4212064854428172,0.4966163679717979,0.7191956763714552,0.2612422704696655,pd,0.02353421392071049,0.0522613525390625,0.01838082380140818,0.03833085671067238,0.0,0.0,1.3812103271484375,1.5261688232421875,1.271438717842102,-0.00262111104106566,0.08152990725230325,1.875,True,0.15084158262571304,0.6790397763252258,0.375,0.2055206298828125,0.25385454297065735,0.11956702803440881,False,False,rope_not_continuously_taut,True,9,1.0050000000000001,0.2902077882889469,0.9260692596435547,RR_shank_joint,0.0,1.2442559344211461,0.05696977008013071,True,17,2.355,0.2346567482108179,0.7426406145095825,RL_shank_joint,0.0,1.006082756202857,0.0014187300020017113,True,9,6.005,0.20612631597592926,0.6790397763252258,FR_thigh_joint,0.0,0.8837595069573347,-0.02711170223288692,True,17,7.755,0.13160680947006037,0.5095356702804565,RR_shank_joint,0.0,0.5642596797929994,-0.10163120873875581,True,120,,0.23323801820881618,0.8061611652374268,RL_shank_joint,0.0,,,37.07038497924805,0.9422199726104736,1.0,True,deck_contact_force,-240.1027374267578,0.2,1.0
765,765,5,19,0.0,2.0,compliant,5.0,1.5,COL,stop_collision,0.27407859659150147,0.9759780168533325,RR_shank_joint,0.0,0.8254186896809117,,0.3098076803609729,0.41710707305590433,0.8450961598195136,0.2180411398410797,pd,0.011996230255138199,0.03325653076171875,0.014631318884710198,0.03048749268054962,0.0,0.0,0.540252685546875,0.5359039306640625,1.8151224851608276,1.0690854574745856,1.0811876002765075,,True,0.17812794770714663,1.0130702257156372,0.6000000000000005,0.372802734375,0.2538500130176544,0.15857435031119507,False,True,,True,9,1.0050000000000001,0.3187558674842606,0.9759780168533325,RR_shank_joint,0.0,1.3671208323490813,0.08559734927446033,True,17,2.33,0.23149523301594796,0.7446346282958984,RR_shank_joint,0.0,0.9928662902534161,-0.0016632851938523097,True,9,6.005,0.24111080665668555,1.0130702257156372,FR_thigh_joint,0.0,1.0341067892691342,0.00795228844688528,True,10,6.03,0.23355878867312127,1.0130702257156372,FR_thigh_joint,0.0,1.001716731030864,0.0004002704633210008,True,120,,0.23315851820980027,0.7446346282958984,RR_shank_joint,0.0,,,40.93529510498047,1.804931879043579,1.0,True,load_velocity_jump,0.0,0.2,1.0
766,766,6,19,0.0,2.0,compliant,10.0,1.5,COL,stop_collision,0.2767014767586383,0.9736446142196655,RR_shank_joint,0.0,0.9343102593580528,,0.3909366165101528,0.48628994685173926,0.8045316917449236,0.28882896780967715,pd,0.016719779535421198,0.0377655029296875,0.03521104804514093,0.0601043738424778,0.0,0.0,0.925384521484375,0.915985107421875,1.7457860708236694,0.6675221025670908,0.6675221025670908,,True,0.18197690891624466,1.1071168780326843,0.5499999999999998,0.3402862548828125,0.25384974479675293,0.16280369043486143,False,False,rope_not_continuously_taut,True,9,1.0050000000000001,0.31877800689093494,0.9736446142196655,RR_shank_joint,0.0,1.3346761161524292,0.07993503739965477,True,17,2.33,0.24254238640381767,0.7866096496582031,RR_shank_joint,0.0,1.0154889085511583,0.003699416912537501,True,9,6.005,0.2650826668624748,1.1071168780326843,FR_thigh_joint,0.0,1.109861711345674,0.02623969737119461,True,12,6.08,0.24393265500163416,1.1071168780326843,FR_thigh_joint,0.0,1.021309756452931,0.005089685510353992,True,120,,0.23884296949128017,0.7866096496582031,RR_shank_joint,0.0,,,86.01404571533203,1.698206901550293,1.0,True,load_velocity_jump,0.0,0.2,1.0
767,767,7,19,0.0,2.0,compliant,15.0,1.5,SPD,speed_track_error,0.2824380971062711,0.9735277891159058,RR_shank_joint,0.0,1.0260586426451574,,0.45142952477559445,0.5442987756895736,0.7742852376122028,0.30785197734832764,pd,0.027223467277316456,0.04227447509765625,0.04249827597524002,0.07143450528383255,0.0,0.0,1.3144683837890625,1.30181884765625,1.6949660778045654,0.2769751473880717,0.2769751473880717,,False,0.18128670429029592,1.0764296054840088,0.5499999999999998,0.339141845703125,0.25385141372680664,0.15587463913161256,False,False,rope_not_continuously_taut,True,9,1.0050000000000001,0.3190269921846566,0.9735277891159058,RR_shank_joint,0.0,1.3193622185561278,0.077223045021617,True,17,2.33,0.24949147885315567,0.7485268115997314,RL_shank_joint,0.0,1.0317924160474217,0.007687531690116101,True,9,6.005,0.26254636344291254,1.0764296054840088,FR_thigh_joint,0.0,1.0857819589929487,0.02074241627987297,False,0,,,,,,,,True,120,,0.24180394716303957,0.751684308052063,RL_shank_joint,0.0,,,60.29032516479492,1.5881919860839844,1.0,False,,,0.2,1.0
768,768,8,19,0.0,2.0,rigid,20.0,1.0,OK,,0.269036437681802,0.9731792211532593,RR_shank_joint,0.0,0.7261397684161748,0.44999999999999996,0.11042897159233689,0.32564888726378266,0.9582037738244981,0.022976679801940916,pd,0.04533418135301517,0.0684356689453125,0.024143024409651503,0.04293655976653099,0.0,0.0,-0.357757568359375,,-0.11646974086761475,,,,,0.17952727456731132,1.013254463672638,0.5499999999999998,0.403167724609375,0.25385206937789917,0.1702917933618247,False,False,rope_taut_during_settle|robot_and_load_speeds_differ,True,9,1.0050000000000001,0.31832955520125317,0.9731792211532593,RR_shank_joint,0.0,1.4128637833045232,0.09302152553634269,True,17,2.005,0.22799493243429564,0.5700720548629761,FL_shank_joint,0.0,1.0119254638788562,0.0026869027693851577,True,9,6.005,0.2519441201446176,1.013254463672638,FR_thigh_joint,0.0,1.1182207776585755,0.02663609047970711,False,0,,,,,,,,True,120,,0.22530802966491048,0.582777738571167,FR_shank_joint,0.0,,,1593.82421875,2.014798641204834,1.0,False,,,0.2,1.0
769,769,9,19,0.0,2.0,rigid,25.0,1.0,SPD,speed_track_error,0.2797670023291522,0.9944349527359009,RL_shank_joint,0.0,1.368228868866388,,0.587891745865345,0.7182698996942338,0.7060541270673275,0.33140541315078736,pd,0.027045344612869573,0.044521331787109375,0.028978920081627866,0.04256688430905342,0.0,0.0,0.6740264892578125,0.705535888671875,1.655743956565857,0.7345402250825259,0.7502664242585126,,False,0.19320125992761236,0.9790959358215332,0.9249999999999998,0.6766510009765625,0.25508812069892883,0.12011771845744514,False,False,rope_taut_during_settle,True,9,1.0050000000000001,0.3307310671869442,0.9944349527359009,RL_shank_joint,0.0,1.332240489706925,0.08247929151864833,True,17,2.005,0.27901720489854553,0.7666079998016357,RL_shank_joint,0.0,1.1239283350438434,0.030765429230249636,True,9,6.005,0.2244018849866482,0.9790959358215332,FL_thigh_joint,0.0,0.9039286199768618,-0.023849890681647695,False,0,,,,,,,,True,120,,0.2482517756682959,0.8342252969741821,RL_shank_joint,0.0,,,35.600215911865234,1.1771008968353271,1.0,False,,,0.2,1.0
770,770,10,19,0.0,2.0,rigid,30.0,1.0,SPD,speed_track_error,0.2787347451266034,0.9940441846847534,RL_shank_joint,0.0,1.4221620762850422,,0.6234211146086455,0.7588918296753555,0.6882894426956773,0.3299475181102753,pd,0.0355816730989872,0.0596160888671875,0.030527707012488973,0.04482785612344742,0.0,0.0,0.7495269775390625,0.7937469482421875,1.667151689529419,0.7173546388231387,0.7499688222408167,,False,0.19295318750368493,0.8570596575737,,0.752532958984375,0.2551564574241638,0.1281683634038553,False,False,rope_taut_during_settle,True,9,1.0050000000000001,0.33095277002005297,0.9940441846847534,RL_shank_joint,0.0,1.3119330000155305,0.07868930076046793,True,16,2.0300000000000002,0.2814257682904589,0.7762224674224854,RL_shank_joint,0.0,1.1156025448966818,0.02916229903087386,True,9,6.005,0.21134003037096055,0.6796537637710571,FR_thigh_joint,0.0,0.8377750095614783,-0.040923438888624486,False,0,,,,,,,,True,120,,0.25226346925958504,0.809615969657898,RL_shank_joint,0.0,,,46.79861831665039,1.0876020193099976,1.0,False,,,0.2,1.0
771,771,11,19,0.0,2.0,rigid,35.0,1.0,SPD,speed_track_error,0.2843018875384422,0.9942177534103394,RL_shank_joint,0.0,1.4719715401222038,,0.6740185153856874,0.8039384989830152,0.6629907423071564,0.3569135582447052,pd,0.03572763043970197,0.059833526611328125,0.02950980210547267,0.04694834724068642,0.0,0.0,0.8020782470703125,0.8520355224609375,1.633781909942627,0.7272267363602793,0.7523994012348112,,False,0.19079926974665945,0.7582718133926392,,0.8049774169921875,0.2552235424518585,0.11887018123968252,False,False,rope_taut_during_settle,True,9,1.0050000000000001,0.3299756961616317,0.9942177534103394,RL_shank_joint,0.0,1.302892583515549,0.0767117660905356,True,17,2.005,0.2902813275049071,0.7881547212600708,RL_shank_joint,0.0,1.1461613480586024,0.037017397433810995,True,9,6.005,0.20801602617304973,0.7582718133926392,FR_thigh_joint,0.0,0.8213409075451669,-0.045247903898046365,False,0,,,,,,,,True,120,,0.2532639300710961,0.7972164154052734,RL_shank_joint,0.0,,,42.53559112548828,0.9877670407295227,1.0,False,,,0.2,1.0
772,772,12,19,0.0,2.0,rigid,40.0,1.0,SPD,speed_track_error,0.28566796007820877,0.9952505826950073,RL_shank_joint,0.0,1.5130363904254203,,0.7434422359801829,0.8574038220448392,0.6282788820099086,0.4317398679256439,pd,0.026520922213068125,0.047267913818359375,0.028740081927564123,0.05283958464860916,0.0,0.0,0.8972320556640625,0.9466094970703125,1.6274112462997437,0.7337408335231146,0.7469304751196546,,False,0.20135400238599355,1.077117919921875,,0.9001007080078125,0.2552919089794159,0.14342641669791034,False,False,rope_taut_during_settle,True,9,1.0050000000000001,0.3311758370055309,0.9952505826950073,RL_shank_joint,0.0,1.2714934124071704,0.07071374276742215,True,16,2.0300000000000002,0.28168137911856717,0.8182140588760376,RL_shank_joint,0.0,1.08146784253781,0.021219284880458433,True,9,6.005,0.22839325509557384,1.077117919921875,FL_thigh_joint,0.0,0.8768771354759274,-0.03206883914253489,False,0,,,,,,,,True,120,,0.26046209423810873,0.8182140588760376,RL_shank_joint,0.0,,,8.023098945617676,0.9223290085792542,1.0,False,,,0.2,1.0
773,773,13,19,0.0,0.5,rigid,5.0,1.0,OK,,0.17176269942151576,0.5991787910461426,RR_shank_joint,0.0,0.1570685961048769,0.375,0.043930822201073166,0.0771273440139458,0.9132865592092275,0.0351343959569931,pd,0.006823442754195061,0.015277862548828125,0.014302503148245686,0.040447670966386795,0.0,0.0,-0.01116943359375,0.002044677734375,0.46470513939857483,0.7336822622539501,0.7482153341391893,,False,0.14905407046868213,0.49770432710647583,0.7000000000000002,-0.009674072265625,0.2543749213218689,0.08251027507206725,False,False,rope_taut_during_settle,True,9,1.0050000000000001,0.20534581690433654,0.5991787910461426,RR_shank_joint,0.0,1.3271816101432725,0.05062259339450434,True,16,2.0300000000000002,0.15683326550729104,0.5450972318649292,RL_shank_joint,0.0,1.0136375260907406,0.0021100419974588447,True,9,6.005,0.15525530541930155,0.49770432710647583,FL_thigh_joint,0.0,1.0034389272495705,0.0005320819094693507,False,0,,,,,,,,True,120,,0.1547232235098322,0.5701318979263306,FR_shank_joint,0.0,,,8.74528980255127,0.4762515425682068,1.0,False,,,0.2,1.0
774,774,14,19,0.0,0.5,rigid,10.0,1.0,OK,,0.17255708763335723,0.6026932001113892,RR_shank_joint,0.0,0.17368008324315815,,0.06069825232028961,0.08912520265194467,0.8786034953594207,0.04901488333940506,pd,0.009172145968465623,0.012607574462890625,0.013326371956283212,0.04091053828597069,0.0,0.0,-0.0092010498046875,0.0528106689453125,0.4383120536804199,0.7349185947720116,0.7395433733277628,,False,0.14346319482035144,0.4223431348800659,0.875,-0.0077972412109375,0.2546301782131195,0.08179233511098638,False,False,rope_taut_during_settle,True,9,1.0050000000000001,0.20548395924842117,0.6026932001113892,RR_shank_joint,0.0,1.2887806708551584,0.04604336249267202,True,16,2.0300000000000002,0.16126348650718297,0.5690850019454956,RL_shank_joint,0.0,1.0114330339231379,0.001822889751433826,True,9,6.005,0.14454841933997328,0.4223431348800659,FR_thigh_joint,0.0,0.906597330173133,-0.014892177415775865,False,0,,,,,,,,True,120,,0.15944059675574915,0.5832531452178955,RL_shank_joint,0.0,,,6.391533374786377,0.47953030467033386,1.0,False,,,0.2,1.0
775,775,15,19,0.0,0.5,rigid,15.0,1.0,OK,,0.17490425066009965,0.6075770854949951,RR_shank_joint,0.0,0.18403036750722288,,0.06483406649902462,0.09422341622883805,0.8703318670019508,0.05131684333086014,pd,0.00544914412206788,0.008731842041015625,0.013763350665257794,0.030078159645199776,0.0,0.0,0.023651123046875,0.060821533203125,0.44458433985710144,0.7249091129147871,0.7476636358946394,,False,0.15062499289721107,0.4553035497665405,0.7750000000000004,0.02490234375,0.2548123002052307,0.08531869383833339,False,False,rope_taut_during_settle,True,9,1.0050000000000001,0.20799968607650138,0.6075770854949951,RR_shank_joint,0.0,1.2981429874172998,0.047771045554917596,True,17,2.005,0.15913183215244617,0.5363562107086182,RL_shank_joint,0.0,0.993154729606597,-0.001096808369137614,True,9,6.005,0.15389718643314013,0.4553035497665405,FR_thigh_joint,0.0,0.960484879183689,-0.006331454088443655,False,0,,,,,,,,True,120,,0.16022864052158378,0.5847693681716919,RL_shank_joint,0.0,,,16.23822593688965,0.4751458764076233,1.0,False,,,0.2,1.0
776,776,16,19,0.0,0.5,inextensible,20.0,1.5,OK,,0.1610955842811411,0.5875910520553589,FL_shank_joint,0.0,0.13610798792803308,0.19999999999999996,0.0387567228358239,0.06813376395461845,1.0349117540754378,0.032128998041152955,pd,0.0077827766578602185,0.009992599487304688,0.010957202900477967,0.0397460013628006,0.0,0.0,-0.3869476318359375,,-0.13542263209819794,,,,,0.14790188668758986,0.45586562156677246,0.625,-0.013763427734375,0.25384506583213806,0.08215760768380136,False,False,rope_taut_during_settle|robot_and_load_speeds_differ,True,9,1.0050000000000001,0.19372142635594544,0.5875910520553589,RR_shank_joint,0.0,1.2841509364059882,0.04286577468455982,True,17,2.005,0.14760932961113368,0.48439300060272217,FR_shank_joint,0.0,0.9784806069624523,-0.0032463220602519383,True,9,6.005,0.14360932319914965,0.45586562156677246,FR_thigh_joint,0.0,0.9519651508448559,-0.007246328472235969,False,0,,,,,,,,True,120,,0.15085565167138562,0.5272139310836792,FR_shank_joint,0.0,,,404.9568786621094,0.5071601271629333,1.0,False,,,0.2,1.0
777,777,17,19,0.0,0.5,inextensible,25.0,1.5,OK,,0.17138937895529907,0.5881698131561279,RR_shank_joint,0.0,0.18981525253691117,0.17499999999999982,0.07523267545737326,0.10144719315646114,0.8543286256305873,0.0590051206946373,pd,0.006686024570591817,0.008372306823730469,0.012089451337400022,0.03936928138136864,0.0,0.0,0.06719970703125,0.2683563232421875,0.43682941794395447,0.9615858375499897,1.1642176459575069,,False,0.13592807224356518,0.3680918216705322,0.5750000000000002,-0.0145721435546875,0.25384822487831116,0.0834122205872256,False,False,rope_not_continuously_taut,True,9,1.0050000000000001,0.19419765014322887,0.5881698131561279,RR_shank_joint,0.0,1.212579131415499,0.034045091755939894,True,17,2.63,0.1548696791122675,0.5027856826782227,FR_shank_joint,0.0,0.9670134568675066,-0.005282879275021468,True,9,6.005,0.13613068554898636,0.3680918216705322,FR_thigh_joint,0.0,0.8500063122300443,-0.02402187283830262,False,0,,,,,,,,True,120,,0.16015255838728898,0.5985463857650757,RL_shank_joint,0.0,,,21.28127670288086,0.4437130391597748,1.0,False,,,0.2,1.0
778,778,18,19,0.0,0.5,inextensible,30.0,1.5,OK,,0.173050789203597,0.5902459621429443,RR_shank_joint,0.0,0.20059769809215255,0.17499999999999982,0.08256849483586848,0.10916772027866027,0.8405531844310462,0.06567256540060043,pd,0.005795261588574878,0.007993698120117188,0.015957158130750847,0.03965868428349495,0.0,0.0,0.060699462890625,0.294036865234375,0.4360605478286743,0.9394834975030619,1.1731982476595704,,False,0.1440407701377031,0.3610948324203491,0.5750000000000002,-0.003753662109375,0.2538473904132843,0.08471635411003467,False,False,rope_not_continuously_taut,True,9,1.0050000000000001,0.19420072167317912,0.5902459621429443,RR_shank_joint,0.0,1.2151157332564702,0.0343799602772851,True,17,2.63,0.1594768267549122,0.6230157613754272,FL_shank_joint,0.0,0.9978479977320979,-0.00034393464098181337,True,9,6.005,0.1363291111424756,0.322634756565094,FR_shank_joint,0.0,0.8530125244790508,-0.023491650253418428,False,0,,,,,,,,True,120,,0.15982076139589402,0.6230157613754272,RL_shank_joint,0.0,,,27.542146682739258,0.42614123225212097,1.0,False,,,0.2,1.0
779,779,19,19,0.0,0.5,inextensible,35.0,1.5,OK,,0.17489819389485517,0.5913934707641602,RR_shank_joint,0.0,0.20846899328830445,0.17499999999999982,0.08992259401828051,0.11610103345478123,0.8255645485967398,0.06721755445003509,pd,0.007707611741439985,0.016420602798461914,0.0157112784524519,0.039590075612068176,0.0,0.0,0.3461456298828125,0.425323486328125,0.44684845209121704,0.8027189114694124,0.8854168153929436,,False,0.12957185656607217,0.3630746603012085,0.27500000000000036,-0.0069732666015625,0.25384899973869324,0.08425245160860577,False,False,rope_not_continuously_taut,True,9,1.0050000000000001,0.19446460546626537,0.5913934707641602,RR_shank_joint,0.0,1.2373198474949942,0.037298610060981036,True,17,2.63,0.15578778810926538,0.6240938901901245,RL_shank_joint,0.0,0.9912308811300755,-0.0013782072960189518,True,9,6.005,0.1420313872884215,0.32343703508377075,FL_shank_joint,0.0,0.903703036538946,-0.015134608116862847,False,0,,,,,,,,True,120,,0.15716599540528434,0.6240938901901245,RL_shank_joint,0.0,,,7.961511611938477,0.4178856909275055,1.0,False,,,0.2,1.0
780,780,20,19,5.0,0.5,compliant,40.0,1.5,OK,,0.1768051549636996,0.6682058572769165,RL_shank_joint,0.0,0.20669114874723862,0.17499999999999982,0.08480713602155447,0.12169889592522148,0.8384177590161562,0.050602942407131195,pd,0.004285892601803553,0.007745981216430664,0.016250628061820743,0.0397333949804306,0.0,0.0,0.5667877197265625,0.5566864013671875,0.4429655373096466,0.6606903577182663,0.6606903577182663,,False,0.1433655319600546,0.38161957263946533,0.5750000000000002,-0.0217742919921875,0.25384876132011414,0.08052731586003921,False,True,,True,9,1.0050000000000001,0.19452380220352225,0.5926516056060791,RR_shank_joint,0.0,1.2292622217462394,0.03627945143579939,True,17,2.6550000000000002,0.1632935625652202,0.5912623405456543,FR_shank_joint,0.0,1.0319076906884896,0.005049211797497344,True,9,6.005,0.13730056080740288,0.3223804235458374,FR_thigh_joint,0.0,0.8676490512380939,-0.02094378996031998,False,0,,,,,,,,True,120,,0.15824435076772286,0.5912623405456543,RL_shank_joint,0.0,,,22.099655151367188,0.4670354127883911,1.0,False,,,0.2,1.0
781,781,21,19,5.0,1.0,compliant,5.0,1.5,COL,stop_collision,0.20862611661357985,0.875272274017334,RR_shank_joint,0.0,0.31043162770535637,,0.13031464198604226,0.172864485285117,0.8709142698906363,0.12626630663871766,pd,0.0217754734502994,0.041347503662109375,0.011939845532318083,0.02295319177210331,0.0,0.0,0.00897216796875,0.147796630859375,0.8428121209144592,1.1608539602668202,1.2775841044723677,,True,0.15255922148451032,0.46142494678497314,0.75,0.0100555419921875,0.25384828448295593,0.11688363672212765,False,True,,True,9,1.0050000000000001,0.2606768971823764,0.875272274017334,RR_shank_joint,0.0,1.3610915479118633,0.06915642408686909,True,17,2.4050000000000002,0.19564157116363995,0.6951391696929932,RL_shank_joint,0.0,1.0215177939022608,0.004121098068132628,True,9,6.005,0.15528219020838904,0.41777336597442627,FL_thigh_joint,0.0,0.8107863754646899,-0.03623828288711828,True,12,6.08,0.15264572933824896,0.41777336597442627,FL_thigh_joint,0.0,0.7970204274825892,-0.038874743757258357,True,120,,0.19152047309550732,0.7824039459228516,RL_shank_joint,0.0,,,21.154272079467773,0.9230852723121643,1.0,True,load_velocity_jump,0.0,0.2,1.0
782,782,22,19,5.0,1.0,compliant,10.0,1.5,COL,stop_collision,0.21210294693472445,0.8757952451705933,RR_shank_joint,0.0,0.33961384320029686,,0.15231478437781334,0.1915818771692149,0.8489812709391117,0.14180173516273498,pd,0.024244392874891618,0.03880596160888672,0.0076634646569780545,0.02294083870947361,0.0,0.0,-0.024169921875,0.204010009765625,0.8028520345687866,1.068996426323821,1.2741488177484257,,True,0.1644528480510006,0.5823739767074585,0.7250000000000005,-0.02239990234375,0.25384852290153503,0.10261471562710615,False,False,rope_not_continuously_taut,True,9,1.0050000000000001,0.26110824556191936,0.8757952451705933,RR_shank_joint,0.0,1.3458288242998646,0.06709527686379782,True,17,2.4050000000000002,0.19151061425078283,0.7077518701553345,RL_shank_joint,0.0,0.9871021279446928,-0.002502354447338706,True,9,6.005,0.17789283137405143,0.5823739767074585,FR_thigh_joint,0.0,0.9169120629809414,-0.01612013732407011,True,17,7.555,0.16219300076689583,0.4753274917602539,RL_shank_joint,0.0,0.8359905106099549,-0.03181996793122571,True,120,,0.19401296869812154,0.7494562864303589,RL_shank_joint,0.0,,,37.315467834472656,0.8916395306587219,1.0,True,load_velocity_jump,0.0,0.2,1.0
783,783,23,19,5.0,1.0,compliant,15.0,1.5,COL,stop_collision,0.218810427665737,0.8761575222015381,RR_shank_joint,0.0,0.3708060999451105,,0.16256282206624748,0.2041366099553972,0.8387778425589204,0.14493960916996002,pd,0.02695839967936382,0.04516029357910156,0.011012363291931542,0.02304205112159252,0.0,0.0,0.01788330078125,0.2328338623046875,0.7835001945495605,1.079782830510652,1.2833095079531063,,True,0.1586968463887048,0.5708950161933899,0.6000000000000005,0.0200347900390625,0.2538503110408783,0.09633268677142812,False,False,rope_not_continuously_taut,True,9,1.0050000000000001,0.26073371079868185,0.8761575222015381,RR_shank_joint,0.0,1.342798824633612,0.06656187655551138,True,17,2.4050000000000002,0.18355974260388722,0.6267451047897339,RL_shank_joint,0.0,0.9453469053292599,-0.010612091639283255,True,9,6.005,0.17826260644085282,0.5708950161933899,FR_thigh_joint,0.0,0.91806624341616,-0.015909227802317655,True,17,7.48,0.1685726038705483,0.4692080020904541,RR_shank_joint,0.0,0.8681619789378769,-0.025599230372622184,True,120,,0.19417183424317047,0.7691545486450195,RL_shank_joint,0.0,,,49.79011154174805,0.8739509582519531,1.0,True,load_velocity_jump,0.0,0.2,1.0
784,784,24,19,5.0,1.0,rigid,20.0,1.0,OK,,0.19099769769782174,0.8756793737411499,RR_shank_joint,0.0,0.2928687917376673,0.575,0.05320823679678142,0.13387720490470686,0.976824899809435,0.025514753460884096,pd,0.02134925749557545,0.04434394836425781,0.00843095246902952,0.023006903007626534,0.0,0.0,-0.1214599609375,,-0.023746058344841003,,,,,0.15789510747250274,0.6110826730728149,0.5750000000000002,0.0268096923828125,0.25385111570358276,0.10873504782392407,False,False,rope_taut_during_settle|robot_and_load_speeds_differ,True,9,1.0050000000000001,0.2609824097981016,0.8756793737411499,RR_shank_joint,0.0,1.4416917977057098,0.07995730428427006,True,17,2.005,0.1684417954104933,0.5891438722610474,RL_shank_joint,0.0,0.9304885912502519,-0.012583310103338241,True,9,6.005,0.17520542520271745,0.6110826730728149,FR_thigh_joint,0.0,0.9678515292417855,-0.0058196803111141004,False,0,,,,,,,,True,120,,0.18102510551383155,0.662935733795166,RL_shank_joint,0.0,,,648.7249755859375,0.9798630475997925,1.0,False,,,0.2,1.0
785,785,25,19,5.0,1.0,rigid,25.0,1.0,SPD,speed_track_error,0.23021462466830597,0.8935701847076416,RL_shank_joint,0.0,0.5050729977520967,,0.20440581925213336,0.26291343795769667,0.7955941807478666,0.16083802044391632,pd,0.02884196547987565,0.04941558837890625,0.009435982795297206,0.024706723168492317,0.0,0.0,-0.1037750244140625,0.1296234130859375,0.7191298007965088,0.7365319843639782,0.7505023099352002,,False,0.1782719016990896,0.662834644317627,,-0.099884033203125,0.2551037073135376,0.11591320518074519,False,False,rope_taut_during_settle,True,9,1.0050000000000001,0.28704504705232897,0.8935701847076416,RR_shank_joint,0.0,1.4607353300866113,0.09053782145156991,True,16,2.0300000000000002,0.1999208474254054,0.7034140825271606,RL_shank_joint,0.0,1.0173714824694626,0.003413621824646329,True,9,6.005,0.1887853460785523,0.662834644317627,FR_thigh_joint,0.0,0.9607043481551402,-0.007721879522206765,False,0,,,,,,,,True,120,,0.19650722560075906,0.7598733901977539,RL_shank_joint,0.0,,,1.6916735172271729,0.8655644655227661,1.0,False,,,0.2,1.0
786,786,26,19,5.0,1.0,rigid,30.0,1.0,SPD,speed_track_error,0.2395648531722583,0.8950121402740479,RL_shank_joint,0.0,0.5285281710896714,,0.2131771156564355,0.2732607797793984,0.7868228843435645,0.16198407888412475,pd,0.029197295694766794,0.047946929931640625,0.009421176814584667,0.0238573607057333,0.0,0.0,-0.19879150390625,0.1398468017578125,0.7073037624359131,0.7199726138429412,0.7533109157444358,,False,0.17242382465095438,0.5660609006881714,,-0.1959686279296875,0.2551923394203186,0.1319697907171642,False,False,rope_taut_during_settle|tension_not_steady,True,9,1.0050000000000001,0.28947403111391573,0.8950121402740479,RR_shank_joint,0.0,1.4788545598877185,0.09373197576542092,True,17,2.005,0.21052269109086366,0.7228531837463379,RL_shank_joint,0.0,1.0755107823714927,0.014780635742368847,True,9,6.005,0.18076538436724654,0.5660609006881714,FL_thigh_joint,0.0,0.9234877198229877,-0.014976670981248275,False,0,,,,,,,,True,120,,0.19574205534849481,0.7459027767181396,RL_shank_joint,0.0,,,37.443119049072266,0.8285583853721619,1.0,False,,,0.2,1.0
787,787,27,19,5.0,1.0,rigid,35.0,1.0,SPD,speed_track_error,0.24108068892387644,0.8967857360839844,RL_shank_joint,0.0,0.551135277339746,,0.221472909450531,0.2829628665688346,0.778527090549469,0.16145835280418397,pd,0.02612410517087261,0.046466827392578125,0.009693632369625683,0.02290208823978901,0.0,0.0,-0.154754638671875,0.1524200439453125,0.7142947912216187,0.7241909730198302,0.7470662231613971,,False,0.16790436154928165,0.5608071088790894,,-0.149658203125,0.2551572024822235,0.1329922368877854,False,False,rope_taut_during_settle,True,9,1.0050000000000001,0.2907523799578127,0.8967857360839844,RR_shank_joint,0.0,1.4753319737460244,0.09367647763085266,True,16,2.0300000000000002,0.2115507353571058,0.6988184452056885,RL_shank_joint,0.0,1.0734480109401259,0.01447483303014574,True,9,6.005,0.16140505788170462,0.5461551547050476,FL_thigh_joint,0.0,0.8189994615065849,-0.03567084444525545,False,0,,,,,,,,True,120,,0.19707590232696007,0.7733651399612427,RL_shank_joint,0.0,,,37.04207992553711,0.814185380935669,1.0,False,,,0.2,1.0
788,788,28,19,5.0,1.0,inextensible,40.0,1.5,SPD,speed_track_error,0.23280275496748573,0.876494288444519,RR_shank_joint,0.0,0.49154287004556396,,0.21270542113110424,0.2625069492843908,0.7882197979278862,0.15073280930519103,pd,0.019290391739199584,0.036128997802734375,0.013936924883527775,0.027993589639663696,0.0,0.0,-0.0314483642578125,0.438629150390625,0.8468856811523438,0.8576480263281496,1.2155410283924653,,False,0.1557189378255941,0.5632948279380798,0.7250000000000005,-0.0608673095703125,0.2538498342037201,0.09643313395300773,False,False,rope_not_continuously_taut,True,9,1.0050000000000001,0.26093183082779675,0.876494288444519,RR_shank_joint,0.0,1.3086039465859,0.0615347317218691,True,17,2.38,0.2060002077428344,0.7403554916381836,RL_shank_joint,0.0,1.0331153696142736,0.006603108636906746,True,9,6.005,0.16282574675950112,0.5632948279380798,FR_thigh_joint,0.0,0.8165903490551867,-0.03657135234642653,False,0,,,,,,,,True,120,,0.19939709910592765,0.7773501873016357,RL_shank_joint,0.0,,,16.758926391601562,0.8081918358802795,1.0,False,,,0.2,1.0
789,789,29,19,5.0,1.5,inextensible,5.0,1.5,COL,stop_collision,0.24058510018383664,0.9255013465881348,RR_shank_joint,0.0,0.5379549653161864,,0.24538072330877184,0.304490296015437,0.8364128511274854,0.21893877506256104,pd,0.038117682531834715,0.0535888671875,0.027951803943643227,0.05178633704781532,0.0,0.0,0.2639312744140625,0.300048828125,1.3685808181762695,1.205116247752386,1.2433502472597695,,True,0.15288497515347513,0.6969113945960999,0.75,0.26934814453125,0.25384625792503357,0.08712722609385129,False,False,rope_not_continuously_taut,True,9,1.0050000000000001,0.2901943806105474,0.9255013465881348,RR_shank_joint,0.0,1.3473791062237495,0.07481744677648738,True,17,2.33,0.2026068699104959,0.6880935430526733,RL_shank_joint,0.0,0.9407083028983828,-0.01277006392356414,True,9,6.005,0.18901234665244698,0.6969113945960999,FR_thigh_joint,0.0,0.8775886223641479,-0.026364587181613053,True,10,6.03,0.18464337457313568,0.6969113945960999,FR_thigh_joint,0.0,0.8573033856791581,-0.03073355926092436,True,120,,0.21537693383406004,0.8041685819625854,RL_shank_joint,0.0,,,18.206647872924805,1.3284945487976074,1.0,True,load_velocity_jump,0.0,0.2,1.0
790,790,30,19,10.0,1.5,compliant,10.0,1.5,SPD,speed_track_error,0.2510230087196022,0.9258518218994141,RR_shank_joint,0.0,0.6002950527513641,,0.4215484005212784,0.47512559980389757,0.7189677329858144,0.5085271805524826,pd,0.00866181677976384,0.019222259521484375,0.023535857447102782,0.045824382454156876,0.0,0.0,-0.0688323974609375,0.1786651611328125,0.8334693312644958,1.2331447705272183,1.2331447705272183,,False,0.1629913276634143,0.5576363801956177,,-0.0865325927734375,0.25290167331695557,0.15608940198241394,False,False,tension_not_steady,True,9,1.0050000000000001,0.29040670102916466,0.9258518218994141,RR_shank_joint,0.0,1.3438508200475991,0.07430630007924488,True,17,2.355,0.2157811700853124,0.7106760740280151,RR_shank_joint,0.0,0.9985227659772766,-0.00031923086460738936,True,9,6.005,0.1714509884583546,0.4493533968925476,FR_thigh_joint,0.0,0.7933857952354635,-0.04464941249156518,False,0,,,,,,,,True,120,,0.21610040094991978,0.7655199766159058,RL_shank_joint,0.0,,,23.396169662475586,1.306543231010437,1.0,False,,,0.2,1.0
791,791,31,19,10.0,1.5,compliant,15.0,1.5,SPD,speed_track_error,0.25010532717533657,0.9249918460845947,RR_shank_joint,0.0,0.6667162607508107,,0.47115159114822747,0.5336825044220436,0.6858989392345151,0.5665514642000198,pd,0.015012510214216736,0.05417633056640625,0.023037682058694265,0.04737471416592598,0.0,0.0,-0.4647674560546875,0.10162353515625,0.6136728525161743,1.2405824480585181,1.2405824480585181,,False,0.16804238157479665,0.5542000532150269,,-0.4619598388671875,0.25267958641052246,0.15326051552373823,False,False,tension_not_steady,True,9,1.0050000000000001,0.29024404059396447,0.9249918460845947,RR_shank_joint,0.0,1.3358847604331,0.07297676635702652,True,17,2.355,0.21535974773535155,0.7023731470108032,RR_shank_joint,0.0,0.9912203689750985,-0.001907526501586404,True,9,6.005,0.1459891052327476,0.35677003860473633,FL_shank_joint,0.0,0.6719332478647526,-0.07127816900419034,False,0,,,,,,,,True,120,,0.21726727423693795,0.78935706615448,RL_shank_joint,0.0,,,15.846578598022461,1.241818904876709,1.0,False,,,0.2,1.0
792,792,32,19,10.0,1.5,compliant,20.0,1.5,OK,,0.22601124903322228,0.9260725975036621,RR_shank_joint,0.0,0.500862704045653,0.5499999999999998,0.12200595758855343,0.23777612691877628,0.9498971428970496,0.08410504937171936,pd,0.024254694226209447,0.04400634765625,0.008052929820765735,0.02239624597132206,0.0,0.0,-0.09613037109375,0.0,-0.01773948222398758,,,,,0.17856268420260166,1.0648022890090942,0.7750000000000004,0.408477783203125,0.25385069847106934,0.15806586221005017,False,False,rope_taut_during_settle|robot_and_load_speeds_differ|tension_not_steady,True,9,1.0050000000000001,0.2902566721467643,0.9260725975036621,RR_shank_joint,0.0,1.4811686410194773,0.09429203712250211,True,17,2.005,0.18890615874008024,0.5891727209091187,FL_shank_joint,0.0,0.9639808668369777,-0.007058476284181964,True,9,6.005,0.25221732078434,1.0648022890090942,FL_thigh_joint,0.0,1.287055293181411,0.0562526857600778,False,0,,,,,,,,True,120,,0.1959646350242622,0.7528331279754639,RL_shank_joint,0.0,,,34272.234375,1.5030611753463745,1.0,False,,,0.2,1.0
793,793,33,19,10.0,1.5,compliant,25.0,1.5,SPD,speed_track_error,0.25461302203917197,0.9272869825363159,RR_shank_joint,0.0,0.7591570133791669,,0.5185393538326025,0.5899200426048345,0.6543070974449317,0.5998054683208466,pd,0.013968530976635037,0.03141021728515625,0.020962752678238643,0.044535618275403976,0.0,0.0,-0.8835906982421875,0.046234130859375,0.407300740480423,1.2226232408859232,1.2226232408859232,,False,0.18104770064121278,0.5386494398117065,,-0.8794097900390625,0.2538585364818573,0.15886924464293473,False,False,rope_not_continuously_taut|tension_not_steady,True,9,1.0050000000000001,0.29073930515352864,0.9272869825363159,RR_shank_joint,0.0,1.3300716655906735,0.0721501022744388,True,17,2.355,0.22392951571643172,0.6891140937805176,RR_shank_joint,0.0,1.0244308171080885,0.005340312837341876,True,9,6.005,0.15292154414621623,0.36444151401519775,FL_shank_joint,0.0,0.6995841612122217,-0.06566765873287361,False,0,,,,,,,,True,120,,0.21858920287908984,0.7681289911270142,RL_shank_joint,0.0,,,0.0,1.2445869445800781,1.0,False,,,0.2,1.0
794,794,34,19,10.0,1.5,rigid,30.0,1.0,SPD,speed_track_error,0.254963903753247,0.9322742223739624,RL_shank_joint,0.0,0.9338998951177303,,0.603602925632149,0.6993067218993737,0.5975980495785673,0.6885423527657986,pd,0.014488505465159163,0.02520751953125,0.02599408275317225,0.05189346894621849,0.0,0.0,-1.0645751953125,0.02142333984375,0.24380424618721008,0.7109583443408098,0.7109583443408098,,False,0.19925541384794507,0.5906999111175537,,-1.06549072265625,0.2551884651184082,0.1435815016370026,False,False,rope_taut_during_settle|tension_not_steady,True,9,1.0050000000000001,0.3118605195679246,0.9322742223739624,RL_shank_joint,0.0,1.3996752085090274,0.08905131520963133,True,17,2.005,0.23310120803944853,0.7426170110702515,RL_shank_joint,0.0,1.0461920040996375,0.010292003681155265,True,9,6.005,0.15494653670994957,0.45771288871765137,FR_shank_joint,0.0,0.6954225125313241,-0.0678626676483437,False,0,,,,,,,,True,120,,0.22280920435829327,0.7852684259414673,RL_shank_joint,0.0,,,39.40732955932617,1.050839900970459,1.0,False,,,0.2,1.0
795,795,35,19,10.0,1.5,rigid,35.0,1.0,SPD,speed_track_error,0.25651313446077256,0.933144211769104,RL_shank_joint,0.0,0.970776036622478,,0.6273267341777682,0.7256598038083368,0.5817821772148212,0.6996679937839508,pd,0.013007384086065912,0.02774810791015625,0.030216386770348887,0.05549457669258118,0.0,0.0,-0.9445953369140625,0.010986328125,0.16009101271629333,0.7115008433212324,0.7115008433212324,,False,0.2020013783313582,0.639946699142456,,-0.9461669921875,0.255214124917984,0.1380831256209408,False,False,rope_taut_during_settle|tension_not_steady,True,9,1.0050000000000001,0.312299884914941,0.933144211769104,RL_shank_joint,0.0,1.3981001957610515,0.08892541872016191,True,17,2.005,0.23346140728597667,0.7435754537582397,RL_shank_joint,0.0,1.0451570909738714,0.010086941091197593,True,9,6.005,0.15707327298877508,0.4934486150741577,FR_shank_joint,0.0,0.7031836523867039,-0.066301193206004,False,0,,,,,,,,True,120,,0.22337446619477908,0.8193570375442505,RL_shank_joint,0.0,,,51.00361251831055,0.9911218881607056,1.0,False,,,0.2,1.0
796,796,36,19,10.0,1.5,rigid,40.0,1.0,SPD,speed_track_error,0.2620927201569035,0.9326382875442505,RL_shank_joint,0.0,1.0013854174058547,,0.635670616645366,0.7341932839133594,0.5762195889030893,0.6840113139897585,pd,0.01625869318361234,0.0305633544921875,0.024929261819618707,0.05548558756709099,0.0,0.0,-0.9303741455078125,0.0043182373046875,0.10536660999059677,0.7120297456069977,0.7120297456069977,,False,0.20625293316419469,0.6268939971923828,,-0.9324188232421875,0.2552872598171234,0.1501313774342832,False,False,rope_taut_during_settle|tension_not_steady,True,9,1.0050000000000001,0.31246184192438964,0.9326382875442505,RL_shank_joint,0.0,1.3818754666453974,0.08634751435555788,True,17,2.005,0.24516896750890574,0.733198881149292,RL_shank_joint,0.0,1.0842699361201404,0.019054639940073975,True,9,6.005,0.161591587194284,0.5057247877120972,FL_shank_joint,0.0,0.714645502262981,-0.06452274037454778,False,0,,,,,,,,True,120,,0.22611432756883176,0.840123176574707,RL_shank_joint,0.0,,,56.39521026611328,0.9441582560539246,1.0,False,,,0.2,1.0
797,797,37,19,10.0,2.0,rigid,5.0,1.0,COL,stop_collision|speed_track_error,0.26636034962368393,0.9704769849777222,RL_shank_joint,0.0,0.9754684473443925,4.45,0.4909603650867939,0.597139831385544,0.754519817456603,0.46292266368865964,pd,0.03517291124722635,0.0759429931640625,0.022252444961332704,0.055722676217556,0.0,0.0,0.6066741943359375,0.6197052001953125,1.881932020187378,0.7402986414949737,0.7505182826008081,,True,0.16826161604939419,0.8667298555374146,,0.6017608642578125,0.254334032535553,0.16524310692099853,False,False,rope_taut_during_settle|load_moved_during_settle,True,9,1.0050000000000001,0.3203200873845206,0.9704769849777222,RR_shank_joint,0.0,1.3240775617119558,0.07840065860848636,True,16,2.0300000000000002,0.2301654310610076,0.8022758960723877,RR_shank_joint,0.0,0.9514135851986144,-0.011753997715026665,True,9,6.005,0.2317950310162055,0.8667298555374146,FR_thigh_joint,0.0,0.9581497120299428,-0.010124397759828763,True,10,6.03,0.22660051256087155,0.8667298555374146,FR_thigh_joint,0.0,0.9366776108365205,-0.015318916215162709,True,120,,0.24191942877603426,0.8163892030715942,RL_shank_joint,0.0,,,28.642425537109375,1.7918254137039185,1.0,True,load_velocity_jump,0.0,0.2,1.0
798,798,38,19,10.0,2.0,inextensible,10.0,1.5,COL,stop_collision|speed_track_error,0.27709933920704916,0.9723736047744751,RR_shank_joint,0.0,0.9343791670506548,,0.6430012835934759,0.7025518192746866,0.6784993582032621,0.7223786020278931,pd,0.023289604431775354,0.03826141357421875,0.025341552338398094,0.05962188169360161,0.0,0.0,0.7140045166015625,0.70794677734375,1.6118665933609009,0.9152181229548262,0.9157748540251021,,True,0.14763016332887785,0.6325900554656982,0.75,0.396209716796875,0.25386351346969604,0.21148945723213586,False,False,rope_not_continuously_taut|tension_not_steady,True,9,1.0050000000000001,0.31758064976339084,0.9723736047744751,RR_shank_joint,0.0,1.3020430290004381,0.0736711608372119,True,17,2.305,0.24227116332912543,0.7824802398681641,RL_shank_joint,0.0,0.9932830592025497,-0.0016383255970535138,True,9,6.005,0.18766777221668587,0.6325900554656982,FR_thigh_joint,0.0,0.7694156264395476,-0.05624171670949307,True,12,6.08,0.19097130350729766,0.6325900554656982,FR_thigh_joint,0.0,0.7829597132446806,-0.05293818541888129,True,120,,0.24390948892617895,0.8998768329620361,RL_shank_joint,0.0,,,47.215450286865234,1.6674712896347046,1.0,True,load_velocity_jump,0.0,0.2,1.0
799,799,39,19,10.0,2.0,inextensible,15.0,1.5,SPD,speed_track_error,0.2763730189547878,0.9747287034988403,RR_shank_joint,0.0,1.0177194092958906,,0.7743378378264606,0.8363435054852841,0.6128310810867696,0.9147524690628052,pd,0.01614320388516475,0.04569244384765625,0.027583119488774024,0.049821458756923676,0.0,0.0,-0.00384521484375,0.29669189453125,1.1411861181259155,1.2163220902005492,1.2668857459585752,,False,0.15919502269085686,0.6905045509338379,,-0.0022430419921875,0.24693918228149414,0.2042315624304969,False,False,rope_not_continuously_taut|tension_not_steady,True,9,1.0050000000000001,0.3172842829946231,0.9747287034988403,RR_shank_joint,0.0,1.2788167632925418,0.06917658523680034,True,17,2.305,0.26622648540068106,0.7830636501312256,RL_shank_joint,0.0,1.0730279141139103,0.01811878764285832,True,9,6.005,0.17669112844121831,0.6905045509338379,FL_thigh_joint,0.0,0.7121549635017211,-0.07141656931660442,False,0,,,,,,,,True,120,,0.24810769775782274,0.8877882957458496,RL_shank_joint,0.0,,,21.41672134399414,1.5718744993209839,1.0,False,,,0.2,1.0
