env_index,cell_index,column,row,grade_deg,velocity_mps,connection,cart_mass_kg,connection_length_m,verdict,reasons,startup_joint_rms_rad,startup_joint_max_rad,startup_worst_joint,startup_torque_sat_frac,startup_vx_rms_err_mps,startup_time_to_90pct_s,speed_mae_mps,speed_rmse_mps,speed_ratio_mean,speed_steady_mae_mps,lane_mode,lane_y_rms_m,lane_y_max_abs_m,lane_heading_rms_rad,lane_heading_max_abs_rad,lane_vy_saturated_frac,lane_wz_saturated_frac,stop_cart_coast_distance_m,stop_cart_coast_to_rest_m,stop_cart_speed_at_stop_mps,stop_min_clearance_coast_m,stop_final_clearance_m,stop_time_to_contact_s,stop_contact,stop_joint_rms_rad,stop_joint_max_rad,stop_settle_time_s,stop_robot_travel_m,min_robot_surface_height_m,max_abs_pitch_rel_rad,fell,summarize_tow_valid,summarize_tow_failures
0,0,0,0,0.0,0.5,compliant,5.0,0.6,JNT,startup_joint_error|stop_joint_error,0.16110991072727598,0.591498851776123,FL_shank_joint,0.0,0.13409802879883287,0.17499999999999982,0.03987969164736569,0.06835791179896336,1.0377018987201154,0.03333881437778473,pd,0.007094353134998957,0.00927734375,0.01170660716652605,0.03914972022175789,0.0,0.0,-0.026763916015625,-0.010711669921875,-0.03139263764023781,,,,,0.14994877318562394,0.46046948432922363,0.6000000000000005,0.000457763671875,0.25384601950645447,0.07699441013973199,False,False,rope_taut_during_settle|robot_and_load_speeds_differ
1,1,1,0,0.0,0.5,compliant,10.0,0.6,JNT,stop_margin_low|startup_joint_error|stop_joint_error,0.16714648087402822,0.5879261493682861,RR_shank_joint,0.0,0.16060818100739988,0.17499999999999982,0.058833169117569924,0.08462132331105009,0.8869460539519787,0.04836673766374588,pd,0.007219711128815646,0.00970458984375,0.013185113385029206,0.04057721793651581,0.0,0.0,0.2387847900390625,0.2294921875,0.4598367512226105,0.09370981130271616,0.0937104936819253,,False,0.14327327425602254,0.38002943992614746,0.6000000000000005,-0.0032196044921875,0.25771665573120117,0.07916453072898014,False,False,load_moved_during_settle|load_touching_at_settle
2,2,2,0,0.0,0.5,compliant,15.0,0.6,JNT,startup_joint_error|stop_joint_error,0.17328813450756309,0.6456844806671143,RL_shank_joint,0.0,0.1846476698472623,0.17499999999999982,0.0711882747663185,0.0985347347436328,0.8607266649696976,0.0553591912984848,pd,0.007481116386841313,0.01015472412109375,0.011827256800977752,0.040140990167856216,0.0,0.0,0.105377197265625,0.2004241943359375,0.4350482225418091,0.10935715314411709,0.20599689638260088,,False,0.14281069892029422,0.3965381979942322,0.6749999999999998,-0.028167724609375,0.258859246969223,0.08296062499088536,False,False,load_moved_during_settle|load_touching_at_settle
3,3,3,0,0.0,0.5,compliant,20.0,0.6,JNT,startup_joint_error|stop_joint_error,0.1780434776279457,0.6070142984390259,RR_shank_joint,0.0,0.19370905650406436,0.17499999999999982,0.09129030928015709,0.11569277214782792,0.8203148344159126,0.08510839641094207,pd,0.006599313792133662,0.00905609130859375,0.015336855899820603,0.03962857276201248,0.0,0.0,0.1044769287109375,0.191162109375,0.3965686559677124,0.13892063950876832,0.22300416133938938,,False,0.1451195303191846,0.38197803497314453,0.625,-0.00201416015625,0.25943443179130554,0.09206761649983977,False,False,load_moved_during_settle|load_touching_at_settle|rope_not_continuously_taut
4,4,4,0,0.0,0.5,compliant,25.0,0.6,JNT,stop_margin_low|startup_joint_error|stop_joint_error,0.18033732188410326,0.6957471370697021,RL_shank_joint,0.0,0.21329851319271698,0.17499999999999982,0.0858437477098778,0.11513083247091223,0.8319989612605423,0.06271925002336502,pd,0.007617752156664238,0.00989532470703125,0.015772141113725414,0.0398658849298954,0.0,0.0,0.1521453857421875,0.240264892578125,0.42161163687705994,0.07116196828388865,0.1598227990162684,,False,0.14438534100218522,0.372755765914917,0.5499999999999998,-0.0169525146484375,0.26015719771385193,0.08089606349648255,False,False,load_moved_during_settle|load_touching_at_settle|rope_not_continuously_taut
5,5,5,0,0.0,1.0,compliant,5.0,0.6,COL,stop_collision|startup_joint_error|stop_joint_error,0.21135747329215465,0.8757822513580322,RR_shank_joint,0.0,0.3086100322863231,1.3499999999999999,0.11310852944850922,0.16012972711428972,0.8876933771371841,0.0872065132856369,pd,0.019980723176021006,0.0286712646484375,0.027016933738073495,0.048033006489276886,0.0,0.0,0.26104736328125,0.25653076171875,0.9212868213653564,0.16619888690098605,0.16619888690098605,,True,0.14412440902458407,0.5325303673744202,0.375,0.0902252197265625,0.2562233805656433,0.08580280037760503,False,False,load_moved_during_settle|load_touching_at_settle
6,6,6,0,0.0,1.0,compliant,10.0,0.6,COL,stop_collision|startup_joint_error|stop_joint_error,0.21869684493988734,0.8745802640914917,RL_shank_joint,0.0,0.34421296006030405,,0.13305971754714846,0.17974731389758097,0.8673791049607098,0.10409225404262543,pd,0.020685223817976387,0.0353546142578125,0.013444242071383863,0.024073390290141106,0.0,0.0,0.4201812744140625,0.42169189453125,0.8906826376914978,0.0012504427944861618,0.002013659238116361,,True,0.14722906923019421,0.5247942209243774,0.4249999999999998,0.0845947265625,0.2577325999736786,0.10729924055528738,False,False,load_moved_during_settle|load_touching_at_settle|rope_not_continuously_taut
7,7,7,0,0.0,1.0,compliant,15.0,0.6,COL,stop_collision|startup_joint_error|stop_joint_error,0.2263612317187508,0.895138144493103,RL_shank_joint,0.0,0.3943496115682485,,0.15038712090812623,0.2019347943413867,0.850034304196015,0.10791291892528534,pd,0.019827128228787273,0.03022003173828125,0.02883271961271956,0.050604112446308136,0.0,0.0,0.4208526611328125,0.44793701171875,0.8695008754730225,-0.0015483189624490024,0.011346344538452513,0.875,True,0.14802742139932357,0.5880141258239746,0.9500000000000002,0.0912322998046875,0.2587861716747284,0.0949707281034666,False,False,load_moved_during_settle|load_touching_at_settle|rope_not_continuously_taut
8,8,8,0,0.0,1.0,rigid,20.0,0.6,JNT,startup_joint_error|stop_joint_error,0.1909204646242947,0.8755638599395752,RR_shank_joint,0.0,0.29189962561921673,0.575,0.054602021956816314,0.1340044180065845,1.0001083912607283,0.026745418310165404,pd,0.013939599816396631,0.02524566650390625,0.006696263826625411,0.02289757691323757,0.0,0.0,-0.9372406005859375,,-0.14165404438972473,,,,,0.15089062155257202,0.5446728467941284,0.27500000000000036,0.127197265625,0.25384625792503357,0.06554279498853097,False,False,rope_taut_during_settle|robot_and_load_speeds_differ
9,9,9,0,0.0,1.0,rigid,25.0,0.6,SPD,speed_track_error|startup_joint_error|stop_joint_error,0.24166981256110553,0.9051532745361328,RL_shank_joint,0.0,0.4972275696182529,,0.20441461818292736,0.258321318430629,0.7955853818170726,0.14969556629657746,pd,0.01860286800912006,0.03639984130859375,0.01713747342552105,0.031317878514528275,0.0,0.0,0.1738128662109375,0.2317657470703125,0.8345348834991455,0.3286342646273681,0.34654533864517134,,False,0.15671092499762102,0.6131626963615417,,0.177154541015625,0.2558356821537018,0.09787914288803384,False,False,rope_taut_during_settle
10,10,10,0,0.0,1.5,rigid,5.0,0.6,COL,stop_collision|startup_joint_error|stop_joint_error,0.24279548388531907,0.9075900316238403,RR_shank_joint,0.0,0.6200217149614577,0.6499999999999999,0.21707784349098802,0.3107795105243529,0.8552814376726747,0.15666053891181947,pd,0.013017103252753372,0.02154541015625,0.016161384407793612,0.028926661238074303,0.0,0.0,0.23760986328125,0.2384185791015625,1.3235785961151123,0.32659318006639637,0.3401600683300501,,True,0.16499867731670614,0.8535825908184052,0.4249999999999998,0.24114990234375,0.25479936599731445,0.11029863959983638,False,False,rope_taut_during_settle
11,11,11,0,0.0,1.5,rigid,10.0,0.6,COL,stop_collision|startup_joint_error|stop_joint_error,0.2475041292354266,0.9196904897689819,RL_shank_joint,0.0,0.7054054245098454,,0.2682205917686224,0.3577104502664214,0.8211862721542517,0.19114481925964355,pd,0.02514745231633721,0.056976318359375,0.01361079172388794,0.02413618005812168,0.0,0.0,0.25555419921875,0.305328369140625,1.323012113571167,0.320494762368952,0.3418176174972416,,True,0.16423540003895162,0.7371487617492676,,0.2583770751953125,0.2552032470703125,0.12780588987021244,False,False,rope_taut_during_settle
12,12,12,0,0.0,1.5,rigid,15.0,0.6,COL,stop_collision|startup_joint_error|stop_joint_error,0.250462384827995,0.9237998723983765,RL_shank_joint,0.0,0.7655404824992076,,0.2954871045053005,0.3872794560492494,0.8030085969964663,0.20393163681030274,pd,0.025580723144007073,0.043605804443359375,0.020272470267588615,0.03583092242479324,0.0,0.0,0.304901123046875,0.35357666015625,1.2957816123962402,0.32554005565017974,0.3448487683707242,,True,0.16354090335694596,0.7349149584770203,,0.309478759765625,0.2554689645767212,0.14216749057261113,False,False,rope_taut_during_settle
13,13,13,0,0.0,1.5,rigid,20.0,0.6,SPD,speed_track_error|startup_joint_error|stop_joint_error,0.26145259693288125,0.9274653196334839,RL_shank_joint,0.0,0.8322113242483995,,0.33530606066808105,0.4253580042471087,0.7764626262212793,0.22906375646591187,pd,0.016891401279082303,0.030574798583984375,0.02286140011557087,0.03734530135989189,0.0,0.0,0.379180908203125,0.4146270751953125,1.2830123901367188,0.3297039514607434,0.34481459343084,,False,0.1743988813998767,0.747357964515686,0.7000000000000002,0.3829193115234375,0.25593218207359314,0.13126020508135186,False,False,rope_taut_during_settle
14,14,14,0,0.0,1.5,rigid,25.0,0.6,SPD,speed_track_error|startup_joint_error|stop_joint_error,0.2655096834939211,0.9359530210494995,RL_shank_joint,0.0,0.8875702304679571,,0.348387568667531,0.44774352716448895,0.7677416208883127,0.2106001853942871,pd,0.020273229018899892,0.035614013671875,0.02864463567672246,0.05229263752698898,0.0,0.0,0.4327850341796875,0.4681854248046875,1.2912572622299194,0.3264458765477798,0.3459607265342868,,False,0.18318581718155932,0.9356564581394196,0.7750000000000004,0.4362640380859375,0.2558722496032715,0.15359052743851404,False,False,rope_taut_during_settle
15,15,15,0,0.0,0.5,rigid,5.0,0.6,JNT,startup_joint_error|stop_joint_error,0.17063305080506333,0.6008034944534302,RR_shank_joint,0.0,0.1575117185901695,0.3999999999999999,0.047166311163455245,0.0785529551192548,0.9062926017865539,0.03781078040599823,pd,0.007654559479405455,0.009847640991210938,0.013062846423353335,0.04178021848201752,0.0,0.0,-0.0115814208984375,0.0409088134765625,0.44476544857025146,0.3199190736332298,0.3355727990823425,,False,0.1365354224629602,0.3856218457221985,0.6500000000000004,-0.0110626220703125,0.25479939579963684,0.08456434548587233,False,False,rope_taut_during_settle
16,16,16,0,0.0,0.5,inextensible,10.0,0.6,JNT,startup_joint_error|stop_joint_error,0.16127700292362007,0.5885270833969116,FL_shank_joint,0.0,0.13629254526222312,0.17499999999999982,0.03713017457164824,0.06752452001955749,1.0311852480284869,0.028232063949108124,pd,0.00828127621489982,0.0113067626953125,0.012789304146956707,0.03993941470980644,0.0,0.0,-0.023895263671875,-0.00823974609375,-0.0284280888736248,,,,,0.1499068615235412,0.4233415126800537,0.625,-0.008697509765625,0.2538469731807709,0.07999152609295886,False,False,rope_taut_during_settle|robot_and_load_speeds_differ
17,17,17,0,0.0,0.5,inextensible,15.0,0.6,JNT,startup_joint_error|stop_joint_error,0.17865609803333438,0.7231945991516113,RL_shank_joint,0.0,0.18367397206677477,0.17499999999999982,0.06987777878995985,0.09554390445139732,0.8625409116316587,0.05142002671957016,pd,0.005304554777495195,0.007898330688476562,0.010762891839269664,0.03986353427171707,0.0,0.0,0.09423828125,0.194732666015625,0.46916308999061584,0.1290966707229586,0.22667146616126388,,False,0.12922201126686497,0.3365689516067505,0.4249999999999998,-0.011688232421875,0.258723646402359,0.08183707606944755,False,False,load_moved_during_settle|load_touching_at_settle|rope_not_continuously_taut
18,18,18,0,0.0,0.5,inextensible,20.0,0.6,JNT,stop_margin_low|startup_joint_error|stop_joint_error,0.1753347009037994,0.6892799139022827,RL_shank_joint,0.0,0.18940154480399415,0.17499999999999982,0.0710402894858271,0.09810735499643305,0.8612433646433055,0.051748720109462736,pd,0.00708298454267553,0.008331298828125,0.01163735465153828,0.03995181992650032,0.0,0.0,0.1701812744140625,0.2664947509765625,0.4586135745048523,0.05594673987138776,0.1542924008870159,,False,0.12238546975851168,0.34374183416366577,0.40000000000000036,-0.006683349609375,0.25969159603118896,0.07832855675793012,False,False,load_moved_during_settle|load_touching_at_settle|rope_not_continuously_taut
19,19,19,0,0.0,0.5,inextensible,25.0,0.6,JNT,stop_margin_low|startup_joint_error|stop_joint_error,0.1840034790965967,0.7146092653274536,RL_shank_joint,0.0,0.21150325630110176,0.19999999999999996,0.08378848674707115,0.11143054526348006,0.8351181733049452,0.056968916356563565,pd,0.006715515879199568,0.009036779403686523,0.01509015597983729,0.040146056562662125,0.0,0.0,0.186248779296875,0.2928314208984375,0.4362858831882477,0.016131031975817223,0.1247741191541536,,False,0.14451577126313414,0.3767279386520386,0.5499999999999998,-0.0173492431640625,0.2598331868648529,0.07999394666677426,False,False,load_moved_during_settle|load_touching_at_settle|rope_not_continuously_taut
20,20,20,0,5.0,1.0,compliant,5.0,0.6,COL,stop_collision|startup_joint_error|stop_joint_error,0.2083687792133189,0.8757529258728027,RR_shank_joint,0.0,0.3094507199406239,1.3499999999999999,0.13393724204041063,0.17624464740254922,0.8670339822676033,0.13399612426757812,pd,0.01996828760074612,0.03254055976867676,0.014159331933777239,0.025728486478328705,0.0,0.0,-0.0291748046875,0.156524658203125,0.8790421485900879,0.22931338480844943,0.3440344172707057,,True,0.1551330737629333,0.4943193793296814,0.6749999999999998,-0.03765869140625,0.2562333047389984,0.11179472572899606,False,False,load_moved_during_settle|load_touching_at_settle
21,21,21,0,5.0,1.0,compliant,10.0,0.6,COL,stop_collision|startup_joint_error|stop_joint_error,0.21667470028845512,0.8753336668014526,RR_shank_joint,0.0,0.3393902040277274,,0.15955279125832023,0.1999704785434466,0.8408799336943775,0.15943571984767912,pd,0.022484888091336648,0.04323768615722656,0.00896666231410813,0.024215202778577805,0.0,0.0,-0.010986328125,0.1954498291015625,0.7828858494758606,0.1578871620329778,0.3353515966058751,,True,0.15313067847684506,0.45258867740631104,0.7750000000000004,-0.0113067626953125,0.25776049494743347,0.12418072279770534,False,False,load_moved_during_settle|load_touching_at_settle|tension_not_steady
22,22,22,0,5.0,1.0,compliant,15.0,0.6,COL,stop_collision|startup_joint_error|stop_joint_error,0.22705898081499792,0.9205347299575806,RL_shank_joint,0.0,0.38795893086001193,,0.17951040335930885,0.22258467005432034,0.8208830564375966,0.1726835060119629,pd,0.02048397591972224,0.034926414489746094,0.011903974439001565,0.02393694408237934,0.0,0.0,-0.109771728515625,0.20001220703125,0.7680339217185974,0.166334262270027,0.33424212821668675,,True,0.15137669182021413,0.5864888429641724,0.7000000000000002,-0.1041412353515625,0.256308376789093,0.10209655131522685,False,False,load_moved_during_settle|load_touching_at_settle|rope_not_continuously_taut|tension_not_steady
23,23,23,0,5.0,1.0,compliant,20.0,0.6,COL,stop_collision|startup_joint_error|stop_joint_error,0.2321227244118585,0.9338175058364868,RL_shank_joint,0.0,0.4284904236296795,,0.1948346799891442,0.24151611881088872,0.8056185668427497,0.17851756691932677,pd,0.017728424979462625,0.03347206115722656,0.02379668090069056,0.05042916163802147,0.0,0.0,-0.06280517578125,0.2167205810546875,0.7532325387001038,0.13072218039900463,0.3221705797152765,,True,0.14328748704802222,0.4550222158432007,0.625,-0.0561065673828125,0.25964391231536865,0.09726650151468266,False,False,load_moved_during_settle|load_touching_at_settle|rope_not_continuously_taut|tension_not_steady
24,24,24,0,5.0,1.0,rigid,25.0,0.6,JNT,startup_joint_error|stop_joint_error,0.19091272286246427,0.875694751739502,RR_shank_joint,0.0,0.2926872955144266,0.575,0.053468410847708585,0.13388859601199407,0.9772031832952053,0.025689896941184998,pd,0.02204051802606483,0.04489326477050781,0.00871062765004888,0.02295018546283245,0.0,0.0,-0.3494720458984375,,-0.06152396276593208,,,,,0.15601741069007508,0.5833191275596619,0.5750000000000002,0.0287322998046875,0.25386181473731995,0.1095582621717652,False,False,rope_taut_during_settle|robot_and_load_speeds_differ
25,25,25,0,5.0,1.5,rigid,5.0,0.6,COL,stop_collision|startup_joint_error|stop_joint_error,0.2429923575101514,0.913764476776123,RR_shank_joint,0.0,0.630721413712897,0.7749999999999999,0.25358069863170385,0.3342991329099022,0.8309462009121974,0.20777662992477416,pd,0.026867010407575144,0.037029266357421875,0.020790068616505984,0.035121459513902664,0.0,0.0,0.277801513671875,0.281097412109375,1.3879772424697876,0.31879233948990304,0.33808159307452,,True,0.15526263111277894,0.6663144826889038,0.4249999999999998,0.284942626953125,0.25481587648391724,0.11178009399207298,False,False,rope_taut_during_settle
26,26,26,0,5.0,1.5,rigid,10.0,0.6,COL,stop_collision|speed_track_error|startup_joint_error|stop_joint_error,0.24664452017777963,0.9101375341415405,RL_shank_joint,0.0,0.7090405619185403,,0.317250239700079,0.3902301515245395,0.7884998401999473,0.2825757324695587,pd,0.024530330704099445,0.0396881103515625,0.019994383399703584,0.029349571093916893,0.0,0.0,0.256500244140625,0.270477294921875,1.2116472721099854,0.3315430544395781,0.3375460893209663,,True,0.15517363259282,0.6586216688156128,0.47500000000000053,0.2618865966796875,0.2553006410598755,0.07278923044039375,False,False,rope_taut_during_settle
27,27,27,0,5.0,1.5,rigid,15.0,0.6,COL,stop_collision|speed_track_error|startup_joint_error|stop_joint_error,0.25078295315839866,0.929399847984314,RL_shank_joint,0.0,0.773718531667764,,0.36681366566568613,0.43682291545139773,0.7554575562228759,0.33883865118026735,pd,0.025209475669164757,0.050189971923828125,0.03032865907470032,0.04958691447973251,0.0,0.0,0.2551727294921875,0.2833404541015625,1.2083925008773804,0.3093060897832345,0.3350592240049366,,True,0.16413628156957072,0.8013231754302979,,0.266815185546875,0.2556913197040558,0.12055574541501925,False,False,rope_taut_during_settle
28,28,28,0,5.0,1.5,inextensible,20.0,0.6,SPD,speed_track_error|startup_joint_error|stop_joint_error,0.258139215287146,0.9283332824707031,RL_shank_joint,0.0,0.7312340847216688,,0.38843066367320717,0.44097194252587607,0.7410462242178619,0.37516774773597716,pd,0.02383854642238773,0.03945159912109375,0.025095114496389192,0.054186735302209854,0.0,0.0,0.057769775390625,0.42340087890625,1.107508897781372,0.10018025182532142,0.3592202858962992,,False,0.15400826236805926,0.6148252487182617,0.375,0.0691070556640625,0.2582367956638336,0.12955315649212676,False,False,load_moved_during_settle|load_touching_at_settle|rope_not_continuously_taut
29,29,29,0,5.0,1.5,inextensible,25.0,0.6,SPD,stop_margin_low|speed_track_error|startup_joint_error|stop_joint_error,0.26110826855263247,0.9277932643890381,RL_shank_joint,0.0,0.7818856560815098,,0.4250238826405257,0.47823680669928154,0.7166507449063162,0.4088276982307434,pd,0.018208838458967223,0.032817840576171875,0.020980319590367485,0.04057735949754715,0.0,0.0,-0.0363311767578125,0.41156005859375,1.0291341543197632,0.0942398392387247,0.3322412566132016,,False,0.14906958876073997,0.5820704698562622,0.35000000000000053,-0.0313873291015625,0.2546559274196625,0.11363903106770916,False,False,load_moved_during_settle|load_touching_at_settle|rope_not_continuously_taut
30,30,30,0,10.0,0.5,compliant,5.0,0.6,JNT,startup_joint_error|stop_joint_error,0.16456252325481557,0.5888303518295288,FL_shank_joint,0.0,0.14210430005396532,0.17499999999999982,0.048314587660133836,0.07459318916919423,0.907283752784133,0.04280138403177261,pd,0.00704864878549409,0.01031494140625,0.011665263653513207,0.03975945711135864,0.0,0.0,0.1142425537109375,0.1101531982421875,0.40119022130966187,0.17598586758944634,0.17599044630102867,,False,0.14469594249912915,0.4178764820098877,0.75,-0.0563201904296875,0.25623953342437744,0.18349814543225407,False,False,load_moved_during_settle
31,31,31,0,10.0,0.5,compliant,10.0,0.6,JNT,stop_margin_low|startup_joint_error|stop_joint_error,0.17098338203096897,0.5888047218322754,RR_shank_joint,0.0,0.159166170867789,0.19999999999999996,0.05467410804703832,0.082693104235193,0.8952960657700896,0.04550970375537872,pd,0.007849715974944589,0.01024627685546875,0.012546499809126688,0.04050000011920929,0.0,0.0,0.1944732666015625,0.1864471435546875,0.39253151416778564,0.08381229199267182,0.08382021310589494,,False,0.14798651157458376,0.43251991271972656,0.6500000000000004,-0.06121826171875,0.2577199339866638,0.19773168099361685,False,False,load_moved_during_settle|load_touching_at_settle
32,32,32,0,10.0,0.5,compliant,15.0,0.6,JNT,startup_joint_error|stop_joint_error,0.16128761103716466,0.5920230150222778,FL_shank_joint,0.0,0.13592632593701062,0.17499999999999982,0.042386021269485354,0.07244999602220283,0.9975340552069247,0.040523553490638735,pd,0.005125226879975832,0.009307861328125,0.015680667843781772,0.03995495289564133,0.0,0.0,-0.5058746337890625,,-0.09079998731613159,,,,,0.1423300292711735,0.4090837240219116,0.5499999999999998,-0.0684356689453125,0.25385087728500366,0.16954821125034364,False,False,rope_taut_during_settle|robot_and_load_speeds_differ
33,33,33,0,10.0,0.5,compliant,20.0,0.6,COL,stop_collision|startup_joint_error|stop_joint_error,0.17951530405381996,0.832791805267334,RL_shank_joint,0.0,0.20016693994852364,0.17499999999999982,0.06820122779812664,0.10029774699650953,0.8660684096533805,0.04874028414487839,pd,0.006428841592546519,0.00997161865234375,0.015763049445364146,0.03963768854737282,0.0,0.0,0.273681640625,0.284881591796875,0.4294709265232086,0.0045492505626612,0.005773590404174911,,True,0.15263061483873314,0.4725337028503418,0.875,-0.0523681640625,0.259584903717041,0.059297660433540254,False,False,load_moved_during_settle|load_touching_at_settle|rope_not_continuously_taut
34,34,34,0,10.0,0.5,rigid,25.0,0.6,JNT,startup_joint_error|stop_joint_error,0.17935752327752896,0.6227675676345825,RL_shank_joint,0.0,0.19789474786426497,,0.06647316493093967,0.09881005160777098,0.8670536701381206,0.0479557678103447,pd,0.008493899216872351,0.01584625244140625,0.023277288127573098,0.042750947177410126,0.0,0.0,-0.0636749267578125,0.076416015625,0.43626540899276733,0.32144187871074337,0.35210452443132567,,False,0.1588620909538011,0.53214430809021,,-0.056884765625,0.25622546672821045,0.21544589431156727,False,False,rope_taut_during_settle
35,35,35,0,10.0,1.0,rigid,5.0,0.6,COL,stop_collision|startup_joint_error|stop_joint_error,0.2157148984590404,0.8817142248153687,RR_shank_joint,0.0,0.36412940530720184,0.5499999999999998,0.1869250585883856,0.23469479781040598,0.8130749414116144,0.2229113757610321,pd,0.020968397296983694,0.0394287109375,0.01487376791237783,0.027547555044293404,0.0,0.0,-0.02496337890625,0.068023681640625,0.6702525615692139,0.313694040258099,0.34261497914195616,,True,0.15505705349213508,0.4282006025314331,0.75,-0.0209808349609375,0.25477463006973267,0.1743697894915984,False,False,rope_taut_during_settle|tension_not_steady
36,36,36,0,10.0,1.0,rigid,10.0,0.6,COL,stop_collision|speed_track_error|startup_joint_error|stop_joint_error,0.22268927263750823,0.8840798139572144,RR_shank_joint,0.0,0.4018966800724793,,0.22151056095957755,0.27261268576005304,0.7784894390404224,0.2643463259935379,pd,0.017819999223969454,0.0284423828125,0.021915983068497458,0.05218889191746712,0.0,0.0,-0.082733154296875,-0.07958984375,0.568034827709198,0.3139356017249497,0.33396772163186483,,True,0.16770713089760803,0.4936363697052002,0.9000000000000004,-0.0789947509765625,0.2553303837776184,0.16440810371417688,False,False,rope_taut_during_settle|tension_not_steady
37,37,37,0,10.0,1.0,rigid,15.0,0.6,SPD,speed_track_error|startup_joint_error|stop_joint_error,0.22586137603906242,0.8910707235336304,RL_shank_joint,0.0,0.4334079998616279,,0.24130397193133832,0.29613326240563803,0.7586960280686617,0.2821861031651497,pd,0.020792380537964884,0.03342437744140625,0.021166338087923217,0.05083010718226433,0.0,0.0,-0.3408355712890625,0.0604095458984375,0.5022174119949341,0.3078193101396778,0.3419085048037971,,False,0.17866102927670097,0.5584924221038818,,-0.336822509765625,0.255688339471817,0.17199865077206655,False,False,rope_taut_during_settle|tension_not_steady
38,38,38,0,10.0,1.0,inextensible,20.0,0.6,SPD,speed_track_error|startup_joint_error|stop_joint_error,0.2287025468837899,0.902997612953186,RL_shank_joint,0.0,0.41157492645663096,,0.2545575614552945,0.30529680619939337,0.7454424385447055,0.30034475296735763,pd,0.020292714300666505,0.03214263916015625,0.01747039052185161,0.036935292184352875,0.0,0.0,-0.405792236328125,0.052581787109375,0.4322865307331085,0.2751033877910629,0.3385665856056903,,False,0.18762927002501992,0.550236701965332,,-0.40380859375,0.25964754819869995,0.16393794649540697,False,False,load_moved_during_settle|load_touching_at_settle|rope_not_continuously_taut|tension_not_steady
39,39,39,0,10.0,1.0,inextensible,25.0,0.6,SPD,speed_track_error|startup_joint_error|stop_joint_error,0.23327329363790775,0.9223861694335938,RL_shank_joint,0.0,0.4463166921434328,,0.26847507143393157,0.3240291557563511,0.7315249285660684,0.30771369099617,pd,0.02276810908791175,0.05098724365234375,0.015127771103055949,0.037398479878902435,0.0,0.0,-0.5990142822265625,0.041229248046875,0.3685998022556305,0.2650291558829281,0.34278332796930044,,False,0.19312669204228905,0.5561867952346802,,-0.60076904296875,0.2541133761405945,0.16174323751741845,False,False,load_moved_during_settle|load_touching_at_settle|rope_not_continuously_taut|tension_not_steady
40,40,0,1,0.0,0.5,compliant,10.0,0.631578947368421,JNT,startup_joint_error|stop_joint_error,0.16121613680217095,0.5870106220245361,FL_shank_joint,0.0,0.13452224652469438,0.17499999999999982,0.03991388832218945,0.06854388956649264,1.037661752011627,0.033258411884307865,pd,0.00696303714023264,0.00905609130859375,0.011697509200606235,0.03918398171663284,0.0,0.0,-0.0157623291015625,0.0,-0.018598750233650208,,,,,0.14987997304091225,0.46207696199417114,0.625,0.00095367431640625,0.25384974479675293,0.07696397268524346,False,False,rope_taut_during_settle|robot_and_load_speeds_differ
41,41,1,1,0.0,0.5,compliant,15.0,0.631578947368421,JNT,startup_joint_error|stop_joint_error,0.16896136836717032,0.643271803855896,FL_shank_joint,0.0,0.1706554528946277,0.17499999999999982,0.06643314558081329,0.09321709334353456,0.8758464750088751,0.04969109117984772,pd,0.004116595486545487,0.00768280029296875,0.011083300693134407,0.03989986330270767,0.0,0.0,0.148895263671875,0.23246002197265625,0.45349952578544617,0.15047616596139335,0.23472636916311274,,False,0.12188493318598341,0.31266987323760986,0.40000000000000036,0.00385284423828125,0.2538541257381439,0.07550739238137892,False,False,load_touching_at_settle
42,42,2,1,0.0,0.5,compliant,20.0,0.631578947368421,JNT,startup_joint_error|stop_joint_error,0.1722265737397464,0.5878123044967651,RR_shank_joint,0.0,0.19302990271536322,0.17499999999999982,0.0865353416185826,0.11225366704849356,0.8319691624678671,0.07886326640844345,pd,0.005276254639889337,0.00762939453125,0.011192925623630542,0.03924569860100746,0.0,0.0,0.14923095703125,0.234954833984375,0.4525323808193207,0.13396808892602508,0.21858113292218206,,False,0.11956586675868422,0.30521154403686523,0.375,-0.00079345703125,0.2538500428199768,0.07507501129683312,False,False,load_moved_during_settle
43,43,3,1,0.0,0.5,compliant,25.0,0.631578947368421,JNT,startup_joint_error|stop_joint_error,0.17950522016479975,0.6638545989990234,RL_shank_joint,0.0,0.19620870725339631,0.17499999999999982,0.09195087734609843,0.11656682699933638,0.8225739430636168,0.07201193273067474,pd,0.006391218587934199,0.008453369140625,0.011323109425788102,0.03998706489801407,0.0,0.0,0.1479949951171875,0.23343658447265625,0.42032158374786377,0.10622781321193031,0.19358683515343955,,False,0.14339695668510732,0.39644479751586914,0.6749999999999998,-0.03075408935546875,0.25406786799430847,0.08312727959677704,False,False,load_moved_during_settle
44,44,4,1,0.0,1.0,compliant,5.0,0.631578947368421,COL,stop_collision|startup_joint_error|stop_joint_error,0.21215622025027248,0.8762466907501221,RR_shank_joint,0.0,0.30831272632653567,3.9750000000000005,0.11565538310445846,0.16143907353904197,0.8862379345949739,0.08804835438728333,pd,0.021648421709562094,0.0351715087890625,0.025702553822507853,0.047058895230293274,0.0,0.0,0.25501251220703125,0.2506103515625,0.8960787057876587,0.2188000875645315,0.2188000875645315,,True,0.1526839190721584,0.5820110440254211,0.25,0.10071563720703125,0.25385117530822754,0.09176623706756896,False,True,
45,45,5,1,0.0,1.0,compliant,10.0,0.631578947368421,JNT,stop_margin_low|startup_joint_error|stop_joint_error,0.21667420451601818,0.876190185546875,RR_shank_joint,0.0,0.34139901821155993,,0.13635792984627187,0.18098510753049427,0.8655092059168965,0.10518744885921479,pd,0.017998848554377098,0.02997589111328125,0.015569892737991857,0.025975070893764496,0.0,0.0,0.44878387451171875,0.4399261474609375,0.8631303310394287,0.00518448607864741,0.00518448607864741,,False,0.14570837178133125,0.5182992815971375,0.47500000000000053,0.0818634033203125,0.2538492977619171,0.10047129875631787,False,False,rope_not_continuously_taut
46,46,6,1,0.0,1.0,compliant,15.0,0.631578947368421,COL,stop_collision|startup_joint_error|stop_joint_error,0.2290238926179108,0.8755613565444946,RL_shank_joint,0.0,0.38231928160838813,,0.1465186094865203,0.19628132396160822,0.8549100876227022,0.10790422022342681,pd,0.01941362562345658,0.03034210205078125,0.024175977285828574,0.042355697602033615,0.0,0.0,0.4473724365234375,0.46660614013671875,0.8743110299110413,-0.0006812814047378879,0.006731938427293471,1.0,True,0.14736633211894642,0.5737252831459045,,0.08182525634765625,0.2540382444858551,0.09678875228264244,False,False,load_moved_during_settle|rope_not_continuously_taut
47,47,7,1,0.0,1.0,compliant,20.0,0.631578947368421,COL,stop_collision|startup_joint_error|stop_joint_error,0.2375761344077818,0.8873807191848755,RL_shank_joint,0.0,0.4237058652568998,,0.17366388108581304,0.22269700890382227,0.8275004777684808,0.11809378743171692,pd,0.019260576519720234,0.03742218017578125,0.010544316156417153,0.026009898632764816,0.0,0.0,0.45644378662109375,0.5092315673828125,0.8702003359794617,-0.000554748733861743,0.03856576065254558,0.875,True,0.15334466942670855,0.5894261598587036,,0.12194061279296875,0.25385212898254395,0.0926276443486908,False,False,load_moved_during_settle|rope_not_continuously_taut
48,48,8,1,0.0,1.0,rigid,25.0,0.631578947368421,JNT,startup_joint_error|stop_joint_error,0.1910543742984995,0.8763806819915771,RR_shank_joint,0.0,0.2927894045493919,0.575,0.05541395698674023,0.13443184831407431,1.0002821167837828,0.02867042362689972,pd,0.013412684339271152,0.02384185791015625,0.006838661625827998,0.02278178185224533,0.0,0.0,-0.8541412353515625,,-0.18848766386508942,,,,,0.14767468251788812,0.5678991079330444,0.27500000000000036,0.14336395263671875,0.25385287404060364,0.07132554335079483,False,False,rope_taut_during_settle|robot_and_load_speeds_differ
49,49,9,1,0.0,1.5,rigid,5.0,0.631578947368421,COL,stop_collision|startup_joint_error|stop_joint_error,0.24428446231618833,0.9043464660644531,RR_shank_joint,0.0,0.6206520569855997,,0.22656791077926755,0.3150787265468509,0.848954726147155,0.16377278923988342,pd,0.009160125905882482,0.019016265869140625,0.01878204079946287,0.032657086849212646,0.0,0.0,0.22403717041015625,0.23967742919921875,1.34663987159729,0.35716364534168576,0.37569667061944756,,True,0.16328917394380668,0.7581929564476013,0.375,0.22751617431640625,0.2547720670700073,0.1110655001577642,False,False,rope_taut_during_settle
50,50,10,1,0.0,1.5,rigid,10.0,0.631578947368421,COL,stop_collision|startup_joint_error|stop_joint_error,0.2472324444397016,0.9213494062423706,RR_shank_joint,0.0,0.7082882715640467,,0.2644851077534258,0.35693861830646045,0.8236765948310495,0.18703534007072448,pd,0.025705890581635412,0.03839874267578125,0.024515061602488328,0.04302169755101204,0.0,0.0,0.26651763916015625,0.28675079345703125,1.2898492813110352,0.3442716693895278,0.37570148303085205,,True,0.15950299286562472,0.6495821475982666,0.5,0.2700958251953125,0.2551608383655548,0.11493859236565214,False,False,rope_taut_during_settle
51,51,11,1,0.0,1.5,rigid,15.0,0.631578947368421,COL,stop_collision|speed_track_error|startup_joint_error|stop_joint_error,0.24992063206679074,0.9279080629348755,RL_shank_joint,0.0,0.7860998550216693,,0.30463492991402746,0.39704128441150127,0.7969100467239817,0.20726815700531007,pd,0.020197050266758658,0.033100128173828125,0.018031218676767963,0.029528282582759857,0.0,0.0,0.2993011474609375,0.3386993408203125,1.2904990911483765,0.3605566864928562,0.37784220569642457,,True,0.17432295506401344,0.7941927909851074,0.9249999999999998,0.30316925048828125,0.2554798126220703,0.12729041418994744,False,False,rope_taut_during_settle
52,52,12,1,0.0,1.5,rigid,20.0,0.631578947368421,SPD,speed_track_error|startup_joint_error|stop_joint_error,0.2559013818147159,0.9296494722366333,RL_shank_joint,0.0,0.8360780813742043,,0.3273295518197119,0.4218708341738281,0.7817802987868587,0.21117924332618712,pd,0.021981610963157615,0.034877777099609375,0.02885611727627801,0.04996904730796814,0.0,0.0,0.3571014404296875,0.40039825439453125,1.2941749095916748,0.3504019042508446,0.38011081137655367,,False,0.1686538983118429,0.7545537948608398,,0.36069488525390625,0.255704790353775,0.11277857298525182,False,False,rope_taut_during_settle
53,53,13,1,0.0,1.5,rigid,25.0,0.631578947368421,SPD,speed_track_error|startup_joint_error|stop_joint_error,0.26593557760565567,0.9343832731246948,RL_shank_joint,0.0,0.8878095515507757,,0.36648782348260284,0.4569189796089551,0.7556747843449315,0.23760562181472777,pd,0.02764164710801685,0.05002593994140625,0.022415425020620282,0.03653557598590851,0.0,0.0,0.4169921875,0.4513702392578125,1.275925636291504,0.3561388830535037,0.3770334655430929,,False,0.17326595544832363,0.7951789498329163,,0.42066192626953125,0.25591200590133667,0.1209232360434601,False,False,rope_taut_during_settle
54,54,14,1,0.0,0.5,rigid,5.0,0.631578947368421,COL,stop_collision|startup_joint_error|stop_joint_error,0.1714250068889008,0.5919981002807617,RR_shank_joint,0.0,0.1557128336634904,0.375,0.04095962109044194,0.07564242901489847,0.9201009142026305,0.029256706833839418,pd,0.006558402998124825,0.00957489013671875,0.014993580513674512,0.04220098257064819,0.0,0.0,0.0054168701171875,0.0507965087890625,0.5122881531715393,0.35875723704842244,0.37408234264333373,,True,0.13010245026418826,0.41416752338409424,0.4500000000000002,0.00839996337890625,0.25477394461631775,0.07860581252413286,False,False,rope_taut_during_settle
55,55,15,1,0.0,0.5,rigid,10.0,0.631578947368421,JNT,startup_joint_error|stop_joint_error,0.17521360067765274,0.599665641784668,RR_shank_joint,0.0,0.17196066699505513,,0.06139740775339306,0.08839038097998796,0.8772051844932139,0.04833028495311737,pd,0.008952017056423399,0.012693405151367188,0.01274772925705063,0.04067423567175865,0.0,0.0,-0.00879669189453125,0.05327606201171875,0.435406357049942,0.3602008095769804,0.36658947719462276,,False,0.1420197105731767,0.420862078666687,0.8250000000000002,-0.00646209716796875,0.2551814317703247,0.08144787750582058,False,False,rope_taut_during_settle
56,56,16,1,0.0,0.5,inextensible,15.0,0.631578947368421,JNT,startup_joint_error|stop_joint_error,0.16137858989766415,0.5881965160369873,FL_shank_joint,0.0,0.13464788013826204,0.17499999999999982,0.03937242082320154,0.06821154187250585,1.0343024923093618,0.033033673763275144,pd,0.006583100493476493,0.009319305419921875,0.013388961720780931,0.038803353905677795,0.0,0.0,-0.968963623046875,,-0.16999615728855133,,,,,0.14885094272873167,0.4537498354911804,0.6749999999999998,-0.01572418212890625,0.2538515329360962,0.08323257131690018,False,False,rope_taut_during_settle|robot_and_load_speeds_differ|tension_not_steady
57,57,17,1,0.0,0.5,inextensible,20.0,0.631578947368421,JNT,startup_joint_error|stop_joint_error,0.17172790776459929,0.588591456413269,RR_shank_joint,0.0,0.18457635600609257,0.17499999999999982,0.07080023820511996,0.09773423630805249,0.8645620907284319,0.053203148543834684,pd,0.007658899296680689,0.010264396667480469,0.0114552560974925,0.039437148720026016,0.0,0.0,0.12393951416015625,0.2407379150390625,0.45793893933296204,0.12512737993810674,0.24289108208175492,,False,0.12201838960713986,0.3813503384590149,0.375,0.00030517578125,0.253984272480011,0.07649662329083402,False,False,rope_not_continuously_taut
58,58,18,1,0.0,0.5,inextensible,25.0,0.631578947368421,JNT,stop_margin_low|startup_joint_error|stop_joint_error,0.17400308615430587,0.6263366937637329,RR_shank_joint,0.0,0.18897889118099642,0.17499999999999982,0.07782801495864987,0.10373013362234332,0.8517592528089881,0.059457716345787046,pd,0.006042891863627728,0.009828567504882812,0.011450863986021083,0.040044061839580536,0.0,0.0,0.1782379150390625,0.286834716796875,0.4574979245662689,0.08596494367419893,0.19468282009647453,,False,0.12648661829302998,0.34858161211013794,0.17499999999999982,0.0052032470703125,0.2540671229362488,0.07310895894583672,False,False,rope_not_continuously_taut
59,59,19,1,0.0,1.0,inextensible,5.0,0.631578947368421,JNT,startup_joint_error|stop_joint_error,0.2105747086301467,0.8758209943771362,RR_shank_joint,0.0,0.30348475941812547,2.95,0.10767194657586515,0.15638005047665576,0.8942988786194473,0.08283434808254242,pd,0.017451864023344022,0.029982328414916992,0.025753222892552486,0.046967487782239914,0.0,0.0,0.24430084228515625,0.23967742919921875,0.8954899907112122,0.22102911889089683,0.22102911889089683,,False,0.1496725837873164,0.5635107159614563,0.25,0.0892181396484375,0.2538524568080902,0.0892411493359104,False,True,
60,60,20,1,5.0,1.0,compliant,10.0,0.631578947368421,JNT,startup_joint_error|stop_joint_error,0.2119983335977782,0.8763102293014526,RR_shank_joint,0.0,0.3535535812791776,,0.16494027668610214,0.20478544227941448,0.8378488809429109,0.1613530147075653,pd,0.019147114205159323,0.03706192970275879,0.008396339428883874,0.022872567176818848,0.0,0.0,0.005035400390625,0.21157073974609375,0.8080734610557556,0.18654983533367897,0.3701032107126281,,False,0.1551549295304035,0.47888779640197754,0.8250000000000002,-0.00641632080078125,0.2540125250816345,0.12448761669739694,False,False,tension_not_steady
61,61,21,1,5.0,1.0,compliant,15.0,0.631578947368421,COL,stop_collision|startup_joint_error|stop_joint_error,0.22106295359740574,0.8755346536636353,RR_shank_joint,0.0,0.39074398536326793,,0.1799622034933418,0.2253566344427486,0.8222166764829307,0.17443248629570007,pd,0.020302656464503223,0.03172874450683594,0.013952511468635579,0.02351325750350952,0.0,0.0,-0.1071014404296875,0.2237091064453125,0.7635298371315002,0.15779097628725935,0.37407326487473824,,True,0.14818894743172253,0.42285269498825073,0.6749999999999998,-0.10434722900390625,0.2540404796600342,0.11132820600283397,False,False,tension_not_steady
62,62,22,1,5.0,1.0,compliant,20.0,0.631578947368421,COL,stop_collision|startup_joint_error|stop_joint_error,0.22594935543901065,0.9693725109100342,RR_shank_joint,0.0,0.42721405125197515,,0.19485874614678322,0.24331310307149281,0.807161023998633,0.18123005330562592,pd,0.019923796149193956,0.031538963317871094,0.022122739459345328,0.05146469548344612,0.0,0.0,-0.1143646240234375,0.22132110595703125,0.7507168054580688,0.1641792016487642,0.36937846402952346,,True,0.1415375925928053,0.4008052945137024,0.6000000000000005,-0.1072845458984375,0.2540736198425293,0.09922583002297544,False,False,rope_not_continuously_taut|tension_not_steady
63,63,23,1,5.0,1.0,compliant,25.0,0.631578947368421,COL,stop_collision|speed_track_error|startup_joint_error|stop_joint_error,0.237918465115407,0.9336905479431152,RR_shank_joint,0.0,0.4405265891856517,,0.20496043818071485,0.25279554155488715,0.7972838650457561,0.19217360258102417,pd,0.020529336988094393,0.03258514404296875,0.010015125300790222,0.023224521428346634,0.0,0.0,-0.292572021484375,0.20638275146484375,0.6948474645614624,0.18988752083582483,0.372170802054697,,True,0.13943946354288936,0.38753873109817505,0.6000000000000005,-0.28626251220703125,0.25171488523483276,0.08945491327988221,False,False,rope_not_continuously_taut|tension_not_steady
64,64,24,1,5.0,1.5,rigid,5.0,0.631578947368421,JNT,startup_joint_error|stop_joint_error,0.22616462131548157,0.9246246814727783,RR_shank_joint,0.0,0.5000099065135841,0.5499999999999998,0.09041188327595591,0.22750831584549744,0.965112625968953,0.04087583780288696,pd,0.027804300786118768,0.03682136535644531,0.022520543695263646,0.040156275033950806,0.0,0.0,-0.3266448974609375,,-0.05620413273572922,,,,,0.15671276961349576,0.7009013891220093,0.7999999999999998,0.2985076904296875,0.25385236740112305,0.07733404971306301,False,False,rope_taut_during_settle|robot_and_load_speeds_differ
65,65,25,1,5.0,1.5,rigid,10.0,0.631578947368421,COL,stop_collision|speed_track_error|startup_joint_error|stop_joint_error,0.2483940451159644,0.9077696800231934,RR_shank_joint,0.0,0.710570949796825,,0.31836872989311815,0.39133878023827956,0.7877541800712545,0.284895054101944,pd,0.02283128238201853,0.0392608642578125,0.018858762782919276,0.02782410755753517,0.0,0.0,0.2440643310546875,0.2635955810546875,1.2061378955841064,0.36232255206232367,0.370183667823909,,True,0.15093674145437053,0.6474541425704956,0.7250000000000005,0.2501678466796875,0.25525709986686707,0.07077354813477017,False,False,rope_taut_during_settle
66,66,26,1,5.0,1.5,rigid,15.0,0.631578947368421,SPD,speed_track_error|startup_joint_error|stop_joint_error,0.2531993105324166,0.9281319379806519,RL_shank_joint,0.0,0.7718791138406224,,0.3651380153372884,0.43570885324944897,0.7565746564418078,0.3391226089000702,pd,0.022829379820431043,0.04547119140625,0.02453699484645028,0.03435249999165535,0.0,0.0,0.2537689208984375,0.282073974609375,1.208661675453186,0.34095902305747927,0.36738677701092115,,False,0.16125876608458845,0.7307300567626953,0.9750000000000005,0.26468658447265625,0.25559547543525696,0.11473539426371568,False,False,rope_taut_during_settle
67,67,27,1,5.0,1.5,rigid,20.0,0.631578947368421,SPD,speed_track_error|startup_joint_error|stop_joint_error,0.25410981186885595,0.932076096534729,RL_shank_joint,0.0,0.8292402060733187,,0.40302885374054315,0.47372145389903336,0.7313140975063046,0.3749100351333618,pd,0.01969587677853148,0.03435516357421875,0.017683307585223722,0.03706857189536095,0.0,0.0,0.1195068359375,0.27883148193359375,1.0925822257995605,0.3477163378443606,0.3685337332060499,,False,0.1705190049295114,0.6312086582183838,,0.12711334228515625,0.25585800409317017,0.13523503600197648,False,False,rope_taut_during_settle
68,68,28,1,5.0,1.5,inextensible,25.0,0.631578947368421,SPD,speed_track_error|startup_joint_error|stop_joint_error,0.2590983418856985,0.9266974925994873,RR_shank_joint,0.0,0.7353118444852241,,0.41792710963636637,0.46637918280765367,0.7213819269090891,0.41520909667015077,pd,0.010909303046814109,0.0245819091796875,0.021417152624510702,0.04478738084435463,0.0,0.0,-0.06984710693359375,0.40030670166015625,1.0239084959030151,0.12096328284081892,0.36818340316698084,,False,0.15168662849966516,0.674942135810852,0.3250000000000002,-0.06412506103515625,0.2536499798297882,0.09609521139623511,False,False,rope_not_continuously_taut
69,69,29,1,5.0,0.5,inextensible,5.0,0.631578947368421,JNT,startup_joint_error|stop_joint_error,0.16828226549777542,0.5942087173461914,FL_shank_joint,0.0,0.13882402422216877,0.17499999999999982,0.03926294731907547,0.06848979737908356,0.9271834948100149,0.029219969511032104,pd,0.008297602721791133,0.0111846923828125,0.01408296865095176,0.03891531750559807,0.0,0.0,0.10779571533203125,0.10357666015625,0.4318014681339264,0.2305661862056354,0.2305734146353302,,False,0.14430693656040028,0.4052770137786865,0.6749999999999998,-0.02744293212890625,0.2539559602737427,0.11454906616732327,False,True,
70,70,30,1,10.0,0.5,compliant,10.0,0.631578947368421,JNT,startup_joint_error|stop_joint_error,0.16857825274693,0.6086149215698242,FL_shank_joint,0.0,0.1568600015373299,0.17499999999999982,0.05433624655939639,0.08154544930361307,0.8988705092482269,0.044027804136276244,pd,0.0061855697972849994,0.0147247314453125,0.01681795104575192,0.0395452119410038,0.0,0.0,0.216827392578125,0.20844268798828125,0.42184674739837646,0.11466881161953779,0.11466881161953779,,False,0.14807190951171587,0.457442045211792,0.8500000000000005,-0.04315948486328125,0.2540186643600464,0.1897533022549872,False,True,
71,71,31,1,10.0,0.5,compliant,15.0,0.631578947368421,JNT,stop_margin_low|startup_joint_error|stop_joint_error,0.17233698021498906,0.6745761632919312,FL_shank_joint,0.0,0.1707474284284509,0.17499999999999982,0.05908089363947511,0.08872346300438755,0.8890921921655536,0.04412708580493927,pd,0.007392561581918841,0.01080322265625,0.013106231414804744,0.03968622907996178,0.0,0.0,0.2791595458984375,0.267120361328125,0.40697598457336426,0.026371283448682448,0.0263715098580235,,False,0.14898139773195854,0.4420442581176758,0.625,-0.06404876708984375,0.25403931736946106,0.20318984832062684,False,True,
72,72,32,1,10.0,0.5,compliant,20.0,0.631578947368421,JNT,startup_joint_error|stop_joint_error,0.1610934074271797,0.5880540609359741,FL_shank_joint,0.0,0.13566113422487955,0.19999999999999996,0.04710933390073478,0.07497998038493557,1.0022480022348463,0.04560076802968979,pd,0.005733088871157022,0.0167999267578125,0.024033812518963662,0.046194590628147125,0.0,0.0,-0.4843292236328125,,-0.09123221784830093,,,,,0.1476344986923424,0.44307756423950195,0.6749999999999998,-0.0765228271484375,0.2538505494594574,0.17940015222789632,False,False,rope_taut_during_settle|robot_and_load_speeds_differ
73,73,33,1,10.0,0.5,compliant,25.0,0.631578947368421,COL,stop_collision|startup_joint_error|stop_joint_error,0.17794356910937087,0.6943830251693726,RL_shank_joint,0.0,0.19281279976222337,0.17499999999999982,0.06896863700821995,0.10032747350906197,0.8702469610795379,0.050363267064094545,pd,0.005605439550633666,0.0076751708984375,0.01639284456768839,0.04000680148601532,0.0,0.0,0.29937744140625,0.31751251220703125,0.4347708225250244,0.00553130388213674,0.010682962095728499,,True,0.1522257876248024,0.4717280864715576,0.875,-0.05425262451171875,0.25408750772476196,0.058911073783881274,False,False,rope_not_continuously_taut
74,74,34,1,10.0,1.0,rigid,5.0,0.631578947368421,COL,stop_collision|startup_joint_error|stop_joint_error,0.2162664205493756,0.8814646005630493,RR_shank_joint,0.0,0.3636887506801122,0.5499999999999998,0.18259403958916665,0.23111844968656958,0.8174059604108334,0.2178107476234436,pd,0.023349708881933405,0.045013427734375,0.010812917081357627,0.026729952543973923,0.0,0.0,-0.026580810546875,0.0743560791015625,0.7225339412689209,0.34339727881312854,0.37775058802910166,,True,0.1604723341374635,0.5260909795761108,0.7999999999999998,-0.02339935302734375,0.2547823190689087,0.16613004564423844,False,False,rope_taut_during_settle
75,75,35,1,10.0,1.0,rigid,10.0,0.631578947368421,COL,stop_collision|speed_track_error|startup_joint_error|stop_joint_error,0.2229200103645864,0.8838365077972412,RR_shank_joint,0.0,0.40192539887815754,,0.22072194680571555,0.2718943128675121,0.7792780531942844,0.26417241871356967,pd,0.02272458487139321,0.04595184326171875,0.014439980517231653,0.03222488611936569,0.0,0.0,-0.2539825439453125,0.05855560302734375,0.58157879114151,0.3437361591099517,0.36213181129205907,,True,0.16386134375540312,0.46829545497894287,,-0.24999237060546875,0.2543036639690399,0.17540684475800639,False,False,rope_taut_during_settle|tension_not_steady
76,76,36,1,10.0,1.0,rigid,15.0,0.631578947368421,SPD,speed_track_error|startup_joint_error|stop_joint_error,0.22623759229383222,0.8914656639099121,RL_shank_joint,0.0,0.43571366622477975,,0.23957314036786556,0.29389255122722713,0.7604268596321344,0.2771467524766922,pd,0.019441378402887514,0.03240966796875,0.0198743818957779,0.05154375731945038,0.0,0.0,-0.412139892578125,0.0600128173828125,0.5126361846923828,0.3297502643178518,0.382671992990808,,False,0.17811011549777886,0.5597704648971558,,-0.40697479248046875,0.2555978000164032,0.16488939526315954,False,False,rope_taut_during_settle|tension_not_steady
77,77,37,1,10.0,1.0,rigid,20.0,0.631578947368421,SPD,speed_track_error|startup_joint_error|stop_joint_error,0.22668616267041777,0.8979443311691284,RL_shank_joint,0.0,0.46770682594145824,,0.25654853468760846,0.3145388072621735,0.7434514653123915,0.29190158754587175,pd,0.02194948297780088,0.0401458740234375,0.015216665661020479,0.03478441759943962,0.0,0.0,-0.33647918701171875,0.043975830078125,0.44274789094924927,0.3067522034655781,0.35734151504672695,,False,0.1890217157386091,0.6257293224334717,,-0.33879852294921875,0.2558816373348236,0.15675203828557432,False,False,rope_taut_during_settle|tension_not_steady
78,78,38,1,10.0,1.0,inextensible,25.0,0.631578947368421,SPD,speed_track_error|startup_joint_error|stop_joint_error,0.23724383874600435,0.9402012825012207,RR_shank_joint,0.0,0.4216809756161872,,0.26484399725683033,0.3177096616793403,0.7364316851925105,0.3106956261396408,pd,0.02098038729670855,0.03499603271484375,0.019283373270595403,0.03604263812303543,0.0,0.0,-0.462371826171875,0.04117584228515625,0.3859686851501465,0.2944359805193244,0.38270952022456584,,False,0.1897704479888683,0.5756204128265381,,-0.4616241455078125,0.2540755569934845,0.15724666049955696,False,False,rope_not_continuously_taut|tension_not_steady
79,79,39,1,10.0,1.5,inextensible,5.0,0.631578947368421,COL,stop_collision|speed_track_error|startup_joint_error|stop_joint_error,0.24237042276992007,0.9243342876434326,RR_shank_joint,0.0,0.5303648402605017,0.75,0.34197704408317803,0.3937658151457648,0.772015303944548,0.4056162744760513,pd,0.02753249004806702,0.039459228515625,0.03085622335517974,0.047134481370449066,0.0,0.0,0.17862701416015625,0.21068572998046875,1.1902284622192383,0.3525425990749511,0.3684279584056469,,True,0.14640925396484286,0.6749671101570129,0.7000000000000002,0.19293212890625,0.25220274925231934,0.15889298392242782,False,True,
80,80,0,2,0.0,0.5,compliant,15.0,0.6631578947368421,JNT,startup_joint_error|stop_joint_error,0.1613089204837018,0.5911208391189575,FL_shank_joint,0.0,0.13548974622817864,0.17499999999999982,0.03939489683136344,0.0682191796290864,1.0370000763610006,0.032462279796600345,pd,0.006424388631654419,0.00876617431640625,0.013517029571047992,0.03976703807711601,0.0,0.0,0.0050048828125,0.0,-0.000628869456704706,,,,,0.14908476363501202,0.45430177450180054,0.6749999999999998,-0.0167388916015625,0.25384682416915894,0.08319147174104971,False,False,rope_taut_during_settle|robot_and_load_speeds_differ
81,81,1,2,0.0,0.5,compliant,20.0,0.6631578947368421,JNT,startup_joint_error|stop_joint_error,0.1730822617079917,0.6414991617202759,RR_shank_joint,0.0,0.18218669746066335,0.17499999999999982,0.08622525070793927,0.11125448758067209,0.8331857567094266,0.07945226013660431,pd,0.005754757750818432,0.0076751708984375,0.014474436285130975,0.03944283723831177,0.0,0.0,0.16342926025390625,0.2389984130859375,0.45148518681526184,0.1808456771167215,0.25901962771595777,,False,0.1339356840866788,0.3279794454574585,0.15000000000000036,0.0133819580078125,0.25385022163391113,0.0758067127183091,False,False,load_moved_during_settle
82,82,2,2,0.0,0.5,compliant,25.0,0.6631578947368421,JNT,startup_joint_error|stop_joint_error,0.1740507658811943,0.5973122119903564,RR_shank_joint,0.0,0.2127613183574423,0.17499999999999982,0.09004178816452622,0.11886957035015441,0.8261211193725466,0.07083467572927475,pd,0.0056614886808652445,0.0078887939453125,0.011917181128272593,0.03984988480806351,0.0,0.0,0.15300750732421875,0.249786376953125,0.4241531491279602,0.11908712705017876,0.2184405855979037,,False,0.14679076906123287,0.4125669002532959,0.7000000000000002,-0.03415679931640625,0.2538517713546753,0.08468536874600258,False,False,load_moved_during_settle
83,83,3,2,0.0,1.0,compliant,5.0,0.6631578947368421,JNT,startup_joint_error|stop_joint_error,0.20843323598075855,0.8759256601333618,RR_shank_joint,0.0,0.31242638587717064,,0.11773544396273791,0.16392921565145724,0.884281113492325,0.09099172830581664,pd,0.02397924457194805,0.03627777099609375,0.026595831114505752,0.044885750859975815,0.0,0.0,0.255523681640625,0.2509307861328125,0.8890814781188965,0.2432544850160383,0.24325613942328062,,False,0.14663743081056138,0.5544249415397644,0.35000000000000053,0.09122467041015625,0.25384998321533203,0.0783619601258512,False,False,load_moved_during_settle
84,84,4,2,0.0,1.0,compliant,10.0,0.6631578947368421,JNT,stop_margin_low|startup_joint_error|stop_joint_error,0.2165121544183712,0.8758841753005981,RR_shank_joint,0.0,0.34332268945163075,,0.1322263020183891,0.17876074240781584,0.8696005457732826,0.1034780651330948,pd,0.02205779911428158,0.039581298828125,0.011331931165928068,0.023024456575512886,0.0,0.0,0.4613189697265625,0.4522705078125,0.910012423992157,0.018626207485823443,0.018628086948112355,,False,0.14785977715891083,0.46631795167922974,0.3250000000000002,0.07662200927734375,0.2538534104824066,0.10009002475276037,False,False,load_moved_during_settle|rope_not_continuously_taut
85,85,5,2,0.0,1.0,compliant,15.0,0.6631578947368421,COL,stop_collision|startup_joint_error|stop_joint_error,0.22125248554466456,0.9364452362060547,RR_shank_joint,0.0,0.389269412250738,,0.15863651530817152,0.2063298904839533,0.8433072565309704,0.11896149158477783,pd,0.014117032057313513,0.0253143310546875,0.022123260621653533,0.03916748985648155,0.0,0.0,0.486602783203125,0.5099411010742188,0.8948164582252502,-0.00043014984839828685,0.009955769118022317,1.0,True,0.14413607986492488,0.4659876227378845,0.22500000000000053,0.09222412109375,0.25385022163391113,0.08793656824357404,False,False,load_moved_during_settle|rope_not_continuously_taut
86,86,6,2,0.0,1.0,compliant,20.0,0.6631578947368421,COL,stop_collision|startup_joint_error|stop_joint_error,0.23644868800980878,0.8759133815765381,RR_shank_joint,0.0,0.4194594921527176,,0.17991927633062005,0.22499698055186784,0.8213036190532148,0.12339827179908752,pd,0.022463250974604686,0.03864288330078125,0.02219194613909466,0.03843240812420845,0.0,0.0,0.46710968017578125,0.5046539306640625,0.8914814591407776,-0.0021947760465224064,0.01656439074227478,0.875,True,0.14682422104511406,0.5319550037384033,0.9500000000000002,0.07637786865234375,0.2538519501686096,0.09885603036100614,False,False,load_moved_during_settle|rope_not_continuously_taut
87,87,7,2,0.0,1.0,compliant,25.0,0.6631578947368421,COL,stop_collision|startup_joint_error|stop_joint_error,0.24123116271429398,0.9496316909790039,RR_shank_joint,0.0,0.4485588947051582,,0.18757853417657316,0.23824573510887112,0.8136973378155381,0.11979060292243958,pd,0.019156437887138337,0.0333709716796875,0.02089187543284197,0.03787621855735779,0.0,0.0,0.443878173828125,0.5218963623046875,0.8834797739982605,-0.0004206436034763783,0.04584927535171346,0.875,True,0.14358785231580756,0.5063426494598389,0.9249999999999998,0.08223724365234375,0.25385284423828125,0.10651209671321801,False,False,load_moved_during_settle|rope_not_continuously_taut
88,88,8,2,0.0,1.5,rigid,5.0,0.6631578947368421,JNT,startup_joint_error|stop_joint_error,0.22574935145390565,0.9239034652709961,RR_shank_joint,0.0,0.5008031467040508,0.5499999999999998,0.07754080560058356,0.22508756813306155,0.9706804043302933,0.02157090783119202,pd,0.014196917380661561,0.0314483642578125,0.030487957916106232,0.05519333854317665,0.0,0.0,-1.0311508178710938,,-0.19042836129665375,,,,,0.1678871474924641,0.7554864883422852,0.5,0.2365875244140625,0.25384846329689026,0.08571733200612223,False,False,rope_taut_during_settle|robot_and_load_speeds_differ
89,89,9,2,0.0,1.5,rigid,10.0,0.6631578947368421,COL,stop_collision|startup_joint_error|stop_joint_error,0.2462904903437234,0.9196031093597412,RL_shank_joint,0.0,0.7110039813187501,,0.2715750566497445,0.3609086669530833,0.8189499622335036,0.19539132237434387,pd,0.028368085478192223,0.0489959716796875,0.019583245307896003,0.03195397928357124,0.0,0.0,0.245330810546875,0.27928924560546875,1.3111869096755981,0.3796693969815266,0.40668266820148347,,True,0.18024673180219622,0.6762115955352783,0.8250000000000002,0.24857330322265625,0.2550230622291565,0.12189780779877679,False,False,rope_taut_during_settle
90,90,10,2,0.0,1.5,rigid,15.0,0.6631578947368421,COL,stop_collision|speed_track_error|startup_joint_error|stop_joint_error,0.2503828284712798,0.9270191192626953,RL_shank_joint,0.0,0.7864200868907745,,0.3045234546251595,0.39725955251256917,0.7969843635832271,0.2007863473892212,pd,0.020660949540840724,0.027812957763671875,0.022514613986045616,0.03829632326960564,0.0,0.0,0.311553955078125,0.34096527099609375,1.2808915376663208,0.3914656778732848,0.4097118633579413,,True,0.16845060392885183,0.8105838298797607,0.8250000000000002,0.3155670166015625,0.25541576743125916,0.11847652856658156,False,False,rope_taut_during_settle
91,91,11,2,0.0,1.5,rigid,20.0,0.6631578947368421,SPD,speed_track_error|startup_joint_error|stop_joint_error,0.2531007606905012,0.9304682016372681,RL_shank_joint,0.0,0.8438867241566251,,0.33665419785305856,0.4290759282964686,0.775563868097961,0.22010765910148622,pd,0.02010965643165612,0.031833648681640625,0.026684478423431655,0.04624177888035774,0.0,0.0,0.374908447265625,0.41829681396484375,1.313789963722229,0.3855199698193985,0.4123030082313477,,False,0.16926812188228735,0.7135591506958008,,0.37894439697265625,0.2555924355983734,0.11546042833237027,False,False,rope_taut_during_settle
92,92,12,2,0.0,1.5,rigid,25.0,0.6631578947368421,SPD,speed_track_error|startup_joint_error|stop_joint_error,0.2650997587862586,0.9300457239151001,RL_shank_joint,0.0,0.8932860752647419,,0.3525696511752903,0.4511650167286553,0.7649535658831398,0.21503920793533327,pd,0.025153854591613622,0.036701202392578125,0.023319217217963394,0.038487229496240616,0.0,0.0,0.41551971435546875,0.4652099609375,1.287215232849121,0.39189775690553574,0.4092362948761661,,False,0.1801141306891946,0.8316325545310974,,0.4184417724609375,0.25584930181503296,0.14135698048058015,False,False,rope_taut_during_settle
93,93,13,2,0.0,0.5,rigid,5.0,0.6631578947368421,COL,stop_collision|startup_joint_error|stop_joint_error,0.17107087593254847,0.5956847667694092,RR_shank_joint,0.0,0.15948385812895127,1.2,0.04183924593962729,0.07655984250738322,0.9173375992290675,0.028345337510108946,pd,0.007480834206145889,0.0099639892578125,0.013659880105816646,0.04345114901661873,0.0,0.0,0.00632476806640625,0.04894256591796875,0.503227949142456,0.3932348531719896,0.4044766383199203,,True,0.12497616867957341,0.38327187299728394,0.4500000000000002,0.00902557373046875,0.2546846270561218,0.07519827097414662,False,False,rope_taut_during_settle
94,94,14,2,0.0,0.5,rigid,10.0,0.6631578947368421,JNT,startup_joint_error|stop_joint_error,0.17587417761674468,0.6006566286087036,RR_shank_joint,0.0,0.17123882946225602,,0.0606173808593303,0.0878898105747907,0.8787652382813395,0.04713248610496521,pd,0.009006208805279085,0.01267242431640625,0.012866347966537461,0.04137759655714035,0.0,0.0,-0.00730133056640625,0.05397796630859375,0.43951839208602905,0.39287775058855345,0.39844983610818474,,False,0.14263320796175114,0.4217720031738281,0.8500000000000005,-0.005096435546875,0.25507649779319763,0.08206177456049014,False,False,rope_taut_during_settle
95,95,15,2,0.0,0.5,rigid,15.0,0.6631578947368421,JNT,startup_joint_error|stop_joint_error,0.17549927280674038,0.6052266359329224,RR_shank_joint,0.0,0.18143881473069884,,0.06357259790413082,0.09251432078392989,0.8728548041917383,0.04754263013601303,pd,0.004569197560150362,0.008058547973632812,0.013308913303493791,0.028714779764413834,0.0,0.0,0.0224609375,0.0643463134765625,0.4423179030418396,0.3827705912692778,0.4075575075797673,,False,0.1522843118443028,0.4646129012107849,0.8500000000000005,0.02472686767578125,0.2553948163986206,0.08535545012940667,False,False,rope_taut_during_settle
96,96,16,2,0.0,0.5,inextensible,20.0,0.6631578947368421,JNT,startup_joint_error|stop_joint_error,0.1610919283646707,0.591160774230957,FL_shank_joint,0.0,0.13466307394497498,0.17499999999999982,0.039934896053746345,0.06852685121785727,1.0375708690844476,0.03344490468502045,pd,0.007025843768680636,0.00897216796875,0.011579963768673129,0.03918604925274849,0.0,0.0,-1.0276565551757812,,-0.16457459330558777,,,,,0.1503216506755352,0.4575539827346802,0.625,-0.0001373291015625,0.25384849309921265,0.07714459368237088,False,False,rope_taut_during_settle|robot_and_load_speeds_differ|tension_not_steady
97,97,17,2,0.0,0.5,inextensible,25.0,0.6631578947368421,JNT,stop_margin_low|startup_joint_error|stop_joint_error,0.17550019654289145,0.6577352285385132,RR_shank_joint,0.0,0.19126171242635717,0.17499999999999982,0.07834826353006065,0.10483542498236259,0.8509843789972364,0.05753208428621292,pd,0.005783694617393879,0.00946044921875,0.01105505441980651,0.03963278606534004,0.0,0.0,0.2216339111328125,0.30205535888671875,0.4632822573184967,0.09649134582814156,0.17885854375029453,,False,0.12765888132681638,0.3002723455429077,0.40000000000000036,0.00186920166015625,0.2538538873195648,0.07396054417821313,False,False,rope_not_continuously_taut
98,98,18,2,0.0,1.0,inextensible,5.0,0.6631578947368421,COL,stop_collision|startup_joint_error|stop_joint_error,0.21123998611576314,0.8761972188949585,RR_shank_joint,0.0,0.30543665580830237,4.575,0.11438961626961827,0.160228730920477,0.8870306956581772,0.08874446988105773,pd,0.022447789854973265,0.034234046936035156,0.029718482363427525,0.052745271474123,0.0,0.0,0.2533416748046875,0.24887847900390625,0.923062801361084,0.24701647363816903,0.24701647363816903,,True,0.14550426892121862,0.5237637758255005,0.25,0.1002349853515625,0.25385403633117676,0.0914608039368098,False,True,
99,99,19,2,0.0,1.0,inextensible,10.0,0.6631578947368421,JNT,stop_margin_low|startup_joint_error|stop_joint_error,0.21171977299897324,0.8761366605758667,RR_shank_joint,0.0,0.342434440887328,,0.14106642331928015,0.18254554730677275,0.860879055596888,0.10898943960666657,pd,0.0161221172787648,0.025341272354125977,0.019164011375486532,0.032327767461538315,0.0,0.0,0.4384765625,0.429351806640625,0.8847945928573608,0.061410470056941335,0.0615511516878513,,False,0.1586162503748911,0.5493110418319702,0.27500000000000036,0.096221923828125,0.2538524270057678,0.08614469568084625,False,False,rope_not_continuously_taut
100,100,20,2,5.0,1.0,compliant,15.0,0.6631578947368421,JNT,startup_joint_error|stop_joint_error,0.2127283894715891,0.8761390447616577,RL_shank_joint,0.0,0.37784643452537975,,0.18114093579351903,0.22288522149278164,0.8227067621797324,0.1791500949859619,pd,0.020483201297460948,0.039579153060913086,0.009543682531453308,0.02302692085504532,0.0,0.0,-0.0164337158203125,0.22847747802734375,0.7501733303070068,0.20257005863169297,0.40989952431279164,,False,0.1561988981571369,0.46036815643310547,0.8500000000000005,-0.02783203125,0.25385236740112305,0.13140835878460652,False,False,tension_not_steady
101,101,21,2,5.0,1.0,compliant,20.0,0.6631578947368421,JNT,startup_joint_error|stop_joint_error,0.2212602088136787,0.8758842945098877,RR_shank_joint,0.0,0.4095189141080029,,0.19321673027239739,0.23922324399990522,0.8104193127993494,0.18733618259429932,pd,0.018903867692855122,0.03026866912841797,0.009029189705596128,0.023010384291410446,0.0,0.0,-0.29038238525390625,0.22966766357421875,0.7414329051971436,0.18059848695496328,0.4170080975094379,,False,0.14468486646347253,0.3977814316749573,0.6500000000000004,-0.28855133056640625,0.25385403633117676,0.10193165638380358,False,False,tension_not_steady
102,102,22,2,5.0,1.0,compliant,25.0,0.6631578947368421,COL,stop_collision|speed_track_error|startup_joint_error|stop_joint_error,0.23099941069253152,0.9565696716308594,RR_shank_joint,0.0,0.4553218798601802,,0.20735710834152996,0.2583826846284489,0.7957457175385207,0.1876448553800583,pd,0.02379702083267091,0.04186058044433594,0.018789883607435953,0.05774145945906639,0.0,0.0,-0.2685546875,0.21263885498046875,0.7055262923240662,0.1654254736725136,0.40648763325340553,,True,0.1565694200753713,0.44799625873565674,0.8250000000000002,-0.26371002197265625,0.24697843194007874,0.11854255065150175,False,False,rope_not_continuously_taut|tension_not_steady
103,103,23,2,5.0,1.5,compliant,5.0,0.6631578947368421,COL,stop_collision|startup_joint_error|stop_joint_error,0.24308749523112316,0.9250242710113525,RR_shank_joint,0.0,0.5295146199916786,0.95,0.2327496369369328,0.2952858304120891,0.8448335753753781,0.20721669554710387,pd,0.043593254094987016,0.064117431640625,0.022905611465772035,0.037200625985860825,0.0,0.0,0.44315338134765625,0.4087371826171875,1.4126561880111694,0.24281496452327644,0.24281496452327644,,True,0.1596964844694568,0.9748634099960327,0.75,0.2869415283203125,0.2538525462150574,0.10994182396068794,False,False,rope_not_continuously_taut
104,104,24,2,5.0,1.5,rigid,10.0,0.6631578947368421,JNT,startup_joint_error|stop_joint_error,0.22616463297862707,0.9248859882354736,RR_shank_joint,0.0,0.5004621498941905,0.5499999999999998,0.09149519044905902,0.22779852736645595,0.966715030943354,0.04244412660598755,pd,0.026847976791488114,0.037021636962890625,0.017948245458415238,0.03130003437399864,0.0,0.0,-0.29750823974609375,,-0.04874659329652786,,,,,0.1554568278610352,0.6559181213378906,0.8250000000000002,0.309814453125,0.253852903842926,0.07686142183768505,False,False,rope_taut_during_settle|robot_and_load_speeds_differ
105,105,25,2,5.0,1.5,rigid,15.0,0.6631578947368421,COL,stop_collision|speed_track_error|startup_joint_error|stop_joint_error,0.24983765206484373,0.9271771907806396,RL_shank_joint,0.0,0.7766315042181147,,0.3652758753485978,0.436066346061986,0.7564827497676014,0.3329054248332977,pd,0.018632509435215543,0.037403106689453125,0.024702281161233422,0.03539436310529709,0.0,0.0,0.2503662109375,0.2843475341796875,1.2130085229873657,0.37291816753750595,0.39721427438975354,,True,0.16058864606496126,0.7913945317268372,0.9500000000000002,0.2608795166015625,0.25546133518218994,0.11449876601107917,False,False,rope_taut_during_settle
106,106,26,2,5.0,1.5,rigid,20.0,0.6631578947368421,SPD,speed_track_error|startup_joint_error|stop_joint_error,0.25232143341946717,0.9331411123275757,RL_shank_joint,0.0,0.828793115165733,,0.4039792497269809,0.4744662610758273,0.7306805001820127,0.3750791358947754,pd,0.01789689603421792,0.029949188232421875,0.019071491078474227,0.03800993040204048,0.0,0.0,0.07073211669921875,0.27774810791015625,1.0983705520629883,0.37870503799096866,0.4064455894061041,,False,0.168033102354793,0.6904674768447876,,0.078582763671875,0.2557387351989746,0.12904333870757467,False,False,rope_taut_during_settle
107,107,27,2,5.0,1.5,rigid,25.0,0.6631578947368421,SPD,speed_track_error|startup_joint_error|stop_joint_error,0.2578580616936754,0.936005711555481,RL_shank_joint,0.0,0.8771251136084782,,0.4328268140926957,0.5049625484076814,0.7114487906048695,0.39471720814704897,pd,0.023610403854599653,0.037204742431640625,0.017388032847716346,0.0342380665242672,0.0,0.0,0.01883697509765625,0.26052093505859375,0.9867083430290222,0.37719433086607523,0.4073120373026029,,False,0.1701921769535086,0.6477967500686646,,0.02672576904296875,0.2546059191226959,0.10150648813734536,False,False,rope_taut_during_settle|tension_not_steady
108,108,28,2,5.0,0.5,inextensible,5.0,0.6631578947368421,JNT,startup_joint_error|stop_joint_error,0.16630153417303287,0.5922527313232422,FL_shank_joint,0.0,0.1396004462512056,0.17499999999999982,0.0412948714569211,0.06969237096929501,0.9265307381004095,0.033120959997177124,pd,0.008070403623976444,0.011821746826171875,0.01511332869103417,0.03916994109749794,0.0,0.0,0.109100341796875,0.10491180419921875,0.43203604221343994,0.24791572212500057,0.24791572212500057,,False,0.15153089088444982,0.45952117443084717,0.875,-0.0408935546875,0.25385189056396484,0.13290406772871227,False,True,
109,109,29,2,5.0,0.5,inextensible,10.0,0.6631578947368421,JNT,startup_joint_error|stop_joint_error,0.16781862745422962,0.6207907199859619,FL_shank_joint,0.0,0.15240446468410013,0.19999999999999996,0.05045827898196876,0.07749390011465476,0.9086399286426604,0.03927379220724106,pd,0.008245583418860785,0.01120758056640625,0.011625752550238098,0.039656225591897964,0.0,0.0,0.22286224365234375,0.2144775390625,0.4704010784626007,0.16493822457523777,0.16493931567480047,,False,0.1319156388856786,0.3374289274215698,0.5499999999999998,-0.01555633544921875,0.2538473904132843,0.1215761217355956,False,False,rope_not_continuously_taut
110,110,30,2,10.0,0.5,compliant,15.0,0.6631578947368421,JNT,stop_margin_low|startup_joint_error|stop_joint_error,0.16905454081033497,0.5914298295974731,RR_shank_joint,0.0,0.16515315547958018,0.17499999999999982,0.058637894727289676,0.0880090418626497,0.8943736737221479,0.04402751326560974,pd,0.0052861254936976305,0.009677886962890625,0.012352125462931183,0.03957516327500343,0.0,0.0,0.2852630615234375,0.2734527587890625,0.420841783285141,0.04117994019861726,0.04117994019861726,,False,0.15239228645347017,0.46401917934417725,0.7000000000000002,-0.0824737548828125,0.25384876132011414,0.20564389524803647,False,True,
111,111,31,2,10.0,0.5,compliant,20.0,0.6631578947368421,COL,stop_collision|startup_joint_error|stop_joint_error,0.17050672019777674,0.6674041748046875,FL_shank_joint,0.0,0.18522164454461718,0.17499999999999982,0.06796551388688385,0.09886390669717623,0.8737382498942315,0.05130850374698639,pd,0.007922618874935257,0.01097869873046875,0.012084121780102841,0.039195649325847626,0.0,0.0,0.36531829833984375,0.36530303955078125,0.4495033323764801,0.0009614992720941018,0.0009614992720941018,,True,0.1312001492549059,0.3584718704223633,0.875,-0.0400238037109375,0.2538524866104126,0.06667753845084941,False,True,
112,112,32,2,10.0,0.5,compliant,25.0,0.6631578947368421,JNT,startup_joint_error|stop_joint_error,0.1615722639046613,0.5924563407897949,FL_shank_joint,0.0,0.13450046116924497,0.17499999999999982,0.04179519691504538,0.07167932602337046,0.9953990129940212,0.03897121071815491,pd,0.004244739560180253,0.00872802734375,0.018761043492113497,0.039438121020793915,0.0,0.0,-0.49829864501953125,,-0.09150933474302292,,,,,0.1426007030674945,0.403850793838501,0.5499999999999998,-0.0636749267578125,0.25385257601737976,0.1733320729603681,False,False,rope_taut_during_settle|robot_and_load_speeds_differ
113,113,33,2,10.0,1.0,compliant,5.0,0.6631578947368421,COL,stop_collision|startup_joint_error|stop_joint_error,0.20749472569494407,0.8756006956100464,RR_shank_joint,0.0,0.31158876943751823,0.9999999999999998,0.1759284868463874,0.2177924630946175,0.8270014867559076,0.22029024124145508,pd,0.02979386004567759,0.04515838623046875,0.013261628605390924,0.023075222969055176,0.0,0.0,-0.0676116943359375,0.08017730712890625,0.6947877407073975,0.3426823953155349,0.41064523611881043,,True,0.1554922389558876,0.4717385768890381,0.9249999999999998,-0.06311798095703125,0.2538487911224365,0.1821336447518901,False,False,rope_not_continuously_taut|tension_not_steady
114,114,34,2,10.0,1.0,rigid,10.0,0.6631578947368421,COL,stop_collision|speed_track_error|startup_joint_error|stop_joint_error,0.22247643773705603,0.8830270767211914,RR_shank_joint,0.0,0.40582268912699676,1.45,0.22074384577572345,0.272601820625754,0.7792561542242765,0.26260182380676267,pd,0.024418774778585374,0.04933929443359375,0.01499951354221744,0.04150838777422905,0.0,0.0,-0.27625274658203125,0.05657196044921875,0.5668907165527344,0.377986474602082,0.39263587693750424,,True,0.16108544303045538,0.45032501220703125,,-0.2736663818359375,0.2545464038848877,0.16347256965540147,False,False,rope_taut_during_settle|tension_not_steady
115,115,35,2,10.0,1.0,rigid,15.0,0.6631578947368421,SPD,speed_track_error|startup_joint_error|stop_joint_error,0.22643499509464643,0.8904359340667725,RL_shank_joint,0.0,0.43791297513149746,,0.24013216488063335,0.2943181007512469,0.7598678351193666,0.2771280342340469,pd,0.01935873595707678,0.0330047607421875,0.020979544084269205,0.05265554413199425,0.0,0.0,-0.3858795166015625,0.0601654052734375,0.524314820766449,0.3534897277412199,0.41082822628381166,,False,0.17805741099176278,0.5523144006729126,,-0.3796539306640625,0.2554660737514496,0.17252352114528363,False,False,rope_taut_during_settle|tension_not_steady
116,116,36,2,10.0,1.0,rigid,20.0,0.6631578947368421,SPD,speed_track_error|startup_joint_error|stop_joint_error,0.22379306672428578,0.8981194496154785,RL_shank_joint,0.0,0.4713749034247873,,0.2541172424517572,0.3121236205471155,0.7458827575482428,0.2848739105463028,pd,0.021453123694881022,0.03435516357421875,0.021050072730587434,0.056863535195589066,0.0,0.0,-0.32975006103515625,0.048004150390625,0.4676010012626648,0.33529057052001576,0.39955352367914543,,False,0.18741968657658326,0.6345386505126953,,-0.3297119140625,0.25577718019485474,0.15828177601273408,False,False,rope_taut_during_settle|tension_not_steady
117,117,37,2,10.0,1.0,rigid,25.0,0.6631578947368421,SPD,speed_track_error|startup_joint_error|stop_joint_error,0.23389924879110324,0.9003418684005737,RL_shank_joint,0.0,0.49842274387679864,,0.2643347293511033,0.3251914879588179,0.7356652706488966,0.285655819773674,pd,0.016967785487067795,0.02996063232421875,0.014739100345760743,0.02992928773164749,0.0,0.0,-0.5408554077148438,0.03433990478515625,0.3655950129032135,0.35575980864108203,0.40789351599683243,,False,0.19061181081011594,0.5816293954849243,,-0.5402984619140625,0.2559286057949066,0.16608553429324843,False,False,rope_taut_during_settle|tension_not_steady
118,118,38,2,10.0,1.5,inextensible,5.0,0.6631578947368421,COL,stop_collision|speed_track_error|startup_joint_error|stop_joint_error,0.24352591740857527,0.9267292022705078,RR_shank_joint,0.0,0.5273836278558721,0.75,0.33948143433779476,0.39029452556249183,0.7736790437748035,0.40155806601047517,pd,0.03328515580696473,0.04981231689453125,0.020334571662715992,0.0502164252102375,0.0,0.0,0.20891571044921875,0.21579742431640625,1.2310216426849365,0.38187352952975573,0.39514336528468164,,True,0.14516628075264792,0.6191189289093018,0.4249999999999998,0.22381591796875,0.2538521885871887,0.15680791359559387,False,False,rope_not_continuously_taut
119,119,39,2,10.0,1.5,inextensible,10.0,0.6631578947368421,COL,stop_collision|speed_track_error|startup_joint_error|stop_joint_error,0.2516151758777824,0.923882007598877,RR_shank_joint,0.0,0.5817874521174214,,0.45421267200261356,0.5095601623162417,0.6971915519982576,0.5814886778593064,pd,0.010580949202131075,0.0194091796875,0.02625091653102898,0.05113859847187996,0.0,0.0,-0.0426788330078125,0.131683349609375,0.8136546015739441,0.3455749131692727,0.4134758311890607,,True,0.17133519372919928,0.5188337564468384,,-0.03675079345703125,0.24991214275360107,0.16116726880231103,False,False,rope_not_continuously_taut
120,120,0,3,0.0,0.5,compliant,20.0,0.6947368421052631,JNT,startup_joint_error|stop_joint_error,0.16125038344226103,0.5930773019790649,FL_shank_joint,0.0,0.1357321984791126,0.19999999999999996,0.03863533480092883,0.06797746119088666,1.0344508353248238,0.032180725932121276,pd,0.007826834170611247,0.01007080078125,0.010876741204756742,0.0397600494325161,0.0,0.0,-1.028076171875,,-0.16804224252700806,,,,,0.1478542191145653,0.4562792181968689,0.625,-0.0142059326171875,0.25385043025016785,0.08204051979423646,False,False,rope_taut_during_settle|robot_and_load_speeds_differ|tension_not_steady
121,121,1,3,0.0,0.5,compliant,25.0,0.6947368421052631,JNT,stop_margin_low|startup_joint_error|stop_joint_error,0.17569513028586128,0.6525763273239136,RL_shank_joint,0.0,0.19533435591585288,0.17499999999999982,0.0955305755045265,0.12215443514683683,0.8149340474791825,0.06711407721042634,pd,0.006398607459844758,0.0088653564453125,0.01124150605122076,0.038975201547145844,0.0,0.0,0.2102203369140625,0.30510711669921875,0.4390172064304352,0.0912937261957012,0.18795922524867592,,False,0.15252701419401174,0.42939674854278564,0.7999999999999998,-0.0427093505859375,0.25385165214538574,0.08620855045542879,False,False,load_moved_during_settle
122,122,2,3,0.0,1.0,compliant,5.0,0.6947368421052631,JNT,startup_joint_error|stop_joint_error,0.20712517085614088,0.8757201433181763,RR_shank_joint,0.0,0.3134056077723773,,0.11911747323349119,0.16487814819488655,0.8834797121398151,0.09295272529125213,pd,0.0254617618002995,0.0373382568359375,0.029176392218168805,0.049570776522159576,0.0,0.0,0.2532196044921875,0.248779296875,0.894192099571228,0.2774638316857079,0.2774638316857079,,False,0.14635341140440095,0.5707300901412964,0.375,0.09087371826171875,0.2538520097732544,0.07828942944571693,False,False,load_moved_during_settle
123,123,3,3,0.0,1.0,compliant,10.0,0.6947368421052631,JNT,startup_joint_error|stop_joint_error,0.21713969719355056,0.8757021427154541,RR_shank_joint,0.0,0.356355943296169,,0.14332775300368666,0.18915261538174855,0.8586627453006804,0.11106355845928192,pd,0.012310535130201453,0.022125244140625,0.017917227200601817,0.030135750770568848,0.0,0.0,0.239898681640625,0.34078216552734375,0.9012688994407654,0.16560065278406455,0.2652995988416791,,False,0.15834711831340442,0.5124965906143188,0.7000000000000002,0.0615692138671875,0.2538498044013977,0.07771329694704529,False,False,load_moved_during_settle
124,124,4,3,0.0,1.0,compliant,15.0,0.6947368421052631,JNT,startup_joint_error|stop_joint_error,0.22442112145083848,0.8989722728729248,RR_shank_joint,0.0,0.38508904705064556,,0.16696409608237445,0.2096216647758925,0.8351047382224351,0.13369504034519195,pd,0.01603259777695193,0.02562713623046875,0.028245099403313018,0.049654603004455566,0.0,0.0,0.310089111328125,0.3762664794921875,0.8460814356803894,0.15787077806979255,0.21589790162279598,,False,0.146397088972169,0.542320728302002,0.375,0.090057373046875,0.2538508176803589,0.082019851083289,False,False,load_moved_during_settle
125,125,5,3,0.0,1.0,compliant,20.0,0.6947368421052631,COL,stop_collision|startup_joint_error|stop_joint_error,0.22885956843069863,0.9222590923309326,RR_shank_joint,0.0,0.44263077251268207,,0.17383311960846184,0.22967745761183386,0.8292005934938789,0.11504230856895446,pd,0.021357293882010058,0.03448486328125,0.008861017099212526,0.02646583318710327,0.0,0.0,0.5035552978515625,0.5528564453125,0.8784464001655579,-0.0005016471998260386,0.03932498119166894,1.0,True,0.1480282154399946,0.5623408555984497,,0.10622406005859375,0.25384870171546936,0.07956939140680765,False,False,load_moved_during_settle|rope_not_continuously_taut
126,126,6,3,0.0,1.0,compliant,25.0,0.6947368421052631,COL,stop_collision|startup_joint_error|stop_joint_error,0.24288854129473833,0.931401252746582,RR_shank_joint,0.0,0.4581997234122514,,0.18884521826170386,0.24185307862645808,0.8130806471500546,0.11802288115024567,pd,0.020643491511808502,0.03548431396484375,0.019434994969678827,0.04193316400051117,0.0,0.0,0.48839569091796875,0.5505599975585938,0.8914910554885864,-0.0008416842276233183,0.030627664637336238,0.875,True,0.14505786961208084,0.5316325426101685,,0.0790557861328125,0.25385135412216187,0.10183862299516254,False,False,load_moved_during_settle|rope_not_continuously_taut
127,127,7,3,0.0,1.5,compliant,5.0,0.6947368421052631,COL,stop_collision|startup_joint_error|stop_joint_error,0.24397227204538247,0.926872730255127,RR_shank_joint,0.0,0.5303479978203227,,0.2137943900190294,0.2818204049277275,0.8574704066539804,0.16788710832595824,pd,0.02622558244536027,0.0390167236328125,0.018620742378231605,0.031269900500774384,0.0,0.0,0.40560150146484375,0.35474395751953125,1.3085260391235352,0.2494968185227151,0.2494968185227151,,True,0.16770803539478996,0.8293204307556152,0.375,0.219940185546875,0.2538501024246216,0.10031091205185552,False,False,load_moved_during_settle|rope_not_continuously_taut
128,128,8,3,0.0,1.5,rigid,10.0,0.6947368421052631,JNT,startup_joint_error|stop_joint_error,0.22655876564117353,0.9252753257751465,RR_shank_joint,0.0,0.5002076761091444,0.5499999999999998,0.07713592482730747,0.22487363708597616,0.9695664313559731,0.02160627245903015,pd,0.016382264261650417,0.03421783447265625,0.02981683761316561,0.0568201020359993,0.0,0.0,-0.796661376953125,,-0.1511508673429489,,,,,0.1666860033550623,0.7959823608398438,0.35000000000000053,0.2467498779296875,0.2538513243198395,0.09732877480422154,False,False,rope_taut_during_settle|robot_and_load_speeds_differ
129,129,9,3,0.0,1.5,rigid,15.0,0.6947368421052631,COL,stop_collision|startup_joint_error|stop_joint_error,0.25049338766400475,0.9226231575012207,RL_shank_joint,0.0,0.7805075512483739,,0.2982529576681554,0.3922780340621242,0.8011646948878964,0.2062774670124054,pd,0.019616722488555415,0.037525177001953125,0.008928547894971555,0.020502548664808273,0.0,0.0,0.3319244384765625,0.3544158935546875,1.2885829210281372,0.4267002979031247,0.44014768670099613,,True,0.17286449695729245,0.9019659757614136,0.9500000000000002,0.33573150634765625,0.2552931010723114,0.1373612332640576,False,False,rope_taut_during_settle
130,130,10,3,0.0,1.5,rigid,20.0,0.6947368421052631,SPD,speed_track_error|startup_joint_error|stop_joint_error,0.2542370681077137,0.9299925565719604,RL_shank_joint,0.0,0.843876625646971,,0.33972269561141727,0.43103149061644686,0.7735182029257218,0.2191751194000244,pd,0.020160623879916063,0.031002044677734375,0.02500328833754699,0.0429232195019722,0.0,0.0,0.37981414794921875,0.41764068603515625,1.3011837005615234,0.4216738546114698,0.4433124177034955,,False,0.17163961890677004,0.8176136314868927,,0.3834381103515625,0.25546762347221375,0.13936772659009383,False,False,rope_taut_during_settle
131,131,11,3,0.0,1.5,rigid,25.0,0.6947368421052631,SPD,speed_track_error|startup_joint_error|stop_joint_error,0.2578682650492669,0.9319452047348022,RL_shank_joint,0.0,0.8956575771956324,,0.370253843087703,0.46094810530814373,0.753164104608198,0.24246055245399475,pd,0.025383454815550512,0.04395294189453125,0.022875187757767076,0.03890561684966087,0.0,0.0,0.39975738525390625,0.44146728515625,1.247601866722107,0.4284899145203269,0.44303256312942096,,False,0.17302233739611217,0.7047520279884338,,0.40283966064453125,0.2557149827480316,0.1127703164859294,False,False,rope_taut_during_settle
132,132,12,3,0.0,0.5,rigid,5.0,0.6947368421052631,JNT,startup_joint_error|stop_joint_error,0.16907659126745575,0.5983976125717163,RR_shank_joint,0.0,0.1573937743090569,0.3999999999999999,0.0424044122826308,0.07645952332506648,0.9159771568514407,0.02903640389442444,pd,0.00779802180502139,0.00986480712890625,0.015458915185841662,0.042795613408088684,0.0,0.0,-0.00560760498046875,-0.00042724609375,0.46167314052581787,0.4211230997603934,0.4390202270517989,,False,0.13951920223096875,0.43253040313720703,0.47500000000000053,-0.00389862060546875,0.25466325879096985,0.08057212985453133,False,False,rope_taut_during_settle
133,133,13,3,0.0,0.5,rigid,10.0,0.6947368421052631,JNT,startup_joint_error|stop_joint_error,0.1751982247292556,0.6003158092498779,RR_shank_joint,0.0,0.17297161436945324,,0.06174243168905377,0.08883811220924134,0.8765151366218924,0.0478227972984314,pd,0.00891136744795701,0.01250457763671875,0.013124177081550246,0.041492149233818054,0.0,0.0,-0.006500244140625,0.05328369140625,0.43831667304039,0.4250895310395748,0.4300876112475862,,False,0.14217005677577052,0.4197714328765869,0.8250000000000002,-0.0045166015625,0.25509077310562134,0.08209153734197887,False,False,rope_taut_during_settle
134,134,14,3,0.0,0.5,rigid,15.0,0.6947368421052631,JNT,startup_joint_error|stop_joint_error,0.17350212048376293,0.60493004322052,RR_shank_joint,0.0,0.18311153377893727,,0.06477417287416756,0.09330523766375498,0.8704516542516649,0.047961652278900146,pd,0.005486374078907452,0.00821685791015625,0.012573776153316483,0.02902591973543167,0.0,0.0,0.0025482177734375,0.0619354248046875,0.44580399990081787,0.41751348164001456,0.43917550987590914,,False,0.15139633973422564,0.42064785957336426,,0.00482940673828125,0.25531357526779175,0.08987748751484276,False,False,rope_taut_during_settle
135,135,15,3,0.0,0.5,rigid,20.0,0.6947368421052631,JNT,startup_joint_error|stop_joint_error,0.17935341973220603,0.6052823066711426,RL_shank_joint,0.0,0.19095639277661317,,0.06838728561997413,0.09740945428565362,0.8632254287600517,0.051140764355659486,pd,0.006105142658289518,0.0081787109375,0.01044077082857988,0.025717010721564293,0.0,0.0,0.0064239501953125,0.0693359375,0.444778174161911,0.4223426224287863,0.4372908172849037,,False,0.14175497166186335,0.44199925661087036,,0.0084991455078125,0.25549307465553284,0.0852614495913104,False,False,rope_taut_during_settle
136,136,16,3,0.0,0.5,inextensible,25.0,0.6947368421052631,JNT,startup_joint_error|stop_joint_error,0.1608310991350153,0.5884710550308228,FL_shank_joint,0.0,0.13497542028735834,0.17499999999999982,0.03656081547029316,0.06695822448561317,1.0295677091740072,0.030188773572444916,pd,0.007486259057409974,0.00975799560546875,0.013989070305010792,0.03929544985294342,0.0,0.0,-0.12346649169921875,-0.10445404052734375,-0.10820459574460983,,,,,0.14837035743104382,0.41497230529785156,0.6000000000000005,-0.01032257080078125,0.25385066866874695,0.08099391189369369,False,False,rope_taut_during_settle|robot_and_load_speeds_differ|tension_not_steady
137,137,17,3,0.0,1.0,inextensible,5.0,0.6947368421052631,JNT,startup_joint_error|stop_joint_error,0.20982345700314492,0.8758571147918701,RR_shank_joint,0.0,0.3076240928658687,,0.11561056944541633,0.161282485389999,0.8864428820926696,0.09141614198684693,pd,0.021121010406549186,0.042572021484375,0.01872849835026903,0.030008429661393166,0.0,0.0,0.237579345703125,0.2329864501953125,0.8828436136245728,0.30228912223584814,0.30228912223584814,,False,0.1541810510435333,0.574512243270874,0.27500000000000036,0.10100555419921875,0.2538509964942932,0.09710726963741476,False,True,
138,138,18,3,0.0,1.0,inextensible,10.0,0.6947368421052631,COL,stop_collision|startup_joint_error|stop_joint_error,0.2128791061816139,0.8757864236831665,RR_shank_joint,0.0,0.34547734108578254,,0.14185564460232855,0.1834256509045716,0.8601038390211762,0.1092418098449707,pd,0.012267112653495898,0.02134418487548828,0.014760232047919307,0.023831313475966454,0.0,0.0,0.4365234375,0.42742919921875,0.9041623473167419,0.0853007732705322,0.0854151549529405,,True,0.15880200002246628,0.5462659001350403,0.25,0.0876007080078125,0.253850519657135,0.07378093200274174,False,True,
139,139,19,3,0.0,1.0,inextensible,15.0,0.6947368421052631,COL,stop_collision|startup_joint_error|stop_joint_error,0.21482286095969857,0.875822901725769,RR_shank_joint,0.0,0.37652398149522237,,0.16445018374361098,0.2047499760469533,0.8375073150452227,0.1304587036371231,pd,0.013795859091589273,0.024113178253173828,0.015899849928176495,0.027218520641326904,0.0,0.0,0.508209228515625,0.5198287963867188,0.8712992072105408,-0.0001490612240786504,0.004035781552417461,1.125,True,0.14781348856404725,0.5271790623664856,0.5250000000000004,0.075653076171875,0.2538502812385559,0.10352866046907008,False,False,rope_not_continuously_taut
140,140,20,3,5.0,1.0,compliant,20.0,0.6947368421052631,JNT,startup_joint_error|stop_joint_error,0.21621579824016862,0.8773660659790039,RL_shank_joint,0.0,0.4231680615097323,,0.19626397009007632,0.2426957836093367,0.8078807330597192,0.181788654923439,pd,0.01716333190870971,0.030152082443237305,0.019995262479889336,0.05242973938584328,0.0,0.0,-0.10675048828125,0.2335052490234375,0.7168794870376587,0.22833522098811443,0.4789522019904382,,False,0.15439724996158657,0.427470326423645,0.875,-0.1147003173828125,0.2538502812385559,0.11851090753520449,False,False,tension_not_steady
141,141,21,3,5.0,1.0,compliant,25.0,0.6947368421052631,SPD,speed_track_error|startup_joint_error|stop_joint_error,0.2324629285861974,0.9186900854110718,RL_shank_joint,0.0,0.44039531550397626,,0.20514424094930292,0.25369927243232687,0.7990633498691022,0.18953056931495665,pd,0.020056537343726123,0.03125,0.010565630163429915,0.02936425432562828,0.0,0.0,-0.298431396484375,0.22605133056640625,0.6921654343605042,0.23345112376472343,0.44297145059822185,,False,0.13935302618141202,0.3640385866165161,0.6500000000000004,-0.29640960693359375,0.2512519955635071,0.09222500612148407,False,False,tension_not_steady
142,142,22,3,5.0,1.5,compliant,5.0,0.6947368421052631,COL,stop_collision|startup_joint_error|stop_joint_error,0.24362282121629592,0.9251394271850586,RR_shank_joint,0.0,0.5319111963948459,,0.23892106698825955,0.30000981539832616,0.8407192886744936,0.21566278100013733,pd,0.049740108272918776,0.06583309173583984,0.02314881722737927,0.0379643514752388,0.0,0.0,0.41068267822265625,0.40538787841796875,1.3705581426620483,0.31198781290019895,0.3120208000327267,,True,0.15675694954639283,0.7344846725463867,0.75,0.29276275634765625,0.2538503408432007,0.09235858158275119,False,True,
143,143,23,3,5.0,1.5,compliant,10.0,0.6947368421052631,COL,stop_collision|startup_joint_error|stop_joint_error,0.25472137626209734,0.929584264755249,RR_shank_joint,0.0,0.5894939007636788,,0.29592510625720025,0.3487871638232969,0.8027165958285333,0.2830913293361664,pd,0.033372605668427015,0.05244636535644531,0.013031020540759943,0.02751612849533558,0.0,0.0,0.5239486694335938,0.5266952514648438,1.2307348251342773,0.14711637418550083,0.15298106517869314,,True,0.15074704078145973,0.6548727750778198,0.35000000000000053,0.2497406005859375,0.25385040044784546,0.08288428880919174,False,False,rope_not_continuously_taut
144,144,24,3,5.0,1.5,rigid,15.0,0.6947368421052631,JNT,startup_joint_error|stop_joint_error,0.22653000036494225,0.925180196762085,RR_shank_joint,0.0,0.500343390230364,0.5499999999999998,0.09172544175758958,0.22786480244418603,0.9667500532045961,0.04361247420310974,pd,0.02594128932772053,0.03754997253417969,0.019065117058130483,0.03376438468694687,0.0,0.0,-0.2967681884765625,,-0.04818493500351906,,,,,0.15605239081921815,0.6369267702102661,0.8250000000000002,0.3153228759765625,0.25384992361068726,0.07829284149343588,False,False,rope_taut_during_settle|robot_and_load_speeds_differ
145,145,25,3,5.0,1.5,rigid,20.0,0.6947368421052631,SPD,speed_track_error|startup_joint_error|stop_joint_error,0.2525756312208854,0.930411696434021,RL_shank_joint,0.0,0.833702391552339,,0.4038412840291858,0.4746017898881883,0.7307724773138761,0.369154679775238,pd,0.02123501842156686,0.035388946533203125,0.02098235182771117,0.03927631303668022,0.0,0.0,0.0829315185546875,0.27526092529296875,1.0962485074996948,0.40762470695327124,0.4461138660556969,,False,0.16758281505669523,0.699825644493103,,0.093109130859375,0.2556881308555603,0.12735887629339684,False,False,rope_taut_during_settle
146,146,26,3,5.0,1.5,rigid,25.0,0.6947368421052631,SPD,speed_track_error|startup_joint_error|stop_joint_error,0.25775609505089386,0.9342771768569946,RL_shank_joint,0.0,0.8779171255850219,,0.43755072452127936,0.5077693911861887,0.7082995169858138,0.4008612847328186,pd,0.01764505028292005,0.03168487548828125,0.020329664049239513,0.035237137228250504,0.0,0.0,-0.01641845703125,0.2578277587890625,1.0000603199005127,0.4003735238228927,0.45021088736268666,,False,0.1692539752060495,0.6151920557022095,,-0.0082244873046875,0.2520987093448639,0.08511464331001718,False,False,rope_taut_during_settle
147,147,27,3,5.0,0.5,rigid,5.0,0.6947368421052631,COL,stop_collision|startup_joint_error|stop_joint_error,0.17084278277307025,0.5954616069793701,RR_shank_joint,0.0,0.15785679293516913,0.375,0.04254333121702075,0.076748718881037,0.9156668225303293,0.03129822999238968,pd,0.00848922264447561,0.016712188720703125,0.012531018902672034,0.04208281263709068,0.0,0.0,-0.02272796630859375,0.0450439453125,0.5108020901679993,0.4248834558791401,0.43590011378071836,,True,0.14382120300328274,0.3878527879714966,0.7999999999999998,-0.01963043212890625,0.2546558380126953,0.12549287615901528,False,False,rope_taut_during_settle
148,148,28,3,5.0,0.5,inextensible,10.0,0.6947368421052631,JNT,startup_joint_error|stop_joint_error,0.16763037006634773,0.6223303079605103,FL_shank_joint,0.0,0.15264698625938114,0.17499999999999982,0.053449740363284946,0.07928001283181701,0.9008851636387408,0.043173053562641145,pd,0.006658498343056666,0.013034820556640625,0.01119977447259171,0.038918573409318924,0.0,0.0,0.2195281982421875,0.2114410400390625,0.4611680805683136,0.19463064337520564,0.19463064337520564,,False,0.14255679823071907,0.4363253116607666,0.6500000000000004,-0.019622802734375,0.25385066866874695,0.13291388191782558,False,False,rope_not_continuously_taut
149,149,29,3,5.0,0.5,inextensible,15.0,0.6947368421052631,JNT,stop_margin_low|startup_joint_error|stop_joint_error,0.16835764403727435,0.6623588800430298,FL_shank_joint,0.0,0.1648728371207228,0.17499999999999982,0.0607530467864126,0.08713080647523655,0.8877124549634755,0.04740954399108887,pd,0.007236156599413578,0.009471893310546875,0.011315922479884822,0.039261240512132645,0.0,0.0,0.2935333251953125,0.28179168701171875,0.44333672523498535,0.09377658760216434,0.09378457975570598,,False,0.1507304008312405,0.4340531826019287,0.75,-0.04863739013671875,0.2538500428199768,0.14701918133150157,False,False,rope_not_continuously_taut
150,150,30,3,10.0,0.5,compliant,20.0,0.6947368421052631,COL,stop_collision|startup_joint_error|stop_joint_error,0.1676309802509606,0.5886099338531494,RR_shank_joint,0.0,0.1675107124451195,0.17499999999999982,0.060309881241992117,0.09256865599463118,0.8900004357658327,0.042253355085849764,pd,0.004809482666468202,0.008922576904296875,0.015150293773335965,0.03933769837021828,0.0,0.0,0.3616790771484375,0.347442626953125,0.42296677827835083,0.004165579404599384,0.004214023758635221,,True,0.15196692865767877,0.45212316513061523,0.6749999999999998,-0.07027435302734375,0.25384771823883057,0.20925855813307986,False,True,
151,151,31,3,10.0,0.5,compliant,25.0,0.6947368421052631,COL,stop_collision|startup_joint_error|stop_joint_error,0.1721758215392574,0.5918306112289429,RR_shank_joint,0.0,0.18969734677760627,0.17499999999999982,0.07619478014297783,0.1066546925708801,0.8595760328136385,0.06541645795106887,pd,0.008577641861785034,0.01132965087890625,0.013656395057355625,0.03979533910751343,0.0,0.0,0.3939208984375,0.39450836181640625,0.4546419084072113,0.0035712792064117593,0.003583502473787803,,True,0.14620642775283585,0.4096682071685791,0.7000000000000002,-0.03566741943359375,0.25385141372680664,0.07261316238271345,False,False,rope_not_continuously_taut
152,152,32,3,10.0,1.0,compliant,5.0,0.6947368421052631,JNT,startup_joint_error|stop_joint_error,0.1911161097235438,0.875982403755188,RR_shank_joint,0.0,0.2928889469904615,0.575,0.07813177927397191,0.14332435905707586,0.9493545307312161,0.07245194494724273,pd,0.033309224600116906,0.055816650390625,0.021246472316686728,0.04448876529932022,0.0,0.0,-0.45331573486328125,,-0.08691613376140594,,,,,0.15575377982349525,0.5029851794242859,0.75,0.0045166015625,0.2538509964942932,0.17470755119653908,False,False,rope_taut_during_settle|robot_and_load_speeds_differ|tension_not_steady
153,153,33,3,10.0,1.0,compliant,10.0,0.6947368421052631,COL,stop_collision|speed_track_error|startup_joint_error|stop_joint_error,0.20842824907675314,0.8761422634124756,RR_shank_joint,0.0,0.35306565459834754,1.5250000000000001,0.2115886011440307,0.2536962567329736,0.7925976190250367,0.2563852876424789,pd,0.018994081579535825,0.03485870361328125,0.038829290496314735,0.09961116313934326,0.0,0.0,-0.108123779296875,0.077880859375,0.6013059020042419,0.39814106314580044,0.4278369144333851,,True,0.17006392138076262,0.6071953773498535,,-0.1018829345703125,0.25384899973869324,0.17784472855892186,False,False,rope_not_continuously_taut|tension_not_steady
154,154,34,3,10.0,1.0,rigid,15.0,0.6947368421052631,SPD,speed_track_error|startup_joint_error|stop_joint_error,0.22683308847902722,0.8894184827804565,RL_shank_joint,0.0,0.439501755583357,,0.23915611958131194,0.2935734071084813,0.7608438804186881,0.2746148580312729,pd,0.020557352623679886,0.03252410888671875,0.02344877492466879,0.06624909490346909,0.0,0.0,-0.3349151611328125,0.0600433349609375,0.528437614440918,0.37533725026941056,0.43068479919602964,,False,0.17757177391976747,0.5295021533966064,,-0.3288726806640625,0.2554064989089966,0.15906032051397304,False,False,rope_taut_during_settle|tension_not_steady
155,155,35,3,10.0,1.0,rigid,20.0,0.6947368421052631,SPD,speed_track_error|startup_joint_error|stop_joint_error,0.2227807689434732,0.8964660167694092,RL_shank_joint,0.0,0.4721432968793081,,0.25375599812716243,0.3099077924982757,0.7462440018728376,0.28240652233362196,pd,0.02248361175969117,0.03582000732421875,0.02820240435492411,0.09222212433815002,0.0,0.0,-0.32788848876953125,0.04824066162109375,0.4541444778442383,0.3683098077723628,0.423591882481702,,False,0.18583059890569534,0.6338250637054443,,-0.32782745361328125,0.2556920051574707,0.16137533851465752,False,False,rope_taut_during_settle|tension_not_steady
156,156,36,3,10.0,1.0,rigid,25.0,0.6947368421052631,SPD,speed_track_error|startup_joint_error|stop_joint_error,0.23405634450894078,0.900178074836731,RL_shank_joint,0.0,0.5000701463241316,,0.2611008466221392,0.32066436028601114,0.7388991533778608,0.27755098581314086,pd,0.01816567968613796,0.02985382080078125,0.028239794949478224,0.07738307863473892,0.0,0.0,-0.373046875,0.03696441650390625,0.3943343758583069,0.370503534113368,0.4387902862140578,,False,0.1929807897700629,0.5928248167037964,,-0.373779296875,0.2558552324771881,0.16823043544423713,False,False,rope_taut_during_settle|tension_not_steady
157,157,37,3,10.0,1.5,rigid,5.0,0.6947368421052631,COL,stop_collision|speed_track_error|startup_joint_error|stop_joint_error,0.24268699844543018,0.9157900810241699,RR_shank_joint,0.0,0.631276121459688,0.75,0.364443217292428,0.4260366450982343,0.7570378551383813,0.4151970738172531,pd,0.0194282616580431,0.03020477294921875,0.031083280708005107,0.04685690253973007,0.0,0.0,0.18337249755859375,0.19408416748046875,1.1883057355880737,0.4199566537453734,0.4353459407353881,,True,0.15691560390456577,0.6366984844207764,0.375,0.19710540771484375,0.2546381652355194,0.14244491560878475,False,False,rope_taut_during_settle
158,158,38,3,10.0,1.5,inextensible,10.0,0.6947368421052631,SPD,speed_track_error|startup_joint_error|stop_joint_error,0.25327801663116806,0.926328182220459,RR_shank_joint,0.0,0.581037972727723,,0.4583864658139646,0.5152589920040394,0.6944090227906902,0.5919878780841827,pd,0.012311640493410119,0.022064208984375,0.024639664641113633,0.050582800060510635,0.0,0.0,-0.00763702392578125,0.1251068115234375,0.7896596193313599,0.3822269606609723,0.444079569323506,,False,0.17344519527503202,0.5186096429824829,,-0.00209808349609375,0.25110340118408203,0.1617279931129153,False,False,rope_not_continuously_taut
159,159,39,3,10.0,1.5,inextensible,15.0,0.6947368421052631,COL,stop_collision|speed_track_error|startup_joint_error|stop_joint_error,0.2590449852090085,0.9349507093429565,RR_shank_joint,0.0,0.6353744161115936,,0.5156978345662355,0.5819884909281204,0.6562014436225097,0.6737081861495972,pd,0.02553633400916344,0.0581817626953125,0.030879305027139037,0.054460085928440094,0.0,0.0,-0.43250274658203125,0.09435272216796875,0.6307306289672852,0.36874509606262507,0.4642824796198397,,True,0.16942183762358534,0.5496752262115479,,-0.42852020263671875,0.2538491487503052,0.14689795997957233,False,False,rope_not_continuously_taut
160,160,0,4,0.0,0.5,compliant,25.0,0.7263157894736842,JNT,startup_joint_error|stop_joint_error,0.1610819538145455,0.5922032594680786,FL_shank_joint,0.0,0.1361107186593913,0.19999999999999996,0.03969748767092824,0.0685396267126184,1.0370816164836287,0.03305522680282593,pd,0.006310539742238051,0.0091552734375,0.013547300428711485,0.039822593331336975,0.0,0.0,0.01177215576171875,0.0,0.0011259939055889845,,,,,0.14749446920402076,0.45575815439224243,0.7000000000000002,-0.01514434814453125,0.25385066866874695,0.08292665455096672,False,False,rope_taut_during_settle|robot_and_load_speeds_differ
161,161,1,4,0.0,1.0,compliant,5.0,0.7263157894736842,COL,stop_collision|startup_joint_error|stop_joint_error,0.21053713693405576,0.8758600950241089,RR_shank_joint,0.0,0.30813728674933905,,0.11297117716632783,0.16098022023411312,0.8910043560806662,0.0937078207731247,pd,0.016687472707555998,0.028167724609375,0.017401897267528596,0.047170016914606094,0.0,0.0,0.25455474853515625,0.2510528564453125,0.8984175324440002,0.3233981495678506,0.3233981495678506,,True,0.15230162283529233,0.5409584045410156,0.25,0.09204864501953125,0.25385019183158875,0.09369300167219223,False,True,
162,162,2,4,0.0,1.0,compliant,10.0,0.7263157894736842,JNT,stop_margin_low|startup_joint_error|stop_joint_error,0.211329684342972,0.8758959770202637,RR_shank_joint,0.0,0.35021229528167,,0.1414197430945933,0.1864677607617933,0.8618964531086385,0.10738865911960602,pd,0.015009580271002245,0.02297210693359375,0.015180408742937296,0.02452434040606022,0.0,0.0,0.4748687744140625,0.46600341796875,0.9216020107269287,0.09018960316321056,0.09024895566490443,,False,0.15781907486937224,0.5246134400367737,0.25,0.09210205078125,0.2538512647151947,0.07915931128997568,False,False,load_moved_during_settle
163,163,3,4,0.0,1.0,compliant,15.0,0.7263157894736842,COL,stop_collision|startup_joint_error|stop_joint_error,0.21156514136909,0.8755819797515869,RR_shank_joint,0.0,0.39493016736176384,,0.1623183078225702,0.21023041601189382,0.8407514553610236,0.1213773250579834,pd,0.0183482917427238,0.03462982177734375,0.015414606621182029,0.024966418743133545,0.0,0.0,0.5567474365234375,0.5627822875976562,0.8822616338729858,-0.00044316147177880794,0.0014582148138231332,1.375,True,0.14864522144060224,0.5259108543395996,0.25,0.084136962890625,0.25384849309921265,0.10554796091839312,False,False,load_moved_during_settle
164,164,4,4,0.0,1.0,compliant,20.0,0.7263157894736842,COL,stop_collision|startup_joint_error|stop_joint_error,0.2292947795363536,0.922760009765625,RR_shank_joint,0.0,0.4443995547535388,,0.18433013187721373,0.235705138782046,0.8187499739043415,0.1356869888305664,pd,0.0177260317888182,0.03229522705078125,0.011399647075628835,0.02286781743168831,0.0,0.0,0.5139236450195312,0.5547943115234375,0.8896810412406921,-0.000369126291772659,0.027435473270344346,1.0,True,0.14679149306966707,0.5039594173431396,,0.07037353515625,0.25384974479675293,0.09752683304918468,False,False,load_moved_during_settle|rope_not_continuously_taut
165,165,5,4,0.0,1.0,compliant,25.0,0.7263157894736842,COL,stop_collision|speed_track_error|startup_joint_error|stop_joint_error,0.23689656495827746,0.967900276184082,RR_shank_joint,0.0,0.48092819537640974,,0.20299432561732828,0.2569306405512203,0.800181997558102,0.1461188817024231,pd,0.016593331883140928,0.02724456787109375,0.02530253783341009,0.045793868601322174,0.0,0.0,0.47980499267578125,0.5552902221679688,0.8367035388946533,-0.0004554723813896544,0.07030828097457231,1.875,True,0.1451869812791052,0.5577078461647034,0.375,0.07891845703125,0.2538474500179291,0.09326718766024526,False,False,load_moved_during_settle|rope_not_continuously_taut
166,166,6,4,0.0,1.5,compliant,5.0,0.7263157894736842,COL,stop_collision|startup_joint_error|stop_joint_error,0.2439725043655788,0.9253287315368652,RR_shank_joint,0.0,0.5306564489996399,,0.21362772358581425,0.281813795352755,0.8575815176094572,0.16599612951278686,pd,0.026889661720859725,0.040435791015625,0.020951187983689015,0.03560090437531471,0.0,0.0,0.37577056884765625,0.38289642333984375,1.3462672233581543,0.30085677519794274,0.31178568754774005,,True,0.1652204744306565,0.8036207556724548,0.35000000000000053,0.2234344482421875,0.2538508176803589,0.11107838038881414,False,False,load_moved_during_settle|rope_not_continuously_taut
167,167,7,4,0.0,1.5,compliant,10.0,0.7263157894736842,JNT,stop_margin_low|startup_joint_error|stop_joint_error,0.2541463822426407,0.9258790016174316,RR_shank_joint,0.0,0.5966625421066294,,0.2596759457699955,0.32240116104648775,0.826882702820003,0.20355768084526063,pd,0.03844612490172985,0.05884552001953125,0.03160804712543727,0.05611981078982353,0.0,0.0,0.6277923583984375,0.6517486572265625,1.2778496742248535,0.01356789233672373,0.03587110080184175,,False,0.1590871783749629,0.7314140796661377,0.3250000000000002,0.1950836181640625,0.2538486421108246,0.11292838744019909,False,False,load_moved_during_settle|rope_not_continuously_taut
168,168,8,4,0.0,1.5,rigid,15.0,0.7263157894736842,JNT,startup_joint_error|stop_joint_error,0.225844971007242,0.925510048866272,RR_shank_joint,0.0,0.4996749676479055,0.5499999999999998,0.0765036496706307,0.22457189194888943,0.9701231084143123,0.02134821891784668,pd,0.014026020414574363,0.03194427490234375,0.02918441630055046,0.05284435302019119,0.0,0.0,-0.07579803466796875,-0.05489349365234375,-0.0701691210269928,,,,,0.16777216337540626,0.7549594640731812,0.47500000000000053,0.2367401123046875,0.2538496255874634,0.08629461662307646,False,False,rope_taut_during_settle|robot_and_load_speeds_differ
169,169,9,4,0.0,1.5,rigid,20.0,0.7263157894736842,SPD,speed_track_error|startup_joint_error|stop_joint_error,0.25286988578948205,0.9278918504714966,RL_shank_joint,0.0,0.8444163296548826,,0.3458969580754638,0.4339448857271071,0.7694020279496908,0.2298930048942566,pd,0.015162802629612027,0.02379608154296875,0.01867906599338236,0.029605623334646225,0.0,0.0,0.35866546630859375,0.38788604736328125,1.2547650337219238,0.45774988361029045,0.4719567155790827,,False,0.17749568649915526,0.9514907598495483,0.6749999999999998,0.36203765869140625,0.25543877482414246,0.14313518790926924,False,False,rope_taut_during_settle
170,170,10,4,0.0,1.5,rigid,25.0,0.7263157894736842,SPD,speed_track_error|startup_joint_error|stop_joint_error,0.2637060572241397,0.9322742223739624,RL_shank_joint,0.0,0.8943727149169042,,0.37180727334693076,0.46165437237757295,0.7521284844353796,0.2355886971950531,pd,0.025033531875077546,0.046932220458984375,0.025607935937972365,0.04321367293596268,0.0,0.0,0.41436004638671875,0.4561004638671875,1.279218077659607,0.44153824492227045,0.47517059053303967,,False,0.171753240259268,0.7332608699798584,,0.4178924560546875,0.25558948516845703,0.13472374961902972,False,False,rope_taut_during_settle
171,171,11,4,0.0,0.5,rigid,5.0,0.7263157894736842,JNT,startup_joint_error|stop_joint_error,0.16997363882440455,0.5938427448272705,RR_shank_joint,0.0,0.15753532906718767,0.6499999999999999,0.042459306260570887,0.07648073797572731,0.9160222801752389,0.030740585327148438,pd,0.006120188587379148,0.014446258544921875,0.014822076697659215,0.04271314665675163,0.0,0.0,-0.01242828369140625,0.0491790771484375,0.4787282943725586,0.4566050555583132,0.4703418644439381,,False,0.15223824896989363,0.4790852665901184,0.75,-0.0103912353515625,0.25458982586860657,0.08179665905187773,False,False,rope_taut_during_settle
172,172,12,4,0.0,0.5,rigid,10.0,0.7263157894736842,JNT,startup_joint_error|stop_joint_error,0.17483332134676607,0.6006709337234497,RR_shank_joint,0.0,0.17300178977664504,,0.062416503997519614,0.08918381206302761,0.8751669920049607,0.04938832551240921,pd,0.008624818769064893,0.012027740478515625,0.012934648174786427,0.04096003994345665,0.0,0.0,-0.00682830810546875,0.0528106689453125,0.4369971454143524,0.4571917560770373,0.4625932404071307,,False,0.14215794125703432,0.42128562927246094,0.7999999999999998,-0.00494384765625,0.2549581527709961,0.08156538576347827,False,False,rope_taut_during_settle
173,173,13,4,0.0,0.5,rigid,15.0,0.7263157894736842,JNT,startup_joint_error|stop_joint_error,0.17652653296818674,0.6035562753677368,RR_shank_joint,0.0,0.1813472180029924,,0.06464173836633563,0.09288977972212602,0.8707165232673287,0.04839671462774277,pd,0.005533847060056617,0.00792694091796875,0.012590438281556026,0.028036918491125107,0.0,0.0,0.0017852783203125,0.06179046630859375,0.44445881247520447,0.4497032990482097,0.47139685345123894,,False,0.1522230008434649,0.42131340503692627,,0.00403594970703125,0.25522980093955994,0.08962354125502793,False,False,rope_taut_during_settle
174,174,14,4,0.0,0.5,rigid,20.0,0.7263157894736842,JNT,startup_joint_error|stop_joint_error,0.17339395323001205,0.649004340171814,RR_shank_joint,0.0,0.19015150909209727,,0.07328864347189665,0.09862022870717409,0.8534227130562066,0.053591941893100736,pd,0.0069265679170159135,0.012298583984375,0.011324200925163322,0.026199528947472572,0.0,0.0,-0.0103302001953125,0.0731048583984375,0.4495202898979187,0.4578483909425728,0.4730318608429087,,False,0.15351973665975516,0.45847606658935547,,-0.00605010986328125,0.25544407963752747,0.07812211508335372,False,False,rope_taut_during_settle
175,175,15,4,0.0,0.5,rigid,25.0,0.7263157894736842,JNT,startup_joint_error|stop_joint_error,0.1802781371863879,0.6389468908309937,RL_shank_joint,0.0,0.20107798334250948,,0.07780606795102357,0.10421673661775378,0.8443878640979529,0.05592071026563644,pd,0.008417839301460762,0.013238906860351562,0.010186500137117221,0.02330332249403,0.0,0.0,0.04410552978515625,0.0874786376953125,0.46053358912467957,0.4491435099878345,0.47006373344758856,,False,0.13777204341030097,0.48451316356658936,0.9000000000000004,0.04747772216796875,0.25559690594673157,0.08351102502948307,False,False,rope_taut_during_settle
176,176,16,4,0.0,1.0,inextensible,5.0,0.7263157894736842,JNT,startup_joint_error|stop_joint_error,0.19081255939305206,0.8758009672164917,RR_shank_joint,0.0,0.2928016176471407,0.575,0.05438148891553283,0.1342368851065113,0.9992661973275244,0.027041794061660768,pd,0.012973058015012863,0.024486541748046875,0.006252355482386422,0.022947972640395164,0.0,0.0,-0.18781280517578125,-0.16951751708984375,-0.111749567091465,,,,,0.1485540207921889,0.5907981395721436,0.2999999999999998,0.14398193359375,0.2538491487503052,0.06857992700234648,False,False,rope_taut_during_settle|robot_and_load_speeds_differ|tension_not_steady
177,177,17,4,0.0,1.0,inextensible,10.0,0.7263157894736842,JNT,stop_margin_low|startup_joint_error|stop_joint_error,0.2096832508869875,0.8760014772415161,RR_shank_joint,0.0,0.34594633022127186,,0.14258089018985629,0.1841741642134218,0.8605169968493283,0.11068640291690826,pd,0.013992810347025812,0.02150726318359375,0.014991878412126977,0.024266548454761505,0.0,0.0,0.46673583984375,0.4579315185546875,0.9128855466842651,0.09996706251803289,0.10004438238809144,,False,0.15673999622436394,0.514163613319397,0.27500000000000036,0.09980010986328125,0.25384992361068726,0.08159241961731657,False,True,
178,178,18,4,0.0,1.0,inextensible,15.0,0.7263157894736842,COL,stop_collision|startup_joint_error|stop_joint_error,0.21693704934927854,0.8759043216705322,RR_shank_joint,0.0,0.37868031604667207,,0.16789683422073723,0.20730007841854312,0.8340832022763789,0.13507275462150573,pd,0.013942877851195235,0.024895668029785156,0.014956319518948144,0.025229239836335182,0.0,0.0,0.53814697265625,0.5463714599609375,0.872107982635498,0.0009067733996346306,0.006903609618504447,,True,0.14750829630021972,0.5213342905044556,0.5250000000000004,0.076507568359375,0.25385046005249023,0.10443531164080508,False,False,load_moved_during_settle|rope_not_continuously_taut
179,179,19,4,0.0,1.0,inextensible,20.0,0.7263157894736842,COL,stop_collision|startup_joint_error|stop_joint_error,0.21727959333890412,0.8760858774185181,RR_shank_joint,0.0,0.4150347042390809,,0.17921354852616786,0.22329159525213138,0.8238103619962931,0.13011519372463226,pd,0.018135109778368266,0.03134465217590332,0.017673790236601424,0.030567513778805733,0.0,0.0,0.5176620483398438,0.5648269653320312,0.8876187205314636,-0.0004242285524185263,0.03128584619341268,1.0,True,0.1470901937817491,0.5131303668022156,0.5,0.079254150390625,0.25385141372680664,0.1044996030438607,False,False,rope_not_continuously_taut|tension_not_steady
180,180,20,4,5.0,1.0,compliant,25.0,0.7263157894736842,SPD,speed_track_error|startup_joint_error|stop_joint_error,0.2205040042324535,0.8917899131774902,RL_shank_joint,0.0,0.45322588855909113,,0.20702121306210755,0.2573378876057082,0.7977813370153308,0.18417920112609865,pd,0.017207285916964476,0.03203773498535156,0.021924272256721326,0.0695066750049591,0.0,0.0,-0.2242889404296875,0.22582244873046875,0.6777290105819702,0.2706747056999461,0.4915249457779396,,False,0.1510248472948439,0.3951303958892822,0.7999999999999998,-0.2330322265625,0.25385063886642456,0.1063771377424243,False,False,tension_not_steady
181,181,21,4,5.0,1.5,compliant,5.0,0.7263157894736842,COL,stop_collision|startup_joint_error|stop_joint_error,0.24108335561054167,0.9249253273010254,RR_shank_joint,0.0,0.5333777791040387,,0.23676704440265894,0.29918337227352704,0.8421553037315608,0.21349478125572205,pd,0.04664348502682028,0.06793498992919922,0.010291478435412723,0.023140978068113327,0.0,0.0,0.43209075927734375,0.4284820556640625,1.3355351686477661,0.305492111887375,0.30770372861526596,,True,0.16057746960719785,0.896614134311676,0.8250000000000002,0.27490234375,0.25385141372680664,0.12648623540958132,False,True,
182,182,22,4,5.0,1.5,compliant,10.0,0.7263157894736842,COL,stop_collision|startup_joint_error|stop_joint_error,0.25166598203459023,0.9288564920425415,RR_shank_joint,0.0,0.5989756176477538,,0.2978526021726429,0.3523027749774885,0.8014315985515714,0.2806666898727417,pd,0.03240288395499141,0.04085350036621094,0.018638336277103307,0.028367284685373306,0.0,0.0,0.2522430419921875,0.4801788330078125,1.2646632194519043,0.2416992997813736,0.46767913554882057,,True,0.15404184833984302,0.723322331905365,0.7750000000000004,0.2552337646484375,0.2538495659828186,0.08268690767912953,False,False,rope_not_continuously_taut
183,183,23,4,5.0,1.5,compliant,15.0,0.7263157894736842,COL,stop_collision|speed_track_error|startup_joint_error|stop_joint_error,0.2502364980469035,0.9786986112594604,RR_shank_joint,0.0,0.6653933423353908,,0.34449444772675636,0.3986355029298332,0.7703370348488291,0.3324183106422424,pd,0.03519419387073787,0.05381584167480469,0.032259647108624806,0.060401711612939835,0.0,0.0,0.1542205810546875,0.43035888671875,1.1617618799209595,0.24848191827216226,0.47436448403992415,,True,0.14865666780861897,0.5707139372825623,0.35000000000000053,0.16289520263671875,0.2538508176803589,0.0949689358281714,False,False,rope_not_continuously_taut
184,184,24,4,5.0,1.5,rigid,20.0,0.7263157894736842,JNT,startup_joint_error|stop_joint_error,0.22602317922448883,0.9249482154846191,RR_shank_joint,0.0,0.49985473884822684,0.5499999999999998,0.09031814092770218,0.22740015457621926,0.9656171624238293,0.0408476984500885,pd,0.025571795958293984,0.036487579345703125,0.027619073744381568,0.050586894154548645,0.0,0.0,-0.2815093994140625,,-0.043591227382421494,,,,,0.15598097846996056,0.764458417892456,0.7750000000000004,0.31002044677734375,0.25384992361068726,0.08717579826381452,False,False,rope_taut_during_settle|robot_and_load_speeds_differ
185,185,25,4,5.0,1.5,rigid,25.0,0.7263157894736842,SPD,speed_track_error|startup_joint_error|stop_joint_error,0.25957338829880655,0.9344812631607056,RL_shank_joint,0.0,0.876557650947533,,0.43437563126906753,0.5056268311486143,0.7104162458206217,0.39904576659202573,pd,0.016956988624256906,0.032413482666015625,0.019062779195873424,0.032739680260419846,0.0,0.0,-0.02272796630859375,0.26377105712890625,1.0025509595870972,0.4464560297731168,0.46378120438956216,,False,0.1709009695307875,0.7318428754806519,,-0.01636505126953125,0.251990407705307,0.1077891377213547,False,False,rope_taut_during_settle
186,186,26,4,5.0,0.5,rigid,5.0,0.7263157894736842,COL,stop_collision|startup_joint_error|stop_joint_error,0.16981275435743304,0.6005035638809204,RR_shank_joint,0.0,0.15910452932402125,0.6499999999999999,0.04342017133720219,0.0771928770284903,0.9136187048815191,0.02970334470272064,pd,0.008019151329450793,0.01667022705078125,0.013782742031835857,0.04295936971902847,0.0,0.0,-0.02321624755859375,0.0432586669921875,0.4794866740703583,0.45954967472226826,0.46715877471719125,,True,0.1453879508182458,0.388374924659729,0.7999999999999998,-0.021240234375,0.2546268701553345,0.12408381359163809,False,False,rope_taut_during_settle
187,187,27,4,5.0,0.5,rigid,10.0,0.7263157894736842,JNT,startup_joint_error|stop_joint_error,0.1741518912350004,0.6075842380523682,RR_shank_joint,0.0,0.17167979264536237,,0.05551913555711508,0.08592408023336755,0.8889617288857699,0.04112459182739258,pd,0.006901559331716754,0.008762359619140625,0.017694199979388398,0.04194607958197594,0.0,0.0,-0.0490264892578125,0.04827880859375,0.4456697404384613,0.45463020045880853,0.4626298896800023,,False,0.14917339089317255,0.43304574489593506,,-0.0465240478515625,0.2550339102745056,0.14786955954485795,False,False,rope_taut_during_settle
188,188,28,4,5.0,0.5,inextensible,15.0,0.7263157894736842,JNT,startup_joint_error|stop_joint_error,0.16917105456131074,0.5919122695922852,RR_shank_joint,0.0,0.1609788205286831,0.17499999999999982,0.05968097239732742,0.08559087911115212,0.8906704467535019,0.04673375606536865,pd,0.007419134196675604,0.009490966796875,0.01152708966012168,0.039195720106363297,0.0,0.0,0.29415130615234375,0.2831268310546875,0.440187007188797,0.13354950627585538,0.13354950627585538,,False,0.14571682829720617,0.40630602836608887,0.9000000000000004,-0.0409698486328125,0.2538517117500305,0.14052318892491614,False,False,rope_not_continuously_taut
189,189,29,4,5.0,0.5,inextensible,20.0,0.7263157894736842,JNT,stop_margin_low|startup_joint_error|stop_joint_error,0.16979975753806778,0.5919005870819092,RR_shank_joint,0.0,0.16814338269103726,0.17499999999999982,0.06529849734157324,0.0918441089150109,0.8787192184478044,0.04757757753133774,pd,0.005529157742596088,0.007694244384765625,0.017898583742675767,0.03924771770834923,0.0,0.0,0.37516021728515625,0.36061859130859375,0.444181889295578,0.029977972596228142,0.029977972596228142,,False,0.15342502277808312,0.42612695693969727,0.875,-0.05303192138671875,0.25385192036628723,0.14486379544144407,False,False,rope_not_continuously_taut
190,190,30,4,10.0,0.5,compliant,25.0,0.7263157894736842,COL,stop_collision|startup_joint_error|stop_joint_error,0.1666741779774711,0.5911871194839478,RR_shank_joint,0.0,0.1640330969228007,0.17499999999999982,0.07777700552716851,0.10812834459652539,0.8544755588099361,0.05188556343317032,pd,0.006405706063812281,0.01313018798828125,0.01939814782500678,0.039280965924263,0.0,0.0,0.41065216064453125,0.415771484375,0.4544752836227417,0.00714317167306433,0.007690915722264435,,True,0.1529196882460415,0.4674874544143677,0.9000000000000004,-0.0489501953125,0.2538500726222992,0.06658696645737935,False,True,
191,191,31,4,10.0,1.0,compliant,5.0,0.7263157894736842,COL,stop_collision|startup_joint_error|stop_joint_error,0.21192683352273264,0.8761262893676758,RR_shank_joint,0.0,0.3097740194178706,1.1249999999999998,0.17559399403631687,0.21655439296047935,0.8288042541593313,0.21953453958034516,pd,0.026876227175088977,0.0498046875,0.011085789997789898,0.027407294139266014,0.0,0.0,-0.0276947021484375,0.09644317626953125,0.7196840047836304,0.40150388650970115,0.47515488501943537,,True,0.1548337269766631,0.4493153691291809,0.9249999999999998,-0.02978515625,0.2538503110408783,0.17961526531573835,False,False,tension_not_steady
192,192,32,4,10.0,1.0,compliant,10.0,0.7263157894736842,JNT,startup_joint_error|stop_joint_error,0.19100064816424084,0.875605583190918,RR_shank_joint,0.0,0.2926155751731725,0.575,0.07520332732237875,0.14206603844698415,0.950158791160211,0.06812522888183593,pd,0.03364832343016559,0.053619384765625,0.030475042249104068,0.06221356987953186,0.0,0.0,-0.47927093505859375,,-0.08772139996290207,,,,,0.15899783484573218,0.5203243494033813,0.8500000000000005,-0.0061798095703125,0.2538501024246216,0.17277935368538555,False,False,rope_taut_during_settle|robot_and_load_speeds_differ|tension_not_steady
193,193,33,4,10.0,1.0,compliant,15.0,0.7263157894736842,COL,stop_collision|speed_track_error|startup_joint_error|stop_joint_error,0.20953540341829158,0.8760493993759155,RR_shank_joint,0.0,0.3746729157163311,,0.23058820403181016,0.27570986750528415,0.7736260923091323,0.2762934529781342,pd,0.020810434239512402,0.03253936767578125,0.016900585502286913,0.03910449519753456,0.0,0.0,-0.39279937744140625,0.0684814453125,0.5283239483833313,0.4140524995347761,0.4679956579641811,,True,0.16405259248180146,0.5516723394393921,,-0.39041900634765625,0.25384828448295593,0.16414674164865678,False,False,rope_not_continuously_taut|tension_not_steady
194,194,34,4,10.0,1.0,rigid,20.0,0.7263157894736842,SPD,speed_track_error|startup_joint_error|stop_joint_error,0.22288279324116267,0.8963978290557861,RL_shank_joint,0.0,0.47236029890886555,,0.24924268525093793,0.3063022067738832,0.750757314749062,0.2749325874447823,pd,0.021481798443966558,0.0355072021484375,0.01662151321061269,0.037818387150764465,0.0,0.0,-0.332275390625,0.05271148681640625,0.47488924860954285,0.40597935913137917,0.4642757970109983,,False,0.18422375645487563,0.5777374505996704,,-0.33016204833984375,0.2555462718009949,0.1647691951975833,False,False,rope_taut_during_settle|tension_not_steady
195,195,35,4,10.0,1.0,rigid,25.0,0.7263157894736842,SPD,speed_track_error|startup_joint_error|stop_joint_error,0.23419014469073077,0.8993479013442993,RL_shank_joint,0.0,0.4998851030849283,,0.25946868684142826,0.31861078739951804,0.7405313131585717,0.2750028294324875,pd,0.019512561674629444,0.048675537109375,0.014564604591258926,0.030096562579274178,0.0,0.0,-0.5798110961914062,0.03900909423828125,0.4056605100631714,0.4166887662807994,0.48230062862351986,,False,0.19445020158336196,0.6284244060516357,,-0.5737152099609375,0.25572752952575684,0.16577624432558524,False,False,rope_taut_during_settle|tension_not_steady
196,196,36,4,10.0,1.5,rigid,5.0,0.7263157894736842,COL,stop_collision|speed_track_error|startup_joint_error|stop_joint_error,0.24282490586377176,0.9148776531219482,RR_shank_joint,0.0,0.6321449319454097,0.7249999999999999,0.35644083969295026,0.42016956658612264,0.7623727735380332,0.40451827228069304,pd,0.020889084017914096,0.02945709228515625,0.028360237295120952,0.0492745041847229,0.0,0.0,0.2057037353515625,0.20876312255859375,1.2019493579864502,0.4496026401475177,0.46663756984298743,,True,0.1556719078313577,0.6816742420196533,0.375,0.22119903564453125,0.25462019443511963,0.1572697961957409,False,False,rope_taut_during_settle
197,197,37,4,10.0,1.5,rigid,10.0,0.7263157894736842,SPD,speed_track_error|startup_joint_error|stop_joint_error,0.2481485276583055,0.9097146987915039,RR_shank_joint,0.0,0.7134753981569595,,0.46311930948868396,0.5307152555890742,0.6912537936742108,0.5609635281562805,pd,0.009044489185062355,0.01866912841796875,0.02289008682337637,0.04918740317225456,0.0,0.0,-0.02483367919921875,0.13161468505859375,0.8329797983169556,0.4025436011203851,0.4740043644856655,,False,0.1699692614196727,0.5098241567611694,,-0.019287109375,0.2488815188407898,0.16297196298642172,False,False,rope_taut_during_settle
198,198,38,4,10.0,1.5,inextensible,15.0,0.7263157894736842,COL,stop_collision|speed_track_error|startup_joint_error|stop_joint_error,0.260061931544957,0.9253311157226562,RR_shank_joint,0.0,0.6375918559790246,,0.5181982949748636,0.5859160079065536,0.6545344700167576,0.6793965172767639,pd,0.021012979209507527,0.04851531982421875,0.03030365310154699,0.05668949708342552,0.0,0.0,-0.34178924560546875,0.09357452392578125,0.6177272200584412,0.3921961308216737,0.46666279380194453,,True,0.17650169540743726,0.5741622447967529,,-0.33733367919921875,0.25385186076164246,0.14534560572654026,False,False,rope_not_continuously_taut
199,199,39,4,10.0,1.5,inextensible,20.0,0.7263157894736842,SPD,speed_track_error|startup_joint_error|stop_joint_error,0.26204364110046974,0.9533635377883911,RR_shank_joint,0.0,0.6909210782327763,,0.560434954892844,0.6337364328655499,0.626376696738104,0.7210927024483681,pd,0.02747453117712243,0.05065155029296875,0.02249199465514103,0.056553009897470474,0.0,0.0,-0.8384857177734375,0.0601806640625,0.47140589356422424,0.40117854775733974,0.48471109475600826,,False,0.1934185246840543,0.5764486789703369,,-0.834075927734375,0.2538479268550873,0.14302330146512318,False,False,rope_not_continuously_taut|tension_not_steady
200,200,0,5,0.0,1.0,compliant,5.0,0.7578947368421052,JNT,startup_joint_error|stop_joint_error,0.191075204305139,0.8761163949966431,RR_shank_joint,0.0,0.29283565739028977,0.575,0.05632019064389169,0.13479327173917918,1.0018292389158159,0.02884628891944885,pd,0.01437600664685868,0.02523040771484375,0.0063214132502183345,0.022962205111980438,0.0,0.0,-1.1302032470703125,,-0.20621508359909058,,,,,0.1510571807797392,0.5610511302947998,0.27500000000000036,0.123260498046875,0.2538490891456604,0.06560818778529764,False,False,rope_taut_during_settle|robot_and_load_speeds_differ|tension_not_steady
201,201,1,5,0.0,1.0,compliant,10.0,0.7578947368421052,JNT,startup_joint_error|stop_joint_error,0.210351708538107,0.8759326934814453,RL_shank_joint,0.0,0.3470828262276834,,0.14199271810241043,0.18635875053975615,0.862000356791541,0.11323243975639344,pd,0.014466905951793946,0.0267333984375,0.01140321843042345,0.02289590798318386,0.0,0.0,0.4786720275878906,0.4697303771972656,0.8902170062065125,0.10543059576964708,0.10543059576964708,,False,0.14629990375637525,0.5103428959846497,0.6000000000000005,0.06526947021484375,0.25385165214538574,0.09714440518198805,False,False,load_moved_during_settle
202,202,2,5,0.0,1.0,compliant,15.0,0.7578947368421052,COL,stop_collision|startup_joint_error|stop_joint_error,0.21189528082200398,0.8761783838272095,RR_shank_joint,0.0,0.38632341950922167,,0.15812488569878042,0.20580386064542683,0.8454842482600361,0.12076425492763519,pd,0.019594981517923635,0.0340728759765625,0.021897124575384265,0.03636157140135765,0.0,0.0,0.5869941711425781,0.5911750793457031,0.8903368711471558,-0.00030134122401648256,0.0005624141821627404,1.625,True,0.1531610216333939,0.5792096853256226,0.25,0.07818603515625,0.25385186076164246,0.10170526052277684,False,False,load_moved_during_settle
203,203,3,5,0.0,1.0,compliant,20.0,0.7578947368421052,JNT,stop_margin_low|startup_joint_error|stop_joint_error,0.22791518955563594,0.9103951454162598,RL_shank_joint,0.0,0.42322388819750145,,0.18764009807258844,0.23294866555559868,0.8167725386843085,0.15047059535980226,pd,0.016820825546834187,0.028594970703125,0.00940218107335153,0.02279108576476574,0.0,0.0,0.48123931884765625,0.54864501953125,0.858561098575592,0.027700353078301987,0.09594931709663967,,False,0.14420770794924093,0.4738500118255615,0.5250000000000004,0.07307815551757812,0.25385016202926636,0.105086212044502,False,True,
204,204,4,5,0.0,1.0,compliant,25.0,0.7578947368421052,COL,stop_collision|startup_joint_error|stop_joint_error,0.23401843546485718,0.9949815273284912,RR_shank_joint,0.0,0.48530220747786174,,0.19226498376578094,0.25340428377465724,0.8107433842495084,0.124291433095932,pd,0.019615113642795858,0.03363800048828125,0.018832017299928467,0.033595483750104904,0.0,0.0,0.544677734375,0.6061782836914062,0.8694905638694763,-0.00042976045922671346,0.03535480179985484,1.0,True,0.14550505502595318,0.5042775869369507,,0.07653045654296875,0.25385236740112305,0.10323615181284916,False,False,load_moved_during_settle|rope_not_continuously_taut
205,205,5,5,0.0,1.5,compliant,5.0,0.7578947368421052,COL,stop_collision|startup_joint_error|stop_joint_error,0.24498281517318468,0.9259679317474365,RR_shank_joint,0.0,0.5313847149729272,,0.21378545073792338,0.28228955166019776,0.8574763661747178,0.1672919523715973,pd,0.027720714452974138,0.038818359375,0.01893041526672341,0.0320233516395092,0.0,0.0,0.38361358642578125,0.3708534240722656,1.3360159397125244,0.33492501453966383,0.33492501453966383,,True,0.16708303256651508,0.8186195194721222,0.375,0.22207260131835938,0.2538485527038574,0.10127919224644953,False,True,
206,206,6,5,0.0,1.5,compliant,10.0,0.7578947368421052,JNT,stop_margin_low|startup_joint_error|stop_joint_error,0.25364624590043056,0.9264693260192871,RR_shank_joint,0.0,0.5995525963075811,,0.2620300628989935,0.323372184598249,0.825313291400671,0.20365152835845948,pd,0.03811501738125248,0.05641937255859375,0.02962130957161298,0.04946820065379143,0.0,0.0,0.6778564453125,0.6716346740722656,1.2974810600280762,0.02169916536493588,0.021740532104566057,,False,0.16563663471591436,0.651566743850708,0.5,0.19773483276367188,0.25385260581970215,0.10537495776812063,False,False,load_moved_during_settle|rope_not_continuously_taut
207,207,7,5,0.0,1.5,compliant,15.0,0.7578947368421052,COL,stop_collision|startup_joint_error|stop_joint_error,0.2619764370956426,0.9528335332870483,RR_shank_joint,0.0,0.6677666547347686,,0.28500266041606664,0.353335585589294,0.8099982263892889,0.20831111311912537,pd,0.022636680690282095,0.0326080322265625,0.013949905407460668,0.02780892699956894,0.0,0.0,0.7067451477050781,0.7174530029296875,1.2708996534347534,-0.0034800151175673477,-0.0018724425862899352,1.0,True,0.1554285684152528,0.6407133340835571,,0.20439529418945312,0.2538512647151947,0.12955999406103907,False,False,load_moved_during_settle|rope_not_continuously_taut
208,208,8,5,0.0,1.5,rigid,20.0,0.7578947368421052,JNT,startup_joint_error|stop_joint_error,0.22599123189144252,0.9260132312774658,RR_shank_joint,0.0,0.4999319385016562,0.5499999999999998,0.07638112779706717,0.2246519703514147,0.9706799261023601,0.021038475036621093,pd,0.01694234552853012,0.0334014892578125,0.030983343311475613,0.056846264749765396,0.0,0.0,0.00568389892578125,0.0,3.4193471947219223e-06,,,,,0.16648943557039894,0.7614251375198364,0.4500000000000002,0.24664688110351562,0.25385138392448425,0.08717917301825169,False,False,rope_taut_during_settle|robot_and_load_speeds_differ
209,209,9,5,0.0,1.5,rigid,25.0,0.7578947368421052,SPD,speed_track_error|startup_joint_error|stop_joint_error,0.26416380609676293,0.9323443174362183,RL_shank_joint,0.0,0.8929754915297144,,0.3602095805667341,0.45524484141193605,0.7598602796221773,0.22036509871482848,pd,0.020084228015274395,0.037891387939453125,0.021326238059232012,0.034165158867836,0.0,0.0,0.37204742431640625,0.419219970703125,1.2685391902923584,0.49183823782410485,0.5085662931949102,,False,0.1704521958292134,0.7770044803619385,,0.3748130798339844,0.25550681352615356,0.12481075251542466,False,False,rope_taut_during_settle
210,210,10,5,0.0,0.5,rigid,5.0,0.7578947368421052,COL,stop_collision|startup_joint_error|stop_joint_error,0.16981678311405826,0.5937086343765259,RR_shank_joint,0.0,0.1574229246314935,0.3999999999999999,0.04306138773448765,0.07673602823342753,0.914415059890598,0.0318807578086853,pd,0.005916863726557688,0.00969696044921875,0.014463243115024905,0.0423002690076828,0.0,0.0,0.00335693359375,0.0478363037109375,0.47771215438842773,0.4910843774924416,0.5025404472248596,,True,0.13004403038771872,0.3774248957633972,0.47500000000000053,0.00484466552734375,0.2545771300792694,0.07381758317802052,False,False,rope_taut_during_settle
211,211,11,5,0.0,0.5,rigid,10.0,0.7578947368421052,JNT,startup_joint_error|stop_joint_error,0.1759972828451573,0.6000432968139648,RR_shank_joint,0.0,0.1722567785282984,,0.06205327353440225,0.08881399229086578,0.8758934529311955,0.04976360946893692,pd,0.008615188409730006,0.012058258056640625,0.013019842488786246,0.0412040576338768,0.0,0.0,-0.0072174072265625,0.05283355712890625,0.4361553490161896,0.4893639923682116,0.49460959560579454,,False,0.1420918345995432,0.41868317127227783,0.7999999999999998,-0.00539398193359375,0.2548924684524536,0.08163413027774756,False,False,rope_taut_during_settle
212,212,12,5,0.0,0.5,rigid,15.0,0.7578947368421052,JNT,startup_joint_error|stop_joint_error,0.17221618596505875,0.6023919582366943,RR_shank_joint,0.0,0.18240916697166346,,0.06692046046257019,0.09364241312126784,0.8661590790748597,0.048962871432304385,pd,0.008043016624038984,0.0118255615234375,0.015046508093805432,0.03493514284491539,0.0,0.0,0.0176544189453125,0.06690216064453125,0.4719649851322174,0.48956734289323833,0.5042812392626672,,False,0.14222560749931376,0.4485894441604614,0.875,0.02019500732421875,0.25515103340148926,0.07802758803545315,False,False,rope_taut_during_settle
213,213,13,5,0.0,0.5,rigid,20.0,0.7578947368421052,JNT,startup_joint_error|stop_joint_error,0.17316970461894834,0.5980744361877441,RR_shank_joint,0.0,0.19103196843844977,,0.07219903443008661,0.09838446350569707,0.8556019311398267,0.051985080242156985,pd,0.0065070079772442885,0.01055908203125,0.01406562221744821,0.025744201615452766,0.0,0.0,0.0163421630859375,0.070220947265625,0.4349691867828369,0.4898874434688878,0.5045255036994405,,False,0.15218552952585854,0.4632837772369385,,0.0194091796875,0.255333811044693,0.0790382254902134,False,False,rope_taut_during_settle
214,214,14,5,0.0,0.5,rigid,25.0,0.7578947368421052,JNT,startup_joint_error|stop_joint_error,0.18228643001608008,0.6411796808242798,RL_shank_joint,0.0,0.20342927656911253,,0.08153212338685989,0.1072146958737945,0.8369357532262802,0.06330536425113678,pd,0.009327253524872254,0.014812469482421875,0.012065096302021188,0.02408509887754917,0.0,0.0,0.03263092041015625,0.0828399658203125,0.45593366026878357,0.488643608978947,0.5032157712266638,,False,0.14137010429123617,0.5089964866638184,,0.03558349609375,0.255484402179718,0.07969485905810295,False,False,rope_taut_during_settle
215,215,15,5,0.0,1.0,rigid,5.0,0.7578947368421052,COL,stop_collision|startup_joint_error|stop_joint_error,0.215708058852592,0.8821781873703003,RR_shank_joint,0.0,0.3628085921692014,0.5499999999999998,0.12582527222111822,0.18321637638376378,0.8741747277788818,0.09346305787563323,pd,0.018328891098116504,0.040790557861328125,0.021443870198286013,0.03487113118171692,0.0,0.0,0.1141204833984375,0.1310882568359375,0.8898146748542786,0.48043560793969675,0.5050978145780718,,True,0.14814558861297514,0.6100639700889587,0.35000000000000053,0.11534500122070312,0.2545402944087982,0.09854517547912925,False,False,rope_taut_during_settle
216,216,16,5,0.0,1.0,inextensible,10.0,0.7578947368421052,JNT,startup_joint_error|stop_joint_error,0.1922115981750073,0.8762052059173584,RR_shank_joint,0.0,0.2903129179047308,0.575,0.054665822964161635,0.13344656829810222,1.0007919538207353,0.027335572242736816,pd,0.014460991062320211,0.025079727172851562,0.020826035666845925,0.033933527767658234,0.0,0.0,-0.54473876953125,-0.5407028198242188,-0.15922997891902924,,,,,0.1573146096835892,0.478152334690094,0.5499999999999998,0.08919143676757812,0.25385022163391113,0.07601924121953627,False,False,rope_taut_during_settle|robot_and_load_speeds_differ
217,217,17,5,0.0,1.0,inextensible,15.0,0.7578947368421052,JNT,startup_joint_error|stop_joint_error,0.2197407789181933,0.8760476112365723,RR_shank_joint,0.0,0.3806271537815879,,0.15978690230287612,0.20309645270096496,0.8421938625629991,0.1229166716337204,pd,0.02030570751763985,0.038677215576171875,0.02421746094881517,0.039583828300237656,0.0,0.0,0.4024314880371094,0.4107322692871094,0.8674097061157227,0.1793075843152394,0.18928738821504965,,False,0.14971206961839975,0.5475016832351685,0.27500000000000036,0.08621978759765625,0.2538503408432007,0.09787222010251007,False,False,load_moved_during_settle
218,218,18,5,0.0,1.0,inextensible,20.0,0.7578947368421052,JNT,stop_margin_low|startup_joint_error|stop_joint_error,0.23135262967918077,0.9016504287719727,RR_shank_joint,0.0,0.41008484395165146,,0.18067088386975227,0.22263056392935127,0.8207491300348192,0.14051624834537507,pd,0.018097286551146202,0.03267860412597656,0.0247701213926696,0.040876831859350204,0.0,0.0,0.4552459716796875,0.5088043212890625,0.8812524676322937,0.08219625998189173,0.13530665930753827,,False,0.15002090553063752,0.5389142036437988,0.25,0.08794403076171875,0.25385040044784546,0.10165235534764797,False,False,load_moved_during_settle|rope_not_continuously_taut
219,219,19,5,0.0,1.0,inextensible,25.0,0.7578947368421052,COL,stop_collision|startup_joint_error|stop_joint_error,0.22823452285263213,0.8757697343826294,RR_shank_joint,0.0,0.44332872717337435,,0.19964219414629042,0.2430795058669074,0.8034366146381945,0.15357405006885527,pd,0.013119331627940167,0.02249002456665039,0.023115789793782544,0.040773093700408936,0.0,0.0,0.5546951293945312,0.6099815368652344,0.8694188594818115,-0.00031639827485463456,0.0349566224182567,1.125,True,0.15913686638498378,0.5260610580444336,0.25,0.08551788330078125,0.25385040044784546,0.08054779370504382,False,False,rope_not_continuously_taut
220,220,20,5,5.0,1.5,compliant,5.0,0.7578947368421052,COL,stop_collision|startup_joint_error|stop_joint_error,0.24062510814479632,0.9255009889602661,RR_shank_joint,0.0,0.530746855062174,,0.2360230001434684,0.2987917039797859,0.8426513332376877,0.21260026931762696,pd,0.044815464609087335,0.06041455268859863,0.02766776161074384,0.05030142515897751,0.0,0.0,0.4717140197753906,0.4590187072753906,1.3857365846633911,0.28805878523082384,0.28805878523082384,,True,0.15566412304725696,0.8014622330665588,0.75,0.24110794067382812,0.25385046005249023,0.09849864546414056,False,True,
221,221,21,5,5.0,1.5,compliant,10.0,0.7578947368421052,COL,stop_collision|startup_joint_error|stop_joint_error,0.24550415555063312,0.9267091751098633,RR_shank_joint,0.0,0.5967371691755013,,0.29735817085951566,0.3525002968732529,0.8017612194269895,0.28163370609283445,pd,0.016210845572348594,0.031970977783203125,0.012409189515893352,0.025752520188689232,0.0,0.0,0.247406005859375,0.45645904541015625,1.256481647491455,0.28757834564876106,0.49782882217963476,,True,0.14306818824676856,0.6776375770568848,0.4500000000000002,0.24734115600585938,0.25385040044784546,0.07815034521664369,False,True,
222,222,22,5,5.0,1.5,compliant,15.0,0.7578947368421052,COL,stop_collision|speed_track_error|startup_joint_error|stop_joint_error,0.2460998355139148,0.9731439352035522,RR_shank_joint,0.0,0.6689719744129313,,0.34702519172802565,0.4011700959407494,0.7686498721813163,0.331888313293457,pd,0.02462797397187413,0.03977394104003906,0.027775032418732415,0.05707899481058121,0.0,0.0,0.11615753173828125,0.42765045166015625,1.1580636501312256,0.2623521195644045,0.5103321148159026,,True,0.14425716571223388,0.5862371921539307,0.375,0.1230010986328125,0.2538505792617798,0.13283001517693296,False,False,rope_not_continuously_taut
223,223,23,5,5.0,1.5,compliant,20.0,0.7578947368421052,COL,stop_collision|speed_track_error|startup_joint_error|stop_joint_error,0.25527455249372627,1.0314289331436157,RR_shank_joint,0.0,0.7254398538686845,,0.38828021166846155,0.44379431745736364,0.7411465255543589,0.37924222111701966,pd,0.023349575686279368,0.038097381591796875,0.020829066900280295,0.03641670569777489,0.0,0.0,0.01265716552734375,0.42618560791015625,1.1190756559371948,0.24598997809667367,0.5064101033261537,,True,0.16002088049785895,0.6987494230270386,0.3250000000000002,0.02129364013671875,0.25385022163391113,0.10880017127497316,False,False,rope_not_continuously_taut
224,224,24,5,5.0,1.5,rigid,25.0,0.7578947368421052,JNT,startup_joint_error|stop_joint_error,0.22601304324483096,0.9258954524993896,RR_shank_joint,0.0,0.4996375945321046,0.5499999999999998,0.09057073121890426,0.22739138865713954,0.965894164207081,0.04186991810798645,pd,0.026737674775128253,0.03704261779785156,0.027452103134395854,0.05092218890786171,0.0,0.0,-0.29892730712890625,,-0.05000244081020355,,,,,0.1575208656807483,0.7052342891693115,0.8250000000000002,0.3265876770019531,0.2538501024246216,0.09081140382906963,False,False,rope_taut_during_settle|robot_and_load_speeds_differ
225,225,25,5,5.0,0.5,rigid,5.0,0.7578947368421052,COL,stop_collision|startup_joint_error|stop_joint_error,0.1712393913901449,0.5949150323867798,RR_shank_joint,0.0,0.15763305556425194,0.375,0.04393067470751703,0.07736463903516362,0.9129238833673299,0.03380613535642624,pd,0.00793801656113525,0.01873779296875,0.013370071688637322,0.04218367487192154,0.0,0.0,-0.0243072509765625,0.04524993896484375,0.49861299991607666,0.48974425212577444,0.49948263187584985,,True,0.14552560942281795,0.40237677097320557,0.8250000000000002,-0.02129364013671875,0.2545837163925171,0.13211385904991285,False,False,rope_taut_during_settle
226,226,26,5,5.0,0.5,rigid,10.0,0.7578947368421052,JNT,startup_joint_error|stop_joint_error,0.17426316511757065,0.6085237264633179,RR_shank_joint,0.0,0.1721763229375654,,0.05537364358082414,0.08598916893089206,0.8892527128383517,0.04108114004135132,pd,0.007083759308003726,0.008880615234375,0.01732325193237887,0.041853662580251694,0.0,0.0,-0.05133819580078125,0.047271728515625,0.44089481234550476,0.4868735026995523,0.49508486475632196,,False,0.14937958416531938,0.4358483552932739,,-0.04882049560546875,0.25496965646743774,0.14883257337623862,False,False,rope_taut_during_settle
227,227,27,5,5.0,0.5,rigid,15.0,0.7578947368421052,JNT,startup_joint_error|stop_joint_error,0.16897824364712044,0.6068462133407593,RR_shank_joint,0.0,0.18289805891526473,1.05,0.06149767266586423,0.09196131039251582,0.8770046546682715,0.04789312601089477,pd,0.006318295542621301,0.01076507568359375,0.014650700333180578,0.03681289404630661,0.0,0.0,-0.03680419921875,0.06160736083984375,0.4522978365421295,0.4843378956302189,0.509138536133662,,False,0.1510719672653532,0.5043891072273254,,-0.03134918212890625,0.25523778796195984,0.13693694527773193,False,False,rope_taut_during_settle
228,228,28,5,5.0,0.5,inextensible,20.0,0.7578947368421052,JNT,startup_joint_error|stop_joint_error,0.16791961635913571,0.5917835235595703,RR_shank_joint,0.0,0.1651944483789504,0.17499999999999982,0.06275092458352446,0.09087763302484766,0.8841821138933301,0.04904784381389618,pd,0.008821330261704974,0.01152801513671875,0.015433532141657328,0.039460014551877975,0.0,0.0,0.3636627197265625,0.3498077392578125,0.4427065849304199,0.11225575282260536,0.11225575282260536,,False,0.1383372440210677,0.3770442008972168,0.625,-0.016357421875,0.2538508474826813,0.12805689163589934,False,False,rope_not_continuously_taut
229,229,29,5,5.0,0.5,inextensible,25.0,0.7578947368421052,JNT,stop_margin_low|startup_joint_error|stop_joint_error,0.16899448950442153,0.5888484716415405,RR_shank_joint,0.0,0.17212693696894724,0.17499999999999982,0.0683551088348031,0.09738601819202385,0.8731574171036481,0.048738196790218354,pd,0.009066143819791282,0.012088775634765625,0.01182824022660874,0.03944358974695206,0.0,0.0,0.45203399658203125,0.43578338623046875,0.4574592709541321,0.03110046641366182,0.03110046641366182,,False,0.12824960306936692,0.3648800849914551,0.375,-0.0148162841796875,0.2538495659828186,0.1268929427869738,False,False,rope_not_continuously_taut
230,230,30,5,10.0,1.0,compliant,5.0,0.7578947368421052,COL,stop_collision|startup_joint_error|stop_joint_error,0.20861657402332612,0.8758596181869507,RR_shank_joint,0.0,0.31248916776112007,1.55,0.17691686387173833,0.21740330508160036,0.8281897390354425,0.21860670983791353,pd,0.02764371898016338,0.04889678955078125,0.015587266942372462,0.028518466278910637,0.0,0.0,-0.02779388427734375,0.10723114013671875,0.7278569340705872,0.4177488986900215,0.5013166387239849,,True,0.15444828824722864,0.5184078812599182,,-0.040096282958984375,0.2538500428199768,0.17994733792842024,False,False,tension_not_steady
231,231,31,5,10.0,1.0,compliant,10.0,0.7578947368421052,COL,stop_collision|speed_track_error|startup_joint_error|stop_joint_error,0.21261466141467225,0.8760508298873901,RL_shank_joint,0.0,0.344184143517926,,0.21217290919274093,0.2547833913470262,0.7928033800795674,0.2627009981870651,pd,0.018725123462762446,0.0329437255859375,0.015085362300649637,0.029765339568257332,0.0,0.0,-0.2628173828125,0.096038818359375,0.6233011484146118,0.41824031648324933,0.5017380339344157,,True,0.1701986686927579,0.574571967124939,,-0.2633056640625,0.25385111570358276,0.16081035639231087,False,False,tension_not_steady
232,232,32,5,10.0,1.0,compliant,15.0,0.7578947368421052,JNT,startup_joint_error|stop_joint_error,0.19096868073773884,0.8759620189666748,RR_shank_joint,0.0,0.29279494339468,0.575,0.0756975012551993,0.14229226898202002,0.9505040449369698,0.06807788014411927,pd,0.0339155463906434,0.0538482666015625,0.03070378798324191,0.06192687898874283,0.0,0.0,-0.46324920654296875,,-0.0870809480547905,,,,,0.15905179023373875,0.5198295712471008,0.875,-0.00386810302734375,0.25385117530822754,0.17141476095521194,False,False,rope_taut_during_settle|robot_and_load_speeds_differ|tension_not_steady
233,233,33,5,10.0,1.0,compliant,20.0,0.7578947368421052,COL,stop_collision|speed_track_error|startup_joint_error|stop_joint_error,0.22503109045277986,0.8956271409988403,RL_shank_joint,0.0,0.40427156924607643,,0.24583992089144885,0.2958687150511843,0.7591891685593873,0.2904143527150154,pd,0.024095086539435037,0.0343170166015625,0.015922103349729086,0.03414289280772209,0.0,0.0,-0.354217529296875,0.05623626708984375,0.44375020265579224,0.4435095432709346,0.4918869376702588,,True,0.18502048423508488,0.5573261976242065,,-0.34934234619140625,0.25384894013404846,0.15835007300214846,False,False,rope_not_continuously_taut|tension_not_steady
234,234,34,5,10.0,1.0,rigid,25.0,0.7578947368421052,SPD,speed_track_error|startup_joint_error|stop_joint_error,0.23312529499472848,0.8976011276245117,RL_shank_joint,0.0,0.4999286510978161,,0.2568978230282664,0.31503513244528014,0.7431021769717335,0.26902695894241335,pd,0.014870100679822962,0.02860260009765625,0.012439881690674936,0.032324742525815964,0.0,0.0,-0.28752899169921875,0.041534423828125,0.4260922074317932,0.45886213781136576,0.4922859804017463,,False,0.20030796897556705,0.6654148101806641,,-0.2861671447753906,0.25564044713974,0.16733489970120913,False,False,rope_taut_during_settle|tension_not_steady
235,235,35,5,10.0,1.5,rigid,5.0,0.7578947368421052,COL,stop_collision|speed_track_error|startup_joint_error|stop_joint_error,0.2425525183917221,0.915186882019043,RR_shank_joint,0.0,0.6328458715805606,0.75,0.3574794510193169,0.4194180808819723,0.7616803659871221,0.3994648790359497,pd,0.009375747740364416,0.01789093017578125,0.03271385864587913,0.04690210148692131,0.0,0.0,0.20713043212890625,0.20854949951171875,1.1899445056915283,0.47313382285729233,0.5028212093437858,,True,0.17160380738847736,0.782133936882019,0.40000000000000036,0.22383499145507812,0.25379544496536255,0.15308112946722108,False,False,rope_taut_during_settle
236,236,36,5,10.0,1.5,rigid,10.0,0.7578947368421052,COL,stop_collision|speed_track_error|startup_joint_error|stop_joint_error,0.24730996033896563,0.9113045930862427,RR_shank_joint,0.0,0.7169432336484702,,0.4652484189160168,0.5313102724983296,0.6898343873893221,0.5621236091852189,pd,0.0075973681856265785,0.01648712158203125,0.021974348805203672,0.04924313724040985,0.0,0.0,-0.004703521728515625,0.107879638671875,0.7823820114135742,0.45213828373086073,0.5007938742976847,,True,0.17353031141689354,0.5512956380844116,,0.000850677490234375,0.254966139793396,0.16733118977190653,False,False,rope_taut_during_settle
237,237,37,5,10.0,1.5,rigid,15.0,0.7578947368421052,COL,stop_collision|speed_track_error|startup_joint_error|stop_joint_error,0.24892091047812387,0.9264066219329834,RL_shank_joint,0.0,0.7735838867052837,,0.5243194821849465,0.6003166179515361,0.650453678543369,0.6463368844985962,pd,0.023078544596474862,0.050323486328125,0.0215979722445071,0.05163266882300377,0.0,0.0,-0.40291595458984375,0.07110595703125,0.6107560396194458,0.4794634180487165,0.5176427386737004,,True,0.18036616735409342,0.5157395601272583,,-0.3990364074707031,0.25407809019088745,0.13978378201343694,False,False,rope_taut_during_settle|tension_not_steady
238,238,38,5,10.0,1.5,inextensible,20.0,0.7578947368421052,SPD,speed_track_error|startup_joint_error|stop_joint_error,0.26246465703836375,0.9412976503372192,RR_shank_joint,0.0,0.6917592123172631,,0.5648516930826009,0.6407847827233963,0.6234322046115994,0.7313807162642479,pd,0.0270504959712175,0.05850982666015625,0.023000853637008982,0.056856583803892136,0.0,0.0,-0.8200874328613281,0.05823516845703125,0.4685550928115845,0.4487235100686533,0.5196974293227186,,False,0.19323179240131724,0.5808742046356201,,-0.8166618347167969,0.2514413893222809,0.1450432508402001,False,False,rope_not_continuously_taut|tension_not_steady
239,239,39,5,10.0,1.5,inextensible,25.0,0.7578947368421052,SPD,speed_track_error|startup_joint_error|stop_joint_error,0.2616837194150741,0.961058497428894,RR_shank_joint,0.0,0.7400445266027442,,0.6093757995590567,0.6975449195950976,0.5937494669606288,0.7828773027658462,pd,0.014995661732394375,0.03075408935546875,0.024615381631888804,0.055443912744522095,0.0,0.0,-1.0516128540039062,0.0230255126953125,0.2787061035633087,0.45265271362166004,0.49431171471303514,,False,0.19856095779921165,0.542069673538208,,-1.0479736328125,0.25384798645973206,0.1489069511016995,False,False,robot_not_tracking_command|rope_not_continuously_taut|tension_not_steady
240,240,0,6,0.0,1.0,compliant,10.0,0.7894736842105263,JNT,startup_joint_error|stop_joint_error,0.19086558760375363,0.875761866569519,RR_shank_joint,0.0,0.29291183544016575,0.575,0.05416945207864046,0.13422836343435554,0.9994543815776705,0.026745569109916687,pd,0.013434830304908297,0.02375030517578125,0.0069229019371274325,0.023053767159581184,0.0,0.0,-0.8359832763671875,,-0.16539128124713898,,,,,0.1464510743073218,0.5645692348480225,0.27500000000000036,0.14340972900390625,0.2538450360298157,0.06994210599503312,False,False,rope_taut_during_settle|robot_and_load_speeds_differ|tension_not_steady
241,241,1,6,0.0,1.0,compliant,15.0,0.7894736842105263,JNT,stop_margin_low|startup_joint_error|stop_joint_error,0.2128027044486825,0.8759385347366333,RL_shank_joint,0.0,0.3940340607743225,1.3,0.15684655493125318,0.2069851942553452,0.8473970823921263,0.12166441679000854,pd,0.013538665912659875,0.022705078125,0.02009497242393161,0.032176267355680466,0.0,0.0,0.5882377624511719,0.5994491577148438,0.8798522353172302,0.011982467047573664,0.02594694877575421,,False,0.1513128228907155,0.5815561413764954,0.5499999999999998,0.058322906494140625,0.2538520395755768,0.0848659971150984,False,False,load_moved_during_settle
242,242,2,6,0.0,1.0,compliant,20.0,0.7894736842105263,COL,stop_collision|startup_joint_error|stop_joint_error,0.2269814848971585,0.9020739793777466,RL_shank_joint,0.0,0.42123956895325404,,0.17633317002095283,0.22558664614843743,0.827980955755338,0.13376418769359588,pd,0.02010309534901838,0.03739166259765625,0.024237128443994928,0.041335366666316986,0.0,0.0,0.6050300598144531,0.6346969604492188,0.8752860426902771,-0.0007035857322463812,0.017604137186538082,1.375,True,0.14817107759535422,0.5397194623947144,0.25,0.08161544799804688,0.25383418798446655,0.09945914468023813,False,False,load_moved_during_settle
243,243,3,6,0.0,1.0,compliant,25.0,0.7894736842105263,COL,stop_collision|startup_joint_error|stop_joint_error,0.2350295077548947,0.8871687650680542,RR_shank_joint,0.0,0.464949540063825,,0.19852444651536644,0.2505188157237861,0.8045608973223716,0.1466606765985489,pd,0.01645941579462432,0.02463531494140625,0.01825524090214991,0.04246670752763748,0.0,0.0,0.6010932922363281,0.6431388854980469,0.8892176747322083,-0.0004678068166654725,0.011954089364429876,1.125,True,0.1480768569785228,0.5732396245002747,0.40000000000000036,0.0708465576171875,0.25384530425071716,0.09165728317306267,False,False,load_moved_during_settle
244,244,4,6,0.0,1.5,compliant,5.0,0.7894736842105263,COL,stop_collision|startup_joint_error|stop_joint_error,0.2451258171870821,0.925091028213501,RR_shank_joint,0.0,0.5342322020076781,,0.21580384783446788,0.2841212535793787,0.8561307681103547,0.170552659034729,pd,0.026389907405871882,0.04087066650390625,0.026389508513370272,0.04449574649333954,0.0,0.0,0.4042930603027344,0.3821868896484375,1.3391834497451782,0.3307222665909393,0.3307222665909393,,True,0.16173426966786492,0.6424866318702698,0.3250000000000002,0.20214462280273438,0.25385457277297974,0.09081779605031666,False,False,load_moved_during_settle
245,245,5,6,0.0,1.5,compliant,10.0,0.7894736842105263,JNT,stop_margin_low|startup_joint_error|stop_joint_error,0.2502436778065434,0.9298794269561768,RR_shank_joint,0.0,0.6148560227466133,,0.26374822314828633,0.32907611078396104,0.8241678512344758,0.2051452386379242,pd,0.036942360277280685,0.05467987060546875,0.038717123513456284,0.06772802770137787,0.0,0.0,0.6916160583496094,0.6856117248535156,1.3175849914550781,0.03974575282840931,0.03989111335468465,,False,0.1633606125730547,0.6615983843803406,0.5,0.19380950927734375,0.25383785367012024,0.11356957915918171,False,False,load_moved_during_settle|rope_not_continuously_taut
246,246,6,6,0.0,1.5,compliant,15.0,0.7894736842105263,COL,stop_collision|startup_joint_error|stop_joint_error,0.25322049508168887,0.9749399423599243,RR_shank_joint,0.0,0.6755382842985371,,0.28929100595414636,0.3573862250978371,0.8071393293639023,0.2116296648979187,pd,0.036895023251695025,0.06455230712890625,0.011477371366868855,0.025397710502147675,0.0,0.0,0.734222412109375,0.7585639953613281,1.2982157468795776,-0.00014569825372490186,0.011606630964642761,1.125,True,0.15591143956346173,0.6906967163085938,0.375,0.2130279541015625,0.2538543939590454,0.12161225623476313,False,False,load_moved_during_settle|rope_not_continuously_taut
247,247,7,6,0.0,1.5,compliant,20.0,0.7894736842105263,COL,stop_collision|speed_track_error|startup_joint_error|stop_joint_error,0.2596251029034155,1.0172709226608276,RR_shank_joint,0.0,0.7536444457602628,,0.3215820796787739,0.3990820921493419,0.7856119468808175,0.21550599932670594,pd,0.030237412099881726,0.048919677734375,0.01148451262497191,0.02585272677242756,0.0,0.0,0.7304496765136719,0.7759246826171875,1.3040906190872192,-0.0047722834777772505,0.031210457140318226,0.875,True,0.15734692043160503,0.8368014097213745,,0.23467254638671875,0.2538403868675232,0.1358842350500333,False,False,load_moved_during_settle|rope_not_continuously_taut
248,248,8,6,0.0,1.5,rigid,25.0,0.7894736842105263,JNT,startup_joint_error|stop_joint_error,0.22579907777196045,0.9253592491149902,RR_shank_joint,0.0,0.5010744367474682,0.5499999999999998,0.07722161516547203,0.2251696731512146,0.9711702474951744,0.021032721996307374,pd,0.016881059130644013,0.0334320068359375,0.03151162643287084,0.05897979810833931,0.0,0.0,-0.8402061462402344,,-0.2046354115009308,,,,,0.16657674286556123,0.7604950070381165,0.4500000000000002,0.24556732177734375,0.2538474202156067,0.08690099499509332,False,False,rope_taut_during_settle|robot_and_load_speeds_differ
249,249,9,6,0.0,0.5,rigid,5.0,0.7894736842105263,COL,stop_collision|startup_joint_error|stop_joint_error,0.17049019003624233,0.5935258865356445,RR_shank_joint,0.0,0.15650802196243802,0.375,0.04135783933103085,0.07591039832945863,0.9192684479057789,0.03198864579200745,pd,0.006815033804414189,0.009975433349609375,0.01473565960330548,0.04201885685324669,0.0,0.0,0.008392333984375,0.051555633544921875,0.5055820941925049,0.5188156672392097,0.5346721933807146,,True,0.12727692902657584,0.40448421239852905,0.4500000000000002,0.010608673095703125,0.2545450031757355,0.07819429290784852,False,False,rope_taut_during_settle
250,250,10,6,0.0,0.5,rigid,10.0,0.7894736842105263,JNT,startup_joint_error|stop_joint_error,0.1749472223326024,0.6016559600830078,RR_shank_joint,0.0,0.17408571754039834,,0.06234187201596796,0.08941807676681006,0.8753162559680641,0.048582727015018465,pd,0.008922901353011872,0.012676239013671875,0.013131353803086864,0.04177780821919441,0.0,0.0,-0.00736236572265625,0.0528411865234375,0.4365258514881134,0.5217344386506113,0.5266252681637837,,False,0.14235750521337964,0.4211462140083313,0.8250000000000002,-0.005626678466796875,0.25484612584114075,0.08164595288262357,False,False,rope_taut_during_settle
251,251,11,6,0.0,0.5,rigid,15.0,0.7894736842105263,JNT,startup_joint_error|stop_joint_error,0.1748551488229904,0.6208478212356567,RR_shank_joint,0.0,0.18341065490375352,,0.06546873115934432,0.09358867718134754,0.8690625376813114,0.04888942927122116,pd,0.005081397838557825,0.00830078125,0.012351463664905067,0.029991788789629936,0.0,0.0,0.005340576171875,0.0579376220703125,0.44454842805862427,0.5155597731745374,0.534863847543086,,False,0.13923412080949507,0.3945707082748413,0.6000000000000005,0.0068817138671875,0.25507646799087524,0.08567765385918767,False,False,rope_taut_during_settle
252,252,12,6,0.0,0.5,rigid,20.0,0.7894736842105263,JNT,startup_joint_error|stop_joint_error,0.17881979283282046,0.6016618013381958,RL_shank_joint,0.0,0.19262010664990958,,0.0727293899282813,0.0997764180169935,0.8545412201434374,0.05422432959079743,pd,0.006985311374391832,0.010868072509765625,0.015005213141906285,0.024987805634737015,0.0,0.0,0.005680084228515625,0.07115936279296875,0.4422846734523773,0.5215126064237126,0.5364652325889026,,False,0.15010744602568302,0.4479914903640747,,0.008419036865234375,0.2552614212036133,0.08335260876876988,False,False,rope_taut_during_settle
253,253,13,6,0.0,0.5,rigid,25.0,0.7894736842105263,JNT,startup_joint_error|stop_joint_error,0.1823624456956274,0.6057107448577881,RL_shank_joint,0.0,0.20034152741882036,0.6749999999999998,0.0786756525374949,0.10552600832003044,0.8426486949250102,0.06057573974132538,pd,0.008791303819226482,0.013713836669921875,0.01071956938923417,0.02421673759818077,0.0,0.0,0.042835235595703125,0.08598709106445312,0.45674315094947815,0.5136774560819788,0.5341525121995829,,False,0.13825586767186385,0.49749380350112915,0.9500000000000002,0.046142578125,0.2554142475128174,0.08336723433150543,False,False,rope_taut_during_settle
254,254,14,6,0.0,1.0,rigid,5.0,0.7894736842105263,COL,stop_collision|startup_joint_error|stop_joint_error,0.21449502396359715,0.8814098834991455,RR_shank_joint,0.0,0.3598385655005186,0.5499999999999998,0.1165323199518025,0.17814375953495268,0.8834676800481975,0.08141554057598115,pd,0.01623584376799545,0.028194427490234375,0.023329953295241405,0.04318280145525932,0.0,0.0,0.11357498168945312,0.12978363037109375,0.8894674777984619,0.5226199599681323,0.5340556308174129,,True,0.15103460574786012,0.5435042381286621,0.3250000000000002,0.11480712890625,0.25454169511795044,0.09090098667832452,False,False,rope_taut_during_settle
255,255,15,6,0.0,1.0,rigid,10.0,0.7894736842105263,COL,stop_collision|startup_joint_error|stop_joint_error,0.2229998663085598,0.8855171203613281,RL_shank_joint,0.0,0.40309488099750823,,0.14873726353049277,0.20554044475720246,0.8512627364695072,0.10742168664932251,pd,0.017260392022611246,0.026035308837890625,0.02544311624910889,0.04496239870786667,0.0,0.0,0.12664413452148438,0.16065597534179688,0.8979542851448059,0.5211229110622213,0.5383897136753362,,True,0.15639853183374902,0.6122291088104248,0.7250000000000005,0.12942123413085938,0.2548322379589081,0.09719875469134334,False,False,rope_taut_during_settle
256,256,16,6,0.0,1.0,inextensible,15.0,0.7894736842105263,JNT,startup_joint_error|stop_joint_error,0.19103756016156587,0.8760186433792114,RR_shank_joint,0.0,0.29255181387408785,0.575,0.05543317182920873,0.13439951801751232,1.0006800748500972,0.027626307606697084,pd,0.01440724892074087,0.025442123413085938,0.006705040143411098,0.02293444611132145,0.0,0.0,-0.7501564025878906,,-0.12188293039798737,,,,,0.15150525453058303,0.5381549596786499,0.27500000000000036,0.12517547607421875,0.2538450062274933,0.06605983304556204,False,False,rope_taut_during_settle|robot_and_load_speeds_differ
257,257,17,6,0.0,1.0,inextensible,20.0,0.7894736842105263,COL,stop_collision|startup_joint_error|stop_joint_error,0.2280835355728406,0.8759481906890869,RR_shank_joint,0.0,0.4173147383336533,,0.1797656495310366,0.2245276556165383,0.8228420298360288,0.13232504248619079,pd,0.018767884689379125,0.0341339111328125,0.02296411990238428,0.038619305938482285,0.0,0.0,0.6028175354003906,0.6328125,0.8861719369888306,-0.0005284953729969288,0.018631768837977347,1.25,True,0.1523677773827484,0.5747880339622498,0.25,0.08428955078125,0.2538490295410156,0.09838729739162955,False,False,load_moved_during_settle|rope_not_continuously_taut
258,258,18,6,0.0,1.0,inextensible,25.0,0.7894736842105263,COL,stop_collision|startup_joint_error|stop_joint_error,0.22250010966903758,0.8757920265197754,RR_shank_joint,0.0,0.4401870285395195,,0.19456473778933286,0.24042644031817928,0.8086622922495007,0.141573047041893,pd,0.012232617806008572,0.022130966186523438,0.020375264622688818,0.034493811428546906,0.0,0.0,0.5569877624511719,0.6467781066894531,0.9071864485740662,-0.00037766956079821057,0.05384599563743109,1.0,True,0.15828510517355826,0.5170931816101074,,0.07517623901367188,0.2538492679595947,0.07811866990193259,False,False,rope_not_continuously_taut
259,259,19,6,0.0,1.5,inextensible,5.0,0.7894736842105263,COL,stop_collision|startup_joint_error|stop_joint_error,0.24171389570198326,0.925682544708252,RR_shank_joint,0.0,0.5290708806471767,,0.21737715976312758,0.28342874965888776,0.8550818934912483,0.1716677415370941,pd,0.008240181226882208,0.01890873908996582,0.016653956546990565,0.02831047773361206,0.0,0.0,0.3270263671875,0.3817481994628906,1.3637348413467407,0.3584397076092145,0.41651706595426674,,True,0.16396798598740614,0.7524548172950745,0.35000000000000053,0.2119598388671875,0.2538498640060425,0.10881359628702333,False,True,
260,260,20,6,5.0,1.5,compliant,10.0,0.7894736842105263,JNT,startup_joint_error|stop_joint_error,0.25310507259962195,0.9367468357086182,RR_shank_joint,0.0,0.5978831236382105,,0.2949983863160014,0.35062655252019825,0.8033922613908847,0.2736649441719055,pd,0.019141163066591086,0.03045797348022461,0.011764254110329388,0.023977551609277725,0.0,0.0,0.24509048461914062,0.5068550109863281,1.2284220457077026,0.2745731270607763,0.5331814582524999,,False,0.14314862564535497,0.6858922243118286,0.375,0.22231292724609375,0.2538495659828186,0.08865615233369002,False,True,
261,261,21,6,5.0,1.5,compliant,15.0,0.7894736842105263,SPD,speed_track_error|startup_joint_error|stop_joint_error,0.2544542322006113,0.9249944686889648,RR_shank_joint,0.0,0.6499073580842918,,0.3411590708978474,0.39573357606255183,0.772595167843004,0.33568010687828065,pd,0.01576854486894696,0.02845478057861328,0.019733957691347042,0.03679705783724785,0.0,0.0,0.14345169067382812,0.4702186584472656,1.1998097896575928,0.26188205075469284,0.541043684999245,,False,0.1433855190544136,0.6222909092903137,0.3250000000000002,0.14481353759765625,0.25384992361068726,0.10850810080905979,False,True,
262,262,22,6,5.0,1.5,compliant,20.0,0.7894736842105263,COL,stop_collision|speed_track_error|startup_joint_error|stop_joint_error,0.2590712246777453,0.9487670660018921,RR_shank_joint,0.0,0.7066766743338616,,0.38057881373912095,0.4366052025187361,0.7463162977248431,0.3756796270608902,pd,0.021349029132904842,0.036881446838378906,0.01973008044023064,0.033730197697877884,0.0,0.0,0.025299072265625,0.4462890625,1.126880407333374,0.25392814231499017,0.5487992394330163,,True,0.15770608702669178,0.7385632991790771,0.3250000000000002,0.03350067138671875,0.25384992361068726,0.10835378806037141,False,False,rope_not_continuously_taut
263,263,23,6,5.0,1.5,compliant,25.0,0.7894736842105263,COL,stop_collision|speed_track_error|startup_joint_error|stop_joint_error,0.2621743752973403,0.9895819425582886,RR_shank_joint,0.0,0.7583138202966,,0.41727769704535606,0.4746293714731087,0.7218513887996475,0.4053263175487518,pd,0.0173532732521833,0.03791999816894531,0.021532621289542097,0.03707442432641983,0.0,0.0,-0.04511260986328125,0.3988800048828125,1.017738699913025,0.28006338016803767,0.5422626404077917,,True,0.1550814326945343,0.6139627695083618,0.5499999999999998,-0.03809356689453125,0.25385144352912903,0.08763991816828254,False,False,rope_not_continuously_taut|tension_not_steady
264,264,24,6,5.0,0.5,rigid,5.0,0.7894736842105263,JNT,startup_joint_error|stop_joint_error,0.16127187347968447,0.591475248336792,FL_shank_joint,0.0,0.13453304945436875,0.17499999999999982,0.036223964355885985,0.06660669237939291,1.0190463859587908,0.02703567534685135,pd,0.007218695668779138,0.011188507080078125,0.014857237465521186,0.039018284529447556,0.0,0.0,-0.2734107971191406,,-0.04885648190975189,,,,,0.15103526666518488,0.47816598415374756,0.7750000000000004,-0.045978546142578125,0.2538517415523529,0.1202374972980248,False,False,rope_taut_during_settle|robot_and_load_speeds_differ
265,265,25,6,5.0,0.5,rigid,10.0,0.7894736842105263,JNT,startup_joint_error|stop_joint_error,0.17404922961128547,0.6025180816650391,RR_shank_joint,0.0,0.17181761160305145,,0.053721733149141075,0.08511503336918275,0.8925565337017178,0.03834974348545075,pd,0.007592325794031798,0.00968170166015625,0.01810879526960468,0.04190701246261597,0.0,0.0,-0.04932403564453125,0.047214508056640625,0.4430646300315857,0.5193511673389892,0.5268991825722367,,False,0.14897165651283978,0.4297475814819336,,-0.047039031982421875,0.25489795207977295,0.14477442488317352,False,False,rope_taut_during_settle
266,266,26,6,5.0,0.5,rigid,15.0,0.7894736842105263,JNT,startup_joint_error|stop_joint_error,0.17169732771405924,0.6084975004196167,RR_shank_joint,0.0,0.1873195821143555,,0.06505242938175798,0.0940259148159809,0.869895141236484,0.048148873746395114,pd,0.004734113830416877,0.012264251708984375,0.012629185270435852,0.03507227078080177,0.0,0.0,-0.016841888427734375,0.06095123291015625,0.4656983017921448,0.5212720095364176,0.5315528991847671,,False,0.16370092421149313,0.5518490076065063,0.875,-0.014446258544921875,0.25516149401664734,0.15770517677672247,False,False,rope_taut_during_settle
267,267,27,6,5.0,0.5,rigid,20.0,0.7894736842105263,JNT,startup_joint_error|stop_joint_error,0.17913106435358928,0.6078207492828369,RR_shank_joint,0.0,0.18931718913474455,0.625,0.06372453022748231,0.0951672641204971,0.8725509395450354,0.049193705022335055,pd,0.005295793052522857,0.01313018798828125,0.026442623321765855,0.048192787915468216,0.0,0.0,-0.002025604248046875,0.0750274658203125,0.4474948048591614,0.5128783739914411,0.5445937535470335,,False,0.15330346594863012,0.46027863025665283,,0.000720977783203125,0.2553556561470032,0.152556330693362,False,False,rope_taut_during_settle
268,268,28,6,5.0,0.5,inextensible,25.0,0.7894736842105263,JNT,stop_margin_low|startup_joint_error|stop_joint_error,0.1682462123765505,0.5914484262466431,RR_shank_joint,0.0,0.1674849379853156,0.17499999999999982,0.07279532810673117,0.10261301773957297,0.8645060618594289,0.04885156512260437,pd,0.006257075870677,0.014408111572265625,0.012030740314492859,0.03894003480672836,0.0,0.0,0.45117950439453125,0.4360160827636719,0.4590231478214264,0.06665557714372738,0.06665557714372738,,False,0.14353848287399368,0.45899224281311035,0.625,-0.014057159423828125,0.2538517713546753,0.0722158323520348,False,False,rope_not_continuously_taut
269,269,29,6,5.0,1.0,inextensible,5.0,0.7894736842105263,COL,stop_collision|startup_joint_error|stop_joint_error,0.20897750880321672,0.8765923976898193,RR_shank_joint,0.0,0.3093702947639971,1.1249999999999998,0.13393559467047453,0.17454148484805987,0.8710255299881101,0.1331890743970871,pd,0.019309886555462084,0.036243438720703125,0.010622359037157848,0.02292984537780285,0.0,0.0,0.012805938720703125,0.13702011108398438,0.8375910520553589,0.4326910040306018,0.533935093981647,,True,0.1505386676643,0.47810107469558716,0.6749999999999998,0.017131805419921875,0.2538486123085022,0.11391196520155111,False,True,
270,270,30,6,10.0,1.0,compliant,10.0,0.7894736842105263,SPD,speed_track_error|startup_joint_error|stop_joint_error,0.21321657856901785,0.8768332004547119,RR_shank_joint,0.0,0.352580171296734,,0.2087792856991291,0.2518957291962339,0.7970053224265575,0.25425803184509277,pd,0.016729864644961324,0.031833648681640625,0.017518693085127796,0.029142051935195923,0.0,0.0,-0.07529449462890625,0.10451126098632812,0.6110657453536987,0.47350150259565993,0.5744628346668961,,False,0.15622182960666461,0.44544827938079834,,-0.0852813720703125,0.2538495361804962,0.15872577640415073,False,False,tension_not_steady
271,271,31,6,10.0,1.0,compliant,15.0,0.7894736842105263,SPD,speed_track_error|startup_joint_error|stop_joint_error,0.2157326348927739,0.8759263753890991,RR_shank_joint,0.0,0.3832719108791934,,0.22914869396947324,0.2755321399387231,0.776377859422937,0.2719194257259369,pd,0.019154002115601997,0.03238677978515625,0.013777012113874993,0.028764758259058,0.0,0.0,-0.3338508605957031,0.07506561279296875,0.5022351741790771,0.46790570072433724,0.5374064952375548,,False,0.17978792119018355,0.6000680923461914,,-0.3360099792480469,0.25385168194770813,0.15550709704586113,False,False,tension_not_steady
272,272,32,6,10.0,1.0,compliant,20.0,0.7894736842105263,JNT,startup_joint_error|stop_joint_error,0.1906823083008991,0.875835657119751,RR_shank_joint,0.0,0.2923428061338604,0.575,0.07590402976609767,0.14226968069233228,0.9499248216953129,0.06923797190189361,pd,0.03366784725594012,0.05381011962890625,0.03079791930912893,0.062256112694740295,0.0,0.0,-0.4617042541503906,,-0.0844196155667305,,,,,0.15882102903855017,0.5188329219818115,0.875,-0.004566192626953125,0.2538524568080902,0.172011829869461,False,False,rope_taut_during_settle|robot_and_load_speeds_differ|tension_not_steady
273,273,33,6,10.0,1.0,compliant,25.0,0.7894736842105263,SPD,speed_track_error|startup_joint_error|stop_joint_error,0.22774027644337932,0.8889865875244141,RL_shank_joint,0.0,0.42599672637322367,,0.2513647081051022,0.3035818464731932,0.7537653551902622,0.28585948020219804,pd,0.023325412054816422,0.0460357666015625,0.016160094917022416,0.029711874201893806,0.0,0.0,-0.4656829833984375,0.048969268798828125,0.392062246799469,0.4919022997992002,0.5552180259109107,,False,0.19025490425133684,0.5706309080123901,,-0.4577980041503906,0.2538500726222992,0.1636596589292732,False,False,rope_not_continuously_taut|tension_not_steady
274,274,34,6,10.0,1.5,rigid,5.0,0.7894736842105263,COL,stop_collision|speed_track_error|startup_joint_error|stop_joint_error,0.2426988308098031,0.9159125089645386,RR_shank_joint,0.0,0.6343988543965642,0.9749999999999999,0.357070625834167,0.4191926991754853,0.7619529161105554,0.39847837030887606,pd,0.0069717457264133285,0.01819610595703125,0.03549164737563955,0.05363316461443901,0.0,0.0,0.20100784301757812,0.2094268798828125,1.1881407499313354,0.5060234067460598,0.5362575240717788,,True,0.1755624942413148,0.8159646987915039,0.40000000000000036,0.21756744384765625,0.25254321098327637,0.15529351686530193,False,False,rope_taut_during_settle
275,275,35,6,10.0,1.5,rigid,10.0,0.7894736842105263,COL,stop_collision|speed_track_error|startup_joint_error|stop_joint_error,0.24837606239966017,0.9121187925338745,RL_shank_joint,0.0,0.7140793892925661,,0.47026771184057,0.5381813470406335,0.6864881921062866,0.5767351502180099,pd,0.013394580039679567,0.0233917236328125,0.021408413412107637,0.049749553203582764,0.0,0.0,-0.054317474365234375,0.11407089233398438,0.8019540905952454,0.4672571140453883,0.556493041046906,,True,0.17323865239657268,0.4999312162399292,0.9750000000000005,-0.047664642333984375,0.25436556339263916,0.167571514628398,False,False,rope_taut_during_settle
276,276,36,6,10.0,1.5,rigid,15.0,0.7894736842105263,SPD,speed_track_error|startup_joint_error|stop_joint_error,0.24937687453729804,0.9256691932678223,RL_shank_joint,0.0,0.7850413191508885,,0.5324846852011978,0.6086886407518707,0.6450102098658681,0.6572801399230958,pd,0.018063552049438485,0.03856658935546875,0.02463906259307555,0.05196680873632431,0.0,0.0,-0.34569549560546875,0.06595611572265625,0.5818154811859131,0.5089593320287307,0.5318812954564507,,False,0.1838012517672536,0.4920015335083008,,-0.3425178527832031,0.2551616430282593,0.1457878498195074,False,False,rope_taut_during_settle|tension_not_steady
277,277,37,6,10.0,1.5,rigid,20.0,0.7894736842105263,SPD,speed_track_error|startup_joint_error|stop_joint_error,0.25220762624848647,0.9306734800338745,RL_shank_joint,0.0,0.8379558356323862,,0.5703493038937449,0.6547320853334848,0.6197671307375033,0.6969985455274582,pd,0.01884990348768241,0.0382232666015625,0.022493880069597162,0.052815161645412445,0.0,0.0,-0.81304931640625,0.0480194091796875,0.46449947357177734,0.49462908584474263,0.5554889301422534,,False,0.18705667529389006,0.5020627975463867,,-0.8095970153808594,0.25402089953422546,0.15344859363225183,False,False,rope_taut_during_settle|tension_not_steady
278,278,38,6,10.0,1.5,inextensible,25.0,0.7894736842105263,SPD,speed_track_error|startup_joint_error|stop_joint_error,0.26011264470749895,0.9507611989974976,RR_shank_joint,0.0,0.7381462566309925,,0.6004762455262244,0.6861686538924668,0.5996825029825171,0.7670607495307923,pd,0.01884987060092891,0.031463623046875,0.02770085096973007,0.05957050248980522,0.0,0.0,-1.0475883483886719,0.034618377685546875,0.3117702305316925,0.4788756062271844,0.5243830490549612,,False,0.2046758131416241,0.572198748588562,,-1.0450248718261719,0.2538525462150574,0.14925336259839417,False,False,robot_not_tracking_command|rope_not_continuously_taut|tension_not_steady
279,279,39,6,10.0,0.5,inextensible,5.0,0.7894736842105263,JNT,startup_joint_error|stop_joint_error,0.16308505707941578,0.587823748588562,FL_shank_joint,0.0,0.1408435795381536,0.17499999999999982,0.045995320612564686,0.07382153205238477,0.9202910615317523,0.03776851624250412,pd,0.006658224478789511,0.0093841552734375,0.014587724217841692,0.03934406116604805,0.0,0.0,0.09091949462890625,0.08646011352539062,0.37379154562950134,0.39041505480656724,0.39065292711122623,,False,0.14724210496220394,0.4386885166168213,0.6500000000000004,-0.043670654296875,0.25385430455207825,0.17846788053366683,False,True,
280,280,0,7,0.0,1.0,compliant,15.0,0.8210526315789474,JNT,startup_joint_error|stop_joint_error,0.19090748183654027,0.8758341073989868,RR_shank_joint,0.0,0.2929696799682061,0.575,0.05438522514887154,0.13427227355179153,0.9993820053618401,0.02663466930389404,pd,0.013252674707566976,0.02353668212890625,0.024648273894093832,0.04192778095602989,0.0,0.0,-0.3395652770996094,-0.3235054016113281,-0.1593710333108902,,,,,0.1451115614372277,0.5631247758865356,0.40000000000000036,0.10694503784179688,0.2538488507270813,0.07025040175789768,False,False,rope_taut_during_settle|robot_and_load_speeds_differ|tension_not_steady
281,281,1,7,0.0,1.0,compliant,20.0,0.8210526315789474,COL,stop_collision|startup_joint_error|stop_joint_error,0.21823047311964486,0.8760538101196289,RL_shank_joint,0.0,0.4361234708796723,,0.18019545337185264,0.23170310837687622,0.8247960350848734,0.12990721225738525,pd,0.013328541268685951,0.02443695068359375,0.008373038375099827,0.022933319211006165,0.0,0.0,0.6852645874023438,0.6920089721679688,0.881954550743103,-0.0001802394489800463,0.001112547920278928,1.5,True,0.14832962793555238,0.6012710332870483,0.22500000000000053,0.10133743286132812,0.25385382771492004,0.08876105751453241,False,False,load_moved_during_settle
282,282,2,7,0.0,1.0,compliant,25.0,0.8210526315789474,JNT,startup_joint_error|stop_joint_error,0.23258577947458736,0.8761591911315918,RR_shank_joint,0.0,0.46068234105489075,,0.19875201534479855,0.24925914136988322,0.8054631440714002,0.15159344673156738,pd,0.01577669218776482,0.02167510986328125,0.019218478567346143,0.04981037974357605,0.0,0.0,0.4342384338378906,0.5170669555664062,0.849687397480011,0.1303907798075059,0.20523767524984748,,False,0.15085239124056013,0.5797959566116333,0.375,0.06377029418945312,0.25385165214538574,0.08876336873507061,False,False,load_moved_during_settle
283,283,3,7,0.0,1.5,compliant,5.0,0.8210526315789474,COL,stop_collision|startup_joint_error|stop_joint_error,0.23813873935507254,0.9254509210586548,RR_shank_joint,0.0,0.5300939163387318,,0.20210139226168394,0.2763572669890695,0.8652657384922108,0.15661076307296753,pd,0.011369621562311256,0.0188140869140625,0.020726018709144468,0.03515919670462608,0.0,0.0,0.4326057434082031,0.39765357971191406,1.3755836486816406,0.35501397488764397,0.35501397488764397,,True,0.16553226174628546,0.7735269665718079,0.375,0.2198200225830078,0.2538495361804962,0.11027756198108973,False,True,
284,284,4,7,0.0,1.5,compliant,10.0,0.8210526315789474,JNT,startup_joint_error|stop_joint_error,0.2501584187062114,0.9252004623413086,RR_shank_joint,0.0,0.6047959879464264,,0.25388775758445264,0.32083035448055,0.8307414949436982,0.1999461257457733,pd,0.026454374686788986,0.04280853271484375,0.03106098566762764,0.054148122668266296,0.0,0.0,0.6327381134033203,0.6347408294677734,1.2725552320480347,0.12202856262428696,0.12918460725455816,,False,0.1633858968316596,0.6515582203865051,0.47500000000000053,0.19356346130371094,0.25385552644729614,0.09755363957213875,False,False,load_moved_during_settle|rope_not_continuously_taut
285,285,5,7,0.0,1.5,compliant,15.0,0.8210526315789474,COL,stop_collision|startup_joint_error|stop_joint_error,0.25555734786380513,0.9914361238479614,RR_shank_joint,0.0,0.6907323435803322,,0.29734122211113573,0.3676615421144657,0.8017725185925761,0.21143604397773744,pd,0.017733045553487026,0.02526092529296875,0.025179633085824694,0.04371853172779083,0.0,0.0,0.7264690399169922,0.779754638671875,1.3219910860061646,-6.435533122228776e-05,0.041881043362831605,1.125,True,0.16111451731353127,0.703445553779602,0.35000000000000053,0.19942665100097656,0.25385069847106934,0.09532843050218628,False,False,load_moved_during_settle|rope_not_continuously_taut
286,286,6,7,0.0,1.5,compliant,20.0,0.8210526315789474,COL,stop_collision|speed_track_error|startup_joint_error|stop_joint_error,0.2633153592071704,1.0276674032211304,RR_shank_joint,0.0,0.7458955355560519,,0.3178212028555572,0.3936594274449031,0.7881191980962953,0.21007900118827819,pd,0.024407979294037138,0.03754425048828125,0.012637502235778274,0.028567789122462273,0.0,0.0,0.7616977691650391,0.7931995391845703,1.2849799394607544,-0.00041798170109785815,0.021178185205883437,1.0,True,0.15635028272655757,0.6949539184570312,,0.21854400634765625,0.2538543939590454,0.12093931299719055,False,False,load_moved_during_settle|rope_not_continuously_taut
287,287,7,7,0.0,1.5,compliant,25.0,0.8210526315789474,COL,stop_collision|speed_track_error|startup_joint_error|stop_joint_error,0.2631074064739945,1.0408533811569214,RR_shank_joint,0.0,0.8074670496439624,,0.3658965678140521,0.44150733838490697,0.756068954790632,0.24943713784217836,pd,0.017934374633527688,0.0284423828125,0.022826800401258087,0.03561276197433472,0.0,0.0,0.7117691040039062,0.8437767028808594,1.3000309467315674,-0.003632452689871002,0.08533856901339831,0.875,True,0.1621816542941112,0.7644611597061157,,0.22983932495117188,0.2538527250289917,0.11155483883683368,False,False,load_moved_during_settle|rope_not_continuously_taut
288,288,8,7,0.0,0.5,rigid,5.0,0.8210526315789474,JNT,startup_joint_error|stop_joint_error,0.16104573661519025,0.5889118909835815,FL_shank_joint,0.0,0.13607715549305105,0.19999999999999996,0.040081255091354254,0.06870494616639636,1.0384474558569492,0.03261512577533722,pd,0.007498638052515731,0.00972747802734375,0.01176866968160924,0.039842721074819565,0.0,0.0,-0.8137321472167969,,-0.14357726275920868,,,,,0.14998776993971613,0.4599539041519165,0.625,0.000667572021484375,0.25385063886642456,0.07690819757785658,False,False,rope_taut_during_settle|robot_and_load_speeds_differ|tension_not_steady
289,289,9,7,0.0,0.5,rigid,10.0,0.8210526315789474,JNT,startup_joint_error|stop_joint_error,0.1755983898334353,0.602564811706543,RR_shank_joint,0.0,0.17389030720287424,,0.06220676769502461,0.08952932646785203,0.8755864646099508,0.04875930845737457,pd,0.008759251737983803,0.012287139892578125,0.013342856235043336,0.04190576821565628,0.0,0.0,-0.00722503662109375,0.0526275634765625,0.437120258808136,0.553641788302059,0.5583180818535354,,False,0.14253345945276,0.42025166749954224,0.7999999999999998,-0.005641937255859375,0.25477632880210876,0.08152776820262117,False,False,rope_taut_during_settle
290,290,10,7,0.0,0.5,rigid,15.0,0.8210526315789474,JNT,startup_joint_error|stop_joint_error,0.17705811714353534,0.6079694032669067,RR_shank_joint,0.0,0.184225578567614,,0.06495912964455783,0.09377122282385973,0.8700817407108843,0.04859818756580353,pd,0.004873486751650402,0.00853729248046875,0.013590470986806472,0.02917354553937912,0.0,0.0,0.024211883544921875,0.06339645385742188,0.4418860673904419,0.5437376025075764,0.5678623948993575,,False,0.15313946240795648,0.46595054864883423,0.7750000000000004,0.025974273681640625,0.2550162076950073,0.08563905379384847,False,False,rope_taut_during_settle
291,291,11,7,0.0,0.5,rigid,20.0,0.8210526315789474,JNT,startup_joint_error|stop_joint_error,0.1767510266923115,0.6027508974075317,RL_shank_joint,0.0,0.19119970021129262,,0.07215190121904015,0.0991467618680429,0.8556961975619197,0.05255941718816757,pd,0.006835098232498874,0.01129913330078125,0.013470663076662334,0.026571936905384064,0.0,0.0,-0.014034271240234375,0.07023239135742188,0.44114524126052856,0.5536554288213438,0.568701018494238,,False,0.15291359787915978,0.46195465326309204,,-0.01074981689453125,0.2551749348640442,0.08000226819324424,False,False,rope_taut_during_settle
292,292,12,7,0.0,0.5,rigid,25.0,0.8210526315789474,JNT,startup_joint_error|stop_joint_error,0.18182744967698006,0.6070835590362549,RL_shank_joint,0.0,0.2001969899432599,,0.0787026772648096,0.10516414403777205,0.8425946454703808,0.05842963606119156,pd,0.00918650251379144,0.014453887939453125,0.010650466815545892,0.026121053844690323,0.0,0.0,0.044025421142578125,0.08730697631835938,0.46355411410331726,0.5479117958453799,0.5661952646119559,,False,0.13994444145212295,0.47519850730895996,,0.047107696533203125,0.2553200423717499,0.08577385718957609,False,False,rope_taut_during_settle
293,293,13,7,0.0,1.0,rigid,5.0,0.8210526315789474,COL,stop_collision|startup_joint_error|stop_joint_error,0.21566099925570162,0.8812106847763062,RR_shank_joint,0.0,0.3608215533806172,0.5499999999999998,0.1254906445555389,0.1828424397462981,0.8745093554444611,0.09441187679767608,pd,0.02080042144505897,0.04180908203125,0.00857693445738127,0.025325780734419823,0.0,0.0,0.128997802734375,0.13228225708007812,0.8816990852355957,0.5446957201448015,0.5678383123510571,,True,0.14768840790049084,0.5858679413795471,0.35000000000000053,0.13044357299804688,0.2544754147529602,0.10216577935360388,False,False,rope_taut_during_settle
294,294,14,7,0.0,1.0,rigid,10.0,0.8210526315789474,COL,stop_collision|startup_joint_error|stop_joint_error,0.22300297392038265,0.882850170135498,RR_shank_joint,0.0,0.40580635860296616,2.375,0.14849160129204392,0.20673020515479643,0.851508398707956,0.10772383689880372,pd,0.017365278778825724,0.0249786376953125,0.029355984583378136,0.051678676158189774,0.0,0.0,0.12724685668945312,0.15627670288085938,0.8895599842071533,0.5509536580238574,0.5716221363185241,,True,0.15376268671948107,0.6038957834243774,0.5750000000000002,0.13013458251953125,0.2547769248485565,0.09485250022874422,False,False,rope_taut_during_settle
295,295,15,7,0.0,1.0,rigid,15.0,0.8210526315789474,JNT,startup_joint_error|stop_joint_error,0.22418636520849275,0.8880801200866699,RL_shank_joint,0.0,0.44679764389020404,,0.1689749963954091,0.22753101656814198,0.8310250036045909,0.11305436491966248,pd,0.020471962445316107,0.03925895690917969,0.019772321307764924,0.03845638781785965,0.0,0.0,0.14653396606445312,0.18746566772460938,0.8648167252540588,0.5515779831080252,0.5708629676503065,,False,0.1540266647599372,0.6112086772918701,0.6749999999999998,0.14826202392578125,0.25500383973121643,0.09147074581793595,False,False,rope_taut_during_settle
296,296,16,7,0.0,1.0,inextensible,20.0,0.8210526315789474,JNT,startup_joint_error|stop_joint_error,0.1909576748336194,0.8756186962127686,RR_shank_joint,0.0,0.2923705562617772,0.575,0.05397561052814126,0.13394211163024325,0.9991106452606618,0.026683743596076965,pd,0.01266375033710134,0.024030685424804688,0.006324053009093819,0.022997504100203514,0.0,0.0,-0.01229095458984375,0.0,-0.015304828993976116,,,,,0.14819740812375348,0.5942203402519226,0.2999999999999998,0.14350509643554688,0.2538483738899231,0.06936316974905211,False,False,rope_taut_during_settle|robot_and_load_speeds_differ
297,297,17,7,0.0,1.0,inextensible,25.0,0.8210526315789474,COL,stop_collision|startup_joint_error|stop_joint_error,0.223734255306094,0.8764472007751465,RR_shank_joint,0.0,0.4301470700312618,,0.19963651337660848,0.2401841384932731,0.8044658406730741,0.15875669062137604,pd,0.01668449382567709,0.022284507751464844,0.014255317890312515,0.04064769670367241,0.0,0.0,0.6229782104492188,0.6827430725097656,0.8691990971565247,-0.0005758216534275107,0.038073158673711305,1.25,True,0.14657216461158187,0.5970787405967712,0.40000000000000036,0.09534835815429688,0.2538515329360962,0.09363845180543778,False,False,rope_not_continuously_taut
298,298,18,7,0.0,1.5,inextensible,5.0,0.8210526315789474,COL,stop_collision|startup_joint_error|stop_joint_error,0.24146161846126185,0.9261239767074585,RR_shank_joint,0.0,0.5278662429915907,,0.2083092258684337,0.2782316356542032,0.8611271827543775,0.16063546538352966,pd,0.012867141624467913,0.02002429962158203,0.02456356268985983,0.041553303599357605,0.0,0.0,0.3645668029785156,0.3669548034667969,1.3508362770080566,0.39814064328529497,0.40498020514977284,,True,0.16436802120640076,0.6741040945053101,0.4500000000000002,0.2034320831298828,0.25385165214538574,0.10023188009462806,False,True,
299,299,19,7,0.0,1.5,inextensible,10.0,0.8210526315789474,JNT,startup_joint_error|stop_joint_error,0.2528829476487108,0.9252479076385498,RR_shank_joint,0.0,0.5853544189134267,,0.24927952658385039,0.31266117758562395,0.8338136489440998,0.19111750841140748,pd,0.025994029625450495,0.04102802276611328,0.02804652978845215,0.04781311750411987,0.0,0.0,0.6355247497558594,0.6453037261962891,1.2946891784667969,0.11265555365914537,0.12703216639884118,,False,0.16359969920758924,0.6637573838233948,0.5,0.19382286071777344,0.2538521885871887,0.09642760551497577,False,False,rope_not_continuously_taut
300,300,20,7,5.0,1.5,compliant,15.0,0.8210526315789474,SPD,speed_track_error|startup_joint_error|stop_joint_error,0.24098985104652237,0.9257907867431641,RR_shank_joint,0.0,0.6637798610431301,,0.3429108022712171,0.3999772913869615,0.7714733887339632,0.3309964573383331,pd,0.011646658051015852,0.026094675064086914,0.02770753052485316,0.06426499783992767,0.0,0.0,0.07139968872070312,0.4606285095214844,1.1721341609954834,0.3064182247182359,0.5924377250296722,,False,0.15209451994207684,0.6986539363861084,0.35000000000000053,0.05769538879394531,0.2510404884815216,0.10818732032411515,False,True,
301,301,21,7,5.0,1.5,compliant,20.0,0.8210526315789474,SPD,speed_track_error|startup_joint_error|stop_joint_error,0.25786279014964425,0.9371765851974487,RR_shank_joint,0.0,0.6987758809171458,,0.3807047850638628,0.43601674534409685,0.7462904655436674,0.3788834810256958,pd,0.017364584895839866,0.03239154815673828,0.025668025221557072,0.057045042514801025,0.0,0.0,0.0694427490234375,0.4520111083984375,1.100967288017273,0.26806754675494915,0.5590099450958164,,False,0.15475972635229998,0.6785168647766113,0.2999999999999998,0.0685272216796875,0.25385239720344543,0.11016997273880076,False,True,
302,302,22,7,5.0,1.5,compliant,25.0,0.8210526315789474,COL,stop_collision|speed_track_error|startup_joint_error|stop_joint_error,0.26694191545668905,0.9471553564071655,RR_shank_joint,0.0,0.7464341652064056,,0.41529769949615003,0.4720017974356454,0.7231741114954153,0.40898451328277585,pd,0.015676149557114043,0.032973289489746094,0.02159148049378403,0.041121285408735275,0.0,0.0,0.022121429443359375,0.4054756164550781,0.9937807321548462,0.3020837927127289,0.561577951012957,,True,0.16032496123248083,0.6686785221099854,0.3250000000000002,0.026760101318359375,0.2538521885871887,0.11071313190619461,False,False,rope_not_continuously_taut|tension_not_steady
303,303,23,7,5.0,0.5,compliant,5.0,0.8210526315789474,JNT,startup_joint_error|stop_joint_error,0.16260347728222982,0.5924737453460693,FL_shank_joint,0.0,0.13948502926485132,0.17499999999999982,0.042765421560034156,0.07067242093820719,0.9272371024079621,0.032174232006073,pd,0.008468065072279107,0.011812210083007812,0.01204351833566688,0.039447396993637085,0.0,0.0,0.10794448852539062,0.10360336303710938,0.4348498582839966,0.41566132983334114,0.41587089716688297,,False,0.15101900759036527,0.44469690322875977,0.8250000000000002,-0.038494110107421875,0.253852516412735,0.1289093805523947,False,True,
304,304,24,7,5.0,0.5,rigid,10.0,0.8210526315789474,JNT,startup_joint_error|stop_joint_error,0.16110546010016893,0.589506983757019,FL_shank_joint,0.0,0.13431594875760408,0.17499999999999982,0.03714971861802042,0.06722069594255593,1.022077424097806,0.027744129598140717,pd,0.006810929467170283,0.01000213623046875,0.017783146105356605,0.03914055600762367,0.0,0.0,-0.2591667175292969,,-0.04712621867656708,,,,,0.1501807731720774,0.4604208469390869,0.75,-0.0588836669921875,0.25385257601737976,0.11664713393258772,False,False,rope_taut_during_settle|robot_and_load_speeds_differ
305,305,25,7,5.0,0.5,rigid,15.0,0.8210526315789474,JNT,startup_joint_error|stop_joint_error,0.16882819319593623,0.6065487861633301,RR_shank_joint,0.0,0.18357021568428658,1.325,0.06053120108321309,0.09160572059041139,0.8789375978335738,0.04707801550626755,pd,0.006472167418345712,0.011089324951171875,0.014483351735888803,0.03706187754869461,0.0,0.0,-0.039276123046875,0.061725616455078125,0.45706799626350403,0.5496037382165753,0.5735186394977774,,False,0.1511992298951142,0.5005146861076355,,-0.034206390380859375,0.25509440898895264,0.135852425888113,False,False,rope_taut_during_settle
306,306,26,7,5.0,0.5,rigid,20.0,0.8210526315789474,JNT,startup_joint_error|stop_joint_error,0.1792435543798559,0.6085705757141113,RR_shank_joint,0.0,0.190252108962433,0.625,0.06338153537362815,0.09531397401791414,0.8732369292527438,0.04866590917110443,pd,0.005192840405763288,0.0127410888671875,0.024208886926953846,0.04129136726260185,0.0,0.0,-0.001251220703125,0.07543563842773438,0.4467114210128784,0.5454609333044331,0.5747807569464314,,False,0.15281815037719043,0.4630626440048218,,0.00141143798828125,0.25530290603637695,0.15214101785074075,False,False,rope_taut_during_settle
307,307,27,7,5.0,0.5,rigid,25.0,0.8210526315789474,JNT,startup_joint_error|stop_joint_error,0.18018130829877593,0.6095058917999268,RL_shank_joint,0.0,0.20003213461596367,,0.06530199954286217,0.0988121802553313,0.8693960009142756,0.046725135445594784,pd,0.004921421425194742,0.012157440185546875,0.021322841086028582,0.039367787539958954,0.0,0.0,-0.00272369384765625,0.08049774169921875,0.44962623715400696,0.5468507102197364,0.5746415992810867,,False,0.15147101520073883,0.47441428899765015,,-2.288818359375e-05,0.2554332911968231,0.14437928996150928,False,False,rope_taut_during_settle
308,308,28,7,5.0,1.0,inextensible,5.0,0.8210526315789474,COL,stop_collision|startup_joint_error|stop_joint_error,0.20987222486449947,0.8758678436279297,RR_shank_joint,0.0,0.30853092872100607,1.325,0.1328122130315751,0.17374796922321922,0.8722066363412887,0.1315865236520767,pd,0.020263868079744975,0.039241790771484375,0.013550897106992203,0.025087399408221245,0.0,0.0,0.004871368408203125,0.13393402099609375,0.8185341954231262,0.4735862547356149,0.562302202743048,,True,0.15135178953626288,0.44804489612579346,0.7250000000000005,0.008991241455078125,0.2538517117500305,0.11740636038695168,False,True,
309,309,29,7,5.0,1.0,inextensible,10.0,0.8210526315789474,COL,stop_collision|startup_joint_error|stop_joint_error,0.21265793674359318,0.8760315179824829,RL_shank_joint,0.0,0.33448981777258713,,0.157490932745859,0.19466151347022484,0.8475745250750333,0.1557635885477066,pd,0.02822399738744504,0.046596527099609375,0.01960578903977641,0.044576410204172134,0.0,0.0,-0.06561279296875,0.17404937744140625,0.7787686586380005,0.447734768270891,0.5768426282504109,,True,0.15885087766537723,0.5318192839622498,0.6749999999999998,-0.0593719482421875,0.2538517117500305,0.11142663758939757,False,True,
310,310,30,7,10.0,1.0,compliant,15.0,0.8210526315789474,SPD,speed_track_error|startup_joint_error|stop_joint_error,0.21876487443359807,0.8768548965454102,RR_shank_joint,0.0,0.389608322464247,,0.22745459261350334,0.2732782679373128,0.7789958554226906,0.264912511408329,pd,0.019805271794133144,0.034549713134765625,0.01669946909927577,0.03914061561226845,0.0,0.0,-0.2919197082519531,0.08847808837890625,0.5052759647369385,0.514361562023069,0.5955018746336762,,False,0.17481571606974305,0.5458793640136719,,-0.3000602722167969,0.25385209918022156,0.1634986445380319,False,False,tension_not_steady
311,311,31,7,10.0,1.0,compliant,20.0,0.8210526315789474,SPD,speed_track_error|startup_joint_error|stop_joint_error,0.22032918951651312,0.8758257627487183,RR_shank_joint,0.0,0.42243315242544077,,0.2415850467607379,0.2924490317779605,0.7643700628355146,0.27414666950702665,pd,0.017260696978501855,0.0317840576171875,0.012209086148033716,0.027892211452126503,0.0,0.0,-0.291015625,0.06493377685546875,0.427028089761734,0.5036591632752163,0.5583400814192672,,False,0.17576999315058595,0.599830150604248,,-0.2969207763671875,0.25385189056396484,0.15736339213109934,False,False,tension_not_steady
312,312,32,7,10.0,1.0,compliant,25.0,0.8210526315789474,JNT,startup_joint_error|stop_joint_error,0.19107632903160995,0.8766282796859741,RR_shank_joint,0.0,0.2929125114795258,0.575,0.0760364613123238,0.14248864571496833,0.9496579757146537,0.06913665413856507,pd,0.033509448281790574,0.0535125732421875,0.02873999533939838,0.058916885405778885,0.0,0.0,-0.455291748046875,,-0.08541020005941391,,,,,0.1583743695973738,0.5180140733718872,0.8500000000000005,-0.003955841064453125,0.25385257601737976,0.17191499918038533,False,False,rope_taut_during_settle|robot_and_load_speeds_differ|tension_not_steady
313,313,33,7,10.0,1.5,compliant,5.0,0.8210526315789474,COL,stop_collision|speed_track_error|startup_joint_error|stop_joint_error,0.23903163319702592,0.9251711368560791,RR_shank_joint,0.0,0.5299138425417156,0.9749999999999999,0.3377447348088026,0.39039165151865624,0.7748730973899365,0.4002297168970108,pd,0.034312136157059,0.05287933349609375,0.019374813061666937,0.05025585740804672,0.0,0.0,0.19956588745117188,0.21089935302734375,1.2215502262115479,0.5402946328305873,0.5561608532421403,,True,0.14255081027709762,0.5887706875801086,0.375,0.21389198303222656,0.2537422776222229,0.1569010416179976,False,False,rope_not_continuously_taut
314,314,34,7,10.0,1.5,rigid,10.0,0.8210526315789474,COL,stop_collision|speed_track_error|startup_joint_error|stop_joint_error,0.24887245957443893,0.9111835956573486,RR_shank_joint,0.0,0.7136804790010294,,0.4699897422082722,0.537281497894386,0.6866735051944852,0.5756028670072556,pd,0.010902339485662601,0.02508544921875,0.023247503463196824,0.0491693913936615,0.0,0.0,-0.031810760498046875,0.12523651123046875,0.8240948915481567,0.5039020932348564,0.5646220060232849,,True,0.17171999508545693,0.5458090305328369,,-0.028675079345703125,0.25287550687789917,0.16142781760666486,False,False,rope_taut_during_settle
315,315,35,7,10.0,1.5,rigid,15.0,0.8210526315789474,SPD,speed_track_error|startup_joint_error|stop_joint_error,0.24622261472592585,0.9255691766738892,RL_shank_joint,0.0,0.7810170745553386,,0.5241906738467514,0.598607893199847,0.6505395507688324,0.6383533376455307,pd,0.019607420075210494,0.0382537841796875,0.02294069564641336,0.05245102569460869,0.0,0.0,-0.3204078674316406,0.06887435913085938,0.592532753944397,0.5554620884600467,0.5707601079900542,,False,0.1788367961149771,0.526625394821167,,-0.3165473937988281,0.2550967037677765,0.14362609334849583,False,False,rope_taut_during_settle|tension_not_steady
316,316,36,7,10.0,1.5,rigid,20.0,0.8210526315789474,SPD,speed_track_error|startup_joint_error|stop_joint_error,0.2517871466623511,0.9305945634841919,RL_shank_joint,0.0,0.8360768876925171,,0.5726794481649995,0.6566741680745103,0.6182137012233336,0.7005768996477127,pd,0.031304315306958534,0.067169189453125,0.025206614106169638,0.056831568479537964,0.0,0.0,-0.9261932373046875,0.0573577880859375,0.4648383855819702,0.49956434285416407,0.5683322675886018,,False,0.1976335226101556,0.563530683517456,,-0.9247283935546875,0.25133979320526123,0.15191453114870093,False,False,rope_taut_during_settle|tension_not_steady
317,317,37,7,10.0,1.5,rigid,25.0,0.8210526315789474,SPD,speed_track_error|startup_joint_error|stop_joint_error,0.2540106022921855,0.9309350252151489,RL_shank_joint,0.0,0.8855008854285993,,0.6050734874978662,0.6977897293859447,0.5966176750014226,0.7282483348250389,pd,0.01788679840520413,0.03424072265625,0.024927006686708608,0.056443341076374054,0.0,0.0,-1.0001754760742188,0.034938812255859375,0.32551559805870056,0.513363679411384,0.5553567989676935,,False,0.2057902127264231,0.5947208404541016,,-0.9980125427246094,0.25543278455734253,0.15336407893179183,False,False,rope_taut_during_settle|tension_not_steady
318,318,38,7,10.0,0.5,inextensible,5.0,0.8210526315789474,JNT,startup_joint_error|stop_joint_error,0.16253254671539002,0.5895565748214722,FL_shank_joint,0.0,0.13995327933700896,0.19999999999999996,0.04940716290846467,0.07572405710500785,0.9157255120202898,0.03728032112121582,pd,0.007682851261039763,0.01215362548828125,0.015005670442471029,0.03969833627343178,0.0,0.0,0.10776901245117188,0.1034088134765625,0.42920586466789246,0.40421601757533665,0.40421601757533665,,False,0.1496000005849138,0.467892050743103,0.7750000000000004,-0.05016326904296875,0.2538541853427887,0.18154345000704686,False,True,
319,319,39,7,10.0,0.5,inextensible,10.0,0.8210526315789474,JNT,startup_joint_error|stop_joint_error,0.16385866864365298,0.5880682468414307,RR_shank_joint,0.0,0.1485801126420383,0.17499999999999982,0.05737634882330894,0.08391095531344013,0.8983727267384529,0.040752233266830445,pd,0.007944259263249613,0.0107879638671875,0.013502031985086689,0.039241909980773926,0.0,0.0,0.18166351318359375,0.17392730712890625,0.40439659357070923,0.32550063445104627,0.32550063445104627,,False,0.15030328778051733,0.4520155191421509,0.75,-0.055591583251953125,0.2538527250289917,0.19641611690922633,False,False,rope_not_continuously_taut
320,320,0,8,0.0,1.0,compliant,20.0,0.8526315789473684,JNT,startup_joint_error|stop_joint_error,0.1906906243136053,0.8757833242416382,RR_shank_joint,0.0,0.29300505840928603,0.575,0.05510586425662041,0.1344482049282494,1.000023560076952,0.027963462471961974,pd,0.013105710673378177,0.02373504638671875,0.006844211653294503,0.022904805839061737,0.0,0.0,-1.092214584350586,,-0.17152903974056244,,,,,0.14849180631673203,0.5654677748680115,0.2999999999999998,0.1446857452392578,0.2538471221923828,0.06846143021718733,False,False,rope_taut_during_settle|robot_and_load_speeds_differ|tension_not_steady
321,321,1,8,0.0,1.0,compliant,25.0,0.8526315789473684,COL,stop_collision|speed_track_error|startup_joint_error|stop_joint_error,0.21748470881177748,0.8756588697433472,RL_shank_joint,0.0,0.4757259213036602,,0.21639421452768148,0.26447987828546327,0.7884134579729288,0.16586966216564178,pd,0.015081496573788856,0.02576446533203125,0.009989176222533277,0.02292768284678459,0.0,0.0,0.6366462707519531,0.6962852478027344,0.8694260120391846,0.0009120208067656677,0.04799027359008079,,True,0.14425273149554466,0.4805501699447632,0.5750000000000002,0.06728553771972656,0.25385233759880066,0.10140576993912359,False,False,load_moved_during_settle
322,322,2,8,0.0,1.5,compliant,5.0,0.8526315789473684,COL,stop_collision|startup_joint_error|stop_joint_error,0.2387053736921695,0.9249271154403687,RR_shank_joint,0.0,0.5331223782200404,,0.21895088877528907,0.28593800153263255,0.8540754638363918,0.17286851048469543,pd,0.020260833254682416,0.0298614501953125,0.02529636404616429,0.04238470271229744,0.0,0.0,0.4317817687988281,0.4216632843017578,1.3503952026367188,0.36182805665073303,0.36182805665073303,,True,0.16184438684935537,0.745935320854187,0.5250000000000004,0.19002151489257812,0.2538500726222992,0.09614683957412173,False,True,
323,323,3,8,0.0,1.5,compliant,10.0,0.8526315789473684,JNT,startup_joint_error|stop_joint_error,0.24136755567154788,0.9253958463668823,RR_shank_joint,0.0,0.6041667939752711,,0.2584289469756186,0.3242483163782706,0.8277140353495875,0.20247786045074462,pd,0.02523712539671984,0.05187225341796875,0.02637433271861409,0.04505229368805885,0.0,0.0,0.6167125701904297,0.6630592346191406,1.2949070930480957,0.13837648107163503,0.1840567219684921,,False,0.15180614180572224,0.6777064800262451,0.375,0.2003002166748047,0.2538471817970276,0.11959597498132181,False,False,load_moved_during_settle
324,324,4,8,0.0,1.5,compliant,15.0,0.8526315789473684,COL,stop_collision|startup_joint_error|stop_joint_error,0.25421201982246744,0.9781852960586548,RR_shank_joint,0.0,0.6883345967005541,,0.28821576381102204,0.36190264062339567,0.8078561574593186,0.212287540435791,pd,0.023572885574041327,0.033599853515625,0.028501449068779057,0.05128752812743187,0.0,0.0,0.7400760650634766,0.8051986694335938,1.2895230054855347,0.0017816710700664373,0.06202450204943233,,True,0.16258778831517154,0.7337766885757446,0.35000000000000053,0.20342254638671875,0.25385403633117676,0.10724386513283639,False,False,load_moved_during_settle|rope_not_continuously_taut
325,325,5,8,0.0,1.5,compliant,20.0,0.8526315789473684,COL,stop_collision|speed_track_error|startup_joint_error|stop_joint_error,0.25358607951720513,1.0174285173416138,RR_shank_joint,0.0,0.7536212685775769,,0.3399475358054042,0.41055238873442274,0.7733683094630638,0.2541541063785553,pd,0.01976650916410287,0.0303497314453125,0.020742859699509137,0.05209851637482643,0.0,0.0,0.7561264038085938,0.8035907745361328,1.2078509330749512,-0.0026517798008391935,0.02617279702510089,1.125,True,0.155186135146746,0.5892473459243774,0.2999999999999998,0.18434524536132812,0.25384950637817383,0.09568955583848673,False,False,load_moved_during_settle|rope_not_continuously_taut
326,326,6,8,0.0,1.5,compliant,25.0,0.8526315789473684,COL,stop_collision|speed_track_error|startup_joint_error|stop_joint_error,0.2649822269545451,1.0479816198349,RR_shank_joint,0.0,0.8194178812427573,,0.3618006857484579,0.44340602107860666,0.7587995428343614,0.23675958514213563,pd,0.020065616545291765,0.02887725830078125,0.014217252152947493,0.03286924213171005,0.0,0.0,0.8088760375976562,0.8686656951904297,1.2951749563217163,-0.00022481290955411737,0.045326001010540296,0.875,True,0.15865478863050275,0.6907892227172852,,0.2526206970214844,0.253853976726532,0.0972795813794842,False,False,load_moved_during_settle|rope_not_continuously_taut
327,327,7,8,0.0,0.5,compliant,5.0,0.8526315789473684,JNT,startup_joint_error|stop_joint_error,0.16277497164781715,0.5922558307647705,FL_shank_joint,0.0,0.14219334374664172,0.19999999999999996,0.043495909059420225,0.07188627283478047,0.9291909108869731,0.030710538625717165,pd,0.006529681737110143,0.0111083984375,0.012323072897725988,0.03988347947597504,0.0,0.0,0.04117393493652344,0.09781646728515625,0.451356440782547,0.5066463635177207,0.554028745052662,,False,0.12583659730129043,0.37093210220336914,0.40000000000000036,-0.001316070556640625,0.25385087728500366,0.07711222585792497,False,True,
328,328,8,8,0.0,0.5,rigid,10.0,0.8526315789473684,JNT,startup_joint_error|stop_joint_error,0.1611783987077327,0.5884463787078857,FL_shank_joint,0.0,0.1349787795692888,0.17499999999999982,0.03841433259658515,0.06789960760926902,1.0332620137371122,0.03276657640933991,pd,0.008008393397891148,0.01033782958984375,0.010812969388850532,0.039086565375328064,0.0,0.0,-0.6775836944580078,,-0.1178017184138298,,,,,0.1479403671503952,0.45566052198410034,0.625,-0.014430999755859375,0.2538488805294037,0.08218551869434375,False,False,rope_taut_during_settle|robot_and_load_speeds_differ
329,329,9,8,0.0,0.5,rigid,15.0,0.8526315789473684,JNT,startup_joint_error|stop_joint_error,0.17526582591063922,0.5977462530136108,RR_shank_joint,0.0,0.19087030610124348,,0.07076468613930047,0.09693464035339254,0.858470627721399,0.04823404252529144,pd,0.004758993032546564,0.0099029541015625,0.013093829231655326,0.02761748805642128,0.0,0.0,-0.0011997222900390625,0.06062889099121094,0.44480282068252563,0.5782257901669254,0.600060683205264,,False,0.15387248703010598,0.4270470142364502,,0.0008525848388671875,0.25495192408561707,0.08901024859853396,False,False,rope_taut_during_settle
330,330,10,8,0.0,0.5,rigid,20.0,0.8526315789473684,JNT,startup_joint_error|stop_joint_error,0.17655264660008305,0.5892829895019531,RR_shank_joint,0.0,0.18744862775208745,,0.07666969604790211,0.10011441346872096,0.8466606079041958,0.05754476368427277,pd,0.006299198543954103,0.009796142578125,0.011815627673372549,0.03181685134768486,0.0,0.0,-0.00286102294921875,0.06779098510742188,0.44527241587638855,0.5833819947287111,0.5990171660792392,,False,0.14689794208719392,0.4354822039604187,,-0.000732421875,0.25509580969810486,0.08161329253828166,False,False,rope_taut_during_settle
331,331,11,8,0.0,0.5,rigid,25.0,0.8526315789473684,JNT,startup_joint_error|stop_joint_error,0.18129810202524022,0.627272367477417,RL_shank_joint,0.0,0.2028451022013072,,0.08274887293577195,0.10777596960056021,0.8345022541284561,0.06341249346733094,pd,0.009248380835405483,0.014484405517578125,0.011219944219956337,0.02535546012222767,0.0,0.0,0.05142974853515625,0.08546829223632812,0.4568025469779968,0.5839243234064604,0.5978857723580511,,False,0.13988446464822735,0.4938310384750366,0.375,0.054004669189453125,0.25525009632110596,0.08215886397071487,False,False,rope_taut_during_settle
332,332,12,8,0.0,1.0,rigid,5.0,0.8526315789473684,COL,stop_collision|startup_joint_error|stop_joint_error,0.21487996443314777,0.8811957836151123,RR_shank_joint,0.0,0.3598197794185885,0.5249999999999999,0.11965118691325188,0.1799135556025476,0.8803488130867482,0.0890834754705429,pd,0.016857985797203493,0.028507232666015625,0.02278582841633406,0.04124719277024269,0.0,0.0,0.11306571960449219,0.1262340545654297,0.8897188901901245,0.5890268261820069,0.5971904301758393,,True,0.14705335276130713,0.549714982509613,0.2999999999999998,0.11439704895019531,0.25447797775268555,0.08833183567318136,False,False,rope_taut_during_settle
333,333,13,8,0.0,1.0,rigid,10.0,0.8526315789473684,COL,stop_collision|startup_joint_error|stop_joint_error,0.22228888803109353,0.8875733613967896,RL_shank_joint,0.0,0.3969574567511426,2.375,0.14204106714576484,0.20086159422981278,0.8579589328542352,0.10347584486007691,pd,0.01778359646512382,0.03058624267578125,0.02347718611584564,0.04694857448339462,0.0,0.0,0.1414165496826172,0.16029739379882812,0.8871994614601135,0.586970601805394,0.5984480937003909,,True,0.14773520710190216,0.5607749223709106,0.4249999999999998,0.1435108184814453,0.25473952293395996,0.1060284669919356,False,False,rope_taut_during_settle
334,334,14,8,0.0,1.0,rigid,15.0,0.8526315789473684,JNT,startup_joint_error|stop_joint_error,0.2247477789605266,0.8890055418014526,RL_shank_joint,0.0,0.43893327611558053,,0.16960795514285565,0.22621968350809532,0.8303920448571444,0.12503923773765563,pd,0.017390102381844443,0.03753662109375,0.01797229411600629,0.039299700409173965,0.0,0.0,0.14998245239257812,0.1885204315185547,0.8665761351585388,0.587531217006088,0.601662298039706,,False,0.15363479713720476,0.6156896352767944,0.4249999999999998,0.1514434814453125,0.25495147705078125,0.09783571425058464,False,False,rope_taut_during_settle
335,335,15,8,0.0,1.0,rigid,20.0,0.8526315789473684,JNT,startup_joint_error|stop_joint_error,0.22589280915269677,0.8899043798446655,RL_shank_joint,0.0,0.47355125277156584,,0.18731828786432744,0.24338244926449512,0.8126817121356725,0.12898720562458038,pd,0.016255457940558767,0.03249549865722656,0.007947060219136493,0.02343534305691719,0.0,0.0,0.19573211669921875,0.22586822509765625,0.8820151686668396,0.586520892025927,0.6006476913886658,,False,0.15799112832477366,0.6070945262908936,0.5499999999999998,0.19840621948242188,0.25508713722229004,0.10899746220251964,False,False,rope_taut_during_settle|tension_not_steady
336,336,16,8,0.0,1.0,inextensible,25.0,0.8526315789473684,JNT,startup_joint_error|stop_joint_error,0.19101037422731815,0.8759926557540894,RR_shank_joint,0.0,0.29269375654779484,0.575,0.05423993931151926,0.1341389610767023,0.9993665577378124,0.027170935273170473,pd,0.013156512322748198,0.023603439331054688,0.006972781697835937,0.022942956537008286,0.0,0.0,-0.6040134429931641,,-0.12444129586219788,,,,,0.14758888776617912,0.5668675899505615,0.2999999999999998,0.14532852172851562,0.2538464665412903,0.06859877709376348,False,False,rope_taut_during_settle|load_moved_during_settle|robot_and_load_speeds_differ
337,337,17,8,0.0,1.5,inextensible,5.0,0.8526315789473684,COL,stop_collision|startup_joint_error|stop_joint_error,0.24172799553702684,0.9260427951812744,RR_shank_joint,0.0,0.5300796222868196,,0.21550804764032364,0.2822351632893197,0.8563279682397842,0.1688826537132263,pd,0.024388547067015445,0.03539276123046875,0.030860054016336225,0.0551745742559433,0.0,0.0,0.3728141784667969,0.36792564392089844,1.3175146579742432,0.429341098501709,0.429341098501709,,True,0.16275171567565005,0.661710262298584,0.4249999999999998,0.2039947509765625,0.2538502812385559,0.09162643564685836,False,False,load_moved_during_settle
338,338,18,8,0.0,1.5,inextensible,10.0,0.8526315789473684,JNT,startup_joint_error|stop_joint_error,0.2548901187189843,0.9260132312774658,RR_shank_joint,0.0,0.5877192042880641,,0.25565424844622614,0.3166606907697708,0.8295638343691826,0.19796859383583068,pd,0.024633450578524122,0.03818511962890625,0.030275707713865826,0.052803147584199905,0.0,0.0,0.6463298797607422,0.6517791748046875,1.3125643730163574,0.12731771184458296,0.13719613378189166,,False,0.16211833414476676,0.6118361949920654,0.47500000000000053,0.18427467346191406,0.2538503408432007,0.1107707811453776,False,False,load_moved_during_settle|rope_not_continuously_taut
339,339,19,8,0.0,1.5,inextensible,15.0,0.8526315789473684,COL,stop_collision|startup_joint_error|stop_joint_error,0.26052166369662033,0.9291318655014038,RR_shank_joint,0.0,0.6584872616110384,,0.28831608368083833,0.3517571081444398,0.8077892775461079,0.21323806881904603,pd,0.023516247384949368,0.04100227355957031,0.029740234445455854,0.052070923149585724,0.0,0.0,0.7292594909667969,0.8091163635253906,1.2890119552612305,-0.0017655229876680778,0.06749584346967907,1.375,True,0.15550239719338999,0.6437216997146606,0.375,0.2024402618408203,0.25385090708732605,0.12596091195545578,False,False,load_moved_during_settle|rope_not_continuously_taut
340,340,20,8,5.0,1.5,compliant,20.0,0.8526315789473684,SPD,speed_track_error|startup_joint_error|stop_joint_error,0.24165629475789255,0.9258553981781006,RR_shank_joint,0.0,0.7119040684735263,,0.38035204391926525,0.43910902367366933,0.7465177251150211,0.37264840185642245,pd,0.011936206875437557,0.025732755661010742,0.01630254528419861,0.03468470275402069,0.0,0.0,0.09051895141601562,0.4650459289550781,1.088360071182251,0.30039998893302666,0.6132918690315279,,False,0.14254514926488557,0.5374791622161865,0.27500000000000036,0.07213401794433594,0.25385063886642456,0.0949804142061405,False,True,
341,341,21,8,5.0,1.5,compliant,25.0,0.8526315789473684,SPD,speed_track_error|startup_joint_error|stop_joint_error,0.25529744079684474,0.9492369890213013,RL_shank_joint,0.0,0.7500399298598249,,0.415296033192426,0.47365080933959186,0.7232213031128049,0.40249729096889497,pd,0.014983377509970615,0.03324317932128906,0.021366868929685565,0.04021146893501282,0.0,0.0,0.0028705596923828125,0.4265632629394531,1.0005184412002563,0.2961117296613871,0.5964685866504595,,False,0.153978022358598,0.5555455684661865,0.5750000000000002,-0.001384735107421875,0.25385111570358276,0.10364063200712122,False,False,tension_not_steady
342,342,22,8,5.0,0.5,compliant,5.0,0.8526315789473684,JNT,startup_joint_error|stop_joint_error,0.16264666970890598,0.5923631191253662,FL_shank_joint,0.0,0.13853745918535862,0.17499999999999982,0.0412283612601459,0.06956323222129095,0.9311630902066826,0.03353507369756699,pd,0.006493628526926722,0.009256362915039062,0.02032762079881996,0.03940863534808159,0.0,0.0,0.11128044128417969,0.10680198669433594,0.44628992676734924,0.4266974679707687,0.4266974679707687,,False,0.15166373671315841,0.4637463092803955,0.9000000000000004,-0.04955863952636719,0.25385063886642456,0.1346333147114321,False,True,
343,343,23,8,5.0,0.5,compliant,10.0,0.8526315789473684,JNT,startup_joint_error|stop_joint_error,0.16358785086527022,0.5892575979232788,FL_shank_joint,0.0,0.14885268828796422,0.19999999999999996,0.052625031191855666,0.078553114701442,0.910618150793016,0.04162034422159195,pd,0.007299885452117086,0.009065628051757812,0.012932147189662969,0.0397745780646801,0.0,0.0,0.21688270568847656,0.2090606689453125,0.47137704491615295,0.3561411163944648,0.356171019478694,,False,0.13175195390819378,0.34045255184173584,0.5,-0.023082733154296875,0.2538508176803589,0.12390628876620677,False,False,rope_not_continuously_taut
344,344,24,8,5.0,0.5,rigid,15.0,0.8526315789473684,JNT,startup_joint_error|stop_joint_error,0.160753838454474,0.5885969400405884,FL_shank_joint,0.0,0.1348508128373694,0.17499999999999982,0.03273450632579625,0.06527239314514437,1.01318154534325,0.019654798805713653,pd,0.005563092616600413,0.008312225341796875,0.010807423882551313,0.039316173642873764,0.0,0.0,-0.24291419982910156,,-0.048422686755657196,,,,,0.14598928201752,0.4309670925140381,0.5750000000000002,-0.03377342224121094,0.2538512349128723,0.1141946641050147,False,False,rope_taut_during_settle|robot_and_load_speeds_differ
345,345,25,8,5.0,0.5,rigid,20.0,0.8526315789473684,JNT,startup_joint_error|stop_joint_error,0.17885820223081422,0.6081576347351074,RR_shank_joint,0.0,0.19039108816832506,0.625,0.06444431046023964,0.09576048682080704,0.8711113790795207,0.049038348495960234,pd,0.005122644178785676,0.0128936767578125,0.022766618213739993,0.04223427549004555,0.0,0.0,-0.010786056518554688,0.07484054565429688,0.44616207480430603,0.5796574102081493,0.6085994480816197,,False,0.15501310930613163,0.48000800609588623,,-0.007955551147460938,0.25523093342781067,0.14325919635850048,False,False,rope_taut_during_settle
346,346,26,8,5.0,0.5,rigid,25.0,0.8526315789473684,JNT,startup_joint_error|stop_joint_error,0.18105005244921052,0.608665943145752,RL_shank_joint,0.0,0.19934605693112983,0.8999999999999999,0.06500333935022354,0.09857618213762867,0.8699933212995529,0.047745724022388455,pd,0.004646710919294319,0.012226104736328125,0.023811195845479752,0.043813418596982956,0.0,0.0,0.013780593872070312,0.08428764343261719,0.4486912488937378,0.5780694029546893,0.6068321401450127,,False,0.14877838128869336,0.46506184339523315,,0.01602935791015625,0.25536420941352844,0.15021720207561262,False,False,rope_taut_during_settle
347,347,27,8,5.0,1.0,rigid,5.0,0.8526315789473684,COL,stop_collision|startup_joint_error|stop_joint_error,0.21502109209662085,0.8805618286132812,RR_shank_joint,0.0,0.3654757701942253,0.575,0.14241659482941033,0.1947498946298543,0.8575834051705897,0.13344500899314882,pd,0.024680041495461633,0.037197113037109375,0.012298213198950806,0.025090621784329414,0.0,0.0,-0.0386810302734375,0.035125732421875,0.8272222876548767,0.5719342073736478,0.5998062532931883,,True,0.15958517424904728,0.5196337699890137,0.7000000000000002,-0.03181266784667969,0.25448113679885864,0.09950346835227415,False,False,rope_taut_during_settle
348,348,28,8,5.0,1.0,inextensible,10.0,0.8526315789473684,COL,stop_collision|startup_joint_error|stop_joint_error,0.20992369321854054,0.8759418725967407,RL_shank_joint,0.0,0.3422776968645919,,0.15801578536629676,0.1956860152853047,0.8479908131062984,0.15210463166236876,pd,0.02169901552330893,0.03783416748046875,0.008219892871460764,0.022925587370991707,0.0,0.0,-0.007022857666015625,0.1880817413330078,0.8000925183296204,0.42517250196225476,0.597193705951355,,True,0.16344021562164615,0.5584567785263062,0.6000000000000005,-0.004302978515625,0.25385093688964844,0.09460289583277046,False,False,rope_not_continuously_taut
349,349,29,8,5.0,1.0,inextensible,15.0,0.8526315789473684,COL,stop_collision|startup_joint_error|stop_joint_error,0.2113372028561265,0.8758883476257324,RL_shank_joint,0.0,0.3730272430950145,,0.17685954164713621,0.21532623347710664,0.829121046550572,0.16558168768882753,pd,0.020015614494765317,0.040134429931640625,0.010424546931731327,0.022959034889936447,0.0,0.0,-0.021471023559570312,0.2092418670654297,0.781510055065155,0.3996248670073399,0.5928092392022606,,True,0.15361027964340554,0.4570664167404175,0.7999999999999998,-0.017751693725585938,0.2538497745990753,0.12044448884543371,False,False,rope_not_continuously_taut|tension_not_steady
350,350,30,8,10.0,1.0,compliant,20.0,0.8526315789473684,SPD,speed_track_error|startup_joint_error|stop_joint_error,0.22125846372421656,0.8759710788726807,RR_shank_joint,0.0,0.41636367835070653,,0.2378258823044598,0.2866532859891925,0.7692662621848285,0.26836446970701217,pd,0.01796344090946883,0.03148651123046875,0.015058323023912124,0.027742309495806694,0.0,0.0,-0.29132843017578125,0.07563400268554688,0.44666096568107605,0.546516390465758,0.608428723615738,,False,0.16576772727312453,0.5185233354568481,,-0.3094005584716797,0.2538514733314514,0.1682646803034084,False,False,tension_not_steady
351,351,31,8,10.0,1.0,compliant,25.0,0.8526315789473684,SPD,speed_track_error|startup_joint_error|stop_joint_error,0.22071543246218822,0.8759511709213257,RR_shank_joint,0.0,0.4449976323115453,,0.24854235569946467,0.29993450307541153,0.7582839890290052,0.26609045654535296,pd,0.02135421198354982,0.03533172607421875,0.015472231271980948,0.028655488044023514,0.0,0.0,-0.5365943908691406,0.052722930908203125,0.38803723454475403,0.5805407907974107,0.5805407907974107,,False,0.17240487433127902,0.5303536653518677,,-0.5440883636474609,0.2538532316684723,0.153803042904292,False,False,tension_not_steady
352,352,32,8,10.0,1.5,compliant,5.0,0.8526315789473684,JNT,startup_joint_error|stop_joint_error,0.22605639041079442,0.9259281158447266,RR_shank_joint,0.0,0.4998026967966113,0.5499999999999998,0.12140644948929548,0.23705790967577098,0.9498812823742627,0.08307671070098877,pd,0.02038132018538017,0.04099273681640625,0.008454625197547276,0.02258659340441227,0.0,0.0,-0.45006561279296875,,-0.08358079195022583,,,,,0.17845104845512777,1.0581241846084595,0.9249999999999998,0.40563297271728516,0.25385159254074097,0.15784202236973607,False,False,rope_taut_during_settle|robot_and_load_speeds_differ|tension_not_steady
353,353,33,8,10.0,1.5,compliant,10.0,0.8526315789473684,COL,stop_collision|speed_track_error|startup_joint_error|stop_joint_error,0.2501999325174136,0.9259436130523682,RR_shank_joint,0.0,0.5822747399057541,,0.44913311671465633,0.5077845740525846,0.7006186949461699,0.5758884519338607,pd,0.01689540746567049,0.03218841552734375,0.024581144342301214,0.054089609533548355,0.0,0.0,-0.07983779907226562,0.1304607391357422,0.8181220293045044,0.5302145237702014,0.6230006300952695,,True,0.17647618437740617,0.6209375858306885,,-0.07434654235839844,0.24425727128982544,0.1509507253725737,False,False,rope_not_continuously_taut
354,354,34,8,10.0,1.5,rigid,15.0,0.8526315789473684,COL,stop_collision|speed_track_error|startup_joint_error|stop_joint_error,0.24808837140990792,0.9235210418701172,RL_shank_joint,0.0,0.7751216905661312,,0.5267808298394084,0.6023327413030621,0.648812780107061,0.6486137872934341,pd,0.011877363264487429,0.0319366455078125,0.0372098949443773,0.10149909555912018,0.0,0.0,-0.1299419403076172,0.07061576843261719,0.6124085783958435,0.5881205925875719,0.5974185737985351,,True,0.17614263470898195,0.6002795696258545,,-0.12474250793457031,0.2550318241119385,0.14190924382926068,False,False,rope_taut_during_settle|tension_not_steady
355,355,35,8,10.0,1.5,rigid,20.0,0.8526315789473684,SPD,speed_track_error|startup_joint_error|stop_joint_error,0.250503612932117,0.930038332939148,RL_shank_joint,0.0,0.8361587938825467,,0.5634580483846366,0.6462835416687146,0.6243613010769089,0.6818505868315696,pd,0.031085927063570027,0.07001495361328125,0.02237019971556509,0.053507670760154724,0.0,0.0,-0.8057136535644531,0.05934333801269531,0.484331876039505,0.5252999619270504,0.6260356489490206,,False,0.1934588219143907,0.5818954706192017,,-0.8059139251708984,0.25186941027641296,0.15529717971669266,False,False,rope_taut_during_settle|tension_not_steady
356,356,36,8,10.0,1.5,rigid,25.0,0.8526315789473684,SPD,speed_track_error|startup_joint_error|stop_joint_error,0.25473829696567357,0.9337211847305298,RL_shank_joint,0.0,0.8854105089146317,,0.5974470666050911,0.6881006944986127,0.601701955596606,0.7123401814699173,pd,0.02056392886328686,0.03966522216796875,0.025662500531740788,0.055411387234926224,0.0,0.0,-1.007211685180664,0.035968780517578125,0.33069080114364624,0.5429579571150533,0.6294267851775572,,False,0.2075230727191465,0.614325761795044,,-1.0039710998535156,0.2553521990776062,0.15247344576987912,False,False,rope_taut_during_settle|tension_not_steady
357,357,37,8,10.0,0.5,rigid,5.0,0.8526315789473684,COL,stop_collision|startup_joint_error|stop_joint_error,0.17100961911797538,0.5950456857681274,RR_shank_joint,0.0,0.15786248335401887,0.375,0.04598380956798792,0.07903686504126597,0.9088350778073072,0.03649402499198914,pd,0.010079779917510662,0.021240234375,0.015100203151770273,0.04226694628596306,0.0,0.0,-0.057415008544921875,0.030925750732421875,0.42496946454048157,0.5872456215678845,0.5974788514668035,,True,0.14742265207989622,0.41329360008239746,0.9500000000000002,-0.05438423156738281,0.2544739544391632,0.18711291547975734,False,False,rope_taut_during_settle
358,358,38,8,10.0,0.5,inextensible,10.0,0.8526315789473684,JNT,startup_joint_error|stop_joint_error,0.16267437325285886,0.5922775268554688,FL_shank_joint,0.0,0.14495384612186668,0.19999999999999996,0.05307454505935311,0.07833654047582825,0.9092154614254833,0.04693637937307358,pd,0.007275486582753972,0.0105133056640625,0.01523443782284359,0.03978141024708748,0.0,0.0,0.1762104034423828,0.16832733154296875,0.3966398537158966,0.36564257195133365,0.36570119128205647,,False,0.14332195432162823,0.41178297996520996,0.6000000000000005,-0.04751014709472656,0.25385236740112305,0.1780836244919141,False,False,rope_not_continuously_taut
359,359,39,8,10.0,0.5,inextensible,15.0,0.8526315789473684,JNT,startup_joint_error|stop_joint_error,0.16392318711411819,0.5922698974609375,FL_shank_joint,0.0,0.1479331189988272,0.17499999999999982,0.060707567539066074,0.08504981445718626,0.8912769325450063,0.0513128188252449,pd,0.008734540553790004,0.01909637451171875,0.01446373176575957,0.0392838791012764,0.0,0.0,0.2760791778564453,0.26546669006347656,0.437248557806015,0.2741298977080717,0.2741298977080717,,False,0.14743495129871884,0.42919814586639404,0.8500000000000005,-0.04193687438964844,0.2538532614707947,0.19467098516118106,False,False,rope_not_continuously_taut
360,360,0,9,0.0,1.0,compliant,25.0,0.8842105263157894,JNT,startup_joint_error|stop_joint_error,0.1907819419743907,0.8759208917617798,RR_shank_joint,0.0,0.2928984405981022,0.575,0.05428270489908755,0.13423365079796978,0.9994000109937042,0.026696414947509767,pd,0.013140533382211318,0.023895263671875,0.006905631225575564,0.02299005165696144,0.0,0.0,-1.1389999389648438,,-0.20496590435504913,,,,,0.14939652734196274,0.5764468312263489,0.2999999999999998,0.14426612854003906,0.25384896993637085,0.06982392266658057,False,False,rope_taut_during_settle|robot_and_load_speeds_differ|tension_not_steady
361,361,1,9,0.0,1.5,compliant,5.0,0.8842105263157894,COL,stop_collision|startup_joint_error|stop_joint_error,0.2295279295497422,0.9255318641662598,RR_shank_joint,0.0,0.5306191092492283,,0.20372668124735355,0.27780742770780964,0.8642068204780419,0.16388089656829835,pd,0.01502007866778261,0.0244903564453125,0.02307803634429495,0.03863736242055893,0.0,0.0,0.3615131378173828,0.4078183174133301,1.3196502923965454,0.41882556525360437,0.464818807025452,,True,0.15633402386410572,0.6073766946792603,0.2999999999999998,0.17782831192016602,0.25385335087776184,0.12294615785809278,False,True,
362,362,2,9,0.0,1.5,compliant,10.0,0.8842105263157894,JNT,startup_joint_error|stop_joint_error,0.24855888227951284,0.9258224964141846,RR_shank_joint,0.0,0.5859934104145242,,0.24838618729263545,0.31491063519249884,0.834507017309467,0.2014078390598297,pd,0.023992737580950944,0.0379638671875,0.02759671388056011,0.048366572707891464,0.0,0.0,0.6993322372436523,0.665379524230957,1.3279114961624146,0.12362049957446497,0.12362049957446497,,False,0.16149976864331655,0.6010868549346924,0.4500000000000002,0.18407821655273438,0.2538517117500305,0.10270749154915926,False,False,load_moved_during_settle
363,363,3,9,0.0,1.5,compliant,15.0,0.8842105263157894,COL,stop_collision|startup_joint_error|stop_joint_error,0.2560460340897892,0.9251854419708252,RR_shank_joint,0.0,0.6629321819120869,,0.2831059919856489,0.35338597187930576,0.8112626720095674,0.21387901186943054,pd,0.021584668178849343,0.0331573486328125,0.0314199081123839,0.057967185974121094,0.0,0.0,0.8086352348327637,0.8278384208679199,1.2805534601211548,-0.0013092783096371186,0.005709379680842286,1.375,True,0.15365147109554433,0.5971267819404602,0.3250000000000002,0.18367242813110352,0.2538500428199768,0.12970608032426997,False,False,load_moved_during_settle
364,364,4,9,0.0,1.5,compliant,20.0,0.8842105263157894,COL,stop_collision|speed_track_error|startup_joint_error|stop_joint_error,0.25874805631918235,1.0152243375778198,RR_shank_joint,0.0,0.7499676491565841,,0.318674448877573,0.3976771253435251,0.7875503674149513,0.22122409343719482,pd,0.027685888460928818,0.0427398681640625,0.01374053857000133,0.03233833983540535,0.0,0.0,0.8230948448181152,0.8564143180847168,1.2675362825393677,2.9388271145291966e-05,0.03120777868696578,,True,0.15885409196812997,0.6272749900817871,0.2999999999999998,0.2299365997314453,0.2538549304008484,0.11610123815825667,False,False,load_moved_during_settle|rope_not_continuously_taut
365,365,5,9,0.0,1.5,compliant,25.0,0.8842105263157894,COL,stop_collision|speed_track_error|startup_joint_error|stop_joint_error,0.26377268365024253,0.9910010099411011,RR_shank_joint,0.0,0.7750309950049596,,0.3437656722776592,0.4212122367668093,0.77086651733766,0.225128755569458,pd,0.020773492907596093,0.0343017578125,0.013460979017322872,0.029228832572698593,0.0,0.0,0.8072566986083984,0.8774795532226562,1.2847641706466675,-0.0006277287978986301,0.061341440724618,1.0,True,0.1588522554518319,0.6800987720489502,,0.23491811752319336,0.253849595785141,0.0903891280560581,False,False,load_moved_during_settle|rope_not_continuously_taut
366,366,6,9,0.0,0.5,compliant,5.0,0.8842105263157894,JNT,startup_joint_error|stop_joint_error,0.16240082460433336,0.5927133560180664,FL_shank_joint,0.0,0.13986742152047457,0.17499999999999982,0.04136804231442511,0.07004628684855693,0.9316482244245708,0.03221724331378937,pd,0.008664128333158216,0.01136016845703125,0.014027063502991797,0.039503294974565506,0.0,0.0,0.04451608657836914,0.09794282913208008,0.4586326479911804,0.5257130661418818,0.5746887924854391,,False,0.14349822850501903,0.38394224643707275,0.5750000000000002,0.0006661415100097656,0.2538539171218872,0.07923384642026689,False,True,
367,367,7,9,0.0,0.5,compliant,10.0,0.8842105263157894,JNT,startup_joint_error|stop_joint_error,0.16630788276566844,0.5928547382354736,RR_shank_joint,0.0,0.15816839955775608,0.17499999999999982,0.07082954468205571,0.09628441649633734,0.8697402202710509,0.05004583239555359,pd,0.009103436266920076,0.0123443603515625,0.012001706012061216,0.03933611139655113,0.0,0.0,0.08296680450439453,0.16249942779541016,0.44570714235305786,0.46723100847344945,0.5495572283582204,,False,0.13331828540449409,0.3731107711791992,0.5,0.009291648864746094,0.2538526654243469,0.07314789056387297,False,False,load_moved_during_settle|rope_not_continuously_taut
368,368,8,9,0.0,0.5,rigid,15.0,0.8842105263157894,JNT,startup_joint_error|stop_joint_error,0.1611247536524926,0.5892508029937744,FL_shank_joint,0.0,0.13599030648202715,0.19999999999999996,0.03963925334624946,0.06848929835625307,1.037009223047644,0.03285454988479614,pd,0.006372838715574741,0.00905609130859375,0.013440268563831168,0.0396883450448513,0.0,0.0,-0.659149169921875,,-0.16114862263202667,,,,,0.1489123413110325,0.4539070725440979,0.6749999999999998,-0.015437602996826172,0.25385138392448425,0.08333476676754327,False,False,rope_taut_during_settle|robot_and_load_speeds_differ|tension_not_steady
369,369,9,9,0.0,0.5,rigid,20.0,0.8842105263157894,JNT,startup_joint_error|stop_joint_error,0.1778144695464096,0.5996767282485962,RL_shank_joint,0.0,0.18940393323460233,,0.07030537510290742,0.0977562492378059,0.8593892497941852,0.05206768631935119,pd,0.007451218243033193,0.011730194091796875,0.013618045016835601,0.025886209681630135,0.0,0.0,-0.00910186767578125,0.06841850280761719,0.4319279193878174,0.6175048174234439,0.6322598182296018,,False,0.15100088125191635,0.4527636766433716,,-0.006320476531982422,0.2551243007183075,0.08325071678356376,False,False,rope_taut_during_settle
370,370,10,9,0.0,0.5,rigid,25.0,0.8842105263157894,JNT,startup_joint_error|stop_joint_error,0.18061328351214134,0.6071838140487671,RL_shank_joint,0.0,0.20042074416705993,,0.08239058716222644,0.1068681537494078,0.8352188256755472,0.06346052259206772,pd,0.009555292497580067,0.014923095703125,0.012014595065133618,0.02396702766418457,0.0,0.0,0.02881479263305664,0.08074283599853516,0.4514257311820984,0.6169735335449085,0.6307642315174506,,False,0.1409460853585663,0.5033782124519348,,0.03138303756713867,0.25523388385772705,0.07882496087051524,False,False,rope_taut_during_settle
371,371,11,9,0.0,1.0,rigid,5.0,0.8842105263157894,COL,stop_collision|startup_joint_error|stop_joint_error,0.21289226706125092,0.8815791606903076,RR_shank_joint,0.0,0.35907963362929485,0.5249999999999999,0.12571786984801292,0.18319257433110042,0.8742821301519871,0.0962547093629837,pd,0.023561940156668456,0.03691864013671875,0.027636462784300927,0.04816858097910881,0.0,0.0,0.11332941055297852,0.12490224838256836,0.8826017379760742,0.6140567889837127,0.6293230953367628,,True,0.1471103928300858,0.579023003578186,0.2999999999999998,0.11458206176757812,0.2544497847557068,0.08292172264549236,False,False,rope_taut_during_settle
372,372,12,9,0.0,1.0,rigid,10.0,0.8842105263157894,COL,stop_collision|startup_joint_error|stop_joint_error,0.22167380210505164,0.8844872713088989,RR_shank_joint,0.0,0.3990642728719425,0.5999999999999999,0.14469550907611847,0.2037825701761915,0.8553044909238815,0.10553287506103516,pd,0.019136279725923237,0.031764984130859375,0.02315302130201609,0.04674798995256424,0.0,0.0,0.14428186416625977,0.16103410720825195,0.8903622627258301,0.6185786610903814,0.6298007990112007,,True,0.14847106564017648,0.5692750215530396,0.4249999999999998,0.14617156982421875,0.2546939253807068,0.10641746585775763,False,False,rope_taut_during_settle
373,373,13,9,0.0,1.0,rigid,15.0,0.8842105263157894,JNT,startup_joint_error|stop_joint_error,0.22414912136900492,0.8879584074020386,RL_shank_joint,0.0,0.4368694393008503,,0.16625567520037293,0.22313504685601548,0.833744324799627,0.11559845507144928,pd,0.019571604871168758,0.033702850341796875,0.016947107366784203,0.028946571052074432,0.0,0.0,0.14739322662353516,0.18496465682983398,0.8814283609390259,0.6176910046098492,0.6331702645751327,,False,0.15473303166971558,0.670361340045929,0.4249999999999998,0.1491246223449707,0.2548939883708954,0.11038630911888503,False,False,rope_taut_during_settle
374,374,14,9,0.0,1.0,rigid,20.0,0.8842105263157894,JNT,startup_joint_error|stop_joint_error,0.22597579581812582,0.8907489776611328,RL_shank_joint,0.0,0.4806459381917557,,0.19761391757056118,0.250674460439762,0.8023860824294389,0.14749437987804412,pd,0.01559269667539036,0.029117584228515625,0.02278993621051519,0.04020029306411743,0.0,0.0,0.13367414474487305,0.18704986572265625,0.8300250768661499,0.6079511479129316,0.6358165074687179,,False,0.15886727795110012,0.6162930727005005,,0.13693904876708984,0.25514087080955505,0.09873832428033219,False,False,rope_taut_during_settle
375,375,15,9,0.0,1.0,rigid,25.0,0.8842105263157894,SPD,speed_track_error|startup_joint_error|stop_joint_error,0.23744927835134524,0.9027984142303467,RL_shank_joint,0.0,0.5018306650887103,,0.2103815078549087,0.2630943383301635,0.7896184921450913,0.15230923414230346,pd,0.01484358155793794,0.028776168823242188,0.018351467540560384,0.03135016933083534,0.0,0.0,0.21191167831420898,0.2501993179321289,0.8875390291213989,0.619132075030906,0.6331420866390522,,False,0.15711495966752878,0.5639854669570923,,0.21407532691955566,0.2552475333213806,0.1017283216842846,False,False,rope_taut_during_settle
376,376,16,9,0.0,1.5,inextensible,5.0,0.8842105263157894,JNT,startup_joint_error|stop_joint_error,0.22632258229284,0.9256281852722168,RR_shank_joint,0.0,0.5012186281305201,0.5499999999999998,0.07712860617786646,0.22528413958017063,0.9695002720504999,0.02166441559791565,pd,0.013839201408642579,0.031810760498046875,0.03044849634679432,0.055297255516052246,0.0,0.0,0.0005102157592773438,0.0,-0.001043403521180153,,,,,0.16795364435234555,0.7585906386375427,0.47500000000000053,0.23613739013671875,0.2538476288318634,0.08614250521364002,False,False,rope_taut_during_settle|robot_and_load_speeds_differ
377,377,17,9,0.0,1.5,inextensible,10.0,0.8842105263157894,JNT,startup_joint_error|stop_joint_error,0.2516062475861976,0.9257396459579468,RR_shank_joint,0.0,0.5909710966442799,,0.2486753472685814,0.3134707570900986,0.834216435154279,0.18824442028999328,pd,0.021108917461189855,0.03567981719970703,0.02866338259758404,0.0504181906580925,0.0,0.0,0.6503114700317383,0.6481075286865234,1.275869607925415,0.16323015313276845,0.16613690045380314,,False,0.16568632105738826,0.6675827503204346,0.5,0.1849074363708496,0.2538512349128723,0.10013720043590166,False,False,load_moved_during_settle|rope_not_continuously_taut
378,378,18,9,0.0,1.5,inextensible,15.0,0.8842105263157894,JNT,stop_margin_low|startup_joint_error|stop_joint_error,0.2581547435810574,0.9258992671966553,RR_shank_joint,0.0,0.6529651717441444,,0.28584833757951855,0.34968274312616754,0.8094344416136542,0.21310919284820556,pd,0.020887644608568887,0.0378265380859375,0.03254805617929509,0.05477311834692955,0.0,0.0,0.7568068504333496,0.7674045562744141,1.3010060787200928,0.06553217203562123,0.07602198605759458,,False,0.15339043191511414,0.6695727109909058,0.375,0.2097177505493164,0.25385114550590515,0.1273164423614967,False,False,load_moved_during_settle|rope_not_continuously_taut
379,379,19,9,0.0,1.5,inextensible,20.0,0.8842105263157894,COL,stop_collision|speed_track_error|startup_joint_error|stop_joint_error,0.2589953443275817,0.9367126226425171,RR_shank_joint,0.0,0.7183393260591074,,0.31828103300184013,0.38547404240261596,0.7878126446654399,0.21348656296730043,pd,0.023721145669509797,0.03694796562194824,0.014852057747308982,0.03427714854478836,0.0,0.0,0.8331217765808105,0.8631529808044434,1.2787232398986816,-0.0009667953386651718,0.03605417976746894,1.125,True,0.15851970043838035,0.6482211947441101,0.3250000000000002,0.24600744247436523,0.2538514733314514,0.1201910259524688,False,False,load_moved_during_settle|rope_not_continuously_taut
380,380,20,9,5.0,1.5,compliant,25.0,0.8842105263157894,SPD,speed_track_error|startup_joint_error|stop_joint_error,0.2544349596310247,0.9255976676940918,RR_shank_joint,0.0,0.7551495161270169,,0.41092048896476624,0.4717879842568199,0.726116013439993,0.3970585107803345,pd,0.012368708055973923,0.026417970657348633,0.017590725158846052,0.035351164638996124,0.0,0.0,-0.060502052307128906,0.4438495635986328,0.9958795309066772,0.34911308715653,0.6415456842463678,,False,0.14830274831346765,0.5734281539916992,0.2999999999999998,-0.08890533447265625,0.251830130815506,0.07836488156974869,False,False,tension_not_steady
381,381,21,9,5.0,0.5,compliant,5.0,0.8842105263157894,JNT,startup_joint_error|stop_joint_error,0.16156848176420563,0.5924210548400879,FL_shank_joint,0.0,0.1363905934857898,0.17499999999999982,0.045929948454722765,0.0731130239460609,0.9229842977412045,0.039873902201652524,pd,0.0077404695666693744,0.010091781616210938,0.014413664191625125,0.03943048045039177,0.0,0.0,0.10893774032592773,0.10470104217529297,0.43493425846099854,0.4818775976815717,0.4819124088038089,,False,0.1487746497099874,0.4331721067428589,0.7999999999999998,-0.0340418815612793,0.2538519501686096,0.12628702318592958,False,True,
382,382,22,9,5.0,0.5,compliant,10.0,0.8842105263157894,JNT,startup_joint_error|stop_joint_error,0.1619056224161758,0.5893886089324951,FL_shank_joint,0.0,0.14724680640438828,0.19999999999999996,0.05027809515595436,0.07820221784682407,0.917611480653286,0.041092716455459595,pd,0.008926614079378885,0.011239051818847656,0.011381456387391024,0.039777304977178574,0.0,0.0,0.2091217041015625,0.2014150619506836,0.45735329389572144,0.39002739465454006,0.39014608282441543,,False,0.1340735304446229,0.3693060874938965,0.7000000000000002,-0.026816844940185547,0.2538515329360962,0.11819523950663242,False,False,rope_not_continuously_taut
383,383,23,9,5.0,0.5,compliant,15.0,0.8842105263157894,JNT,startup_joint_error|stop_joint_error,0.16320357864509102,0.5891796350479126,FL_shank_joint,0.0,0.15181816604618872,0.19999999999999996,0.05998789322562516,0.0855966581419825,0.8962756309472024,0.04823513120412826,pd,0.007269928390851501,0.016286849975585938,0.0112243052957212,0.039708126336336136,0.0,0.0,0.305544376373291,0.29491662979125977,0.4695143401622772,0.3006753489021463,0.3006753489021463,,False,0.1441665264554538,0.4259423017501831,0.7250000000000005,-0.020161151885986328,0.25385183095932007,0.13494398746604153,False,False,rope_not_continuously_taut
384,384,24,9,5.0,0.5,rigid,20.0,0.8842105263157894,JNT,startup_joint_error|stop_joint_error,0.16105206592222177,0.5893528461456299,FL_shank_joint,0.0,0.13614348517397495,0.19999999999999996,0.03277305486612022,0.06537798230378163,1.0132859813608228,0.021174061000347136,pd,0.005823083359984919,0.00862884521484375,0.010887730205083638,0.03978995606303215,0.0,0.0,-0.22217464447021484,,-0.04450275003910065,,,,,0.1461949010199688,0.4315530061721802,0.5750000000000002,-0.03456830978393555,0.25385189056396484,0.11459132883038042,False,False,rope_taut_during_settle|robot_and_load_speeds_differ
385,385,25,9,5.0,0.5,rigid,25.0,0.8842105263157894,JNT,startup_joint_error|stop_joint_error,0.18110352410627442,0.6122214794158936,RL_shank_joint,0.0,0.19925413656130783,0.8999999999999999,0.06601884314790368,0.098773226560938,0.8679623137041926,0.04988856554031372,pd,0.004604267748448564,0.01203155517578125,0.025987551537830843,0.04904672130942345,0.0,0.0,0.0019593238830566406,0.08237552642822266,0.438205361366272,0.6159585721978109,0.6411282467059296,,False,0.15424539225959039,0.5057176351547241,,0.004487514495849609,0.2552773058414459,0.13670902585403966,False,False,rope_taut_during_settle
386,386,26,9,5.0,1.0,rigid,5.0,0.8842105263157894,COL,stop_collision|startup_joint_error|stop_joint_error,0.2152725850233283,0.8806407451629639,RR_shank_joint,0.0,0.36527857744144127,0.575,0.14019801957532763,0.19319454912218448,0.8598019804246724,0.12923310995101928,pd,0.02027086597209801,0.03509521484375,0.012217677256802395,0.02514394372701645,0.0,0.0,0.017818450927734375,0.09865474700927734,0.8570774793624878,0.6031006493836624,0.634685180631898,,True,0.15936476827374635,0.5251296758651733,0.7000000000000002,0.022653579711914062,0.25444814562797546,0.09943593068007313,False,False,rope_taut_during_settle
387,387,27,9,5.0,1.0,rigid,10.0,0.8842105263157894,COL,stop_collision|startup_joint_error|stop_joint_error,0.22196865169766353,0.8826737403869629,RR_shank_joint,0.0,0.40505951452864014,,0.1649043981730938,0.21827290743773695,0.8350956018269062,0.15151421308517457,pd,0.028237338722562764,0.045085906982421875,0.024863228165492687,0.04342590272426605,0.0,0.0,-0.03569316864013672,0.03141069412231445,0.7912852764129639,0.6011502348522959,0.6385953045074992,,True,0.1626978448807922,0.5372782349586487,0.9000000000000004,-0.030252456665039062,0.25475409626960754,0.12948681607089196,False,False,rope_taut_during_settle|tension_not_steady
388,388,28,9,5.0,1.0,inextensible,15.0,0.8842105263157894,COL,stop_collision|startup_joint_error|stop_joint_error,0.21114276953739405,0.8756269216537476,RL_shank_joint,0.0,0.3789562451826677,,0.17870137824676932,0.21826813044638127,0.8272774611506611,0.1669546663761139,pd,0.02040834134982152,0.04119110107421875,0.010933576233702044,0.02288268879055977,0.0,0.0,-0.020383358001708984,0.20572566986083984,0.7721167206764221,0.43539452205735873,0.631286524770986,,True,0.15350561731610252,0.46715378761291504,0.7999999999999998,-0.016587257385253906,0.25385135412216187,0.12399315728576635,False,False,rope_not_continuously_taut|tension_not_steady
389,389,29,9,5.0,1.0,inextensible,20.0,0.8842105263157894,JNT,startup_joint_error|stop_joint_error,0.21460166504732694,0.8760086297988892,RL_shank_joint,0.0,0.4098946484726372,,0.1908401217404753,0.2336166067344833,0.8150823853071779,0.16898034393787384,pd,0.01920581154199565,0.039043426513671875,0.011677619948915642,0.023535216227173805,0.0,0.0,-0.05134105682373047,0.20963382720947266,0.7241160273551941,0.43020638341130324,0.6262273354278194,,False,0.1563602292873261,0.46319258213043213,0.8500000000000005,-0.04627513885498047,0.2538498044013977,0.1280957425761128,False,False,rope_not_continuously_taut|tension_not_steady
390,390,30,9,10.0,1.0,compliant,25.0,0.8842105263157894,SPD,speed_track_error|startup_joint_error|stop_joint_error,0.22424470718089667,0.8759016990661621,RR_shank_joint,0.0,0.44438376779899214,,0.24405316781252623,0.2935156315535296,0.7638616364076734,0.2572620064020157,pd,0.02148854539484874,0.03455352783203125,0.016945559857907952,0.03130504488945007,0.0,0.0,-0.49616050720214844,0.06418943405151367,0.40291276574134827,0.6410913138196115,0.6635737948182667,,False,0.17232001265041208,0.5319569110870361,,-0.5194497108459473,0.2538505494594574,0.15455926089185443,False,False,tension_not_steady
391,391,31,9,10.0,1.5,compliant,5.0,0.8842105263157894,COL,stop_collision|speed_track_error|startup_joint_error|stop_joint_error,0.2320089936639621,0.9253065586090088,RR_shank_joint,0.0,0.5300108093041987,,0.3434838618710637,0.39493197309542577,0.7710949880629778,0.4080371332168579,pd,0.020871693760880893,0.046844482421875,0.02166953466804493,0.04751133918762207,0.0,0.0,0.24013185501098633,0.23640012741088867,1.2383613586425781,0.5957270191558757,0.632323766584413,,True,0.14890572507892672,0.7510522603988647,0.47500000000000053,0.2514338493347168,0.2538539171218872,0.15133597325745438,False,True,
392,392,32,9,10.0,1.5,compliant,10.0,0.8842105263157894,JNT,startup_joint_error|stop_joint_error,0.22599345730755765,0.9253946542739868,RR_shank_joint,0.0,0.4996148773353807,0.5499999999999998,0.12038076968863606,0.23675145165723702,0.9491429116204381,0.08138073921203613,pd,0.022562267025232216,0.04150390625,0.008229472389956964,0.022571293637156487,0.0,0.0,-0.42882537841796875,,-0.0793243795633316,,,,,0.17699085841624987,1.0618454217910767,0.8500000000000005,0.4067363739013672,0.2538520395755768,0.15751350578095036,False,False,rope_taut_during_settle|robot_and_load_speeds_differ|tension_not_steady
393,393,33,9,10.0,1.5,compliant,15.0,0.8842105263157894,COL,stop_collision|speed_track_error|startup_joint_error|stop_joint_error,0.25412598434079914,0.925767183303833,RR_shank_joint,0.0,0.6423783343828119,,0.5070816530659795,0.5795467681174252,0.6620234408726294,0.6626265925168991,pd,0.016539375128439237,0.048431396484375,0.025448121871236896,0.05659625679254532,0.0,0.0,-0.6403396129608154,0.08233642578125,0.5928186774253845,0.5791133174697882,0.6384860794052272,,True,0.18124980358708728,0.6247010231018066,,-0.6376638412475586,0.2518550455570221,0.139910285525634,False,False,rope_not_continuously_taut
394,394,34,9,10.0,1.5,rigid,20.0,0.8842105263157894,SPD,speed_track_error|startup_joint_error|stop_joint_error,0.25196558828171617,0.9286665916442871,RL_shank_joint,0.0,0.8361565920012202,,0.563465038612485,0.6473516955415053,0.62435664092501,0.6817854815721511,pd,0.02001012434548589,0.03287506103515625,0.022080662471880095,0.055403631180524826,0.0,0.0,-0.8745903968811035,0.06345510482788086,0.4866980016231537,0.5621464726388199,0.6357347849454094,,False,0.18728701860696373,0.555877685546875,,-0.8706161975860596,0.2551446855068207,0.15636515232895096,False,False,rope_taut_during_settle|tension_not_steady
395,395,35,9,10.0,1.5,rigid,25.0,0.8842105263157894,SPD,speed_track_error|startup_joint_error|stop_joint_error,0.2533054373325467,0.9326168298721313,RL_shank_joint,0.0,0.886482115108076,,0.5999395832046867,0.6919624831419071,0.6000402778635422,0.7164854538440705,pd,0.014989222003490257,0.0260772705078125,0.023496847176973867,0.053841445595026016,0.0,0.0,-0.9600281715393066,0.035398006439208984,0.3269512951374054,0.5717117031835652,0.6307024645165242,,False,0.2030584827618656,0.6155884265899658,,-0.9585111141204834,0.2552807629108429,0.15479494504527982,False,False,rope_taut_during_settle|tension_not_steady
396,396,36,9,10.0,0.5,rigid,5.0,0.8842105263157894,COL,stop_collision|startup_joint_error|stop_joint_error,0.17098434313298128,0.5945756435394287,RR_shank_joint,0.0,0.15775416018107874,0.375,0.045187742235139015,0.07849029342612143,0.9102494571171701,0.034645949006080624,pd,0.00993797428330724,0.01917266845703125,0.013934274302677522,0.042146120220422745,0.0,0.0,-0.05480051040649414,0.03238487243652344,0.43451014161109924,0.619154535092215,0.6307638485756026,,True,0.1452993473068098,0.3959972858428955,0.9750000000000005,-0.05164527893066406,0.25445401668548584,0.18071761454563373,False,False,rope_taut_during_settle
397,397,37,9,10.0,0.5,rigid,10.0,0.8842105263157894,JNT,startup_joint_error|stop_joint_error,0.17373027051526704,0.6019109487533569,RR_shank_joint,0.0,0.17182127908879294,1.7750000000000001,0.05324164778925478,0.08525574180605214,0.8935167044214904,0.04210545271635056,pd,0.006730135653381694,0.0103912353515625,0.013773192509128347,0.041586484760046005,0.0,0.0,-0.07620573043823242,0.03866863250732422,0.4113022983074188,0.6184587761955846,0.6329925118089577,,False,0.15187257095914508,0.4658113718032837,0.9000000000000004,-0.072662353515625,0.25475457310676575,0.20273834968396318,False,False,rope_taut_during_settle
398,398,38,9,10.0,0.5,inextensible,15.0,0.8842105263157894,JNT,startup_joint_error|stop_joint_error,0.16243554915421152,0.5889889001846313,FL_shank_joint,0.0,0.14471852649436143,0.17499999999999982,0.060488051678985355,0.08555493411361377,0.8932600774243474,0.047526351511478424,pd,0.008010708373893923,0.0174407958984375,0.01650232482806979,0.03933854401111603,0.0,0.0,0.27559518814086914,0.2653312683105469,0.43530333042144775,0.3072361788557689,0.30724300763905177,,False,0.14900734845527486,0.4598381519317627,0.8250000000000002,-0.041072845458984375,0.2538541853427887,0.1896008701348201,False,False,rope_not_continuously_taut
399,399,39,9,10.0,0.5,inextensible,20.0,0.8842105263157894,JNT,startup_joint_error|stop_joint_error,0.16302447398821665,0.5890889167785645,FL_shank_joint,0.0,0.14885685624291797,0.19999999999999996,0.06560140350833535,0.09177064449234634,0.8850487462803721,0.050853401124477386,pd,0.008090792431526682,0.0108489990234375,0.010933091303819227,0.03977924585342407,0.0,0.0,0.33928823471069336,0.3263821601867676,0.4239012598991394,0.23845318038101038,0.23845318038101038,,False,0.14813428495931696,0.45271360874176025,0.875,-0.050585269927978516,0.25385063886642456,0.20106073512983555,False,False,rope_not_continuously_taut
400,400,0,10,0.0,1.5,compliant,5.0,0.9157894736842105,JNT,startup_joint_error|stop_joint_error,0.22651128919935692,0.9255783557891846,RR_shank_joint,0.0,0.501760980414293,0.5499999999999998,0.07759601349011064,0.22555351833840803,0.9693037669236461,0.02126618504524231,pd,0.015597666437593843,0.03290557861328125,0.031750708232849804,0.059036027640104294,0.0,0.0,-0.122314453125,-0.10438346862792969,-0.11848252266645432,,,,,0.16681842053418156,0.7707747519016266,0.3250000000000002,0.24210834503173828,0.2538507580757141,0.09176558715833462,False,False,rope_taut_during_settle|robot_and_load_speeds_differ|tension_not_steady
401,401,1,10,0.0,1.5,compliant,10.0,0.9157894736842105,JNT,startup_joint_error|stop_joint_error,0.2371722119985779,0.9257349967956543,RR_shank_joint,0.0,0.5957420099479429,,0.25348978804424405,0.3205480527504443,0.8310665334140261,0.2032086420059204,pd,0.011931209905529781,0.02004241943359375,0.019166079262096427,0.032037556171417236,0.0,0.0,0.6387119293212891,0.6826438903808594,1.3075735569000244,0.1817816708920521,0.22978339226384747,,False,0.16594409384118372,0.7763265371322632,0.35000000000000053,0.18272876739501953,0.2538532018661499,0.11314957633713386,False,False,load_moved_during_settle
402,402,2,10,0.0,1.5,compliant,15.0,0.9157894736842105,COL,stop_collision|startup_joint_error|stop_joint_error,0.2533723641797324,0.9419072866439819,RL_shank_joint,0.0,0.6645849585748196,,0.28402345065027473,0.35481355060758163,0.8107140461355448,0.212145574092865,pd,0.02389312995592964,0.03672027587890625,0.028396410083016056,0.05864306539297104,0.0,0.0,0.8216142654418945,0.8550024032592773,1.2762130498886108,0.0015704912928651282,0.026133125748854624,,True,0.15324509592757551,0.6434266567230225,0.3250000000000002,0.18861865997314453,0.2538517713546753,0.12485773846700675,False,True,
403,403,3,10,0.0,1.5,compliant,20.0,0.9157894736842105,COL,stop_collision|speed_track_error|startup_joint_error|stop_joint_error,0.2610247362397904,0.97199547290802,RL_shank_joint,0.0,0.7378094078024271,,0.3193733717687428,0.3953837662381786,0.7870844188208381,0.22813982248306275,pd,0.011302385856655387,0.01914215087890625,0.027078376209239183,0.046688783913850784,0.0,0.0,0.8467206954956055,0.8828220367431641,1.2686892747879028,-0.00023262408085500397,0.01413097698414667,1.125,True,0.16119893846449915,0.6947674751281738,0.3250000000000002,0.18920135498046875,0.25385037064552307,0.09472049562937604,False,False,load_moved_during_settle
404,404,4,10,0.0,1.5,compliant,25.0,0.9157894736842105,COL,stop_collision|speed_track_error|startup_joint_error|stop_joint_error,0.2640567696434941,0.9470090866088867,RL_shank_joint,0.0,0.7615317232311681,,0.34815637573599817,0.42114417546975674,0.7679558659593265,0.2410864567756653,pd,0.017373679233714533,0.027252197265625,0.01160555905914528,0.028611768037080765,0.0,0.0,0.8321771621704102,0.8922080993652344,1.2429617643356323,-0.0009032723237289986,0.05305536585745507,1.0,True,0.16636069160819492,0.808708131313324,0.47500000000000053,0.22354507446289062,0.25385546684265137,0.11558377387114886,False,False,load_moved_during_settle|rope_not_continuously_taut
405,405,5,10,0.0,0.5,compliant,5.0,0.9157894736842105,JNT,startup_joint_error|stop_joint_error,0.16213602801828872,0.5890051126480103,FL_shank_joint,0.0,0.13998085864331533,0.19999999999999996,0.0477991446480155,0.07301528716251181,0.9203681976348161,0.04138560950756073,pd,0.008692233745605248,0.0112762451171875,0.011175659543988616,0.039787810295820236,0.0,0.0,0.12750244140625,0.1229848861694336,0.4911143481731415,0.5344145000827609,0.5344165333364437,,False,0.128966557618431,0.3866667151451111,0.35000000000000053,0.00696563720703125,0.2538495659828186,0.07442886225856801,False,True,
406,406,6,10,0.0,0.5,compliant,10.0,0.9157894736842105,JNT,startup_joint_error|stop_joint_error,0.16706276791351313,0.5920577049255371,RR_shank_joint,0.0,0.166169035588649,0.17499999999999982,0.06632667982950807,0.09404343299964474,0.8785854179784656,0.048959839642047885,pd,0.008908449063675326,0.01178741455078125,0.012542587363489455,0.039329707622528076,0.0,0.0,0.09685516357421875,0.17394733428955078,0.44787734746932983,0.4884506730323448,0.5672875838835125,,False,0.13172457889687794,0.3720228672027588,0.47500000000000053,0.008878707885742188,0.25385457277297974,0.0750344952621153,False,False,load_moved_during_settle|rope_not_continuously_taut
407,407,7,10,0.0,0.5,compliant,15.0,0.9157894736842105,JNT,startup_joint_error|stop_joint_error,0.16872056909735184,0.5888315439224243,RR_shank_joint,0.0,0.1690777469061412,0.19999999999999996,0.0661108929477632,0.09361054695884333,0.8803393613174557,0.049196583330631254,pd,0.00798462110573649,0.01041412353515625,0.01438007864675093,0.03988383710384369,0.0,0.0,0.11969661712646484,0.20870399475097656,0.43743354082107544,0.4515644857582739,0.5424982064499861,,False,0.13573570788049405,0.3709704875946045,0.5250000000000004,0.010030746459960938,0.2538514733314514,0.07574540609155496,False,False,load_moved_during_settle|rope_not_continuously_taut
408,408,8,10,0.0,0.5,rigid,20.0,0.9157894736842105,JNT,startup_joint_error|stop_joint_error,0.1611231928756997,0.589378833770752,FL_shank_joint,0.0,0.13598618415277228,0.19999999999999996,0.03637979726307094,0.06700572911948961,1.0297740856744348,0.026938004195690157,pd,0.008097412166655006,0.01126861572265625,0.012893503154264435,0.03963853418827057,0.0,0.0,-0.5858321189880371,,-0.17503125965595245,,,,,0.1494720211002684,0.42454683780670166,0.625,-0.008562088012695312,0.2538509964942932,0.08003141200340555,False,False,rope_taut_during_settle|robot_and_load_speeds_differ
409,409,9,10,0.0,0.5,rigid,25.0,0.9157894736842105,JNT,startup_joint_error|stop_joint_error,0.1801235681185444,0.6142830848693848,RL_shank_joint,0.0,0.20293832678845322,,0.08432620208710433,0.10827590260708589,0.8313475958257913,0.0627411898970604,pd,0.006775687475953293,0.010753631591796875,0.012875738562699624,0.023457590490579605,0.0,0.0,0.04215431213378906,0.08870983123779297,0.43997830152511597,0.6484911113625031,0.6634231443276306,,False,0.14605906967208346,0.48294609785079956,,0.04425334930419922,0.2551119029521942,0.08010891141338777,False,False,rope_taut_during_settle
410,410,10,10,0.0,1.0,rigid,5.0,0.9157894736842105,COL,stop_collision|startup_joint_error|stop_joint_error,0.21309178085829839,0.881903886795044,RR_shank_joint,0.0,0.35804641147364863,0.5249999999999999,0.12389294562861324,0.18215997740116746,0.8761070543713868,0.096160169839859,pd,0.023267707601232934,0.035308837890625,0.02599869806897034,0.04548127204179764,0.0,0.0,0.10242366790771484,0.12315750122070312,0.8773919343948364,0.6475438814917709,0.6634517983813151,,True,0.14919248229949278,0.5530713200569153,0.27500000000000036,0.10375595092773438,0.2543891966342926,0.08498830718581406,False,False,rope_taut_during_settle
411,411,11,10,0.0,1.0,rigid,10.0,0.9157894736842105,COL,stop_collision|startup_joint_error|stop_joint_error,0.22197530186741485,0.8847967386245728,RR_shank_joint,0.0,0.40408120465235076,,0.14909643791615962,0.20626571817601363,0.8509035620838403,0.11066633999347687,pd,0.017723731867445882,0.025390625,0.025794796039645344,0.04580969363451004,0.0,0.0,0.1252126693725586,0.15914440155029297,0.888084888458252,0.6506997283228735,0.6658899186281122,,True,0.15410178548091427,0.6193828582763672,0.7250000000000005,0.1272439956665039,0.2547028958797455,0.09845709676173886,False,False,rope_taut_during_settle
412,412,12,10,0.0,1.0,rigid,15.0,0.9157894736842105,JNT,startup_joint_error|stop_joint_error,0.2261966278452098,0.8883281946182251,RL_shank_joint,0.0,0.44398977629763997,,0.16995161199942233,0.22715161330821437,0.8300483880005777,0.12530855417251588,pd,0.014389862273959114,0.030620574951171875,0.014559811655215327,0.02823721617460251,0.0,0.0,0.1441822052001953,0.19013500213623047,0.8869631886482239,0.6515826823256194,0.6655453686445707,,False,0.1566938737122942,0.5988078117370605,0.4249999999999998,0.14601612091064453,0.2548477053642273,0.10299299426188628,False,False,rope_taut_during_settle
413,413,13,10,0.0,1.0,rigid,20.0,0.9157894736842105,JNT,startup_joint_error|stop_joint_error,0.22557775715315548,0.891979455947876,RL_shank_joint,0.0,0.47789130296312593,,0.19329056741669773,0.24758594487998453,0.8067094325833023,0.13513322651386261,pd,0.013361646848191763,0.026973724365234375,0.0078100265418981785,0.02345297485589981,0.0,0.0,0.19510650634765625,0.22406959533691406,0.8777693510055542,0.6503374773716271,0.6635413126828631,,False,0.1588941526919542,0.6446267366409302,0.5250000000000004,0.19755840301513672,0.25507816672325134,0.10396478247869115,False,False,rope_taut_during_settle
414,414,14,10,0.0,1.0,rigid,25.0,0.9157894736842105,SPD,speed_track_error|startup_joint_error|stop_joint_error,0.23987484930324784,0.8998626470565796,RL_shank_joint,0.0,0.5093950767336561,,0.20869613725692035,0.2638454996029641,0.7913038627430796,0.1454508697986603,pd,0.01450198792694633,0.025943756103515625,0.015105384419435907,0.025785796344280243,0.0,0.0,0.21936321258544922,0.2529420852661133,0.880312979221344,0.651992311157068,0.6638554996703441,,False,0.1549724898650684,0.5615872144699097,0.625,0.22132205963134766,0.25512436032295227,0.10052871266289434,False,False,rope_taut_during_settle
415,415,15,10,0.0,1.5,rigid,5.0,0.9157894736842105,COL,stop_collision|startup_joint_error|stop_joint_error,0.2425000169237707,0.9035041332244873,RR_shank_joint,0.0,0.6307933666627314,,0.2347900391370058,0.321180972828479,0.8434733072419961,0.1681203854084015,pd,0.010795308845592452,0.0175323486328125,0.02233308507471704,0.036408618092536926,0.0,0.0,0.21421146392822266,0.24112796783447266,1.358446717262268,0.6406206913271681,0.6656803791669077,,True,0.1619068932758358,0.7050905227661133,0.5250000000000004,0.2170124053955078,0.2543826401233673,0.09839938670651024,False,False,rope_taut_during_settle
416,416,16,10,0.0,1.5,inextensible,10.0,0.9157894736842105,JNT,startup_joint_error|stop_joint_error,0.22667690255684628,0.9250314235687256,RR_shank_joint,0.0,0.5003956167447665,0.5499999999999998,0.07681687960401178,0.2249182866078418,0.9698251540834705,0.021285277605056763,pd,0.015920204366755366,0.03300285339355469,0.03238428093612248,0.05987899377942085,0.0,0.0,0.006852626800537109,0.0,0.0006272557657212019,,,,,0.1667141642848957,0.759604811668396,0.3250000000000002,0.2411479949951172,0.25384724140167236,0.0909869136136336,False,False,rope_taut_during_settle|robot_and_load_speeds_differ
417,417,17,10,0.0,1.5,inextensible,15.0,0.9157894736842105,COL,stop_collision|startup_joint_error|stop_joint_error,0.2437055950878027,0.9257316589355469,RR_shank_joint,0.0,0.6601036138660553,,0.292966394405812,0.3557065851245496,0.8046890703961253,0.212319233417511,pd,0.018638384144687256,0.025163650512695312,0.021320484015169654,0.035888563841581345,0.0,0.0,0.8723258972167969,0.8709745407104492,1.2933107614517212,0.0019211518515103165,0.0031177837700973043,,True,0.16075067167880314,0.712646484375,0.35000000000000053,0.21371173858642578,0.25385165214538574,0.09668048668902969,False,False,load_moved_during_settle|rope_not_continuously_taut
418,418,18,10,0.0,1.5,inextensible,20.0,0.9157894736842105,COL,stop_collision|speed_track_error|startup_joint_error|stop_joint_error,0.25996814210774655,0.9402002096176147,RR_shank_joint,0.0,0.7234590740523592,,0.3167803021520376,0.3862638622604688,0.7888131318986416,0.21490729093551636,pd,0.027265049637438754,0.0457763671875,0.014674441253286874,0.03443572670221329,0.0,0.0,0.8279275894165039,0.893096923828125,1.2811706066131592,-0.00022409385155697237,0.048447894248473844,1.25,True,0.15755843096233776,0.7412242889404297,0.40000000000000036,0.2137765884399414,0.2538515329360962,0.11671150682706374,False,False,load_moved_during_settle|rope_not_continuously_taut
419,419,19,10,0.0,1.5,inextensible,25.0,0.9157894736842105,COL,stop_collision|speed_track_error|startup_joint_error|stop_joint_error,0.26210541889976585,0.9491573572158813,RR_shank_joint,0.0,0.7604500675784609,,0.33967197824269535,0.4116170365475459,0.7735520145048698,0.2191254949569702,pd,0.029314548627712017,0.04199671745300293,0.013336775901151085,0.030512671917676926,0.0,0.0,0.904261589050293,0.9173965454101562,1.2707018852233887,-0.0009266879144256279,0.001289029164118105,1.25,True,0.16582452987257928,0.7611134648323059,0.35000000000000053,0.24536609649658203,0.25385183095932007,0.10508013132598176,False,False,load_moved_during_settle|rope_not_continuously_taut
420,420,20,10,5.0,0.5,compliant,5.0,0.9157894736842105,JNT,startup_joint_error|stop_joint_error,0.16157230256213778,0.5923676490783691,FL_shank_joint,0.0,0.1343896701873589,0.17499999999999982,0.04447087570093572,0.07239232266966197,0.9265990510769189,0.03452716261148453,pd,0.008116079899662603,0.011498451232910156,0.012419885542351522,0.03933219239115715,0.0,0.0,0.12208175659179688,0.11777782440185547,0.46359241008758545,0.5046616714015357,0.5047713084216596,,False,0.1515795564988636,0.4477231502532959,0.8500000000000005,-0.040332794189453125,0.2538514733314514,0.13020926077832956,False,True,
421,421,21,10,5.0,0.5,compliant,10.0,0.9157894736842105,JNT,startup_joint_error|stop_joint_error,0.16152421426943112,0.5924116373062134,FL_shank_joint,0.0,0.13467501867472342,0.17499999999999982,0.05561339356005192,0.08270560704899127,0.903802214115858,0.04397069901227951,pd,0.007226481573536017,0.014723777770996094,0.011604640085682594,0.0394001230597496,0.0,0.0,0.22012710571289062,0.21254730224609375,0.4537878632545471,0.42168071119451156,0.42170865804560087,,False,0.14208858961561902,0.41618847846984863,0.6749999999999998,-0.01940631866455078,0.2538521885871887,0.12917012514887985,False,True,
422,422,22,10,5.0,0.5,compliant,15.0,0.9157894736842105,JNT,startup_joint_error|stop_joint_error,0.1615510386225833,0.5925315618515015,FL_shank_joint,0.0,0.13817455696245845,0.17499999999999982,0.05912313026376068,0.08918505031110203,0.8976110485754907,0.04465927451848984,pd,0.00795276474182909,0.014220237731933594,0.01120960712438828,0.0394076444208622,0.0,0.0,0.3070821762084961,0.296417236328125,0.46343788504600525,0.33551997966224967,0.33551997966224967,,False,0.13808409356867302,0.3805180788040161,0.6500000000000004,-0.01688098907470703,0.25385192036628723,0.13121384872180075,False,False,rope_not_continuously_taut
423,423,23,10,5.0,0.5,compliant,20.0,0.9157894736842105,JNT,startup_joint_error|stop_joint_error,0.1616479342704455,0.5923675298690796,FL_shank_joint,0.0,0.1515466978910822,0.17499999999999982,0.06561353892087936,0.09709605609237854,0.883573254942894,0.04877454847097397,pd,0.007547534721298028,0.010265350341796875,0.012406959590144288,0.0393531508743763,0.0,0.0,0.3603487014770508,0.34778785705566406,0.4421287477016449,0.2590686087767011,0.2590686087767011,,False,0.15031869348144997,0.42449164390563965,0.75,-0.042359352111816406,0.2538514733314514,0.1478600450262248,False,False,rope_not_continuously_taut
424,424,24,10,5.0,0.5,rigid,25.0,0.9157894736842105,JNT,startup_joint_error|stop_joint_error,0.1611857349039413,0.5890315771102905,FL_shank_joint,0.0,0.13479470026987211,0.17499999999999982,0.03409899779595435,0.0659065597892759,1.0165636430494487,0.022747482061386107,pd,0.007859025685475415,0.011510848999023438,0.012957703858257669,0.03903837874531746,0.0,0.0,-0.20330238342285156,,-0.04063601791858673,,,,,0.14825308504183576,0.424222469329834,0.7000000000000002,-0.036202430725097656,0.25385215878486633,0.11573331806957851,False,False,rope_taut_during_settle|robot_and_load_speeds_differ
425,425,25,10,5.0,1.0,rigid,5.0,0.9157894736842105,COL,stop_collision|startup_joint_error|stop_joint_error,0.21510011548346683,0.8804315328598022,RR_shank_joint,0.0,0.3656359609703968,0.575,0.14343083405867219,0.19537404898401156,0.8565691659413278,0.13429384231567382,pd,0.025390153619403086,0.0386962890625,0.017700676118189537,0.039060913026332855,0.0,0.0,-0.03139781951904297,-0.006218910217285156,0.8289886116981506,0.6413010247583859,0.6681140447684246,,True,0.16215861529148626,0.5280187129974365,0.9000000000000004,-0.026891708374023438,0.25442972779273987,0.10082230243232679,False,False,rope_taut_during_settle
426,426,26,10,5.0,1.0,rigid,10.0,0.9157894736842105,COL,stop_collision|startup_joint_error|stop_joint_error,0.22169226488102778,0.882728099822998,RR_shank_joint,0.0,0.40537774412967453,,0.16714610774070024,0.2187620920591631,0.8328538922592997,0.15073082804679871,pd,0.02512065118240149,0.0488739013671875,0.013289676101303632,0.024675402790308,0.0,0.0,0.014211654663085938,0.021483421325683594,0.8010668754577637,0.6358152597019426,0.6630718309513721,,True,0.16405639626844218,0.5213192105293274,0.9750000000000005,0.01727581024169922,0.25472772121429443,0.13110877154195444,False,False,rope_taut_during_settle|tension_not_steady
427,427,27,10,5.0,1.0,rigid,15.0,0.9157894736842105,JNT,startup_joint_error|stop_joint_error,0.2247734071444325,0.8849925994873047,RL_shank_joint,0.0,0.4396078302804333,,0.1810408960841596,0.23525617085546172,0.8189591039158404,0.15942484974861146,pd,0.025180967282043814,0.04250335693359375,0.01564818670091389,0.03504849225282669,0.0,0.0,-0.1071939468383789,0.12162303924560547,0.7580224871635437,0.6461795536058723,0.6672146730575896,,False,0.165671571777259,0.5291295051574707,,-0.10328006744384766,0.2549271881580353,0.12826564790417733,False,False,rope_taut_during_settle
428,428,28,10,5.0,1.0,inextensible,20.0,0.9157894736842105,COL,stop_collision|startup_joint_error|stop_joint_error,0.21467809973010749,0.8756049871444702,RL_shank_joint,0.0,0.4062449183431282,,0.19154476928524672,0.23321610254118033,0.8157349987048655,0.17029257357120514,pd,0.01954894083551381,0.040721893310546875,0.011236831642691016,0.023315034806728363,0.0,0.0,-0.050048828125,0.2065563201904297,0.7178393006324768,0.46537546322518963,0.6643947835851947,,True,0.15691869705558834,0.46007704734802246,0.875,-0.04564952850341797,0.25385111570358276,0.1304589125379582,False,False,rope_not_continuously_taut|tension_not_steady
429,429,29,10,5.0,1.0,inextensible,25.0,0.9157894736842105,SPD,speed_track_error|startup_joint_error|stop_joint_error,0.21839316132485953,0.8760334253311157,RR_shank_joint,0.0,0.42971745476864015,,0.203100960040465,0.2467913044644777,0.8041690590139479,0.17382923781871795,pd,0.022285271556788982,0.041973114013671875,0.019503808864689515,0.057738348841667175,0.0,0.0,-0.2278451919555664,0.2122802734375,0.6975570321083069,0.4555586401344769,0.6660745215632247,,False,0.15578636291634862,0.45853567123413086,0.8250000000000002,-0.22372722625732422,0.2468494325876236,0.12847616063217354,False,False,rope_not_continuously_taut|tension_not_steady
430,430,30,10,10.0,1.5,compliant,5.0,0.9157894736842105,COL,stop_collision|speed_track_error|startup_joint_error|stop_joint_error,0.23431240079676544,0.925973653793335,RR_shank_joint,0.0,0.531970001668913,,0.3449789128266275,0.3981277193874541,0.770105012419323,0.4105390387773514,pd,0.025137679802986305,0.0413055419921875,0.027201762923871546,0.048945508897304535,0.0,0.0,0.2303304672241211,0.25478363037109375,1.2498648166656494,0.6300609517912488,0.6720550406954171,,True,0.15536191409796896,0.7073571681976318,0.7250000000000005,0.22349166870117188,0.25368189811706543,0.15231891256756724,False,True,
431,431,31,10,10.0,1.5,compliant,10.0,0.9157894736842105,SPD,speed_track_error|startup_joint_error|stop_joint_error,0.2525556228305514,0.9259285926818848,RR_shank_joint,0.0,0.6167253224749486,,0.45210880126804115,0.5102992718130953,0.6986684300750494,0.5614565134048461,pd,0.012350699468576675,0.02370452880859375,0.0217776072052966,0.04973131790757179,0.0,0.0,-0.12763500213623047,0.1502676010131836,0.8027970194816589,0.5920103168926314,0.6665847109690652,,False,0.16624398769442866,0.5244393348693848,,-0.1308603286743164,0.24737435579299927,0.15609987963300623,False,True,
432,432,32,10,10.0,1.5,compliant,15.0,0.9157894736842105,JNT,startup_joint_error|stop_joint_error,0.2250921411470398,0.9259032011032104,RR_shank_joint,0.0,0.4999283601857469,0.375,0.12111256029456854,0.2370174676091573,0.9499282159656287,0.08262820720672608,pd,0.026515575913083716,0.044525146484375,0.012287570480025599,0.022538146004080772,0.0,0.0,-0.42733144760131836,,-0.07806497812271118,,,,,0.16810904461650802,1.049298882484436,0.7999999999999998,0.4054718017578125,0.25385212898254395,0.15871671430462764,False,False,rope_taut_during_settle|robot_and_load_speeds_differ|tension_not_steady
433,433,33,10,10.0,1.5,compliant,20.0,0.9157894736842105,SPD,speed_track_error|startup_joint_error|stop_joint_error,0.25971830571836574,0.9305697679519653,RL_shank_joint,0.0,0.6830371511407319,,0.5482406099699437,0.6283627085461012,0.6345971944555641,0.7115805760025978,pd,0.027900347040233506,0.07039642333984375,0.02518186957236768,0.06103406473994255,0.0,0.0,-0.8727474212646484,0.06127738952636719,0.4666450023651123,0.5862536079494358,0.6800931666844292,,False,0.19271115084611007,0.6102112531661987,,-0.8635845184326172,0.24609798192977905,0.15390025126709372,False,False,rope_not_continuously_taut|tension_not_steady
434,434,34,10,10.0,1.5,rigid,25.0,0.9157894736842105,SPD,speed_track_error|startup_joint_error|stop_joint_error,0.2526177999778474,0.9330354928970337,RL_shank_joint,0.0,0.8876250438035143,,0.5947710228525103,0.6878890244094165,0.6034859847649932,0.7111692380905151,pd,0.014609508090523962,0.02625274658203125,0.024593064169437087,0.054414235055446625,0.0,0.0,-0.9314680099487305,0.029047012329101562,0.3223447799682617,0.6211852461665792,0.6700328043324344,,False,0.20143092574510663,0.578183650970459,,-0.9284944534301758,0.25521010160446167,0.14965877954060275,False,False,rope_taut_during_settle|tension_not_steady
435,435,35,10,10.0,0.5,rigid,5.0,0.9157894736842105,COL,stop_collision|startup_joint_error|stop_joint_error,0.17091735228206803,0.5948213338851929,RR_shank_joint,0.0,0.15757574710009187,0.375,0.045970934480428695,0.07887465015305446,0.9087186029553413,0.036574329733848575,pd,0.009349452451038253,0.01947021484375,0.014059822700923218,0.042051736265420914,0.0,0.0,-0.05422210693359375,0.03132915496826172,0.4243753254413605,0.6512182983931964,0.6617166886113903,,True,0.1465016848456225,0.4110463857650757,0.9500000000000002,-0.051444053649902344,0.25443193316459656,0.18579215120031525,False,False,rope_taut_during_settle
436,436,36,10,10.0,0.5,rigid,10.0,0.9157894736842105,JNT,startup_joint_error|stop_joint_error,0.1736963155072493,0.6018891334533691,RR_shank_joint,0.0,0.173030171175507,,0.05781482134014368,0.08732947761336832,0.8843703573197126,0.04413938969373703,pd,0.0060510123919078505,0.00922393798828125,0.018232363681681647,0.04195905476808548,0.0,0.0,-0.05901336669921875,0.039679527282714844,0.4178334176540375,0.6488218849757548,0.6558928142537663,,False,0.1497014093647344,0.43919599056243896,,-0.05652046203613281,0.25471627712249756,0.2055992538758232,False,False,rope_taut_during_settle
437,437,37,10,10.0,0.5,rigid,15.0,0.9157894736842105,JNT,startup_joint_error|stop_joint_error,0.1726458727968039,0.6099812984466553,RR_shank_joint,0.0,0.18041762707094935,0.47499999999999987,0.05811798995360732,0.0903266857673187,0.8837640200927853,0.04790426462888717,pd,0.008809104513837061,0.0191650390625,0.012968394055608831,0.030219797044992447,0.0,0.0,-0.038893699645996094,0.05653667449951172,0.43863779306411743,0.6503944916810624,0.6600850159381171,,False,0.15552945834066167,0.5009965896606445,,-0.03648853302001953,0.25492414832115173,0.21132060985384216,False,False,rope_taut_during_settle
438,438,38,10,10.0,0.5,inextensible,20.0,0.9157894736842105,JNT,startup_joint_error|stop_joint_error,0.16155546747787158,0.5921430587768555,FL_shank_joint,0.0,0.14138138493275207,0.17499999999999982,0.06376193851232528,0.09233209062638703,0.8873701220750809,0.04700714290142059,pd,0.006464095552346208,0.00914764404296875,0.014644214836952404,0.03916323184967041,0.0,0.0,0.3333444595336914,0.3205127716064453,0.41923728585243225,0.2562562138568012,0.2562562138568012,,False,0.151065575276309,0.4464724063873291,0.7250000000000005,-0.066070556640625,0.2538539469242096,0.20551081594297133,False,False,rope_not_continuously_taut
439,439,39,10,10.0,0.5,inextensible,25.0,0.9157894736842105,JNT,startup_joint_error|stop_joint_error,0.1616136775396747,0.5891013145446777,FL_shank_joint,0.0,0.14481654935438928,0.19999999999999996,0.0703097369428724,0.09856502067248168,0.8768105478771031,0.050964863896369936,pd,0.006332584746015636,0.00980377197265625,0.011880219827659345,0.03979960083961487,0.0,0.0,0.40423107147216797,0.3898735046386719,0.42780935764312744,0.1756311820465406,0.1756311820465406,,False,0.15369257756091306,0.4754152297973633,0.7999999999999998,-0.08026790618896484,0.2538500726222992,0.21527507279602032,False,False,rope_not_continuously_taut
440,440,0,11,0.0,1.5,compliant,10.0,0.9473684210526315,JNT,startup_joint_error|stop_joint_error,0.22591541362773096,0.924913763999939,RR_shank_joint,0.0,0.5015124280988322,0.5499999999999998,0.07677618073299528,0.2253560661635379,0.9704598987971743,0.021032788753509522,pd,0.017105234185982823,0.03369140625,0.030977928326322075,0.05749117583036423,0.0,0.0,-0.05506706237792969,-0.03669166564941406,-0.056901730597019196,,,,,0.16647567938956256,0.7612598240375519,0.4500000000000002,0.2461395263671875,0.25384730100631714,0.08694622211845224,False,False,rope_taut_during_settle|robot_and_load_speeds_differ|tension_not_steady
441,441,1,11,0.0,1.5,compliant,15.0,0.9473684210526315,COL,stop_collision|startup_joint_error|stop_joint_error,0.23887474228908354,0.9257452487945557,RR_shank_joint,0.0,0.6702753949002155,,0.28428610753268,0.35708045029768587,0.8105516428997119,0.2098280155658722,pd,0.02033395985851917,0.03409576416015625,0.028751646787455003,0.049913469702005386,0.0,0.0,0.8801593780517578,0.8883438110351562,1.2808747291564941,-0.00012061338594904214,0.003807103954226676,2.625000000000001,True,0.16169913410632059,0.5935783982276917,0.47500000000000053,0.16166114807128906,0.25385352969169617,0.10380953481546991,False,False,load_moved_during_settle
442,442,2,11,0.0,1.5,compliant,20.0,0.9473684210526315,COL,stop_collision|speed_track_error|startup_joint_error|stop_joint_error,0.24812170453230095,0.9253077507019043,RL_shank_joint,0.0,0.7015471865352421,,0.30728439828380943,0.37993397890961583,0.7952388475959499,0.2209527909755707,pd,0.011710746726409923,0.01891326904296875,0.024707570005922736,0.0416860394179821,0.0,0.0,0.8735065460205078,0.9101085662841797,1.268141269683838,-0.0004210327034002148,0.016079348755162925,1.25,True,0.16003534734647162,0.710293710231781,0.4500000000000002,0.18727874755859375,0.2538512349128723,0.09411725587535152,False,False,load_moved_during_settle
443,443,3,11,0.0,1.5,compliant,25.0,0.9473684210526315,COL,stop_collision|speed_track_error|startup_joint_error|stop_joint_error,0.2612125807551988,0.9510179758071899,RL_shank_joint,0.0,0.7832034336610458,,0.3422816383838654,0.4231078595789632,0.7718909160296122,0.2243431293964386,pd,0.01769431774094194,0.029937744140625,0.02415181973510561,0.05442725494503975,0.0,0.0,0.8366374969482422,0.9459819793701172,1.2692153453826904,-0.0026582081726473916,0.06774311576118919,1.125,True,0.16427102027189258,0.7224496006965637,0.35000000000000053,0.1991596221923828,0.25384941697120667,0.10771489744242718,False,False,load_moved_during_settle
444,444,4,11,0.0,0.5,compliant,5.0,0.9473684210526315,JNT,startup_joint_error|stop_joint_error,0.16203398473268626,0.5923939943313599,FL_shank_joint,0.0,0.13900753340303468,0.17499999999999982,0.038914483841508626,0.06905658646943065,0.9369507466629148,0.025863384306430818,pd,0.008369412014704085,0.01102447509765625,0.015112253089451577,0.03923014551401138,0.0,0.0,0.04963111877441406,0.10038375854492188,0.4498816132545471,0.5859479834664789,0.6331727129183911,,False,0.1436383530150688,0.37444114685058594,0.5750000000000002,0.000591278076171875,0.2538534700870514,0.08155144882658819,False,False,load_moved_during_settle
445,445,5,11,0.0,0.5,compliant,10.0,0.9473684210526315,JNT,startup_joint_error|stop_joint_error,0.16226028752247657,0.5923271179199219,FL_shank_joint,0.0,0.14704896699537964,0.19999999999999996,0.05837740890681744,0.08199803896886161,0.8999312414228916,0.0476955172419548,pd,0.007148840179918344,0.00974273681640625,0.011206007843172541,0.039882831275463104,0.0,0.0,0.12228965759277344,0.1941051483154297,0.48456910252571106,0.4988899969508438,0.5721605596196326,,False,0.12314763332239738,0.3395317792892456,0.375,0.0063266754150390625,0.2538503408432007,0.07263456038841307,False,False,load_moved_during_settle|rope_not_continuously_taut
446,446,6,11,0.0,0.5,compliant,15.0,0.9473684210526315,JNT,startup_joint_error|stop_joint_error,0.1642224198947087,0.5886213779449463,RR_shank_joint,0.0,0.16529765675931773,0.17499999999999982,0.06510916572995484,0.09250912902082055,0.8831518415175378,0.04847689539194107,pd,0.0056406678334409875,0.00832366943359375,0.010946965337814736,0.039089471101760864,0.0,0.0,0.10625839233398438,0.20361328125,0.4416016638278961,0.4747737862071091,0.5730344792884594,,False,0.1299542628380202,0.37122994661331177,0.40000000000000036,-0.011249542236328125,0.2538551688194275,0.08341234382890426,False,False,load_moved_during_settle|rope_not_continuously_taut
447,447,7,11,0.0,0.5,compliant,20.0,0.9473684210526315,JNT,startup_joint_error|stop_joint_error,0.16934579403089908,0.5914292335510254,RR_shank_joint,0.0,0.18592478873644072,0.17499999999999982,0.07739567339420318,0.10645450693783687,0.857093505859375,0.052506605684757235,pd,0.006721892053457969,0.01116180419921875,0.015186102013255955,0.039143938571214676,0.0,0.0,0.12256240844726562,0.2133350372314453,0.4439813792705536,0.45902544963152536,0.5486943630372991,,False,0.14602668164641963,0.37724196910858154,0.5750000000000002,-0.00988006591796875,0.25385189056396484,0.0838995254528671,False,False,load_moved_during_settle|rope_not_continuously_taut
448,448,8,11,0.0,0.5,rigid,25.0,0.9473684210526315,JNT,startup_joint_error|stop_joint_error,0.16095809211428083,0.5916138887405396,FL_shank_joint,0.0,0.13440306668940744,0.17499999999999982,0.040028320495039224,0.06854425533662196,1.0377800751850008,0.033368648886680605,pd,0.00695765590804521,0.00905609130859375,0.011814420551473359,0.039144765585660934,0.0,0.0,-0.9093494415283203,,-0.1864917129278183,,,,,0.1498867191483183,0.46157801151275635,0.6000000000000005,0.0010967254638671875,0.25384998321533203,0.07681899149319023,False,False,rope_taut_during_settle|load_moved_during_settle|robot_and_load_speeds_differ
449,449,9,11,0.0,1.0,rigid,5.0,0.9473684210526315,COL,stop_collision|startup_joint_error|stop_joint_error,0.21213798687863605,0.8817870616912842,RR_shank_joint,0.0,0.35811023339206477,0.5249999999999999,0.12401959933340549,0.1817679927161281,0.8759804006665945,0.09599115192890167,pd,0.023413859527635552,0.036609649658203125,0.02604266900488367,0.045498840510845184,0.0,0.0,0.10271072387695312,0.12386894226074219,0.8814495205879211,0.6792704980340218,0.6948592167046144,,True,0.14795093191473194,0.5575829148292542,0.27500000000000036,0.10394477844238281,0.25436702370643616,0.08484304586210085,False,False,rope_taut_during_settle
450,450,10,11,0.0,1.0,rigid,10.0,0.9473684210526315,COL,stop_collision|startup_joint_error|stop_joint_error,0.2215066498833395,0.886070966720581,RL_shank_joint,0.0,0.4017149463826548,0.9749999999999999,0.145795780159533,0.20383791963261946,0.854204219840467,0.10564251899719239,pd,0.020337865309697934,0.03449249267578125,0.021469234246953805,0.03685947135090828,0.0,0.0,0.14003562927246094,0.1573162078857422,0.890527606010437,0.6824888133788498,0.6939211971491055,,True,0.14321248986094148,0.55314040184021,0.4249999999999998,0.14165878295898438,0.2546188235282898,0.10752043948835029,False,False,rope_taut_during_settle
451,451,11,11,0.0,1.0,rigid,15.0,0.9473684210526315,JNT,startup_joint_error|stop_joint_error,0.22546499745318782,0.885859489440918,RL_shank_joint,0.0,0.43759262913008756,,0.17160572143271566,0.22649017718428405,0.8283942785672843,0.12923378109931946,pd,0.01932228346210141,0.035022735595703125,0.023701175869728384,0.0438213087618351,0.0,0.0,0.1361103057861328,0.17161178588867188,0.8430725336074829,0.6793601245066476,0.6975225878854339,,False,0.1525447821006299,0.5721825361251831,0.4249999999999998,0.13748550415039062,0.2547958791255951,0.08522062390798527,False,False,rope_taut_during_settle
452,452,12,11,0.0,1.0,rigid,20.0,0.9473684210526315,JNT,startup_joint_error|stop_joint_error,0.22574790170514672,0.8917896747589111,RL_shank_joint,0.0,0.4756684538379338,,0.1924515762925148,0.24653773069850318,0.8075484237074853,0.1330167531967163,pd,0.01655043563074814,0.037601470947265625,0.008000360307339534,0.02216498740017414,0.0,0.0,0.2088756561279297,0.22801971435546875,0.8744551539421082,0.6836587135376497,0.6905289774294268,,False,0.15228083823782793,0.6421257257461548,0.5499999999999998,0.21093368530273438,0.25492891669273376,0.1074242054765522,False,False,rope_taut_during_settle
453,453,13,11,0.0,1.0,rigid,25.0,0.9473684210526315,SPD,speed_track_error|startup_joint_error|stop_joint_error,0.23834384472346137,0.9026551246643066,RL_shank_joint,0.0,0.5100779583112992,,0.21046201851218937,0.26495203519874183,0.7895379814878106,0.14950225949287416,pd,0.020132385460971444,0.03629302978515625,0.015433894120394148,0.026746489107608795,0.0,0.0,0.21288681030273438,0.24515724182128906,0.8763614296913147,0.6820780036424843,0.6961708621195406,,False,0.1714701877387293,0.7738063335418701,0.6000000000000005,0.21506690979003906,0.2550429403781891,0.1309921636766821,False,False,rope_taut_during_settle
454,454,14,11,0.0,1.5,rigid,5.0,0.9473684210526315,COL,stop_collision|startup_joint_error|stop_joint_error,0.2397933608770018,0.9063593149185181,RR_shank_joint,0.0,0.6191580448799949,0.7249999999999999,0.23166637357324363,0.3178290787029221,0.845555750951171,0.17455123066902162,pd,0.011437217478510842,0.021221160888671875,0.020703763595666457,0.03523940220475197,0.0,0.0,0.21622848510742188,0.23450851440429688,1.3485196828842163,0.6703242444684001,0.6972272301834543,,True,0.1633504826787979,0.7239818572998047,0.375,0.21877670288085938,0.25436756014823914,0.10390843251722501,False,False,rope_taut_during_settle
455,455,15,11,0.0,1.5,rigid,10.0,0.9473684210526315,COL,stop_collision|startup_joint_error|stop_joint_error,0.24566346101337547,0.9044550657272339,RR_shank_joint,0.0,0.71762112768158,,0.2769410298205912,0.3653534351127487,0.8153726467862725,0.19584494352340698,pd,0.024129694060615294,0.05333900451660156,0.012008656991239704,0.023280007764697075,0.0,0.0,0.26144981384277344,0.298858642578125,1.3183510303497314,0.6710528724750837,0.6919633944481447,,True,0.1580637620663604,0.6752573251724243,0.9000000000000004,0.26291465759277344,0.2546180784702301,0.12208438157174177,False,False,rope_taut_during_settle
456,456,16,11,0.0,1.5,inextensible,15.0,0.9473684210526315,JNT,startup_joint_error|stop_joint_error,0.22577952079453265,0.9257745742797852,RR_shank_joint,0.0,0.5012700623518084,0.5499999999999998,0.07624319249764085,0.22522579531547446,0.9705574850613873,0.02095044732093811,pd,0.01706830938569756,0.033550262451171875,0.03101728618817126,0.05769885703921318,0.0,0.0,0.0011882781982421875,0.0,-0.0017681547906249762,,,,,0.1664776300486671,0.7620995044708252,0.4500000000000002,0.24625778198242188,0.25384724140167236,0.08716208679563549,False,False,rope_taut_during_settle|robot_and_load_speeds_differ
457,457,17,11,0.0,1.5,inextensible,20.0,0.9473684210526315,COL,stop_collision|speed_track_error|startup_joint_error|stop_joint_error,0.2476623551143518,0.9253785610198975,RR_shank_joint,0.0,0.6985910143283548,,0.3217824497073889,0.3839266556309117,0.7855162905156612,0.2355893635749817,pd,0.015698775090198992,0.024155616760253906,0.027308954557437,0.04658035933971405,0.0,0.0,0.8635292053222656,0.8959255218505859,1.2697646617889404,-0.0003540714730547734,0.02437441038224364,1.5,True,0.16281177336248123,0.7151058316230774,0.5,0.190521240234375,0.253851056098938,0.10073251877069148,False,False,load_moved_during_settle|rope_not_continuously_taut
458,458,18,11,0.0,1.5,inextensible,25.0,0.9473684210526315,COL,stop_collision|speed_track_error|startup_joint_error|stop_joint_error,0.25567998936671654,0.9257501363754272,RR_shank_joint,0.0,0.7592934242799977,,0.3511910081654787,0.41871328896546495,0.7658726612230141,0.23456201314926148,pd,0.019730395778484365,0.029325485229492188,0.029277984494274583,0.06263387948274612,0.0,0.0,0.8524894714355469,0.9544639587402344,1.2840322256088257,-0.002452489325829532,0.05647949190885271,1.125,True,0.17875836361179492,0.9954354763031006,0.375,0.20938682556152344,0.2538508176803589,0.16372839931883978,False,False,load_moved_during_settle|rope_not_continuously_taut
459,459,19,11,0.0,0.5,inextensible,5.0,0.9473684210526315,JNT,startup_joint_error|stop_joint_error,0.16202319836672666,0.5926611423492432,FL_shank_joint,0.0,0.13715172905740153,0.17499999999999982,0.047767434334382415,0.07265784814020741,0.9194524415023625,0.04183290481567383,pd,0.0078047372666789575,0.009600162506103516,0.011384225955527858,0.03957228735089302,0.0,0.0,0.052013397216796875,0.08813667297363281,0.4538627564907074,0.6019000350154826,0.6352199635372315,,False,0.12251594082088509,0.3585692048072815,0.375,-0.000988006591796875,0.25385212898254395,0.07399307415955701,False,False,load_moved_during_settle
460,460,20,11,5.0,0.5,compliant,10.0,0.9473684210526315,JNT,startup_joint_error|stop_joint_error,0.16154672919538496,0.592426061630249,FL_shank_joint,0.0,0.1345015412565683,0.17499999999999982,0.056487529603764415,0.08290910769665381,0.9026144819892943,0.044075725376605986,pd,0.00574253168618317,0.010942220687866211,0.02059726680150394,0.0393671840429306,0.0,0.0,0.2067108154296875,0.19966697692871094,0.4387648403644562,0.4341672851853495,0.4341739822148618,,False,0.15237488121538603,0.44245171546936035,,-0.049678802490234375,0.2538512051105499,0.14950591329973742,False,True,
461,461,21,11,5.0,0.5,compliant,15.0,0.9473684210526315,JNT,startup_joint_error|stop_joint_error,0.1614918695628479,0.592552900314331,FL_shank_joint,0.0,0.1346990954292688,0.17499999999999982,0.05805193394422531,0.08810648950709689,0.8998669511079789,0.04433342605829239,pd,0.0063191469040352645,0.008976936340332031,0.013509473119325623,0.0394367016851902,0.0,0.0,0.28723907470703125,0.2771453857421875,0.42844751477241516,0.36762463441653637,0.36762463441653637,,False,0.1414863789015525,0.4066542387008667,,-0.04154014587402344,0.2538520097732544,0.13624988047443407,False,True,
462,462,22,11,5.0,0.5,compliant,20.0,0.9473684210526315,JNT,startup_joint_error|stop_joint_error,0.16165172839166153,0.591961145401001,FL_shank_joint,0.0,0.13446322117012316,0.17499999999999982,0.06560301357880234,0.09726975228636989,0.8850834525749087,0.049802471995353696,pd,0.008376531467507156,0.010623931884765625,0.011822810366822515,0.03932737186551094,0.0,0.0,0.36685943603515625,0.35410308837890625,0.45104891061782837,0.2751656069413393,0.2751656069413393,,False,0.15004123699506755,0.42685627937316895,0.75,-0.04901123046875,0.2538515329360962,0.14801883236481167,False,False,rope_not_continuously_taut
463,463,23,11,5.0,0.5,compliant,25.0,0.9473684210526315,JNT,startup_joint_error|stop_joint_error,0.16105544876482952,0.5893816947937012,FL_shank_joint,0.0,0.1361377729032291,0.19999999999999996,0.07065585623495281,0.10432185743217591,0.8779130003787577,0.049236333072185515,pd,0.007096690362177968,0.011980056762695312,0.013654039367375,0.03974610194563866,0.0,0.0,0.42391204833984375,0.409576416015625,0.4454197883605957,0.19966187046209782,0.19966187046209782,,False,0.15491414119928093,0.4634850025177002,0.9249999999999998,-0.06353569030761719,0.2538519501686096,0.14541636508867306,False,False,rope_not_continuously_taut
464,464,24,11,5.0,1.0,rigid,5.0,0.9473684210526315,JNT,startup_joint_error|stop_joint_error,0.19083912117484708,0.8759747743606567,RR_shank_joint,0.0,0.2926237844916783,0.575,0.05277339668944478,0.13366730272956762,0.9774398544244468,0.024891526699066163,pd,0.02071672231921301,0.042942047119140625,0.008998801006619752,0.02287495881319046,0.0,0.0,-0.17449378967285156,,-0.03449876606464386,,,,,0.1559271965681436,0.6016205549240112,0.5750000000000002,0.03427314758300781,0.25385212898254395,0.11193739222158262,False,False,rope_taut_during_settle|robot_and_load_speeds_differ
465,465,25,11,5.0,1.0,rigid,10.0,0.9473684210526315,COL,stop_collision|startup_joint_error|stop_joint_error,0.22174817238879777,0.8827643394470215,RR_shank_joint,0.0,0.40509084468389883,,0.16873452361673116,0.21969196227159948,0.8312654763832689,0.15263873517513274,pd,0.025939120243329557,0.049831390380859375,0.01631630678036013,0.029515882954001427,0.0,0.0,0.010492324829101562,0.024982452392578125,0.8020052313804626,0.6673772520666859,0.6952966968107361,,True,0.1641620243626477,0.5070175528526306,0.9500000000000002,0.013921737670898438,0.25468817353248596,0.13020606559382814,False,False,rope_taut_during_settle
466,466,26,11,5.0,1.0,rigid,15.0,0.9473684210526315,JNT,startup_joint_error|stop_joint_error,0.22371282689798658,0.8841744661331177,RL_shank_joint,0.0,0.43820589809569643,,0.18163698233664036,0.2354003206301301,0.8183630176633596,0.16025282561779022,pd,0.0259977432864784,0.043365478515625,0.01767170815225225,0.03695693612098694,0.0,0.0,-0.11517906188964844,0.12135887145996094,0.755024790763855,0.6779357935781078,0.6948526056837743,,False,0.1657803648338702,0.5398385524749756,,-0.11083221435546875,0.2548935115337372,0.12833635032682755,False,False,rope_taut_during_settle|tension_not_steady
467,467,27,11,5.0,1.0,rigid,20.0,0.9473684210526315,JNT,startup_joint_error|stop_joint_error,0.22121832025743185,0.891250729560852,RL_shank_joint,0.0,0.4745909049804161,,0.1933502847328782,0.24974053062998083,0.8066497152671218,0.1586269837617874,pd,0.02167680739186912,0.037044525146484375,0.00906444801759378,0.02497125416994095,0.0,0.0,-0.1267528533935547,0.12579727172851562,0.7609548568725586,0.6736484375696321,0.6998702690215133,,False,0.1698858819941452,0.6121965646743774,,-0.11997604370117188,0.2550332248210907,0.10588795948662776,False,False,rope_taut_during_settle|tension_not_steady
468,468,28,11,5.0,1.0,inextensible,25.0,0.9473684210526315,COL,stop_collision|startup_joint_error|stop_joint_error,0.22033599853480404,0.8759523630142212,RR_shank_joint,0.0,0.419832964691096,,0.19690638904459776,0.24052795569777377,0.8104028856288642,0.1721680760383606,pd,0.022103212175655407,0.039478302001953125,0.016629595954003887,0.04698038101196289,0.0,0.0,-0.23816680908203125,0.21141433715820312,0.69813072681427,0.48804041184652647,0.6969963542062096,,True,0.1578660573417115,0.45331883430480957,0.875,-0.2327594757080078,0.24985933303833008,0.13155917121770724,False,False,rope_not_continuously_taut|tension_not_steady
469,469,29,11,5.0,1.5,inextensible,5.0,0.9473684210526315,COL,stop_collision|startup_joint_error|stop_joint_error,0.23297149378703538,0.9260227680206299,RR_shank_joint,0.0,0.5262672147808303,,0.23754999665543436,0.2985751443882362,0.8417282905305425,0.21306187748908997,pd,0.03412219633629593,0.046764373779296875,0.02212663486849446,0.0382743701338768,0.0,0.0,0.2560920715332031,0.3566761016845703,1.3469059467315674,0.5870565020798608,0.6871515012979579,,True,0.15434728192559294,0.6529660224914551,0.7000000000000002,0.259552001953125,0.2538497745990753,0.0889729662718787,False,False,rope_not_continuously_taut
470,470,30,11,10.0,1.5,compliant,10.0,0.9473684210526315,SPD,speed_track_error|startup_joint_error|stop_joint_error,0.24279184866682965,0.9261186122894287,RR_shank_joint,0.0,0.6003543268976034,,0.44483828503638506,0.5056287592598491,0.7038087394585212,0.5603404110670089,pd,0.01444634581809478,0.02451324462890625,0.018183738296549654,0.051560331135988235,0.0,0.0,-0.013256072998046875,0.1743621826171875,0.7989184260368347,0.6283541636441612,0.7136419386981494,,False,0.15859818011971016,0.5594897270202637,,-0.029199600219726562,0.2502109408378601,0.15326438559644548,False,True,
471,471,31,11,10.0,1.5,compliant,15.0,0.9473684210526315,COL,stop_collision|speed_track_error|startup_joint_error|stop_joint_error,0.23844046584725906,0.9251303672790527,RR_shank_joint,0.0,0.6593581192103207,,0.5061263395473361,0.5781030370072865,0.6630634164065122,0.648737615942955,pd,0.015023334718206821,0.04758453369140625,0.02388266738017883,0.056831229478120804,0.0,0.0,-0.4866771697998047,0.1120452880859375,0.5972464680671692,0.6239186745619882,0.7472130296050459,,True,0.17281598575328877,0.5991401672363281,,-0.4919261932373047,0.25385159254074097,0.138970987064255,False,False,tension_not_steady
472,472,32,11,10.0,1.5,compliant,20.0,0.9473684210526315,JNT,startup_joint_error|stop_joint_error,0.22576854873628208,0.926088809967041,RR_shank_joint,0.0,0.5011717899002265,0.5499999999999998,0.12164264678955078,0.23764940889619354,0.9495523985226949,0.08343287944793701,pd,0.020963851883801638,0.04187774658203125,0.008433116495824294,0.022409753873944283,0.0,0.0,-0.41134071350097656,,-0.07453913241624832,,,,,0.1801881896115467,1.0575021505355835,0.875,0.40108680725097656,0.25385206937789917,0.1584513575062932,False,False,rope_taut_during_settle|robot_and_load_speeds_differ|tension_not_steady
473,473,33,11,10.0,1.5,compliant,25.0,0.9473684210526315,SPD,speed_track_error|startup_joint_error|stop_joint_error,0.2572577905315769,0.9259450435638428,RL_shank_joint,0.0,0.7272443571005575,,0.5806373820453882,0.6705494472425751,0.6133627583086491,0.7433855468034745,pd,0.015030168756375716,0.0301055908203125,0.024618478367257335,0.05839041993021965,0.0,0.0,-1.0047168731689453,0.026782989501953125,0.2951357960700989,0.6565214851510923,0.721963317172122,,False,0.189214446507507,0.5498170852661133,,-0.9999599456787109,0.25384968519210815,0.1505719642844668,False,False,robot_not_tracking_command|rope_not_continuously_taut|tension_not_steady
474,474,34,11,10.0,0.5,rigid,5.0,0.9473684210526315,COL,stop_collision|startup_joint_error|stop_joint_error,0.1714357061180391,0.5948188304901123,RR_shank_joint,0.0,0.15792834239901285,0.375,0.045230215797200796,0.07843276989195103,0.9102154862694443,0.03474549323320389,pd,0.00952199266122951,0.0147552490234375,0.012490706880551277,0.0422222763299942,0.0,0.0,-0.04978179931640625,-0.043224334716796875,0.43418648838996887,0.6839084967988711,0.6963319646483122,,True,0.14269283287433004,0.36822736263275146,0.75,-0.04691123962402344,0.25440531969070435,0.17609070615679392,False,False,rope_taut_during_settle|load_moved_during_settle
475,475,35,11,10.0,0.5,rigid,10.0,0.9473684210526315,JNT,startup_joint_error|stop_joint_error,0.17370807384856846,0.6021773815155029,RR_shank_joint,0.0,0.17313062592937564,,0.056801956072449686,0.0869094936050292,0.8863960878551006,0.04308785736560822,pd,0.0061889177156090065,0.00872802734375,0.019151333499491996,0.04201868176460266,0.0,0.0,-0.059299468994140625,0.0387420654296875,0.4120349884033203,0.68044055897251,0.6867476971013389,,False,0.14957770316424274,0.4360297918319702,,-0.057033538818359375,0.2546849250793457,0.20423241948256593,False,False,rope_taut_during_settle
476,476,36,11,10.0,0.5,rigid,15.0,0.9473684210526315,JNT,startup_joint_error|stop_joint_error,0.17287003068973078,0.6493617296218872,RR_shank_joint,0.0,0.18521141655716664,,0.06105132433585823,0.0921598976475522,0.8778973513282835,0.04675479769706726,pd,0.007545183707342165,0.0167388916015625,0.013893862548873306,0.030894257128238678,0.0,0.0,-0.044742584228515625,0.05295753479003906,0.43383222818374634,0.6829281840622201,0.6917381823409521,,False,0.1600090077568532,0.5103470087051392,,-0.042598724365234375,0.25487637519836426,0.20749425994101414,False,False,rope_taut_during_settle
477,477,37,11,10.0,0.5,rigid,20.0,0.9473684210526315,JNT,startup_joint_error|stop_joint_error,0.17867310275753293,0.6080373525619507,RR_shank_joint,0.0,0.19117540188734305,0.625,0.06409638568758964,0.09583179906023769,0.8718072286248207,0.04967962861061096,pd,0.007519933874929839,0.0164337158203125,0.027944927512433226,0.05743751302361488,0.0,0.0,-0.057582855224609375,0.06710433959960938,0.4322141408920288,0.681454205353262,0.6973785642721673,,False,0.1616641280945065,0.49742913246154785,0.9750000000000005,-0.05475807189941406,0.25505495071411133,0.21081614455944375,False,False,rope_taut_during_settle
478,478,38,11,10.0,0.5,inextensible,25.0,0.9473684210526315,JNT,startup_joint_error|stop_joint_error,0.16125548612475016,0.5878045558929443,FL_shank_joint,0.0,0.13512270151214054,0.17499999999999982,0.06983749680221081,0.0996022491181571,0.8748042286932468,0.05027481257915497,pd,0.005681561134148083,0.0096893310546875,0.015000477773010083,0.038917653262615204,0.0,0.0,0.40460968017578125,0.39023780822753906,0.4284383952617645,0.21214218764909276,0.21214218764909276,,False,0.15544186701904014,0.4682215452194214,0.8250000000000002,-0.07049751281738281,0.2538527548313141,0.06640166446678859,False,False,rope_not_continuously_taut
479,479,39,11,10.0,1.0,inextensible,5.0,0.9473684210526315,COL,stop_collision|startup_joint_error|stop_joint_error,0.20813567380979486,0.8761311769485474,RR_shank_joint,0.0,0.3136436201744608,1.0999999999999999,0.1749726296402514,0.21173837685271155,0.8322664689086378,0.20954780101776124,pd,0.027421562608015725,0.04662322998046875,0.014169888905002497,0.02509952522814274,0.0,0.0,-0.048885345458984375,0.08270072937011719,0.6854201555252075,0.6301339836750302,0.6954421081821813,,True,0.15599176379280968,0.4400380849838257,0.9249999999999998,-0.04648399353027344,0.2538526654243469,0.17220187303825935,False,True,
480,480,0,12,0.0,1.5,compliant,15.0,0.9789473684210526,JNT,startup_joint_error|stop_joint_error,0.2256308900555233,0.9250264167785645,RR_shank_joint,0.0,0.5006454836406277,0.5499999999999998,0.07645442456007004,0.22498121604385388,0.9698530485232671,0.021285897493362425,pd,0.01504849570361197,0.032135009765625,0.030782471914759323,0.056495022028684616,0.0,0.0,0.005908966064453125,0.0,-0.007355512585490942,,,,,0.16717343329569423,0.7593720555305481,0.47500000000000053,0.23799514770507812,0.2538493275642395,0.08587190573119322,False,False,rope_taut_during_settle|robot_and_load_speeds_differ|tension_not_steady
481,481,1,12,0.0,1.5,compliant,20.0,0.9789473684210526,COL,stop_collision|speed_track_error|startup_joint_error|stop_joint_error,0.24232812976549384,0.9255237579345703,RR_shank_joint,0.0,0.7372293021840702,,0.31474080981686714,0.3941363026892426,0.7902297842378417,0.21650757670402526,pd,0.02496503336454734,0.05402374267578125,0.02341317311961903,0.040370505303144455,0.0,0.0,0.9095878601074219,0.959320068359375,1.2792303562164307,-0.00019348079631242854,0.03367264712359486,1.375,True,0.15334251756654205,0.6289651393890381,0.35000000000000053,0.18902206420898438,0.2538541257381439,0.10660809114056656,False,False,load_moved_during_settle
482,482,2,12,0.0,1.5,compliant,25.0,0.9789473684210526,COL,stop_collision|speed_track_error|startup_joint_error|stop_joint_error,0.2478456558116268,0.9253616333007812,RL_shank_joint,0.0,0.7531964266411664,,0.3316882803849876,0.410368788314839,0.7789521724109848,0.22061402797698976,pd,0.014207622483254852,0.0261383056640625,0.016824465880108535,0.030369320884346962,0.0,0.0,0.9494438171386719,0.9718170166015625,1.285375952720642,-0.0030390271994988893,3.555646559050274e-05,1.125,True,0.14936181040964921,0.6371575593948364,0.3250000000000002,0.21587753295898438,0.2538517713546753,0.10675178854234174,False,False,load_moved_during_settle
483,483,3,12,0.0,0.5,compliant,5.0,0.9789473684210526,JNT,startup_joint_error|stop_joint_error,0.1611266015110337,0.5886538028717041,FL_shank_joint,0.0,0.1368891320554146,0.19999999999999996,0.041618735184893015,0.07126622009309815,0.9343721473403275,0.02915884256362915,pd,0.008447211903911424,0.01090240478515625,0.014487452934337033,0.03978109359741211,0.0,0.0,0.047924041748046875,0.10071945190429688,0.44279566407203674,0.6169307957086048,0.6658791456240181,,False,0.14410280618494478,0.38068437576293945,0.5750000000000002,-0.0013580322265625,0.25385043025016785,0.08161191198072125,False,True,
484,484,4,12,0.0,0.5,compliant,10.0,0.9789473684210526,JNT,startup_joint_error|stop_joint_error,0.16314294005296143,0.5878475904464722,RR_shank_joint,0.0,0.15566324083375505,0.17499999999999982,0.05856247592717409,0.0843054582057958,0.897708415016532,0.047218407392501834,pd,0.005851745854145229,0.0084075927734375,0.011811734345081783,0.03914213925600052,0.0,0.0,0.1109161376953125,0.183502197265625,0.4543939232826233,0.5494476677859623,0.6153771843804208,,False,0.1272878041479715,0.3563801050186157,0.375,0.00262451171875,0.2538558840751648,0.07391114942363883,False,False,load_moved_during_settle|rope_not_continuously_taut
485,485,5,12,0.0,0.5,compliant,15.0,0.9789473684210526,JNT,startup_joint_error|stop_joint_error,0.16471940360078535,0.5880178213119507,RR_shank_joint,0.0,0.17070005299692645,0.17499999999999982,0.0652415122743696,0.09475413352626025,0.8835776789672672,0.04845078408718109,pd,0.00611917806377992,0.0084381103515625,0.011609627381910388,0.03926889970898628,0.0,0.0,0.09808731079101562,0.20232009887695312,0.44424331188201904,0.5084655336669641,0.6133727849336807,,False,0.12977967480134428,0.3638642430305481,0.40000000000000036,-0.01084136962890625,0.2538513243198395,0.0839913483914077,False,False,load_moved_during_settle|rope_not_continuously_taut
486,486,6,12,0.0,0.5,compliant,20.0,0.9789473684210526,JNT,startup_joint_error|stop_joint_error,0.16929266205983942,0.5887428522109985,RR_shank_joint,0.0,0.20332423337086458,0.17499999999999982,0.08307366371620446,0.11934787226943872,0.8467173278238624,0.0506640687584877,pd,0.006574562842646826,0.00848388671875,0.015085902323993284,0.039455629885196686,0.0,0.0,0.13268280029296875,0.24027633666992188,0.4411294162273407,0.46959613254090016,0.5784887117365187,,False,0.1443317613739768,0.3751382827758789,0.5750000000000002,-0.00252532958984375,0.25385576486587524,0.08234908024497889,False,False,load_moved_during_settle|rope_not_continuously_taut
487,487,7,12,0.0,0.5,compliant,25.0,0.9789473684210526,JNT,startup_joint_error|stop_joint_error,0.1684630146240896,0.5941084623336792,RR_shank_joint,0.0,0.19982341418193045,0.17499999999999982,0.08839704261161387,0.12382417479913582,0.8364743855409325,0.056091111600399014,pd,0.009666494034213454,0.01302337646484375,0.014581948079843072,0.03920452669262886,0.0,0.0,0.18487167358398438,0.2828407287597656,0.4477013647556305,0.44625678966539795,0.5468048739337732,,False,0.12825510869069476,0.3400301933288574,0.4500000000000002,0.014171600341796875,0.25385355949401855,0.07439349933648322,False,False,load_moved_during_settle|rope_not_continuously_taut
488,488,8,12,0.0,1.0,rigid,5.0,0.9789473684210526,JNT,startup_joint_error|stop_joint_error,0.1907999105336089,0.8759430646896362,RR_shank_joint,0.0,0.29249514624694295,0.575,0.05441945046186447,0.13414377718452766,0.9995950296521187,0.02756762444972992,pd,0.01262151074590343,0.02407073974609375,0.006267435483629859,0.022921960800886154,0.0,0.0,-0.6227455139160156,,-0.17525628209114075,,,,,0.14852327689551928,0.5907699465751648,0.2999999999999998,0.14318466186523438,0.2538507878780365,0.06836231178905053,False,False,rope_taut_during_settle|robot_and_load_speeds_differ
489,489,9,12,0.0,1.0,rigid,10.0,0.9789473684210526,COL,stop_collision|startup_joint_error|stop_joint_error,0.22067328160544633,0.8832406997680664,RR_shank_joint,0.0,0.40481203205017474,,0.14605398556217553,0.20517867676490253,0.8539460144378245,0.10654629707336426,pd,0.019547662880434982,0.036174774169921875,0.022048955262298883,0.036975886672735214,0.0,0.0,0.13387298583984375,0.15865707397460938,0.9022754430770874,0.7123731233385016,0.7293283379433007,,True,0.14627693534600159,0.5647056102752686,0.40000000000000036,0.13570785522460938,0.2545952796936035,0.11087264642664571,False,False,rope_taut_during_settle
490,490,10,12,0.0,1.0,rigid,15.0,0.9789473684210526,JNT,startup_joint_error|stop_joint_error,0.22409825269976916,0.8869454860687256,RL_shank_joint,0.0,0.4403132980506529,0.875,0.16568340023979544,0.22494815899112564,0.8343165997602046,0.1281178116798401,pd,0.01139477843295002,0.024169921875,0.007527828762017183,0.025053249672055244,0.0,0.0,0.16324615478515625,0.18843460083007812,0.8840895295143127,0.7157950294805389,0.7272066083963793,,False,0.15236681592819076,0.5316706895828247,0.4500000000000002,0.16508865356445312,0.2547759413719177,0.0975070148430996,False,False,rope_taut_during_settle
491,491,11,12,0.0,1.0,rigid,20.0,0.9789473684210526,JNT,startup_joint_error|stop_joint_error,0.2239710558892598,0.8900399208068848,RL_shank_joint,0.0,0.4746497208248147,,0.1817737546749413,0.24136520930337113,0.8182262453250587,0.12325037062168122,pd,0.019670255203221423,0.044124603271484375,0.01708247562041049,0.029834581539034843,0.0,0.0,0.15988922119140625,0.225372314453125,0.8873589634895325,0.7074795417733384,0.7290030169872921,,False,0.16082988429228376,0.6212635040283203,,0.1616973876953125,0.25491049885749817,0.1155924755854185,False,False,rope_taut_during_settle
492,492,12,12,0.0,1.0,rigid,25.0,0.9789473684210526,JNT,startup_joint_error|stop_joint_error,0.23752356041749748,0.893338680267334,RL_shank_joint,0.0,0.5139277497891624,,0.19417582232505082,0.2577711833920727,0.8058241776749492,0.11397212564945221,pd,0.016466540835916338,0.03682708740234375,0.008044166613495662,0.02367878518998623,0.0,0.0,0.22245025634765625,0.25397491455078125,0.8731991648674011,0.7148787603989106,0.7265536870920002,,False,0.15787780953011765,0.6623050570487976,0.6000000000000005,0.22433853149414062,0.2550112307071686,0.1089848060137259,False,False,rope_taut_during_settle
493,493,13,12,0.0,1.5,rigid,5.0,0.9789473684210526,COL,stop_collision|startup_joint_error|stop_joint_error,0.241981144521054,0.9102089405059814,RR_shank_joint,0.0,0.6246637337900469,,0.23445647841319442,0.31950612354811125,0.8436956810578704,0.17063979268074037,pd,0.023456809365815918,0.037517547607421875,0.026640001967546987,0.04728081449866295,0.0,0.0,0.20983505249023438,0.226715087890625,1.3297250270843506,0.7034910517363784,0.7269366184523633,,True,0.16469324547966813,0.671363115310669,0.5,0.21157073974609375,0.25434592366218567,0.09048112005740465,False,False,rope_taut_during_settle
494,494,14,12,0.0,1.5,rigid,10.0,0.9789473684210526,COL,stop_collision|startup_joint_error|stop_joint_error,0.24527309128754238,0.9024738073348999,RR_shank_joint,0.0,0.7162443535484097,,0.2763240567781031,0.3651679054395633,0.8157839621479313,0.2011595070362091,pd,0.03212361986780206,0.05767822265625,0.023661639607154582,0.044300250709056854,0.0,0.0,0.236724853515625,0.27619171142578125,1.2693644762039185,0.7080775720766042,0.7291049322409009,,True,0.16840519287213007,0.7102436423301697,0.7250000000000005,0.23828506469726562,0.2545970380306244,0.11560341422066955,False,False,rope_taut_during_settle
495,495,15,12,0.0,1.5,rigid,15.0,0.9789473684210526,COL,stop_collision|speed_track_error|startup_joint_error|stop_joint_error,0.24608711853495158,0.9199168682098389,RL_shank_joint,0.0,0.778122066216198,,0.31089439898729326,0.39838915299530137,0.7927370673418045,0.21925989866256715,pd,0.015542313260899313,0.030261993408203125,0.008942585469953994,0.021969785913825035,0.0,0.0,0.312347412109375,0.33251190185546875,1.2333227396011353,0.7136552416050463,0.7272611479625724,,True,0.1696925358532839,0.8490569889545441,0.8250000000000002,0.3152046203613281,0.25476977229118347,0.13864456443501744,False,False,rope_taut_during_settle
496,496,16,12,0.0,1.5,inextensible,20.0,0.9789473684210526,JNT,startup_joint_error|stop_joint_error,0.22543696488156578,0.9256031513214111,RR_shank_joint,0.0,0.500261270611755,0.375,0.07717943023890257,0.22489946316799123,0.9697185861319304,0.02158565044403076,pd,0.014012743467093757,0.03168296813964844,0.030052239014871966,0.05406210198998451,0.0,0.0,-0.8115615844726562,,-0.15122684836387634,,,,,0.16831523599780873,0.7586988806724548,0.5,0.23493194580078125,0.2538493275642395,0.08570115720210368,False,False,rope_taut_during_settle|robot_and_load_speeds_differ
497,497,17,12,0.0,1.5,inextensible,25.0,0.9789473684210526,COL,stop_collision|speed_track_error|startup_joint_error|stop_joint_error,0.25500071661219725,0.9257999658584595,RR_shank_joint,0.0,0.7264116502878508,,0.33251238383352755,0.4000216196092639,0.7783838039139906,0.22393160462379455,pd,0.019891729234752062,0.03148365020751953,0.033035301120594766,0.06326832622289658,0.0,0.0,0.9594306945800781,0.99310302734375,1.2847031354904175,-0.0032381507831686918,-0.0003052480466649854,1.25,True,0.16709663318082615,0.8058117628097534,0.375,0.22784423828125,0.2538515627384186,0.10405388274675441,False,False,rope_not_continuously_taut
498,498,18,12,0.0,0.5,inextensible,5.0,0.9789473684210526,JNT,startup_joint_error|stop_joint_error,0.1613752736230938,0.5918178558349609,FL_shank_joint,0.0,0.13622120309276942,0.17499999999999982,0.04547569615766406,0.07184494102746364,0.9224283054843545,0.033755056858062744,pd,0.006371041444911746,0.008707046508789062,0.012325396920210082,0.039128366857767105,0.0,0.0,0.036224365234375,0.09498977661132812,0.5043626427650452,0.6376798727850854,0.6855192812698689,,False,0.12464512857603982,0.3787093758583069,0.40000000000000036,0.000667572021484375,0.2538521885871887,0.07938991943367812,False,True,
499,499,19,12,0.0,0.5,inextensible,10.0,0.9789473684210526,JNT,startup_joint_error|stop_joint_error,0.1611167462227734,0.5916813611984253,FL_shank_joint,0.0,0.13415872713503219,0.17499999999999982,0.05982556683011353,0.08283831517849416,0.894605741854757,0.04948621451854706,pd,0.005186624793730926,0.008907794952392578,0.012094678347034538,0.039108674973249435,0.0,0.0,0.09737396240234375,0.1798095703125,0.4609691798686981,0.554164875046645,0.629071934878354,,False,0.12804160550891958,0.3583213686943054,0.375,0.002925872802734375,0.2538524866104126,0.07472959116353227,False,False,rope_not_continuously_taut
500,500,20,12,5.0,0.5,compliant,15.0,0.9789473684210526,JNT,startup_joint_error|stop_joint_error,0.1611442390410664,0.5915862321853638,FL_shank_joint,0.0,0.1344901852246855,0.17499999999999982,0.059646715484559534,0.08905234805140642,0.8972847867757082,0.04256982922554016,pd,0.0076563929356240155,0.01086568832397461,0.014476286445141758,0.039026979357004166,0.0,0.0,0.3031463623046875,0.29323577880859375,0.45492857694625854,0.3894807131578233,0.38951501538403477,,False,0.151156123540766,0.4442702531814575,0.8250000000000002,-0.035243988037109375,0.2538520097732544,0.1411449219489715,False,True,
501,501,21,12,5.0,0.5,compliant,20.0,0.9789473684210526,JNT,startup_joint_error|stop_joint_error,0.16119140539554258,0.5916777849197388,FL_shank_joint,0.0,0.1345915752715207,0.17499999999999982,0.065896185496822,0.09743605308669198,0.8846034946851432,0.04645421862602234,pd,0.00726203098726547,0.017824172973632812,0.012337329641906713,0.03901487588882446,0.0,0.0,0.3876800537109375,0.37509918212890625,0.4539572596549988,0.3184095352857028,0.3184095352857028,,False,0.14334245011950048,0.43747973442077637,0.7250000000000005,-0.01902008056640625,0.2538532614707947,0.1419034429304343,False,True,
502,502,22,12,5.0,0.5,compliant,25.0,0.9789473684210526,JNT,startup_joint_error|stop_joint_error,0.16115745481141527,0.5918210744857788,FL_shank_joint,0.0,0.13463467071001337,0.17499999999999982,0.06832962519489229,0.10241206741648294,0.8809396039135754,0.04983645021915436,pd,0.007907235973333903,0.011625289916992188,0.014730160041013978,0.03903732821345329,0.0,0.0,0.42513275146484375,0.4110145568847656,0.4372911751270294,0.22886689830573204,0.22886689830573204,,False,0.15439185541818437,0.46060967445373535,0.9000000000000004,-0.06555557250976562,0.25385281443595886,0.1496989768595045,False,False,rope_not_continuously_taut
503,503,23,12,5.0,1.0,compliant,5.0,0.9789473684210526,COL,stop_collision|startup_joint_error|stop_joint_error,0.20519226789819145,0.8760205507278442,RR_shank_joint,0.0,0.3151658177765732,1.55,0.13591435986571013,0.1762476452551016,0.8733827785868198,0.13059881567955017,pd,0.021970656959426155,0.043914794921875,0.015314254620746207,0.02947629988193512,0.0,0.0,0.005596160888671875,0.14061737060546875,0.8587645292282104,0.6412608778850952,0.7280067854883328,,True,0.15273365978789705,0.44343674182891846,0.7250000000000005,0.0097808837890625,0.2538529634475708,0.1264174278441686,False,True,
504,504,24,12,5.0,1.0,rigid,10.0,0.9789473684210526,JNT,startup_joint_error|stop_joint_error,0.19097928156026556,0.8760606050491333,RR_shank_joint,0.0,0.2923962282748667,0.575,0.05279541066847741,0.13361400252175237,0.9766962761525064,0.025478260517120363,pd,0.020919412104914076,0.04395103454589844,0.008464941833344989,0.02289661206305027,0.0,0.0,-0.15052032470703125,,-0.029566796496510506,,,,,0.15794915025308534,0.6048791408538818,0.5499999999999998,0.027286529541015625,0.25385281443595886,0.10953424226278395,False,False,rope_taut_during_settle|robot_and_load_speeds_differ
505,505,25,12,5.0,1.0,rigid,15.0,0.9789473684210526,JNT,startup_joint_error|stop_joint_error,0.22490363713699268,0.8838772773742676,RL_shank_joint,0.0,0.43918595358763374,,0.18191151993349194,0.2356181980012551,0.818088480066508,0.15996910095214845,pd,0.025951895918999428,0.044300079345703125,0.01558926330003651,0.030046874657273293,0.0,0.0,-0.09669876098632812,0.121673583984375,0.7558930516242981,0.7097644420568088,0.7313104083379116,,False,0.16598977473169405,0.5423167943954468,,-0.09208297729492188,0.2548425793647766,0.1285585584693859,False,False,rope_taut_during_settle
506,506,26,12,5.0,1.0,rigid,20.0,0.9789473684210526,JNT,startup_joint_error|stop_joint_error,0.22166534545971706,0.8908801078796387,RL_shank_joint,0.0,0.4746628165201534,,0.19260875156149268,0.24921352050062473,0.8073912484385073,0.15862342536449434,pd,0.02319102315666811,0.03902435302734375,0.00924082744241293,0.0247013159096241,0.0,0.0,-0.07228469848632812,0.12469100952148438,0.759414553642273,0.7031682087443158,0.7284145803935971,,False,0.1702367978373321,0.5928504467010498,,-0.06748580932617188,0.2549873888492584,0.10593965753107878,False,False,rope_taut_during_settle|tension_not_steady
507,507,27,12,5.0,1.0,rigid,25.0,0.9789473684210526,SPD,speed_track_error|startup_joint_error|stop_joint_error,0.23083911614438357,0.8932377099990845,RL_shank_joint,0.0,0.502879479113467,,0.20392221061512827,0.2619587260363606,0.7960777893848717,0.16088441133499146,pd,0.02472139235812599,0.039501190185546875,0.0167316763067789,0.05045073851943016,0.0,0.0,-0.120452880859375,0.1306610107421875,0.7218875885009766,0.7148462912886515,0.7294891549699045,,False,0.1742980395952786,0.6273161768913269,,-0.11697006225585938,0.25030505657196045,0.10556924381040349,False,False,rope_taut_during_settle
508,508,28,12,5.0,1.5,inextensible,5.0,0.9789473684210526,COL,stop_collision|startup_joint_error|stop_joint_error,0.23455324067121633,0.9254462718963623,RR_shank_joint,0.0,0.5257300337434654,1.175,0.2359938886575401,0.29741758347698377,0.8426980620746812,0.214801766872406,pd,0.031888522024530144,0.045330047607421875,0.020768188195835934,0.03696063160896301,0.0,0.0,0.23624801635742188,0.361480712890625,1.2961854934692383,0.5940976624190029,0.7210436838121765,,True,0.1533962747809607,0.8350403308868408,0.375,0.24085235595703125,0.25385263562202454,0.11371560072250128,False,True,
509,509,29,12,5.0,1.5,inextensible,10.0,0.9789473684210526,COL,stop_collision|startup_joint_error|stop_joint_error,0.2455933160260103,0.9252059459686279,RR_shank_joint,0.0,0.5831353801076249,,0.2968991686962545,0.348042643213928,0.802127861045301,0.2850772511959076,pd,0.02421542461240339,0.032024383544921875,0.019733347950444336,0.030636241659522057,0.0,0.0,0.2225189208984375,0.3448982238769531,1.22860586643219,0.6017348729202183,0.7239998814105348,,True,0.15868783163883807,0.7875784635543823,0.7250000000000005,0.22794723510742188,0.25385159254074097,0.0912022811911341,False,False,rope_not_continuously_taut
510,510,30,12,10.0,1.5,compliant,15.0,0.9789473684210526,SPD,speed_track_error|startup_joint_error|stop_joint_error,0.25474228120903053,0.9255414009094238,RR_shank_joint,0.0,0.6564878315545101,,0.49911327444016934,0.5727009665112711,0.6679492666820686,0.6406411129236221,pd,0.022579157315617663,0.051670074462890625,0.021686803580737952,0.05809427425265312,0.0,0.0,-0.5925674438476562,0.10762786865234375,0.558026134967804,0.6650917798399121,0.7994519733552252,,False,0.17294413396428976,0.5482168197631836,,-0.6084747314453125,0.25385263562202454,0.139411772941237,False,False,tension_not_steady
511,511,31,12,10.0,1.5,compliant,20.0,0.9789473684210526,SPD,speed_track_error|startup_joint_error|stop_joint_error,0.24351031557833724,0.9253795146942139,RR_shank_joint,0.0,0.7096434775113197,,0.5486813969165086,0.6325737043829597,0.6347379910449187,0.7011358523368836,pd,0.012711629586196446,0.02567291259765625,0.02506408332052694,0.058974526822566986,0.0,0.0,-0.8689384460449219,0.0629730224609375,0.43360233306884766,0.6750923872333203,0.7606535750895205,,False,0.17850547276550777,0.553389310836792,,-0.8695144653320312,0.25385212898254395,0.15856571328502028,False,False,tension_not_steady
512,512,32,12,10.0,1.5,compliant,25.0,0.9789473684210526,JNT,startup_joint_error|stop_joint_error,0.22548009805365576,0.9256926774978638,RR_shank_joint,0.0,0.5000539413313997,0.375,0.12137558897957205,0.23705808444913193,0.9500823238119483,0.08279503107070924,pd,0.02240234091652341,0.0409088134765625,0.009759920708638205,0.0225093774497509,0.0,0.0,-0.40390777587890625,,-0.07366764545440674,,,,,0.17547738249237774,1.066360354423523,0.9750000000000005,0.4105682373046875,0.2538529932498932,0.15880330214817223,False,False,rope_taut_during_settle|robot_and_load_speeds_differ|tension_not_steady
513,513,33,12,10.0,0.5,compliant,5.0,0.9789473684210526,JNT,startup_joint_error|stop_joint_error,0.16092564250619543,0.5884217023849487,FL_shank_joint,0.0,0.13494755805393208,0.17499999999999982,0.049463098775595425,0.07644320390128066,0.9176848647370934,0.04085723400115967,pd,0.005822566221864582,0.0102691650390625,0.013405534216070134,0.03935518115758896,0.0,0.0,0.09485244750976562,0.09100723266601562,0.38716134428977966,0.5787821437361558,0.5793428783984993,,False,0.14903494376788476,0.43774211406707764,,-0.04531097412109375,0.2538498640060425,0.18534152114921384,False,False,rope_not_continuously_taut
514,514,34,12,10.0,0.5,rigid,10.0,0.9789473684210526,JNT,startup_joint_error|stop_joint_error,0.17359950943857397,0.6022062301635742,RR_shank_joint,0.0,0.17294154078690074,,0.05745943089015782,0.08713571308005752,0.8850811382196844,0.04506535261869431,pd,0.006282428800224467,0.0089263916015625,0.018650652975038505,0.04182829707860947,0.0,0.0,-0.058101654052734375,0.039714813232421875,0.4194926917552948,0.7128076816096325,0.7193615706667131,,False,0.1495843090439052,0.43795084953308105,,-0.055812835693359375,0.25464168190956116,0.20514498366783862,False,False,rope_taut_during_settle
515,515,35,12,10.0,0.5,rigid,15.0,0.9789473684210526,JNT,startup_joint_error|stop_joint_error,0.17365461804313137,0.6061439514160156,RR_shank_joint,0.0,0.1821721923848519,0.625,0.05720189015381038,0.09018541101671151,0.8855962196923792,0.04337116599082947,pd,0.00838667249846002,0.01827239990234375,0.015857085447588837,0.03053286112844944,0.0,0.0,-0.048297882080078125,-0.045436859130859375,0.433597594499588,0.7148302134907496,0.7229584980820221,,False,0.1609823594437754,0.4946419596672058,,-0.046199798583984375,0.2548576295375824,0.20088501278361287,False,False,rope_taut_during_settle
516,516,36,12,10.0,0.5,rigid,20.0,0.9789473684210526,JNT,startup_joint_error|stop_joint_error,0.17880056706226446,0.6088016033172607,RR_shank_joint,0.0,0.19111441138230403,0.625,0.06439452167600393,0.09588987038562749,0.8712109566479921,0.0497259709239006,pd,0.006867943448294454,0.0143585205078125,0.032022354984761754,0.06767191737890244,0.0,0.0,-0.04323577880859375,0.06729888916015625,0.435731440782547,0.7135137418667199,0.7298658810911434,,False,0.15916535836495663,0.5150036811828613,0.9249999999999998,-0.040843963623046875,0.2549873888492584,0.20790815354654815,False,False,rope_taut_during_settle
517,517,37,12,10.0,0.5,rigid,25.0,0.9789473684210526,JNT,startup_joint_error|stop_joint_error,0.18066273726121235,0.6080279350280762,RL_shank_joint,0.0,0.2009097177078207,0.6499999999999999,0.06596293790265918,0.09935318431270039,0.8680741241946817,0.04986824631690979,pd,0.007069868625530051,0.01528167724609375,0.032599086216413664,0.06717933714389801,0.0,0.0,-0.037586212158203125,0.07746124267578125,0.43707525730133057,0.7138965974014795,0.7303557001350356,,False,0.15942282461274931,0.5318121910095215,,-0.035144805908203125,0.25510138273239136,0.20652813308555723,False,False,rope_taut_during_settle
518,518,38,12,10.0,1.0,inextensible,5.0,0.9789473684210526,COL,stop_collision|startup_joint_error|stop_joint_error,0.2056331733329805,0.8758981227874756,RR_shank_joint,0.0,0.31384339182949955,1.2,0.175464997459203,0.21278366213606123,0.8331781028024853,0.21046065509319306,pd,0.027823718623360805,0.04241180419921875,0.015296561146041,0.028285812586545944,0.0,0.0,-0.053802490234375,0.07996749877929688,0.6671382784843445,0.6706747648645859,0.6706747648645859,,True,0.1527420520971141,0.4175022840499878,0.9249999999999998,-0.051837921142578125,0.25385475158691406,0.1760783676694893,False,True,
519,519,39,12,10.0,1.0,inextensible,10.0,0.9789473684210526,COL,stop_collision|speed_track_error|startup_joint_error|stop_joint_error,0.21202653080470857,0.8758459091186523,RR_shank_joint,0.0,0.34099146346277015,1.825,0.20295249346643687,0.24036794646187137,0.8056918596848845,0.242755526304245,pd,0.01958714209428177,0.03464508056640625,0.015587490828735655,0.027805719524621964,0.0,0.0,-0.06549835205078125,0.07405853271484375,0.5725772976875305,0.7465901172027998,0.7545263837634693,,True,0.1608458564379759,0.44689011573791504,0.9249999999999998,-0.061672210693359375,0.2538537383079529,0.16900981430299394,False,False,rope_not_continuously_taut|tension_not_steady
520,520,0,13,0.0,1.5,compliant,20.0,1.0105263157894737,JNT,startup_joint_error|stop_joint_error,0.22627483559226189,0.9255421161651611,RR_shank_joint,0.0,0.5013103163396753,0.5499999999999998,0.076738172583282,0.2252681066733155,0.9703289208064477,0.02102980613708496,pd,0.017048481387281475,0.0327301025390625,0.03379560048710291,0.062129244208335876,0.0,0.0,-0.3622589111328125,-0.3475303649902344,-0.1416928917169571,,,,,0.16638966945201422,0.7556331753730774,0.3250000000000002,0.24634933471679688,0.25385135412216187,0.08678379817143547,False,False,rope_taut_during_settle|robot_and_load_speeds_differ|tension_not_steady
521,521,1,13,0.0,1.5,compliant,25.0,1.0105263157894737,COL,stop_collision|speed_track_error|startup_joint_error|stop_joint_error,0.24538497049079203,0.9262957572937012,RR_shank_joint,0.0,0.7897314350317517,,0.3585373676940799,0.43626449466632333,0.7610285098602375,0.25552964091300967,pd,0.012615273430336684,0.02132415771484375,0.031256531951167864,0.05958444997668266,0.0,0.0,0.9325370788574219,1.0107307434082031,1.253647804260254,-0.003464013090848539,0.04666683955112916,1.25,True,0.17074240579887334,0.7194633483886719,0.375,0.18900299072265625,0.2538527846336365,0.10387808498185441,False,False,load_moved_during_settle
522,522,2,13,0.0,0.5,compliant,5.0,1.0105263157894737,JNT,startup_joint_error|stop_joint_error,0.16142120166497317,0.5910290479660034,FL_shank_joint,0.0,0.13511902468238574,0.17499999999999982,0.04536854164674878,0.07255046875824177,0.9242752274498344,0.03640823513269424,pd,0.00887142488365493,0.0116424560546875,0.011516011094519742,0.039004627615213394,0.0,0.0,0.06383895874023438,0.11326980590820312,0.5007209181785583,0.6490870248210072,0.6990015772274205,,False,0.13131656027720995,0.3737718462944031,0.47500000000000053,0.00688934326171875,0.25385230779647827,0.07616869077896925,False,False,load_moved_during_settle
523,523,3,13,0.0,0.5,compliant,10.0,1.0105263157894737,JNT,startup_joint_error|stop_joint_error,0.16096615564319,0.5884160995483398,FL_shank_joint,0.0,0.13563571483048456,0.17499999999999982,0.058008012687787415,0.08468461225571029,0.899291958976537,0.045836475789546964,pd,0.006431882993662039,0.00958251953125,0.012366986183554397,0.03927966207265854,0.0,0.0,0.09383010864257812,0.17759323120117188,0.4446696639060974,0.5775032264328743,0.6571191472108353,,False,0.12813692200916726,0.3761085271835327,0.4249999999999998,-0.008327484130859375,0.2538515329360962,0.07947326792558002,False,False,load_moved_during_settle
524,524,4,13,0.0,0.5,compliant,15.0,1.0105263157894737,JNT,startup_joint_error|stop_joint_error,0.16174707921979994,0.5926005840301514,FL_shank_joint,0.0,0.15253661623957573,0.19999999999999996,0.063917564637959,0.09163947496208896,0.8896256460994482,0.048680597841739656,pd,0.006084518682172875,0.00984954833984375,0.012229347441934015,0.03975801169872284,0.0,0.0,0.14531707763671875,0.22210311889648438,0.4355032444000244,0.5292741993018808,0.6071517106961153,,False,0.1293027763171943,0.38452935218811035,0.4500000000000002,-0.0037841796875,0.25385424494743347,0.07825970402219443,False,False,load_moved_during_settle|rope_not_continuously_taut
525,525,5,13,0.0,0.5,compliant,20.0,1.0105263157894737,JNT,startup_joint_error|stop_joint_error,0.16616284606761308,0.5917633771896362,FL_shank_joint,0.0,0.17064614421100585,0.17499999999999982,0.0750639324542135,0.10455992480262402,0.8631978596933186,0.055601651668548586,pd,0.007273152475442573,0.00974273681640625,0.014098492009692104,0.039531316608190536,0.0,0.0,0.16788101196289062,0.26392364501953125,0.4676181972026825,0.4818922015113074,0.5793133091477642,,False,0.11965338218461935,0.34820693731307983,0.375,-0.00173187255859375,0.25384968519210815,0.07717600472261081,False,False,load_moved_during_settle|rope_not_continuously_taut
526,526,6,13,0.0,0.5,compliant,25.0,1.0105263157894737,JNT,startup_joint_error|stop_joint_error,0.1692582834152038,0.5917567014694214,RR_shank_joint,0.0,0.20724631684297848,0.17499999999999982,0.09238765253685415,0.12908263660228175,0.8282775268144905,0.056012904345989226,pd,0.005844162898462324,0.009368896484375,0.012082811837767576,0.03944176062941551,0.0,0.0,0.2147369384765625,0.3092079162597656,0.4562017619609833,0.4447715738103497,0.5414989105576424,,False,0.12648211767533651,0.3353893756866455,0.3250000000000002,0.00330352783203125,0.25385376811027527,0.0710238014383013,False,False,load_moved_during_settle|rope_not_continuously_taut
527,527,7,13,0.0,1.0,compliant,5.0,1.0105263157894737,JNT,startup_joint_error|stop_joint_error,0.20810511753624364,0.875949501991272,RR_shank_joint,0.0,0.31607748025303534,,0.12060274839401246,0.16551991619301518,0.8880063343048096,0.09442520380020142,pd,0.015384381580412132,0.02544403076171875,0.026180997822267314,0.044469937682151794,0.0,0.0,0.24655532836914062,0.24177932739257812,0.9234863519668579,0.6056126701836533,0.6056126701836533,,False,0.14540213203253427,0.45795053243637085,0.22500000000000053,0.09838104248046875,0.2538517117500305,0.08837738900589126,False,False,load_moved_during_settle
528,528,8,13,0.0,1.0,rigid,10.0,1.0105263157894737,JNT,startup_joint_error|stop_joint_error,0.19120372859347015,0.8759347200393677,RR_shank_joint,0.0,0.2925793130323051,0.575,0.055725134210661054,0.13444530070031258,1.0007432250212878,0.027790080904960632,pd,0.014350603450218552,0.02545166015625,0.006727116550613579,0.022996004670858383,0.0,0.0,-0.3976593017578125,,-0.15920883417129517,,,,,0.151231877400399,0.5487925410270691,0.27500000000000036,0.12598800659179688,0.2538524866104126,0.06568714823430098,False,False,rope_taut_during_settle|robot_and_load_speeds_differ
529,529,9,13,0.0,1.0,rigid,15.0,1.0105263157894737,JNT,startup_joint_error|stop_joint_error,0.22357027133781524,0.8832930326461792,RL_shank_joint,0.0,0.4452042370538765,1.0250000000000001,0.16678118098527192,0.226412200273575,0.833218819014728,0.12105339229106903,pd,0.01161092084376038,0.022823333740234375,0.020234971301457443,0.03429700434207916,0.0,0.0,0.14687347412109375,0.18476486206054688,0.9058709740638733,0.7440190629700254,0.7617002939899606,,False,0.15829705251271348,0.5206700563430786,0.9750000000000005,0.14922332763671875,0.25481313467025757,0.09154571336597349,False,False,rope_taut_during_settle|load_moved_during_settle
530,530,10,13,0.0,1.0,rigid,20.0,1.0105263157894737,JNT,startup_joint_error|stop_joint_error,0.22917987258500364,0.8887926340103149,RL_shank_joint,0.0,0.48729418458224616,,0.1967695311270654,0.2520065196032592,0.8032304688729346,0.14474987328052522,pd,0.013106479098289787,0.0240020751953125,0.02109689154628596,0.037427157163619995,0.0,0.0,0.139739990234375,0.18735504150390625,0.8722301721572876,0.7349621126124788,0.7616304134643528,,False,0.15932950854822134,0.6084410548210144,0.9750000000000005,0.1421356201171875,0.2549566626548767,0.08648042804561705,False,False,rope_taut_during_settle|load_moved_during_settle
531,531,11,13,0.0,1.0,rigid,25.0,1.0105263157894737,SPD,speed_track_error|startup_joint_error|stop_joint_error,0.23453554553788036,0.8951088190078735,RL_shank_joint,0.0,0.5219679371609471,,0.21555463500320912,0.2710540427932925,0.7844453649967909,0.14645561337471008,pd,0.015263577491266271,0.024578094482421875,0.01855299217895744,0.032046154141426086,0.0,0.0,0.21117019653320312,0.25315093994140625,0.8896080851554871,0.7474625006773721,0.7610312877221403,,False,0.15560376259496317,0.6072735786437988,,0.213165283203125,0.2550607919692993,0.10268393390875094,False,False,rope_taut_during_settle|load_moved_during_settle
532,532,12,13,0.0,1.5,rigid,5.0,1.0105263157894737,COL,stop_collision|startup_joint_error|stop_joint_error,0.24112395550104845,0.9189000129699707,RR_shank_joint,0.0,0.6283922399656432,0.7249999999999999,0.23095162991434337,0.3200207178968799,0.8460322467237712,0.16813212394714355,pd,0.012213640755006706,0.022548675537109375,0.02656079632575898,0.04754851758480072,0.0,0.0,0.23329925537109375,0.24721908569335938,1.386132836341858,0.7341148766868528,0.7603238571859876,,True,0.16495840835909825,0.7829463481903076,0.40000000000000036,0.2357177734375,0.2543601393699646,0.11831962436130533,False,False,rope_taut_during_settle|load_moved_during_settle
533,533,13,13,0.0,1.5,rigid,10.0,1.0105263157894737,COL,stop_collision|startup_joint_error|stop_joint_error,0.2475446339073237,0.9198579788208008,RR_shank_joint,0.0,0.716730903016325,,0.2758931799978018,0.3652698640448353,0.8160712133347988,0.19842514634132385,pd,0.03119659075839495,0.046154022216796875,0.026441042008193152,0.046782150864601135,0.0,0.0,0.2647514343261719,0.2829475402832031,1.3050812482833862,0.7308135528425623,0.7585016844015868,,True,0.1599052839302947,0.6470617055892944,0.5,0.26703643798828125,0.25462543964385986,0.11608510998085214,False,False,rope_taut_during_settle|load_moved_during_settle
534,534,14,13,0.0,1.5,rigid,15.0,1.0105263157894737,COL,stop_collision|speed_track_error|startup_joint_error|stop_joint_error,0.2453671819234819,0.9204545021057129,RL_shank_joint,0.0,0.7884625957401153,,0.30822780039161446,0.4000912133929627,0.7945147997389238,0.21200820207595825,pd,0.019185063879975896,0.0415496826171875,0.009601881321076724,0.023667259141802788,0.0,0.0,0.3191375732421875,0.3453102111816406,1.271936297416687,0.7485669599714981,0.7573990172909433,,True,0.17195560092783174,0.9342870712280273,0.625,0.3215141296386719,0.2548130452632904,0.13447797091913113,False,False,rope_taut_during_settle|load_moved_during_settle
535,535,15,13,0.0,1.5,rigid,20.0,1.0105263157894737,SPD,speed_track_error|startup_joint_error|stop_joint_error,0.2487593188742571,0.9293791055679321,RL_shank_joint,0.0,0.849237445924385,,0.3354137762077153,0.43011105244713155,0.7763908158615233,0.21257322430610656,pd,0.0223759053870851,0.034618377685546875,0.027629017148416812,0.04851268604397774,0.0,0.0,0.3372230529785156,0.38216400146484375,1.2781380414962769,0.741681805591675,0.7628980416773885,,False,0.17267411520378478,0.7206072807312012,,0.3397216796875,0.25495168566703796,0.10231743974755314,False,False,rope_taut_during_settle|load_moved_during_settle
536,536,16,13,0.0,1.5,inextensible,25.0,1.0105263157894737,JNT,startup_joint_error|stop_joint_error,0.2260450273220005,0.9259133338928223,RR_shank_joint,0.0,0.500898618338421,0.5499999999999998,0.07612252021208406,0.22506024934538438,0.9706431744868557,0.020963042974472046,pd,0.01709618843421954,0.0335693359375,0.030938983285884764,0.057723358273506165,0.0,0.0,-0.7619285583496094,,-0.11562913656234741,,,,,0.16651281365277867,0.7624176740646362,0.4500000000000002,0.24602508544921875,0.25384873151779175,0.08722574243400132,False,False,rope_taut_during_settle|robot_and_load_speeds_differ
537,537,17,13,0.0,0.5,inextensible,5.0,1.0105263157894737,JNT,startup_joint_error|stop_joint_error,0.16104333463510262,0.5916761159896851,FL_shank_joint,0.0,0.1347146231797164,0.17499999999999982,0.049718416715040806,0.07443333213413966,0.9169461421482265,0.04183136731386185,pd,0.007879001576043423,0.009814262390136719,0.011321746557938906,0.03902842476963997,0.0,0.0,0.02825164794921875,0.09160995483398438,0.4995306730270386,0.6657735022214837,0.7275426720744278,,False,0.13363523936435887,0.35669565200805664,0.47500000000000053,0.004978179931640625,0.2538501024246216,0.07455661161857462,False,True,
538,538,18,13,0.0,0.5,inextensible,10.0,1.0105263157894737,JNT,startup_joint_error|stop_joint_error,0.1612570210783591,0.5916908979415894,FL_shank_joint,0.0,0.13734081007125193,0.17499999999999982,0.05948623183183372,0.0824275340085572,0.8949405526556075,0.050057624876499174,pd,0.005269038803129752,0.008464813232421875,0.012326829796128258,0.03911203518509865,0.0,0.0,0.08816909790039062,0.17316055297851562,0.4629891812801361,0.5910126565789398,0.6694296021173614,,False,0.1294078584958632,0.3568347096443176,0.40000000000000036,0.00182342529296875,0.25385135412216187,0.0757441337146038,False,False,rope_not_continuously_taut
539,539,19,13,0.0,0.5,inextensible,15.0,1.0105263157894737,JNT,startup_joint_error|stop_joint_error,0.16138066758960176,0.5918124914169312,FL_shank_joint,0.0,0.1393288178677732,0.17499999999999982,0.06524796802550555,0.09071600005553604,0.8830269535630941,0.04875521808862686,pd,0.006301110669990598,0.007937431335449219,0.013166621882641186,0.03913529962301254,0.0,0.0,0.10348892211914062,0.217071533203125,0.44269365072250366,0.5194483197625885,0.6349280687474064,,False,0.1361063266828451,0.35303664207458496,0.5250000000000004,-0.011810302734375,0.2538514733314514,0.08466296775796274,False,False,rope_not_continuously_taut
540,540,20,13,5.0,0.5,compliant,20.0,1.0105263157894737,JNT,startup_joint_error|stop_joint_error,0.16159604816877646,0.5918339490890503,FL_shank_joint,0.0,0.13485073472246156,0.17499999999999982,0.0646106193587184,0.0951074423367364,0.8874891761690378,0.04610639035701752,pd,0.007036789441475641,0.013202905654907227,0.011070992717678961,0.039103247225284576,0.0,0.0,0.386871337890625,0.3748893737792969,0.44769683480262756,0.3646283021132888,0.3646283021132888,,False,0.13769807942672602,0.3886517286300659,0.6500000000000004,-0.0141448974609375,0.25385135412216187,0.1348864966352417,False,True,
541,541,21,13,5.0,0.5,compliant,25.0,1.0105263157894737,JNT,startup_joint_error|stop_joint_error,0.16152323820142156,0.5918247699737549,FL_shank_joint,0.0,0.13456360364599995,0.17499999999999982,0.07697280650958419,0.11201369649862152,0.8626453863456846,0.0504147744178772,pd,0.005291234840770559,0.011423110961914062,0.017903915369580192,0.039161596447229385,0.0,0.0,0.41667938232421875,0.40325164794921875,0.43742498755455017,0.30151326845060566,0.30151326845060566,,False,0.1480873209980121,0.40660667419433594,0.6500000000000004,-0.029529571533203125,0.25385165214538574,0.06838481207534021,False,True,
542,542,22,13,5.0,1.0,compliant,5.0,1.0105263157894737,COL,stop_collision|startup_joint_error|stop_joint_error,0.20631559355045634,0.8759106397628784,RR_shank_joint,0.0,0.3146781475206776,1.55,0.1358623687364161,0.17593869834377,0.8734806569479406,0.13087174892425538,pd,0.021195878043779873,0.042003631591796875,0.01576302637596361,0.031202146783471107,0.0,0.0,0.00958251953125,0.14689254760742188,0.8481034636497498,0.6640603683501567,0.7609877859423833,,True,0.15282832690657772,0.4594639539718628,0.75,0.012798309326171875,0.2538515627384186,0.12455730073243308,False,True,
543,543,23,13,5.0,1.0,compliant,10.0,1.0105263157894737,COL,stop_collision|startup_joint_error|stop_joint_error,0.2119428052287766,0.8758649826049805,RR_shank_joint,0.0,0.3499315547125965,,0.1582471056468785,0.19773197853799845,0.851091211270541,0.14721219301223754,pd,0.02223135053424663,0.036167144775390625,0.011868382618065255,0.02301330491900444,0.0,0.0,-0.06789398193359375,0.19770431518554688,0.8472254872322083,0.6080806989676901,0.7659588348975888,,True,0.15408053206192632,0.5771018862724304,0.7750000000000004,-0.05997467041015625,0.2538519501686096,0.09721843654644434,False,False,rope_not_continuously_taut
544,544,24,13,5.0,1.0,rigid,15.0,1.0105263157894737,JNT,startup_joint_error|stop_joint_error,0.19099267135860565,0.875996470451355,RR_shank_joint,0.0,0.29269651893185916,0.575,0.05185549942776561,0.1334066365058318,0.9785438791103661,0.02339973986148834,pd,0.02142964758379131,0.04266548156738281,0.010433187984150466,0.02300245314836502,0.0,0.0,-0.11740875244140625,,-0.02278256043791771,,,,,0.1538025953818716,0.5537524819374084,0.5750000000000002,0.040126800537109375,0.2538522183895111,0.11256089685364846,False,False,rope_taut_during_settle|robot_and_load_speeds_differ
545,545,25,13,5.0,1.0,rigid,20.0,1.0105263157894737,JNT,startup_joint_error|stop_joint_error,0.21916702371537522,0.8897699117660522,RL_shank_joint,0.0,0.4774718512271123,,0.1938363528624177,0.2502717881166784,0.8061636471375823,0.1570552408695221,pd,0.02155938566663393,0.03635406494140625,0.008797383299056119,0.024939298629760742,0.0,0.0,-0.122528076171875,0.12434005737304688,0.7604480981826782,0.7357775449546011,0.7621607421090602,,False,0.17015006690253856,0.5955851674079895,,-0.11615371704101562,0.2549796402454376,0.10542994571101864,False,False,rope_taut_during_settle|tension_not_steady
546,546,26,13,5.0,1.0,rigid,25.0,1.0105263157894737,SPD,speed_track_error|startup_joint_error|stop_joint_error,0.23090706796451654,0.893206000328064,RL_shank_joint,0.0,0.5042279004090574,,0.2036789170280099,0.26219236027556553,0.7963210829719901,0.15959373295307158,pd,0.02498746429436871,0.042324066162109375,0.012445108634988267,0.027792129665613174,0.0,0.0,-0.17030715942382812,0.129547119140625,0.7171374559402466,0.7477831388138938,0.7827056559007275,,False,0.17779351223889844,0.6402337551116943,,-0.16386032104492188,0.2545728087425232,0.1116083946663862,False,False,rope_taut_during_settle
547,547,27,13,5.0,1.5,rigid,5.0,1.0105263157894737,COL,stop_collision|startup_joint_error|stop_joint_error,0.24261240419845645,0.9158318042755127,RR_shank_joint,0.0,0.6364711623666411,,0.26125513412058354,0.33958966394787526,0.8258299105862776,0.21944968223571779,pd,0.038264151380319605,0.06179046630859375,0.011767698711757176,0.02431795373558998,0.0,0.0,0.2724494934082031,0.2600364685058594,1.3364017009735107,0.7362294339193554,0.7558179977006603,,True,0.16532660751114217,0.8692514896392822,0.4249999999999998,0.2779197692871094,0.25435948371887207,0.12070079554013141,False,False,rope_taut_during_settle|load_moved_during_settle
548,548,28,13,5.0,1.5,inextensible,10.0,1.0105263157894737,JNT,startup_joint_error|stop_joint_error,0.24309346085882574,0.9249584674835205,RR_shank_joint,0.0,0.5902888265102582,,0.29523459827527404,0.3478075669996554,0.8032372829938929,0.27429425835609433,pd,0.02182946147937358,0.033100128173828125,0.021962372239059457,0.03528660535812378,0.0,0.0,0.23954010009765625,0.3539848327636719,1.2335302829742432,0.6418768689709182,0.7520980389055154,,False,0.1481511842881633,0.6448343992233276,0.7250000000000005,0.24570083618164062,0.2538507878780365,0.08602722420156933,False,False,rope_not_continuously_taut
549,549,29,13,5.0,1.5,inextensible,15.0,1.0105263157894737,COL,stop_collision|speed_track_error|startup_joint_error|stop_joint_error,0.24524018860275162,0.9256525039672852,RR_shank_joint,0.0,0.6469356167986862,,0.3447920976579189,0.39547041519654846,0.7701872969667116,0.3325385105609894,pd,0.016150504117668784,0.03430938720703125,0.034687736782660135,0.08045836538076401,0.0,0.0,0.089019775390625,0.4009971618652344,1.1738320589065552,0.5664971129960605,0.7820097846868777,,True,0.15559233609126108,0.8068200945854187,0.375,0.09854507446289062,0.25002577900886536,0.11337652949685532,False,False,rope_not_continuously_taut
550,550,30,13,10.0,1.5,compliant,20.0,1.0105263157894737,SPD,speed_track_error|startup_joint_error|stop_joint_error,0.2623430626324854,0.9340463876724243,RR_shank_joint,0.0,0.7107411056790423,,0.5405785890109837,0.6238515570668499,0.6407932196930051,0.68411780834198,pd,0.01130783677396231,0.02297210693359375,0.02332680046061543,0.05534884333610535,0.0,0.0,-0.9164352416992188,0.0718994140625,0.4480387568473816,0.7554100375935562,0.8121008341530569,,False,0.1686460425241689,0.5639442205429077,,-0.9139480590820312,0.25385111570358276,0.14503747195417477,False,False,tension_not_steady
551,551,31,13,10.0,1.5,compliant,25.0,1.0105263157894737,SPD,speed_track_error|startup_joint_error|stop_joint_error,0.25711057481869026,0.94005286693573,RR_shank_joint,0.0,0.7564576839804936,,0.5796858296357095,0.6729635932498395,0.6144000706697504,0.7258990886807442,pd,0.009002332761285535,0.0189971923828125,0.023891396688312732,0.057434629648923874,0.0,0.0,-0.9690742492675781,0.03130340576171875,0.3002643883228302,0.7322840816298068,0.7886072070796857,,False,0.1870019293193292,0.5642417669296265,,-0.9708251953125,0.25385066866874695,0.15065826749119718,False,False,tension_not_steady
552,552,32,13,10.0,0.5,compliant,5.0,1.0105263157894737,JNT,startup_joint_error|stop_joint_error,0.1610450601616693,0.58880615234375,FL_shank_joint,0.0,0.13471742759688524,0.17499999999999982,0.045065103517845276,0.07395861621435526,0.999100504424423,0.04513643950223923,pd,0.004966496902789193,0.0117645263671875,0.02107097800222406,0.03948407992720604,0.0,0.0,-0.3712196350097656,,-0.06441288441419601,,,,,0.147582303759923,0.4264453649520874,0.6500000000000004,-0.05587005615234375,0.25385141372680664,0.17576842910306908,False,False,rope_taut_during_settle|robot_and_load_speeds_differ
553,553,33,13,10.0,0.5,compliant,10.0,1.0105263157894737,JNT,startup_joint_error|stop_joint_error,0.16104426084627396,0.5886589288711548,FL_shank_joint,0.0,0.1343767047236663,0.17499999999999982,0.05292295446619391,0.07974639464211632,0.9085478593781591,0.04559058368206024,pd,0.009472000685153654,0.0127716064453125,0.011517580754908201,0.03941110521554947,0.0,0.0,0.18662643432617188,0.17929458618164062,0.4096147418022156,0.5162430911231652,0.5162465992164087,,False,0.1376388229157515,0.36346709728240967,0.8250000000000002,-0.0519561767578125,0.2538496255874634,0.17756490344420062,False,False,rope_not_continuously_taut
554,554,34,13,10.0,0.5,rigid,15.0,1.0105263157894737,JNT,startup_joint_error|stop_joint_error,0.1740090987472426,0.607271671295166,RR_shank_joint,0.0,0.182004270646207,0.47499999999999987,0.05965927781537175,0.09137295272324962,0.8806814443692565,0.04772458404302597,pd,0.009493275712516428,0.019775390625,0.011717118639546433,0.03081968054175377,0.0,0.0,-0.0348358154296875,0.056793212890625,0.4425855278968811,0.7458209820500485,0.7565896886419168,,False,0.15354229917189838,0.539195716381073,,-0.032665252685546875,0.25482675433158875,0.2169152925597123,False,False,rope_taut_during_settle|load_moved_during_settle
555,555,35,13,10.0,0.5,rigid,20.0,1.0105263157894737,JNT,startup_joint_error|stop_joint_error,0.17841701230187365,0.6095765829086304,RR_shank_joint,0.0,0.19192966661187735,0.625,0.06288562625646592,0.09554811209482818,0.8742287474870681,0.04859183818101883,pd,0.008021036897471905,0.017669677734375,0.030971135079550433,0.061012715101242065,0.0,0.0,-0.06479263305664062,0.06533432006835938,0.42977669835090637,0.7465613160020723,0.7620867609171853,,False,0.15932021808394004,0.5560210943222046,0.9500000000000002,-0.062000274658203125,0.2549806237220764,0.210888973175806,False,False,rope_taut_during_settle
556,556,36,13,10.0,0.5,rigid,25.0,1.0105263157894737,JNT,startup_joint_error|stop_joint_error,0.1800493062818662,0.6093952655792236,RL_shank_joint,0.0,0.2015546216506303,,0.06807525850832462,0.10033266760604694,0.8638494829833507,0.04979471266269684,pd,0.007439488380349002,0.01697540283203125,0.03560408898945003,0.07718444615602493,0.0,0.0,-0.046115875244140625,0.07678604125976562,0.4398571252822876,0.7386716065222885,0.7759946150780763,,False,0.1587722493810245,0.5194758176803589,,-0.042816162109375,0.2550516724586487,0.21322926589628383,False,False,rope_taut_during_settle
557,557,37,13,10.0,1.0,rigid,5.0,1.0105263157894737,COL,stop_collision|startup_joint_error|stop_joint_error,0.21467158991770302,0.8805098533630371,RR_shank_joint,0.0,0.36632227396721523,0.575,0.1797881337441504,0.22593315471573475,0.8202118662558496,0.2044353663921356,pd,0.028222440485611004,0.0511627197265625,0.01379457839134272,0.025427551940083504,0.0,0.0,-0.03311920166015625,0.06450653076171875,0.7200459241867065,0.7365831317758875,0.776060790069991,,True,0.15700295016007423,0.49775779247283936,0.7750000000000004,-0.031097412109375,0.2543615996837616,0.1731286828872773,False,False,rope_taut_during_settle|load_moved_during_settle
558,558,38,13,10.0,1.0,inextensible,10.0,1.0105263157894737,COL,stop_collision|speed_track_error|startup_joint_error|stop_joint_error,0.21119007519212363,0.8758244514465332,RR_shank_joint,0.0,0.34243071465780045,,0.20426108986139296,0.24107187857638784,0.8045446822047233,0.24188457250595094,pd,0.020349986967608497,0.0354156494140625,0.014677218330601155,0.027657857164740562,0.0,0.0,-0.058681488037109375,0.07840728759765625,0.5867891311645508,0.7639804254435134,0.7826171553633188,,True,0.1590756650928987,0.4503903388977051,0.9500000000000002,-0.055454254150390625,0.2538532316684723,0.16719204396098145,False,False,rope_not_continuously_taut|tension_not_steady
559,559,39,13,10.0,1.0,inextensible,15.0,1.0105263157894737,COL,stop_collision|speed_track_error|startup_joint_error|stop_joint_error,0.2148506633081285,0.8756195306777954,RR_shank_joint,0.0,0.36865532569882753,,0.21710194796323776,0.25584405543804856,0.7915681996941566,0.24834786415100096,pd,0.02177406833901024,0.03562164306640625,0.012045048615811937,0.02891637571156025,0.0,0.0,-0.2735939025878906,0.07616424560546875,0.5585236549377441,0.7115119052067058,0.7896824364106223,,True,0.1746047800018057,0.5466587543487549,,-0.2702140808105469,0.2538498342037201,0.16861206281792032,False,False,rope_not_continuously_taut|tension_not_steady
560,560,0,14,0.0,1.5,compliant,25.0,1.0421052631578949,JNT,startup_joint_error|stop_joint_error,0.22563215584756327,0.9278576374053955,RR_shank_joint,0.0,0.5016614796988954,0.5499999999999998,0.0774982238188386,0.22550955577063853,0.9689740903923908,0.02124125599861145,pd,0.01501935020383433,0.032501220703125,0.03111429460473952,0.057028692215681076,0.0,0.0,-0.8038330078125,,-0.18125027418136597,,,,,0.16734679383313283,0.7538980841636658,0.4500000000000002,0.23839569091796875,0.25384998321533203,0.08945060232356304,False,False,rope_taut_during_settle|robot_and_load_speeds_differ|tension_not_steady
561,561,1,14,0.0,0.5,compliant,5.0,1.0421052631578949,JNT,startup_joint_error|stop_joint_error,0.1610975146169832,0.5912294387817383,FL_shank_joint,0.0,0.1344185460319465,0.17499999999999982,0.04968784882687032,0.07594215929600576,0.9165860673971474,0.037630757093429563,pd,0.006709854250802808,0.01092529296875,0.014389450645235302,0.03915755823254585,0.0,0.0,0.0393829345703125,0.10372161865234375,0.447061151266098,0.6695606904475966,0.72506428878836,,False,0.14909758589646502,0.3990926742553711,0.6000000000000005,-0.02154541015625,0.2538532018661499,0.0847931658210274,False,True,
562,562,2,14,0.0,0.5,compliant,10.0,1.0421052631578949,JNT,startup_joint_error|stop_joint_error,0.16112740315254948,0.5886553525924683,FL_shank_joint,0.0,0.13584926047288148,0.19999999999999996,0.06458884361200035,0.08891129412749463,0.8897428202070295,0.04618444889783859,pd,0.0086332212717747,0.01445770263671875,0.0136086132656748,0.03970528393983841,0.0,0.0,0.06676483154296875,0.16104888916015625,0.44280943274497986,0.6053128610158183,0.7000612457789259,,False,0.13976950916017755,0.3803762197494507,0.5750000000000002,-0.01738739013671875,0.2538515031337738,0.08413699391914173,False,False,load_moved_during_settle
563,563,3,14,0.0,0.5,compliant,15.0,1.0421052631578949,JNT,startup_joint_error|stop_joint_error,0.16111202683376477,0.5926977396011353,FL_shank_joint,0.0,0.13606691946728747,0.19999999999999996,0.06796583510003984,0.09555989841143372,0.8835292940028012,0.05363665223121643,pd,0.006021004148742347,0.010955810546875,0.0160767099658021,0.03978326916694641,0.0,0.0,0.13935089111328125,0.22637176513671875,0.44989821314811707,0.5571248800223856,0.6469075831492859,,False,0.1393450698516165,0.3471871614456177,0.5,0.008026123046875,0.2538522779941559,0.08252939263977235,False,False,load_moved_during_settle
564,564,4,14,0.0,0.5,compliant,20.0,1.0421052631578949,JNT,startup_joint_error|stop_joint_error,0.16400463597116943,0.5888321399688721,FL_shank_joint,0.0,0.16977920382016667,0.17499999999999982,0.07504125729203225,0.10594277114206814,0.8643913146853447,0.0548408767580986,pd,0.006722740455420548,0.00855255126953125,0.011523656533395255,0.039232704788446426,0.0,0.0,0.1320037841796875,0.26568603515625,0.4661395251750946,0.5135955814428002,0.6489028357816977,,False,0.13156229371131217,0.34622132778167725,0.5,-0.00112152099609375,0.25385424494743347,0.07912177905447489,False,False,load_moved_during_settle|rope_not_continuously_taut
565,565,5,14,0.0,0.5,compliant,25.0,1.0421052631578949,JNT,startup_joint_error|stop_joint_error,0.16367300037781732,0.5930589437484741,FL_shank_joint,0.0,0.1702934541515739,0.19999999999999996,0.08842619602568448,0.1164803912618135,0.83967265477404,0.0714550119638443,pd,0.005893937892279421,0.00957489013671875,0.016481695080231763,0.03988519310951233,0.0,0.0,0.0899658203125,0.2252197265625,0.4305238127708435,0.5444198551445254,0.6801863002207966,,False,0.1349227213171117,0.3280923366546631,0.5,-0.0093994140625,0.2538493275642395,0.08372340656761545,False,False,load_moved_during_settle|rope_not_continuously_taut
566,566,6,14,0.0,1.0,compliant,5.0,1.0421052631578949,COL,stop_collision|startup_joint_error|stop_joint_error,0.20678136935752758,0.8757871389389038,RR_shank_joint,0.0,0.31786438283771057,1.425,0.11841716708615423,0.16570065646794077,0.8908894735388457,0.09886405348777771,pd,0.014876253409980634,0.02382659912109375,0.006802586540305996,0.023015683516860008,0.0,0.0,0.253021240234375,0.24859619140625,0.9444144368171692,0.6530868124210514,0.6530978264535747,,True,0.14777726961296492,0.45610249042510986,0.27500000000000036,0.11573028564453125,0.2538522779941559,0.08859054721927989,False,True,
567,567,7,14,0.0,1.0,compliant,10.0,1.0421052631578949,JNT,startup_joint_error|stop_joint_error,0.21475551339085747,0.8761998414993286,RR_shank_joint,0.0,0.3565824228947257,,0.1428140308242291,0.18904714089030472,0.8653820834774524,0.10508654356002807,pd,0.01737777798136207,0.031463623046875,0.022020442471584585,0.036019932478666306,0.0,0.0,0.4521026611328125,0.443328857421875,0.8981189727783203,0.4293076235406801,0.4293076235406801,,False,0.15318816277391878,0.5267364978790283,0.25,0.08950042724609375,0.2538532316684723,0.09149608839847807,False,False,load_moved_during_settle|rope_not_continuously_taut
568,568,8,14,0.0,1.0,rigid,15.0,1.0421052631578949,JNT,startup_joint_error|stop_joint_error,0.1907221415770034,0.8759528398513794,RR_shank_joint,0.0,0.29271787030382,0.575,0.05478771043010056,0.13434085078087057,0.9999526565056294,0.027690168023109436,pd,0.01332989944582946,0.02338409423828125,0.02515209221254074,0.04196656495332718,0.0,0.0,-0.7954483032226562,,-0.15588445961475372,,,,,0.1515480132642412,0.5492281317710876,0.4249999999999998,0.10576629638671875,0.2538531422615051,0.07183741628328537,False,False,rope_taut_during_settle|robot_and_load_speeds_differ
569,569,9,14,0.0,1.0,rigid,20.0,1.0421052631578949,JNT,startup_joint_error|stop_joint_error,0.22806667523335059,0.8884326219558716,RL_shank_joint,0.0,0.4877091945518961,,0.19470976319164038,0.25088305720660514,0.8052902368083596,0.14150251269340516,pd,0.017790474177609383,0.034114837646484375,0.01070381956007993,0.02467901073396206,0.0,0.0,0.20545196533203125,0.22389984130859375,0.8821092844009399,0.7788793940969754,0.7857204269993332,,False,0.1526043381665157,0.625603437423706,0.5250000000000004,0.20748138427734375,0.25490880012512207,0.10751587526245042,False,False,rope_taut_during_settle|load_moved_during_settle
570,570,10,14,0.0,1.0,rigid,25.0,1.0421052631578949,SPD,speed_track_error|startup_joint_error|stop_joint_error,0.2317115844510564,0.893326997756958,RL_shank_joint,0.0,0.517187085461666,,0.21071852076798678,0.26683702963471045,0.7892814792320132,0.14787485778331758,pd,0.014256312576085027,0.0233917236328125,0.020615176589855285,0.03518277034163475,0.0,0.0,0.190948486328125,0.248321533203125,0.8938126564025879,0.7761010765907201,0.794522603627712,,False,0.16010003272057505,0.5846579074859619,,0.19339752197265625,0.25502365827560425,0.09510060784760575,False,False,rope_taut_during_settle|load_moved_during_settle
571,571,11,14,0.0,1.5,rigid,5.0,1.0421052631578949,COL,stop_collision|startup_joint_error|stop_joint_error,0.2404250075616535,0.9189672470092773,RR_shank_joint,0.0,0.6271975036372803,,0.22899882603436708,0.31803524697319374,0.8473341159770885,0.17043380856513976,pd,0.016686725670488445,0.02558135986328125,0.01872110127192199,0.0332990437746048,0.0,0.0,0.232391357421875,0.232818603515625,1.312799334526062,0.7767238161514314,0.7894576182473543,,True,0.16352871802421826,0.8139945864677429,0.4249999999999998,0.234222412109375,0.25434574484825134,0.10597448976758754,False,False,rope_taut_during_settle|load_moved_during_settle
572,572,12,14,0.0,1.5,rigid,10.0,1.0421052631578949,COL,stop_collision|startup_joint_error|stop_joint_error,0.246606377651681,0.9200452566146851,RR_shank_joint,0.0,0.7149723264745583,,0.2751465824991465,0.3645367923896926,0.8165689450005691,0.20078295350074768,pd,0.02965235016319008,0.04473114013671875,0.026039308879786113,0.045575857162475586,0.0,0.0,0.26482391357421875,0.2860565185546875,1.3127559423446655,0.7632790083129066,0.7878330277546723,,True,0.16012781556264666,0.6458371877670288,0.5,0.267059326171875,0.2545938789844513,0.11811430573460399,False,False,rope_taut_during_settle|load_moved_during_settle
573,573,13,14,0.0,1.5,rigid,15.0,1.0421052631578949,COL,stop_collision|speed_track_error|startup_joint_error|stop_joint_error,0.2453680594317987,0.92087721824646,RL_shank_joint,0.0,0.7874049355661338,,0.3079368557035923,0.3992121363796148,0.7947087628642718,0.2091614294052124,pd,0.023939491648952413,0.045940399169921875,0.022234978654155878,0.038131196051836014,0.0,0.0,0.29325103759765625,0.3521881103515625,1.296617865562439,0.7730693843713112,0.7950520943424522,,True,0.16661155973482217,0.7974381446838379,0.9500000000000002,0.29570770263671875,0.25477835536003113,0.14748135436692023,False,False,rope_taut_during_settle|load_moved_during_settle
574,574,14,14,0.0,1.5,rigid,20.0,1.0421052631578949,SPD,speed_track_error|startup_joint_error|stop_joint_error,0.2507363799638555,0.9324489831924438,RL_shank_joint,0.0,0.8511096615010646,,0.33361066235229375,0.4296857920192244,0.7775928917651376,0.21351828455924987,pd,0.02465557355686885,0.036991119384765625,0.024624880439308803,0.04228551313281059,0.0,0.0,0.33895111083984375,0.38672637939453125,1.2894223928451538,0.774077274913509,0.7907676975705442,,False,0.17225571561807274,0.7643960118293762,,0.340545654296875,0.2549111843109131,0.11015619281632329,False,False,rope_taut_during_settle|load_moved_during_settle
575,575,15,14,0.0,1.5,rigid,25.0,1.0421052631578949,SPD,speed_track_error|startup_joint_error|stop_joint_error,0.2530074647121278,0.9306412935256958,RL_shank_joint,0.0,0.9040542466757717,,0.37049236165359617,0.46348289617947774,0.7530050922309358,0.2375463652610779,pd,0.016240956247182924,0.03205299377441406,0.013440642597272812,0.027580613270401955,0.0,0.0,0.4557342529296875,0.477813720703125,1.2793182134628296,0.7791177848630753,0.7859006103846156,,False,0.20287864291322774,1.0923170447349548,0.875,0.457550048828125,0.2550175189971924,0.19975298128470803,False,False,rope_taut_during_settle|load_moved_during_settle
576,576,16,14,0.0,0.5,inextensible,5.0,1.0421052631578949,JNT,startup_joint_error|stop_joint_error,0.16155570271102968,0.5920259952545166,FL_shank_joint,0.0,0.13433857234279284,0.17499999999999982,0.03595148439519107,0.06664314125552977,1.0288821435905993,0.029421075582504272,pd,0.007329460958360792,0.009836196899414062,0.013725489919874786,0.03934890031814575,0.0,0.0,0.01018524169921875,0.0,0.0011398231144994497,,,,,0.1489783109946019,0.4205726385116577,0.6000000000000005,-0.01084136962890625,0.2538507580757141,0.08119770149770494,False,False,rope_taut_during_settle|robot_and_load_speeds_differ|tension_not_steady
577,577,17,14,0.0,0.5,inextensible,10.0,1.0421052631578949,JNT,startup_joint_error|stop_joint_error,0.16155990078926377,0.5922534465789795,FL_shank_joint,0.0,0.1346843861697831,0.17499999999999982,0.06036927470937371,0.08357371196705984,0.8941428790614009,0.05072981357574463,pd,0.006060480127930042,0.00927734375,0.011402415862653134,0.03933306038379669,0.0,0.0,0.099273681640625,0.1724700927734375,0.4744378328323364,0.6190237386688011,0.6904850487308778,,False,0.12366209258466754,0.31890422105789185,0.375,0.0050201416015625,0.25385430455207825,0.07095510769479382,False,False,rope_not_continuously_taut
578,578,18,14,0.0,0.5,inextensible,15.0,1.0421052631578949,JNT,startup_joint_error|stop_joint_error,0.16153062711013097,0.5924144983291626,FL_shank_joint,0.0,0.13462640680943336,0.17499999999999982,0.06761030036956071,0.09220669924456243,0.8806691452115775,0.048632942736148835,pd,0.006520195045205595,0.008135795593261719,0.013059659248756367,0.03938853368163109,0.0,0.0,0.1177520751953125,0.21518707275390625,0.4430016279220581,0.5514369232636653,0.6509700698187117,,False,0.136803063056771,0.35856127738952637,0.5499999999999998,-0.01314544677734375,0.25385355949401855,0.08408291074827183,False,False,rope_not_continuously_taut
579,579,19,14,0.0,0.5,inextensible,20.0,1.0421052631578949,JNT,startup_joint_error|stop_joint_error,0.16156569635697474,0.5920708179473877,FL_shank_joint,0.0,0.13452793373182761,0.17499999999999982,0.0713082192465663,0.0981702769479713,0.8730762354284525,0.05131305128335953,pd,0.006183812272094693,0.010981559753417969,0.011376168562198452,0.03946215286850929,0.0,0.0,0.19255828857421875,0.27735137939453125,0.46637120842933655,0.49188475547185817,0.5786548019298152,,False,0.125748154869784,0.33975887298583984,0.4249999999999998,-0.011383056640625,0.2538524568080902,0.08213612835289344,False,False,rope_not_continuously_taut
580,580,20,14,5.0,0.5,compliant,25.0,1.0421052631578949,JNT,startup_joint_error|stop_joint_error,0.16075678263037704,0.5887997150421143,FL_shank_joint,0.0,0.1348198795590805,0.17499999999999982,0.06470911902375519,0.09809197561935334,0.8872088662348687,0.04366314142942428,pd,0.005186985697226017,0.007811784744262695,0.015089644601174353,0.03931313380599022,0.0,0.0,0.4318389892578125,0.41796875,0.44449281692504883,0.28947544963210703,0.28947544963210703,,False,0.1549456098920787,0.4599945545196533,0.9750000000000005,-0.06890869140625,0.2538527846336365,0.15642204315905495,False,True,
581,581,21,14,5.0,1.0,compliant,5.0,1.0421052631578949,COL,stop_collision|startup_joint_error|stop_joint_error,0.20105098538300734,0.8761954307556152,RR_shank_joint,0.0,0.32441767858701337,1.3749999999999998,0.1426521604321897,0.1833783441311831,0.8663803548552096,0.13752250075340272,pd,0.019316413125100095,0.034942626953125,0.014864740443753488,0.02587031200528145,0.0,0.0,-0.01273345947265625,0.15427398681640625,0.8787063360214233,0.6989160713728495,0.7985545349941816,,True,0.1545925705733816,0.5603834390640259,0.7000000000000002,-0.01201629638671875,0.2538539171218872,0.10522960855410861,False,True,
582,582,22,14,5.0,1.0,compliant,10.0,1.0421052631578949,COL,stop_collision|startup_joint_error|stop_joint_error,0.2039967850545068,0.8758772611618042,RR_shank_joint,0.0,0.3576607022238968,,0.16080302272923291,0.20202992683724227,0.8489760323893278,0.1515586805343628,pd,0.02408024724723352,0.038130760192871094,0.009654645571278854,0.023021038621664047,0.0,0.0,-0.062774658203125,0.19120025634765625,0.7637096047401428,0.6146246239694761,0.7907368594591446,,True,0.16043565825610973,0.567655086517334,0.7000000000000002,-0.0589599609375,0.2538539171218872,0.10099554431002511,False,False,rope_not_continuously_taut
583,583,23,14,5.0,1.0,compliant,15.0,1.0421052631578949,COL,stop_collision|startup_joint_error|stop_joint_error,0.21137942409589544,0.8756903409957886,RR_shank_joint,0.0,0.3904939693831469,,0.1734575253725052,0.21870922809406185,0.8363567966222764,0.15728340923786163,pd,0.027069825507921242,0.04659843444824219,0.014703723642020746,0.02923724055290222,0.0,0.0,-0.1163177490234375,0.19622802734375,0.7462629079818726,0.6420783046039702,0.7974779329113488,,True,0.15439601617311424,0.5448319911956787,0.75,-0.11358642578125,0.25385281443595886,0.1098904221999772,False,False,rope_not_continuously_taut|tension_not_steady
584,584,24,14,5.0,1.0,rigid,20.0,1.0421052631578949,JNT,startup_joint_error|stop_joint_error,0.19076524270255124,0.8754903078079224,RR_shank_joint,0.0,0.2926929467340303,0.575,0.05227180179208517,0.13345958311150544,0.9797766131535173,0.02307851791381836,pd,0.022100776196992796,0.043743133544921875,0.010688215699098832,0.022948047146201134,0.0,0.0,-0.0982513427734375,0.0,-0.017572710290551186,,,,,0.15413119552399215,0.5628964900970459,0.5750000000000002,0.04021453857421875,0.2538519501686096,0.11276900071566605,False,False,rope_taut_during_settle|robot_and_load_speeds_differ
585,585,25,14,5.0,1.0,rigid,25.0,1.0421052631578949,SPD,speed_track_error|startup_joint_error|stop_joint_error,0.2315237031718962,0.8919512033462524,RL_shank_joint,0.0,0.5082635359085915,,0.2048968168348074,0.2636387904111157,0.7951031831651926,0.1596960926055908,pd,0.023891627028081706,0.0476837158203125,0.009220130572248944,0.024968774989247322,0.0,0.0,-0.0871734619140625,0.1256256103515625,0.7139406800270081,0.779359727916102,0.7855906273448738,,False,0.17798168246281362,0.6279163360595703,,-0.08232879638671875,0.25500670075416565,0.11562765085006672,False,False,rope_taut_during_settle
586,586,26,14,5.0,1.5,rigid,5.0,1.0421052631578949,COL,stop_collision|startup_joint_error|stop_joint_error,0.2419208629353404,0.9163446426391602,RR_shank_joint,0.0,0.6364091974723757,,0.2593063223734498,0.3387140612151241,0.8271291184177002,0.2159143078327179,pd,0.02897215873416777,0.05548095703125,0.009966685654034111,0.02441577799618244,0.0,0.0,0.2827606201171875,0.26385498046875,1.3431365489959717,0.7642885760819382,0.7833893565291419,,True,0.15712033342180926,0.8694267272949219,0.4500000000000002,0.2884063720703125,0.254354864358902,0.10217694085798115,False,False,rope_taut_during_settle|load_moved_during_settle
587,587,27,14,5.0,1.5,rigid,10.0,1.0421052631578949,COL,stop_collision|speed_track_error|startup_joint_error|stop_joint_error,0.24745016154381613,0.9148855209350586,RR_shank_joint,0.0,0.7172499673492432,,0.31927681859582663,0.39286410430915675,0.7871487876027823,0.2791000771522522,pd,0.026449846859212728,0.04181671142578125,0.019139441390187775,0.02785619907081127,0.0,0.0,0.2387847900390625,0.25018310546875,1.224395513534546,0.7783453519750481,0.7842472758122199,,True,0.16479919603025456,0.9432792067527771,0.4249999999999998,0.24443817138671875,0.2545880973339081,0.08351144914554673,False,False,rope_taut_during_settle|load_moved_during_settle
588,588,28,14,5.0,1.5,inextensible,15.0,1.0421052631578949,COL,stop_collision|speed_track_error|startup_joint_error|stop_joint_error,0.240128091998112,0.9259171485900879,RR_shank_joint,0.0,0.638545799301816,,0.34365821866318585,0.3933120066234485,0.7712545766557256,0.33568305253982544,pd,0.015411471900724717,0.030284881591796875,0.03536969066200569,0.08341880887746811,0.0,0.0,0.09284210205078125,0.40398406982421875,1.1850389242172241,0.5959447924826691,0.8128459016861598,,True,0.15711080023061502,0.7565367221832275,0.375,0.10202789306640625,0.24972090125083923,0.11644514588870195,False,False,rope_not_continuously_taut
589,589,29,14,5.0,1.5,inextensible,20.0,1.0421052631578949,SPD,speed_track_error|startup_joint_error|stop_joint_error,0.2528936228959916,0.9257196187973022,RR_shank_joint,0.0,0.6967809646923923,,0.3825175096280873,0.4347025188244116,0.7455402889723578,0.3625496304035187,pd,0.02066661795234819,0.038585662841796875,0.022412677559210996,0.047457993030548096,0.0,0.0,-0.00872802734375,0.400390625,1.066826581954956,0.5682227129924655,0.7891352556005273,,False,0.1526301644783048,0.5630427598953247,0.3250000000000002,-0.002593994140625,0.25314024090766907,0.08869562164927705,False,False,rope_not_continuously_taut|tension_not_steady
590,590,30,14,10.0,1.5,compliant,25.0,1.0421052631578949,SPD,speed_track_error|startup_joint_error|stop_joint_error,0.26717029967955086,0.9484742879867554,RR_shank_joint,0.0,0.7567896191591295,,0.5732806385494769,0.6661604196961373,0.6190943796808521,0.7131780150532723,pd,0.013438871786610778,0.025753021240234375,0.023711019020843264,0.05937997251749039,0.0,0.0,-0.9558258056640625,0.03995513916015625,0.2998001277446747,0.7809207729840324,0.7809207729840324,,False,0.1786863981214356,0.5420823097229004,,-0.9796676635742188,0.25384974479675293,0.1537732065626792,False,False,tension_not_steady
591,591,31,14,10.0,0.5,compliant,5.0,1.0421052631578949,JNT,startup_joint_error|stop_joint_error,0.16135009163599526,0.5917441844940186,FL_shank_joint,0.0,0.13500395335420412,0.17499999999999982,0.04879037038423121,0.0768150646558958,0.9211002084426582,0.036060510277748106,pd,0.007106197673699156,0.011627197265625,0.016266880421793823,0.039319057017564774,0.0,0.0,0.1102752685546875,0.10649871826171875,0.41235727071762085,0.6255184968185432,0.6255184968185432,,False,0.14925341447456264,0.4640594720840454,0.7750000000000004,-0.0516357421875,0.25385114550590515,0.18264364425731555,False,True,
592,592,32,14,10.0,0.5,compliant,10.0,1.0421052631578949,JNT,startup_joint_error|stop_joint_error,0.16148333032526724,0.592126727104187,FL_shank_joint,0.0,0.1343173966496509,0.17499999999999982,0.04064143084920943,0.0718657789563792,0.9934212715737522,0.036936241388320926,pd,0.004234426420375896,0.0083770751953125,0.032290829354297,0.06229072064161301,0.0,0.0,-0.34774017333984375,,-0.060509342700242996,,,,,0.15335000367486684,0.4864768981933594,0.6749999999999998,-0.0878753662109375,0.25385212898254395,0.17762614902678542,False,False,rope_taut_during_settle|robot_and_load_speeds_differ
593,593,33,14,10.0,0.5,compliant,15.0,1.0421052631578949,JNT,startup_joint_error|stop_joint_error,0.1612261707501831,0.588009238243103,FL_shank_joint,0.0,0.1356882007904707,0.17499999999999982,0.06995976596139371,0.09938432672507276,0.8804024261422455,0.050133781135082246,pd,0.00790717750895186,0.01639556884765625,0.015222539857578647,0.03973967209458351,0.0,0.0,0.26628875732421875,0.25722503662109375,0.41271916031837463,0.45788465665491174,0.45792191153526574,,False,0.1513775559835716,0.451479434967041,0.7999999999999998,-0.060211181640625,0.2538498640060425,0.2117891763301026,False,False,rope_not_continuously_taut
594,594,34,14,10.0,0.5,rigid,20.0,1.0421052631578949,JNT,startup_joint_error|stop_joint_error,0.17897046475622114,0.6100045442581177,RR_shank_joint,0.0,0.19188910505053075,0.625,0.0639599166251719,0.09592243435589577,0.8720801667496562,0.04957066506147385,pd,0.007573267641760344,0.0163116455078125,0.03348157375191303,0.0652608722448349,0.0,0.0,-0.04842376708984375,0.0664825439453125,0.43161439895629883,0.7782956296980217,0.8045440649915037,,False,0.15915654076326194,0.5102002620697021,0.9249999999999998,-0.04524993896484375,0.2549237310886383,0.21331100522149082,False,False,rope_taut_during_settle
595,595,35,14,10.0,0.5,rigid,25.0,1.0421052631578949,JNT,startup_joint_error|stop_joint_error,0.17990688882409878,0.6084893941879272,RL_shank_joint,0.0,0.2018605012387277,,0.0641010207310319,0.09886298330845524,0.8717979585379362,0.04770741701126099,pd,0.0076893894171799135,0.013885498046875,0.03307614044231336,0.06052573025226593,0.0,0.0,-0.0514373779296875,0.07592010498046875,0.4350508749485016,0.7783828341226808,0.8067097190184,,False,0.1596752847484298,0.5272382497787476,,-0.04752349853515625,0.25503942370414734,0.2085437934906448,False,False,rope_taut_during_settle
596,596,36,14,10.0,1.0,rigid,5.0,1.0421052631578949,COL,stop_collision|startup_joint_error|stop_joint_error,0.2146332796029467,0.8800705671310425,RR_shank_joint,0.0,0.3655155895445162,0.575,0.17963786147534846,0.2265783860056091,0.8203621385246516,0.20764609396457673,pd,0.028480593320794594,0.05106353759765625,0.030647321712544574,0.06926833838224411,0.0,0.0,-0.0470733642578125,-0.05617523193359375,0.7121948599815369,0.7629164299227256,0.7629164299227256,,True,0.15802534964787368,0.5068677663803101,0.8250000000000002,-0.0445098876953125,0.2543502151966095,0.1597508902736594,False,False,rope_taut_during_settle|load_moved_during_settle|tension_not_steady
597,597,37,14,10.0,1.0,rigid,10.0,1.0421052631578949,COL,stop_collision|speed_track_error|startup_joint_error|stop_joint_error,0.221172684020083,0.8818771839141846,RR_shank_joint,0.0,0.40757120627871113,,0.20613662512972952,0.25359755320693955,0.7938633748702705,0.22652480363845826,pd,0.018049475408399056,0.03369140625,0.019391239782451768,0.05143158882856369,0.0,0.0,-0.18198394775390625,0.06667327880859375,0.6594009399414062,0.7922332585332725,0.7922332585332725,,True,0.17321787265166844,0.6030261516571045,,-0.17671966552734375,0.25459927320480347,0.16865327044248996,False,False,rope_taut_during_settle|load_moved_during_settle|tension_not_steady
598,598,38,14,10.0,1.0,inextensible,15.0,1.0421052631578949,SPD,speed_track_error|startup_joint_error|stop_joint_error,0.21537121696365694,0.8761227130889893,RR_shank_joint,0.0,0.36995418825202897,,0.21566053953953088,0.2555033423127404,0.7929986074846238,0.24833620250225066,pd,0.019595907220719445,0.0336151123046875,0.022783499476206233,0.05614066496491432,0.0,0.0,-0.178070068359375,0.077545166015625,0.5657843351364136,0.7693406504301379,0.7916674025671568,,False,0.1696105937494356,0.5644470453262329,,-0.175140380859375,0.25385111570358276,0.1667763142071537,False,False,rope_not_continuously_taut|tension_not_steady
599,599,39,14,10.0,1.0,inextensible,20.0,1.0421052631578949,SPD,speed_track_error|startup_joint_error|stop_joint_error,0.21753316318505644,0.8757137060165405,RR_shank_joint,0.0,0.39756631647217305,,0.22737602821551264,0.2677086893159105,0.7819184816721827,0.24821158230304718,pd,0.02346623746323837,0.04387664794921875,0.01266647565619443,0.028128210455179214,0.0,0.0,-0.32392120361328125,0.06719970703125,0.5083401203155518,0.7650798172723654,0.8166011940574549,,False,0.1785426212288123,0.5859856605529785,,-0.32038116455078125,0.2538498044013977,0.15980897311554232,False,False,rope_not_continuously_taut|tension_not_steady
600,600,0,15,0.0,0.5,compliant,5.0,1.0736842105263158,JNT,startup_joint_error|stop_joint_error,0.16145246278878234,0.5916181802749634,FL_shank_joint,0.0,0.13521370436090221,0.17499999999999982,0.039646963588893414,0.0684217771334117,1.0376187417656184,0.03275588095188141,pd,0.007102236027141867,0.00921630859375,0.011852443265623479,0.03960924968123436,0.0,0.0,-0.22725677490234375,-0.2091064453125,-0.16047151386737823,,,,,0.15018263008601607,0.4585424065589905,0.625,0.0002288818359375,0.2538514733314514,0.07714161536662441,False,False,rope_taut_during_settle|robot_and_load_speeds_differ|tension_not_steady
601,601,1,15,0.0,0.5,compliant,10.0,1.0736842105263158,JNT,startup_joint_error|stop_joint_error,0.16109716218706072,0.5916184186935425,FL_shank_joint,0.0,0.13463934737897756,0.17499999999999982,0.05649268657900393,0.08295938400469381,0.904836299996823,0.04553985059261322,pd,0.004713888527852065,0.0076141357421875,0.013258126032593177,0.039055898785591125,0.0,0.0,0.05283355712890625,0.173553466796875,0.4455505907535553,0.6603350332626832,0.7726200163346988,,False,0.13480710174041857,0.358883261680603,0.4249999999999998,-0.0059051513671875,0.2538512051105499,0.07811306958113426,False,True,
602,602,2,15,0.0,0.5,compliant,15.0,1.0736842105263158,JNT,startup_joint_error|stop_joint_error,0.16125418753265955,0.5912768840789795,FL_shank_joint,0.0,0.13549756346440966,0.17499999999999982,0.07670121672563254,0.10384206436507255,0.8656623947061598,0.052185236513614654,pd,0.004066893203762698,0.01229095458984375,0.013184400736933437,0.039669498801231384,0.0,0.0,0.09406280517578125,0.22031402587890625,0.4407172203063965,0.5973040912217442,0.719653019595853,,False,0.1318401418501223,0.38254648447036743,0.4500000000000002,-0.01050567626953125,0.2538515329360962,0.08123116466496448,False,False,rope_not_continuously_taut
603,603,3,15,0.0,0.5,compliant,20.0,1.0736842105263158,JNT,startup_joint_error|stop_joint_error,0.16137030388335158,0.5926882028579712,FL_shank_joint,0.0,0.13531751186458096,0.17499999999999982,0.08763489792123437,0.11623508689097597,0.8429330037161707,0.0644474372267723,pd,0.006617530330011551,0.0126495361328125,0.01635857909548973,0.039706893265247345,0.0,0.0,0.1813507080078125,0.2601776123046875,0.45558562874794006,0.5631627458053288,0.6460633572044685,,False,0.13050907427271904,0.30959761142730713,0.15000000000000036,0.01465606689453125,0.2538510859012604,0.07412087776986048,False,True,
604,604,4,15,0.0,0.5,compliant,25.0,1.0736842105263158,JNT,startup_joint_error|stop_joint_error,0.16455152232222195,0.5879174470901489,FL_shank_joint,0.0,0.17330180684277197,0.19999999999999996,0.08667925278656184,0.11667586579786396,0.8433357838727534,0.06464727967977524,pd,0.006009084124967604,0.008697509765625,0.013528915079447076,0.039912257343530655,0.0,0.0,0.0903472900390625,0.24250030517578125,0.43174806237220764,0.5627342715958861,0.7144345546040398,,False,0.13325935142796536,0.42200416326522827,0.4249999999999998,-0.0165557861328125,0.25385192036628723,0.08558446606270792,False,False,load_moved_during_settle|rope_not_continuously_taut
605,605,5,15,0.0,1.0,compliant,5.0,1.0736842105263158,COL,stop_collision|startup_joint_error|stop_joint_error,0.20604750230502078,0.8761504888534546,RR_shank_joint,0.0,0.3134265889999693,0.9749999999999999,0.10766638388857246,0.15796941971735856,0.9015904403664172,0.08013727366924286,pd,0.010797306896533491,0.02095794677734375,0.016809129121542487,0.027173006907105446,0.0,0.0,0.24288177490234375,0.23883056640625,0.9281840920448303,0.6666042978366846,0.6679451150959324,,True,0.15818245983198564,0.5386128425598145,0.25,0.09014892578125,0.25384968519210815,0.08052744127914112,False,False,load_moved_during_settle
606,606,6,15,0.0,1.0,compliant,10.0,1.0736842105263158,JNT,startup_joint_error|stop_joint_error,0.21017613374275193,0.8758955001831055,RR_shank_joint,0.0,0.355475891414669,,0.13952736510895192,0.18696190479305957,0.8702868746314197,0.10928996682167053,pd,0.01835006254545915,0.037384033203125,0.01663375315128729,0.026488570496439934,0.0,0.0,0.44499969482421875,0.4361572265625,0.8921403288841248,0.46408744731211016,0.4641387407270372,,False,0.15235402106445667,0.607026994228363,0.25,0.086822509765625,0.2538527548313141,0.10318351068161402,False,False,rope_not_continuously_taut
607,607,7,15,0.0,1.0,compliant,15.0,1.0736842105263158,JNT,startup_joint_error|stop_joint_error,0.21908352983656965,0.8759926557540894,RR_shank_joint,0.0,0.39086134354352287,,0.16409485547803343,0.2098798487774656,0.8446514406893403,0.12955365359783172,pd,0.01499257074265834,0.02445220947265625,0.025358321851260062,0.04216963052749634,0.0,0.0,0.6320571899414062,0.6194534301757812,0.8680236339569092,0.2782629546254185,0.2782629546254185,,False,0.1490401887120899,0.5803879499435425,0.375,0.0867919921875,0.2538519501686096,0.09396061917050123,False,False,load_moved_during_settle|rope_not_continuously_taut
608,608,8,15,0.0,1.0,rigid,20.0,1.0736842105263158,JNT,startup_joint_error|stop_joint_error,0.19081920806073413,0.8760735988616943,RR_shank_joint,0.0,0.2929496741379489,0.575,0.05455786471255124,0.1343467969952681,0.9995090972911567,0.02731596350669861,pd,0.012842544761714777,0.02371978759765625,0.006272623562472137,0.022841766476631165,0.0,0.0,-0.01088714599609375,0.0,-0.013492712751030922,,,,,0.14815437852431323,0.5904763340950012,0.2999999999999998,0.14472198486328125,0.25385186076164246,0.06928018876631717,False,False,rope_taut_during_settle|robot_and_load_speeds_differ
609,609,9,15,0.0,1.0,rigid,25.0,1.0736842105263158,SPD,speed_track_error|startup_joint_error|stop_joint_error,0.23255165187852045,0.8918395042419434,RL_shank_joint,0.0,0.5154940750417237,,0.20289889473468065,0.26245635448201976,0.7971011052653193,0.13214460551738738,pd,0.023628663389969433,0.03397369384765625,0.02189556774603049,0.04141870141029358,0.0,0.0,0.21778106689453125,0.25360870361328125,0.8857223391532898,0.807260775950212,0.8243031072002935,,False,0.15920727798097795,0.6358410120010376,0.6000000000000005,0.220123291015625,0.25497710704803467,0.10264478517242823,False,False,rope_taut_during_settle|load_moved_during_settle
610,610,10,15,0.0,1.5,rigid,5.0,1.0736842105263158,COL,stop_collision|startup_joint_error|stop_joint_error,0.24152562757200124,0.9189561605453491,RR_shank_joint,0.0,0.6298726118027093,0.7249999999999999,0.22795469928532838,0.3189477570893394,0.8480302004764478,0.1720358121395111,pd,0.015076521883337158,0.023983001708984375,0.03530918779824151,0.06403406709432602,0.0,0.0,0.20703887939453125,0.210479736328125,1.328230857849121,0.8006039592432899,0.8265785590111818,,True,0.16531880468567814,0.6525008678436279,0.5,0.20935821533203125,0.25433245301246643,0.08861587652720257,False,False,rope_taut_during_settle|load_moved_during_settle
611,611,11,15,0.0,1.5,rigid,10.0,1.0736842105263158,COL,stop_collision|startup_joint_error|stop_joint_error,0.2464184045522979,0.9209086894989014,RR_shank_joint,0.0,0.719000875728163,,0.27862038733437655,0.3671336084095309,0.8142530751104156,0.20239693760871888,pd,0.027747239414563443,0.053741455078125,0.025217958963968987,0.042851392179727554,0.0,0.0,0.25374603271484375,0.29320526123046875,1.3101975917816162,0.7984504748031043,0.8097956538216948,,True,0.16981497319226152,0.6762115955352783,0.9750000000000005,0.25110626220703125,0.254568487405777,0.1197166817269344,False,False,rope_taut_during_settle|load_moved_during_settle
612,612,12,15,0.0,1.5,rigid,15.0,1.0736842105263158,COL,stop_collision|speed_track_error|startup_joint_error|stop_joint_error,0.24519654200800692,0.9210643768310547,RL_shank_joint,0.0,0.7849046876519759,,0.3089186118543148,0.3993098319781597,0.7940542587637901,0.2093529212474823,pd,0.02319515666560138,0.04409027099609375,0.017856253584641116,0.030759671702980995,0.0,0.0,0.3012847900390625,0.34383392333984375,1.2830520868301392,0.8089715530064439,0.8219136215311664,,True,0.16170704026247554,0.7397205829620361,0.9249999999999998,0.3030242919921875,0.25474533438682556,0.13205211621668853,False,False,rope_taut_during_settle|load_moved_during_settle
613,613,13,15,0.0,1.5,rigid,20.0,1.0736842105263158,SPD,speed_track_error|startup_joint_error|stop_joint_error,0.24933759946280365,0.930237889289856,RL_shank_joint,0.0,0.839419129363813,,0.3313010636903346,0.4254551613018337,0.7791326242064436,0.2127016794681549,pd,0.01775118904428874,0.02878570556640625,0.02290568217165772,0.038778167217969894,0.0,0.0,0.345794677734375,0.38269805908203125,1.2725248336791992,0.8016619207545688,0.8260656121683922,,False,0.1730002748476573,0.7043067812919617,0.6500000000000004,0.3482666015625,0.2548740804195404,0.09868562988876918,False,False,rope_taut_during_settle|load_moved_during_settle
614,614,14,15,0.0,1.5,rigid,25.0,1.0736842105263158,SPD,speed_track_error|startup_joint_error|stop_joint_error,0.2527713144715593,0.9320021867752075,RL_shank_joint,0.0,0.9023380481822728,,0.38933060854673385,0.4733112253329378,0.7404462609688441,0.265245840549469,pd,0.023404205979956627,0.04061126708984375,0.02522859912091482,0.043256066739559174,0.0,0.0,0.39682769775390625,0.43958282470703125,1.2677242755889893,0.7922252129850591,0.8255857710001351,,False,0.1747381654580917,0.7207668423652649,,0.39916229248046875,0.2549777030944824,0.1276341243398611,False,False,rope_taut_during_settle|load_moved_during_settle
615,615,15,15,0.0,0.5,rigid,5.0,1.0736842105263158,COL,stop_collision|startup_joint_error|stop_joint_error,0.1692743475072866,0.5953348875045776,RR_shank_joint,0.0,0.15945921708610794,0.6499999999999999,0.05117018143646419,0.08053934896600415,0.8977206782437861,0.03962035447359085,pd,0.007606549861585578,0.009778976440429688,0.012990258303329534,0.041976019740104675,0.0,0.0,-0.0033111572265625,0.03907012939453125,0.4607616066932678,0.8012832814302726,0.8191104615876696,,True,0.14245350349154826,0.39187705516815186,0.6749999999999998,-0.00255584716796875,0.25433149933815,0.07867823757664309,False,False,rope_taut_during_settle|load_moved_during_settle
616,616,16,15,0.0,0.5,inextensible,10.0,1.0736842105263158,JNT,startup_joint_error|stop_joint_error,0.16106383299368585,0.5919985771179199,FL_shank_joint,0.0,0.13476497250851593,0.17499999999999982,0.03892267079092562,0.06801122610352917,1.0353260141424834,0.031932629346847534,pd,0.007711464253167794,0.00994110107421875,0.010690547135433014,0.03919799625873566,0.0,0.0,-1.00799560546875,,-0.16931100189685822,,,,,0.1484156042654246,0.45528852939605713,0.625,-0.0145416259765625,0.2538507580757141,0.08271102135725825,False,False,rope_taut_during_settle|robot_and_load_speeds_differ|tension_not_steady
617,617,17,15,0.0,0.5,inextensible,15.0,1.0736842105263158,JNT,startup_joint_error|stop_joint_error,0.1613334744284961,0.5920802354812622,FL_shank_joint,0.0,0.1389034136131044,0.17499999999999982,0.06586603496223688,0.09120289161690244,0.883084302470088,0.048712776601314546,pd,0.006447676314936438,0.008469581604003906,0.01308712290522255,0.03913243114948273,0.0,0.0,0.1340484619140625,0.2166900634765625,0.44749149680137634,0.5832005884991105,0.6681556649282072,,False,0.1364210503708533,0.3561713695526123,0.5499999999999998,-0.0116424560546875,0.25385332107543945,0.0849879431899818,False,False,load_moved_during_settle|rope_not_continuously_taut
618,618,18,15,0.0,0.5,inextensible,20.0,1.0736842105263158,JNT,startup_joint_error|stop_joint_error,0.16160838969079766,0.5914639234542847,FL_shank_joint,0.0,0.13496468603653722,0.17499999999999982,0.07210928488522768,0.1001248340437964,0.8707595600932837,0.05178690642118454,pd,0.006383906078864071,0.01019287109375,0.015593384510612252,0.03931397572159767,0.0,0.0,0.14666748046875,0.2655181884765625,0.4477224051952362,0.5356913881778951,0.6553206032068175,,False,0.1449878436794494,0.37374746799468994,0.5499999999999998,-0.006683349609375,0.25385236740112305,0.08331333892582526,False,False,load_moved_during_settle|rope_not_continuously_taut
619,619,19,15,0.0,0.5,inextensible,25.0,1.0736842105263158,JNT,startup_joint_error|stop_joint_error,0.1625711334559935,0.5924302339553833,FL_shank_joint,0.0,0.15391532015649484,0.17499999999999982,0.08154967684298754,0.10985940870511288,0.851918785199523,0.05823291540145874,pd,0.006158021826922987,0.008855104446411133,0.011105494715800112,0.03949442505836487,0.0,0.0,0.2177581787109375,0.30394744873046875,0.4589838683605194,0.5123520730143554,0.6016557709443617,,False,0.12183501606207431,0.3280019760131836,0.40000000000000036,0.0059967041015625,0.25385192036628723,0.07306802851878264,False,False,load_moved_during_settle|rope_not_continuously_taut
620,620,20,15,5.0,1.0,compliant,5.0,1.0736842105263158,COL,stop_collision|startup_joint_error|stop_joint_error,0.1971627336704576,0.8759543895721436,RR_shank_joint,0.0,0.3200221233314328,,0.13912054506130517,0.18018034076852907,0.8710492721479386,0.1322178226709366,pd,0.02011165899678442,0.035840511322021484,0.011960687261474189,0.022978492081165314,0.0,0.0,0.01506805419921875,0.16532135009765625,0.8711104393005371,0.7017645621127997,0.834887405508951,,True,0.15159391100667294,0.5065094232559204,0.6500000000000004,0.00252532958984375,0.25385206937789917,0.11132427813620477,False,True,
621,621,21,15,5.0,1.0,compliant,10.0,1.0736842105263158,COL,stop_collision|startup_joint_error|stop_joint_error,0.20633643965477455,0.8758887052536011,RR_shank_joint,0.0,0.35991446547441425,,0.16048330476507544,0.2041276213280697,0.8493943841196596,0.15336791336536407,pd,0.023267427680015502,0.043885231018066406,0.008314268661253298,0.023013116791844368,0.0,0.0,-0.0052490234375,0.19553375244140625,0.7750257849693298,0.6495420637714631,0.8282039687299942,,True,0.15290413833071198,0.47251009941101074,0.7750000000000004,-0.00644683837890625,0.25385361909866333,0.12230719810642374,False,True,
622,622,22,15,5.0,1.0,compliant,15.0,1.0736842105263158,COL,stop_collision|startup_joint_error|stop_joint_error,0.2058356287698335,0.8757187128067017,RR_shank_joint,0.0,0.4061112225903696,,0.1767829703260213,0.2260009663932936,0.8330183554720133,0.15779804348945617,pd,0.02482931641334272,0.04010486602783203,0.009699395496953705,0.023032503202557564,0.0,0.0,-0.13210296630859375,0.214019775390625,0.7405140399932861,0.6185084253374384,0.8256372756956551,,True,0.15647921024142236,0.49979162216186523,0.6749999999999998,-0.12781524658203125,0.2538534998893738,0.08981624465966105,False,False,rope_not_continuously_taut
623,623,23,15,5.0,1.0,compliant,20.0,1.0736842105263158,COL,stop_collision|startup_joint_error|stop_joint_error,0.21602528112760866,0.8758881092071533,RR_shank_joint,0.0,0.43234111063278075,,0.18956536239013075,0.24155371686077956,0.8202475100196898,0.16459951043128968,pd,0.021741714386038502,0.04111671447753906,0.01145897809629328,0.023025669157505035,0.0,0.0,-0.0587310791015625,0.21440887451171875,0.7282088398933411,0.6188025081165165,0.8292583987004178,,True,0.15523300917915275,0.46520233154296875,0.8250000000000002,-0.053863525390625,0.2538518011569977,0.12641586416625133,False,False,rope_not_continuously_taut
624,624,24,15,5.0,1.0,rigid,25.0,1.0736842105263158,JNT,startup_joint_error|stop_joint_error,0.19117125033178423,0.876099705696106,RR_shank_joint,0.0,0.2923611944490537,0.575,0.05418339228257537,0.13385505839261447,0.9788684215582907,0.025936853885650635,pd,0.019078467243233907,0.04126930236816406,0.008677415832300625,0.022927725687623024,0.0,0.0,-0.0756988525390625,0.0,-0.011028124950826168,,,,,0.15690764902337878,0.6125268936157227,0.5750000000000002,0.0320892333984375,0.2538519501686096,0.11204871931388792,False,False,rope_taut_during_settle|robot_and_load_speeds_differ
625,625,25,15,5.0,1.5,rigid,5.0,1.0736842105263158,COL,stop_collision|startup_joint_error|stop_joint_error,0.24270273106935064,0.9161126613616943,RR_shank_joint,0.0,0.6345188486820887,,0.2548328016512096,0.33562719404577696,0.8301114655658602,0.2094693148136139,pd,0.03898077680755606,0.053127288818359375,0.02502498028077255,0.04178845137357712,0.0,0.0,0.24179840087890625,0.23217010498046875,1.3027602434158325,0.7910354781124056,0.8169996635652126,,True,0.16100613698430163,0.7290815711021423,0.40000000000000036,0.24725341796875,0.25433897972106934,0.09551299109555897,False,False,rope_taut_during_settle|load_moved_during_settle
626,626,26,15,5.0,1.5,rigid,10.0,1.0736842105263158,COL,stop_collision|speed_track_error|startup_joint_error|stop_joint_error,0.24588780319012757,0.9151079654693604,RR_shank_joint,0.0,0.7197505105304786,,0.31911445131525396,0.3937188365779505,0.7872570324564974,0.28096688866615294,pd,0.026402741062450823,0.035594940185546875,0.02295806597427907,0.036033228039741516,0.0,0.0,0.25231170654296875,0.25983428955078125,1.2457972764968872,0.8026793470321394,0.8183305294670191,,True,0.16217576302213263,0.8115721046924591,0.4500000000000002,0.25817108154296875,0.2545740306377411,0.06480976908795011,False,False,rope_taut_during_settle|load_moved_during_settle
627,627,27,15,5.0,1.5,rigid,15.0,1.0736842105263158,COL,stop_collision|speed_track_error|startup_joint_error|stop_joint_error,0.24449695703336716,0.9225802421569824,RL_shank_joint,0.0,0.7827781976023411,,0.36243862031027674,0.43496257192550525,0.7583742531264822,0.3220521605014801,pd,0.027457380199723005,0.04700469970703125,0.037348209766037525,0.08934450149536133,0.0,0.0,0.164459228515625,0.26766204833984375,1.1512242555618286,0.7887598705137719,0.8398349334105717,,True,0.1590697338997922,0.6187666654586792,0.9249999999999998,0.173858642578125,0.2547670900821686,0.09461821051618689,False,False,rope_taut_during_settle|load_moved_during_settle|tension_not_steady
628,628,28,15,5.0,1.5,inextensible,20.0,1.0736842105263158,SPD,speed_track_error|startup_joint_error|stop_joint_error,0.24113468550450995,0.9262303113937378,RR_shank_joint,0.0,0.6828520864606157,,0.3741468901000917,0.42693101847096676,0.751054205459853,0.363122832775116,pd,0.014727398971702409,0.03263092041015625,0.022959403065652594,0.041012607514858246,0.0,0.0,0.04618072509765625,0.4214935302734375,1.1129642724990845,0.579248720023088,0.8347473198870006,,False,0.1636966557129811,0.8267205953598022,0.375,0.0543975830078125,0.25385144352912903,0.11426994957897946,False,False,rope_not_continuously_taut
629,629,29,15,5.0,1.5,inextensible,25.0,1.0736842105263158,SPD,speed_track_error|startup_joint_error|stop_joint_error,0.24167665990215925,0.9257347583770752,RR_shank_joint,0.0,0.7232570160494743,,0.40826963623985646,0.4616541814784265,0.7283186374728879,0.389162979722023,pd,0.013568727384374778,0.029445648193359375,0.016671145899486445,0.03415908291935921,0.0,0.0,-0.08541107177734375,0.3838958740234375,0.9772543907165527,0.6022087546932511,0.8257277432864214,,False,0.14884265331799454,0.5506227016448975,0.35000000000000053,-0.0796356201171875,0.2538524270057678,0.08295523359959861,False,False,rope_not_continuously_taut|tension_not_steady
630,630,30,15,10.0,0.5,compliant,5.0,1.0736842105263158,JNT,startup_joint_error|stop_joint_error,0.16136362576398347,0.5927722454071045,FL_shank_joint,0.0,0.13515522842546235,0.17499999999999982,0.04671548154205084,0.07465750603070365,0.9296199900656938,0.03963707506656647,pd,0.0058190227874568515,0.0107574462890625,0.014515790152284047,0.03949567675590515,0.0,0.0,0.0975799560546875,0.09389495849609375,0.3805537819862366,0.670994276153408,0.6715038229495605,,False,0.14894229697583083,0.4523431062698364,,-0.0528717041015625,0.2538527548313141,0.18093631151617767,False,True,
631,631,31,15,10.0,0.5,compliant,10.0,1.0736842105263158,JNT,startup_joint_error|stop_joint_error,0.16130196143880207,0.5922561883926392,FL_shank_joint,0.0,0.1339824603669885,0.17499999999999982,0.056580050056800245,0.08377985745912178,0.9038986681587994,0.04811426401138306,pd,0.008782114962535224,0.01876068115234375,0.013986517223563697,0.039058610796928406,0.0,0.0,0.2003936767578125,0.19382476806640625,0.42741018533706665,0.5695143362147803,0.5695143362147803,,False,0.14692466774266674,0.41903650760650635,0.8500000000000005,-0.04996490478515625,0.25385040044784546,0.18224158159047305,False,True,
632,632,32,15,10.0,0.5,compliant,15.0,1.0736842105263158,JNT,startup_joint_error|stop_joint_error,0.16150663393749531,0.591471791267395,FL_shank_joint,0.0,0.1347137386821654,0.17499999999999982,0.04496283657848835,0.07357372326027412,1.0000349520146847,0.044731094539165496,pd,0.005015738908027375,0.01428985595703125,0.019537431048476647,0.039487455040216446,0.0,0.0,-0.3578948974609375,,-0.062399450689554214,,,,,0.1466397577781725,0.42389917373657227,0.6500000000000004,-0.0659027099609375,0.2538500130176544,0.17972925368911577,False,False,rope_taut_during_settle|robot_and_load_speeds_differ|tension_not_steady
633,633,33,15,10.0,0.5,compliant,20.0,1.0736842105263158,JNT,startup_joint_error|stop_joint_error,0.16150670768568157,0.5913656949996948,FL_shank_joint,0.0,0.1344193079716179,0.17499999999999982,0.06633410967886448,0.09815853655973428,0.8858011130988598,0.05209910839796066,pd,0.007954823032512348,0.01568603515625,0.01424170636498492,0.039345670491456985,0.0,0.0,0.35112762451171875,0.339996337890625,0.43551570177078247,0.4285293217669164,0.4285311083698389,,False,0.14739398602440232,0.46897244453430176,0.875,-0.03725433349609375,0.2538501024246216,0.19868509597111256,False,False,rope_not_continuously_taut
634,634,34,15,10.0,0.5,rigid,25.0,1.0736842105263158,JNT,startup_joint_error|stop_joint_error,0.17982096845678758,0.6093820333480835,RL_shank_joint,0.0,0.20148294443195336,0.6499999999999999,0.06560397099703551,0.09928617347247921,0.868792058005929,0.0502989199757576,pd,0.007059922844351041,0.016021728515625,0.03817652804620126,0.07870975136756897,0.0,0.0,-0.03922271728515625,0.0769805908203125,0.43659675121307373,0.8093385672670479,0.8274098726687384,,False,0.15802532097557728,0.532689094543457,,-0.03708648681640625,0.25496283173561096,0.20898300872952538,False,False,rope_taut_during_settle
635,635,35,15,10.0,1.0,rigid,5.0,1.0736842105263158,COL,stop_collision|startup_joint_error|stop_joint_error,0.2137873936928373,0.8809454441070557,RR_shank_joint,0.0,0.360823096252596,0.5499999999999998,0.17854221930727363,0.22422308188870504,0.8214577806927263,0.20677753269672394,pd,0.027986678117881476,0.05047607421875,0.022977399788651456,0.05545281618833542,0.0,0.0,-0.03491973876953125,-0.049774169921875,0.7130497694015503,0.7886537494027976,0.7886537494027976,,True,0.1605842021608799,0.5385791063308716,0.7999999999999998,-0.0323333740234375,0.25432050228118896,0.16910669443997375,False,False,rope_taut_during_settle|load_moved_during_settle
636,636,36,15,10.0,1.0,rigid,10.0,1.0736842105263158,COL,stop_collision|speed_track_error|startup_joint_error|stop_joint_error,0.22083354078868309,0.8819624185562134,RR_shank_joint,0.0,0.40782989531608005,,0.20580389542505145,0.25318989679613396,0.7941961045749486,0.22771281599998475,pd,0.01880597335695859,0.03504180908203125,0.018385909201150824,0.04720918834209442,0.0,0.0,-0.16306304931640625,0.06504058837890625,0.6598434448242188,0.8090514926527277,0.8090514926527277,,True,0.17125907862179288,0.5645178556442261,,-0.15880584716796875,0.2545611560344696,0.16952941128856822,False,False,rope_taut_during_settle|load_moved_during_settle|tension_not_steady
637,637,37,15,10.0,1.0,rigid,15.0,1.0736842105263158,COL,stop_collision|speed_track_error|startup_joint_error|stop_joint_error,0.22445720537202732,0.8832416534423828,RL_shank_joint,0.0,0.4406941559504924,,0.21827278818935156,0.2680697703836206,0.7817272118106484,0.23278444290161132,pd,0.017548846977540687,0.03357696533203125,0.055705800292263616,0.12819458544254303,0.0,0.0,-0.14174652099609375,-0.1182098388671875,0.5958454012870789,,,,True,0.1744178475795881,0.6251866817474365,,-0.13700103759765625,0.25475457310676575,0.16296598048340624,False,False,rope_taut_during_settle|load_moved_during_settle|tension_not_steady
638,638,38,15,10.0,1.0,inextensible,20.0,1.0736842105263158,SPD,speed_track_error|startup_joint_error|stop_joint_error,0.21745139196858823,0.8757861852645874,RR_shank_joint,0.0,0.3965558207721051,,0.22601298429071903,0.26661120963031487,0.7832418706268072,0.2483036494255066,pd,0.025078584065547888,0.042724609375,0.012275848075101833,0.027382174506783485,0.0,0.0,-0.3093414306640625,0.07440948486328125,0.5341337323188782,0.8177623786421293,0.8177623786421293,,False,0.18188782924820027,0.6164166927337646,,-0.3061676025390625,0.2538524866104126,0.16851430302360235,False,False,rope_not_continuously_taut|tension_not_steady
639,639,39,15,10.0,1.0,inextensible,25.0,1.0736842105263158,SPD,speed_track_error|startup_joint_error|stop_joint_error,0.2195006212479257,0.8761088848114014,RR_shank_joint,0.0,0.42038148561544236,,0.23278770031407475,0.27585218235939585,0.7764905875734985,0.24366352140903472,pd,0.02107122759086271,0.032073974609375,0.01296259774090289,0.029146360233426094,0.0,0.0,-0.254852294921875,0.06732940673828125,0.49440374970436096,,,,False,0.1835272398499923,0.6337697505950928,,-0.2495269775390625,0.25384947657585144,0.167308911476589,False,False,rope_not_continuously_taut|tension_not_steady
640,640,0,16,0.0,0.5,compliant,10.0,1.1052631578947367,JNT,startup_joint_error|stop_joint_error,0.16124371461351114,0.5913299322128296,FL_shank_joint,0.0,0.1357932896362548,0.17499999999999982,0.03665846025571227,0.06711035782379991,1.0302621214464307,0.02710358589887619,pd,0.008169642024455437,0.01132965087890625,0.012749058448389597,0.039864327758550644,0.0,0.0,-0.0015869140625,0.0,-0.011550366878509521,,,,,0.15037603993380577,0.4273838996887207,0.625,-0.01033782958984375,0.253851056098938,0.08029780125273057,False,False,rope_taut_during_settle|robot_and_load_speeds_differ
641,641,1,16,0.0,0.5,compliant,15.0,1.1052631578947367,JNT,startup_joint_error|stop_joint_error,0.1610467826323841,0.5922683477401733,FL_shank_joint,0.0,0.13450351176429012,0.17499999999999982,0.07016569420695305,0.09666359022038504,0.876277188360691,0.05861400604248047,pd,0.006175191547388472,0.008575439453125,0.010997706275700386,0.0392172634601593,0.0,0.0,0.1616973876953125,0.2506866455078125,0.4634477198123932,0.6138708509686808,0.7047294082657345,,False,0.13087706554536704,0.345960795879364,0.47500000000000053,0.006500244140625,0.2538527846336365,0.07317814172547035,False,True,
642,642,2,16,0.0,0.5,compliant,20.0,1.1052631578947367,JNT,startup_joint_error|stop_joint_error,0.1610949306099345,0.5918420553207397,FL_shank_joint,0.0,0.1348300765956245,0.17499999999999982,0.08039916571229697,0.10647837507678917,0.8580670727044344,0.06935975074768067,pd,0.0040038921153480915,0.00865936279296875,0.011714350490924855,0.039321813732385635,0.0,0.0,0.0987548828125,0.23375701904296875,0.4383339583873749,0.6251230682882181,0.7539095004614325,,False,0.1259473585232365,0.29077088832855225,0.375,-2.288818359375e-05,0.2538551092147827,0.07569722343912144,False,True,
643,643,3,16,0.0,0.5,compliant,25.0,1.1052631578947367,JNT,startup_joint_error|stop_joint_error,0.16148600162561294,0.589347243309021,FL_shank_joint,0.0,0.13472618154157318,0.17499999999999982,0.09655246638692916,0.12532664223753273,0.8226770253293216,0.07760406494140625,pd,0.006227749624477162,0.0097808837890625,0.016169439698092848,0.03945710510015488,0.0,0.0,0.0868377685546875,0.2423095703125,0.408477783203125,0.5878491169801521,0.7427826469929357,,False,0.1437025911119394,0.36424899101257324,0.5499999999999998,-0.013946533203125,0.25385135412216187,0.0812217234045224,False,True,
644,644,4,16,0.0,1.0,compliant,5.0,1.1052631578947367,JNT,startup_joint_error|stop_joint_error,0.19782597764709195,0.8758515119552612,RR_shank_joint,0.0,0.32323107993281014,3.7750000000000004,0.12419408168643713,0.16918834887375225,0.8855260256305337,0.09430867314338684,pd,0.02123099786954561,0.04219818115234375,0.02063441025186118,0.033098358660936356,0.0,0.0,0.2356109619140625,0.2310333251953125,0.8853808045387268,0.7210435837097577,0.7210435837097577,,False,0.1537277874211572,0.5834718942642212,0.27500000000000036,0.103790283203125,0.2538537085056305,0.09674261676506078,False,True,
645,645,5,16,0.0,1.0,compliant,10.0,1.1052631578947367,JNT,startup_joint_error|stop_joint_error,0.20893342795468883,0.8755899667739868,RR_shank_joint,0.0,0.36326360862019413,1.175,0.14197629889473318,0.19068559676212649,0.8678664032556117,0.11495168089866638,pd,0.01747620270734703,0.0263824462890625,0.027581599134808933,0.046190641820430756,0.0,0.0,0.32643890380859375,0.3479461669921875,0.8619750142097473,0.5958720016273702,0.6166388461220862,,False,0.14940263413365962,0.5833283066749573,0.375,0.08809661865234375,0.25385066866874695,0.09484925322824328,False,False,rope_not_continuously_taut
646,646,6,16,0.0,1.0,compliant,15.0,1.1052631578947367,JNT,startup_joint_error|stop_joint_error,0.20703216747904055,0.875981330871582,RR_shank_joint,0.0,0.39537804523361825,,0.16541419397108256,0.21288807674296592,0.8445300911832601,0.11890174269676208,pd,0.02268141521906984,0.04160308837890625,0.02194143343866154,0.03528330847620964,0.0,0.0,0.6357650756835938,0.6228790283203125,0.8759539723396301,0.3094017823669759,0.30941113485536675,,False,0.14684663077424745,0.5446443557739258,0.25,0.0915069580078125,0.2538551986217499,0.09550625896975437,False,False,rope_not_continuously_taut
647,647,7,16,0.0,1.0,compliant,20.0,1.1052631578947367,JNT,startup_joint_error|stop_joint_error,0.21225768812459475,0.8759618997573853,RR_shank_joint,0.0,0.43105340087383454,,0.1884969939198345,0.23732230771570204,0.8212918351683766,0.14290759921073914,pd,0.019611507247310783,0.02991485595703125,0.028769920652193855,0.0495532862842083,0.0,0.0,0.7223739624023438,0.7198867797851562,0.8487095236778259,0.2218434207861577,0.22185991636665392,,False,0.1490926016421473,0.5637830495834351,0.40000000000000036,0.091094970703125,0.253851056098938,0.08101586545249412,False,False,rope_not_continuously_taut
648,648,8,16,0.0,1.0,rigid,25.0,1.1052631578947367,JNT,startup_joint_error|stop_joint_error,0.190833386129131,0.8758569955825806,RR_shank_joint,0.0,0.29282932281973756,0.575,0.054344031913205984,0.1342383553406994,0.999432665007189,0.027014224529266356,pd,0.012859257311237604,0.02433013916015625,0.006226981345603193,0.02299566939473152,0.0,0.0,-0.48105621337890625,,-0.1483667939901352,,,,,0.14826769063410755,0.5866884589195251,0.2999999999999998,0.142791748046875,0.25385135412216187,0.06913078780910585,False,False,rope_taut_during_settle|robot_and_load_speeds_differ
649,649,9,16,0.0,1.5,rigid,5.0,1.1052631578947367,COL,stop_collision|startup_joint_error|stop_joint_error,0.24008639454157427,0.9190796613693237,RR_shank_joint,0.0,0.6323687125939458,0.75,0.23085244024172424,0.3210147801696475,0.8460983731721838,0.16553526520729064,pd,0.010192385880275694,0.022487640380859375,0.024621593717423344,0.04340493306517601,0.0,0.0,0.21649932861328125,0.24102020263671875,1.3782819509506226,0.8291906544825167,0.8569925490081829,,True,0.1665820992802552,0.7992144823074341,0.375,0.21886444091796875,0.25431373715400696,0.10808048075943659,False,False,rope_taut_during_settle|load_moved_during_settle
650,650,10,16,0.0,1.5,rigid,10.0,1.1052631578947367,COL,stop_collision|startup_joint_error|stop_joint_error,0.24615011593669944,0.9207519292831421,RR_shank_joint,0.0,0.7133345553775394,,0.27589955283328893,0.36453229629190764,0.8160669647778075,0.20145360827445985,pd,0.03077824036007077,0.047321319580078125,0.027171249065659233,0.04744092375040054,0.0,0.0,0.2743377685546875,0.29227447509765625,1.2902859449386597,0.8345337618363686,0.855718994676252,,True,0.16147562620945283,0.7268125414848328,0.5,0.27587127685546875,0.2545507252216339,0.1148839782427514,False,False,rope_taut_during_settle|load_moved_during_settle
651,651,11,16,0.0,1.5,rigid,15.0,1.1052631578947367,COL,stop_collision|speed_track_error|startup_joint_error|stop_joint_error,0.24666354308660188,0.9207676649093628,RL_shank_joint,0.0,0.7835804194760241,,0.3060117942653596,0.3977283133537761,0.7959921371564268,0.2117000377178192,pd,0.025538183113836127,0.0483245849609375,0.024151704080628247,0.040442194789648056,0.0,0.0,0.33873748779296875,0.3545379638671875,1.3111200332641602,0.8365093240918497,0.8596383085132686,,True,0.1765284982727157,0.8008012771606445,0.5750000000000002,0.3408203125,0.2547137439250946,0.14270182787787672,False,False,rope_taut_during_settle|load_moved_during_settle
652,652,12,16,0.0,1.5,rigid,20.0,1.1052631578947367,SPD,speed_track_error|startup_joint_error|stop_joint_error,0.25013574845831293,0.92978835105896,RL_shank_joint,0.0,0.8507941736400064,,0.34076731123030185,0.4331934742858,0.7728217925131321,0.2191430449485779,pd,0.021756767635214287,0.03460693359375,0.02676264327908039,0.04707132279872894,0.0,0.0,0.34641265869140625,0.39453887939453125,1.2999576330184937,0.833364269235318,0.8596070438549788,,False,0.17551490493141955,0.8095038533210754,0.9750000000000005,0.34911346435546875,0.25484082102775574,0.11937743105583098,False,False,rope_taut_during_settle|load_moved_during_settle
653,653,13,16,0.0,1.5,rigid,25.0,1.1052631578947367,SPD,speed_track_error|startup_joint_error|stop_joint_error,0.25121353835231547,0.9313431978225708,RL_shank_joint,0.0,0.900432437045459,,0.3647003060020506,0.45948286306245045,0.7568664626652996,0.22734958529472352,pd,0.018886188723178512,0.030521392822265625,0.020432054357399348,0.036046355962753296,0.0,0.0,0.423370361328125,0.4663238525390625,1.2844997644424438,0.8404828770355977,0.8563592140463783,,False,0.18023589485637093,0.8586504757404327,0.7750000000000004,0.42552947998046875,0.25493133068084717,0.14391407846368248,False,False,rope_taut_during_settle|load_moved_during_settle
654,654,14,16,0.0,0.5,rigid,5.0,1.1052631578947367,JNT,startup_joint_error|stop_joint_error,0.17004498907625246,0.5970629453659058,RR_shank_joint,0.0,0.15798218024321486,0.3999999999999999,0.042781811691820625,0.07669946676281536,0.9153374104946852,0.03191073536872864,pd,0.006820693170230754,0.010211944580078125,0.013899779346556979,0.04181352257728577,0.0,0.0,-0.0020599365234375,0.04900360107421875,0.4746510684490204,0.84079076755458,0.8533845728668297,,False,0.13748463990473167,0.45331013202667236,0.47500000000000053,-0.00077056884765625,0.2543140649795532,0.0809979772957692,False,False,rope_taut_during_settle|load_moved_during_settle
655,655,15,16,0.0,0.5,rigid,10.0,1.1052631578947367,JNT,startup_joint_error|stop_joint_error,0.17368076888040118,0.6021497249603271,RR_shank_joint,0.0,0.17250469356778964,,0.06020788230933249,0.08863165997986333,0.879584235381335,0.049352040886878966,pd,0.00720248325065877,0.00930023193359375,0.014892505624853388,0.04194086045026779,0.0,0.0,-0.010467529296875,0.0480194091796875,0.4355835020542145,0.839836141823838,0.8422391714074138,,False,0.14547260716791158,0.39475321769714355,0.75,-0.00992584228515625,0.25454646348953247,0.08342483337982767,False,False,rope_taut_during_settle|load_moved_during_settle
656,656,16,16,0.0,0.5,inextensible,15.0,1.1052631578947367,JNT,startup_joint_error|stop_joint_error,0.16109316374525373,0.5887070894241333,FL_shank_joint,0.0,0.13502600447851096,0.17499999999999982,0.039415853815153244,0.0682658025319168,1.0360486038587988,0.033142635226249696,pd,0.006091065485100219,0.008913040161132812,0.013862455867916224,0.03940966725349426,0.0,0.0,0.00621795654296875,0.0,-0.0013827427756041288,,,,,0.1462632855339551,0.45685213804244995,0.75,-0.01519012451171875,0.2538498342037201,0.08267483358896989,False,False,rope_taut_during_settle|robot_and_load_speeds_differ
657,657,17,16,0.0,0.5,inextensible,20.0,1.1052631578947367,JNT,startup_joint_error|stop_joint_error,0.16119143265227315,0.5916001796722412,FL_shank_joint,0.0,0.13674776924749,0.17499999999999982,0.07318397416733205,0.10078692711453409,0.872448003012687,0.052419929206371306,pd,0.0067768917090855795,0.009962081909179688,0.014919514098499655,0.03986351191997528,0.0,0.0,0.1357574462890625,0.253570556640625,0.4400489330291748,0.58473457830695,0.7031677125989404,,False,0.14495204788829932,0.37350034713745117,0.6000000000000005,-0.00197601318359375,0.2538517713546753,0.08321451841193944,False,False,load_moved_during_settle|rope_not_continuously_taut
658,658,18,16,0.0,0.5,inextensible,25.0,1.1052631578947367,JNT,startup_joint_error|stop_joint_error,0.16120120222313247,0.5887744426727295,FL_shank_joint,0.0,0.1352274135815064,0.17499999999999982,0.07976806722581387,0.10860579513998925,0.8576910288631916,0.05818127274513245,pd,0.008192800441822247,0.011747360229492188,0.011640377327692287,0.03960932418704033,0.0,0.0,0.17398834228515625,0.311004638671875,0.4579673111438751,0.5290160965297872,0.668144970390216,,False,0.12704513643566667,0.33854663372039795,0.40000000000000036,-0.00229644775390625,0.25385165214538574,0.07857320612185642,False,False,load_moved_during_settle|rope_not_continuously_taut
659,659,19,16,0.0,1.0,inextensible,5.0,1.1052631578947367,COL,stop_collision|startup_joint_error|stop_joint_error,0.19688785483306073,0.8760793209075928,RR_shank_joint,0.0,0.31913565398543847,3.45,0.12242364628240467,0.16742276984301166,0.8873858656175435,0.0923802649974823,pd,0.01675394967190024,0.03225350379943848,0.023440378416829107,0.039067670702934265,0.0,0.0,0.2418060302734375,0.23724365234375,0.9127143025398254,0.7022027560333441,0.7022044705472439,,True,0.15287262216885306,0.5643661022186279,0.27500000000000036,0.0865936279296875,0.2538517117500305,0.09822698902670036,False,True,
660,660,20,16,5.0,1.0,compliant,10.0,1.1052631578947367,JNT,startup_joint_error|stop_joint_error,0.208448849806937,0.8762294054031372,RR_shank_joint,0.0,0.3491777048616842,,0.1599411097727716,0.20075974194921428,0.8504754384793342,0.15345258712768556,pd,0.02007137632436648,0.03474998474121094,0.011753556426095718,0.023054569959640503,0.0,0.0,-0.04950714111328125,0.2174530029296875,0.7880845069885254,0.6769008237219083,0.871279684924744,,False,0.15163739784612082,0.4354219436645508,0.6749999999999998,-0.0627899169921875,0.2538517117500305,0.1062662728159473,False,True,
661,661,21,16,5.0,1.0,compliant,15.0,1.1052631578947367,COL,stop_collision|startup_joint_error|stop_joint_error,0.213523688417732,0.8761599063873291,RR_shank_joint,0.0,0.39174638190844335,,0.17837597345933318,0.22324169913333297,0.8319994344748557,0.16196743428707122,pd,0.024795370529846338,0.03648853302001953,0.00970093782633411,0.02294939197599888,0.0,0.0,-0.12638092041015625,0.22412109375,0.760833203792572,0.648279072362584,0.8736917379864053,,True,0.15805338057128498,0.4726322889328003,0.8250000000000002,-0.12259674072265625,0.25385189056396484,0.09559661570449698,False,True,
662,662,22,16,5.0,1.0,compliant,20.0,1.1052631578947367,COL,stop_collision|startup_joint_error|stop_joint_error,0.21157627938688106,0.8760976791381836,RR_shank_joint,0.0,0.43225569577054407,,0.1871527610067278,0.24080203442249742,0.8232572569604963,0.1598452740907669,pd,0.02272426635532364,0.03832435607910156,0.011356931138861263,0.023040927946567535,0.0,0.0,-0.0926055908203125,0.222442626953125,0.7203608751296997,0.6387184933779935,0.8566897006751191,,True,0.1577520053474197,0.4495165944099426,0.75,-0.0896148681640625,0.2538517713546753,0.10237092246891255,False,False,rope_not_continuously_taut
663,663,23,16,5.0,1.0,compliant,25.0,1.1052631578947367,COL,stop_collision|startup_joint_error|stop_joint_error,0.2179006137363568,0.8759984970092773,RR_shank_joint,0.0,0.4565858478375258,,0.19795931125991045,0.254264298672878,0.8124932691920549,0.16242623209953308,pd,0.02378389881261773,0.04099082946777344,0.011761040864109977,0.023382939398288727,0.0,0.0,-0.220855712890625,0.2224578857421875,0.7039308547973633,0.6357137296192406,0.8607489090184117,,True,0.15912843613235986,0.5008465051651001,0.6000000000000005,-0.21761322021484375,0.25385162234306335,0.10909592734624221,False,False,rope_not_continuously_taut
664,664,24,16,5.0,1.5,rigid,5.0,1.1052631578947367,JNT,startup_joint_error|stop_joint_error,0.2259528134126175,0.9262723922729492,RR_shank_joint,0.0,0.5000312273454266,0.5499999999999998,0.08998753920197487,0.22740312763885825,0.9650928162535032,0.039999070167541506,pd,0.02733147646093085,0.03678321838378906,0.024129198769397273,0.043471597135066986,0.0,0.0,-0.09222412109375,0.0,-0.014441394247114658,,,,,0.15621075447976565,0.9952659606933594,0.7750000000000004,0.32474517822265625,0.25385183095932007,0.10033343239337797,False,False,rope_taut_during_settle|robot_and_load_speeds_differ
665,665,25,16,5.0,1.5,rigid,10.0,1.1052631578947367,COL,stop_collision|speed_track_error|startup_joint_error|stop_joint_error,0.24572025262692807,0.9163002967834473,RR_shank_joint,0.0,0.722741011172032,,0.32054174564778803,0.3948708417853136,0.7863055029014746,0.2799180006980896,pd,0.026184954606480213,0.037975311279296875,0.0243500827720017,0.03879858925938606,0.0,0.0,0.240692138671875,0.26053619384765625,1.2280352115631104,0.835491691524723,0.8504429312433786,,True,0.16443166725407724,0.8249372243881226,0.7250000000000005,0.24662017822265625,0.2545427083969116,0.06844301480613142,False,False,rope_taut_during_settle|load_moved_during_settle
666,666,26,16,5.0,1.5,rigid,15.0,1.1052631578947367,COL,stop_collision|speed_track_error|startup_joint_error|stop_joint_error,0.24663099035458091,0.923498272895813,RL_shank_joint,0.0,0.7895348608955518,,0.36002930223941804,0.435018630677999,0.7599804651737213,0.3161619222164154,pd,0.024424247395922496,0.044712066650390625,0.04147884728699441,0.09102485328912735,0.0,0.0,0.141265869140625,0.26648712158203125,1.1582154035568237,0.8222624571649391,0.8775567582939203,,True,0.15940993859564165,0.6266323328018188,,0.15114593505859375,0.2534349858760834,0.0951861615567853,False,False,rope_taut_during_settle|load_moved_during_settle|tension_not_steady
667,667,27,16,5.0,1.5,rigid,20.0,1.1052631578947367,SPD,speed_track_error|startup_joint_error|stop_joint_error,0.2487649659085044,0.9264538288116455,RL_shank_joint,0.0,0.8424113429892558,,0.39920962052419784,0.4724182547829433,0.7338602529838681,0.3534616911411285,pd,0.02047418140076722,0.036014556884765625,0.021534450705117104,0.03870159015059471,0.0,0.0,0.0550689697265625,0.2701568603515625,1.0975539684295654,0.8198228971195505,0.8693442358796375,,False,0.17127143179258134,0.6332783699035645,,0.063568115234375,0.25472113490104675,0.12580200345486872,False,False,rope_taut_during_settle|tension_not_steady
668,668,28,16,5.0,1.5,inextensible,25.0,1.1052631578947367,SPD,speed_track_error|startup_joint_error|stop_joint_error,0.24311922456057172,0.9255684614181519,RR_shank_joint,0.0,0.716889654041911,,0.40312429271638395,0.4572041067912754,0.7324389619131884,0.38543863892555236,pd,0.014008569972005865,0.028865814208984375,0.020333927462475906,0.04672197625041008,0.0,0.0,-0.04522705078125,0.39589691162109375,1.0068881511688232,0.6001841684967388,0.8543617734261915,,False,0.16915595251904758,0.9938594102859497,0.35000000000000053,-0.04103851318359375,0.252947598695755,0.16537485628173273,False,False,rope_not_continuously_taut|tension_not_steady
669,669,29,16,5.0,0.5,inextensible,5.0,1.1052631578947367,JNT,startup_joint_error|stop_joint_error,0.16110936011461247,0.5923378467559814,FL_shank_joint,0.0,0.13570186921829222,0.19999999999999996,0.042880140813067555,0.07095492238005245,0.936614270862192,0.03145440608263016,pd,0.00658392984621856,0.0095062255859375,0.02140654389840639,0.03972534090280533,0.0,0.0,0.1085968017578125,0.10472869873046875,0.4377194046974182,0.6861423779840123,0.6861591224330255,,False,0.15092802289972507,0.46088337898254395,0.9000000000000004,-0.04824066162109375,0.25384819507598877,0.13182151194932315,False,True,
670,670,30,16,10.0,0.5,compliant,10.0,1.1052631578947367,JNT,startup_joint_error|stop_joint_error,0.1613700264449682,0.5924323797225952,FL_shank_joint,0.0,0.13521859567707442,0.17499999999999982,0.05718178172595799,0.08315536384551189,0.9074320777319371,0.0478231418132782,pd,0.008942391264344927,0.01227569580078125,0.011095727722652186,0.03950667381286621,0.0,0.0,0.191375732421875,0.18489837646484375,0.4093511998653412,0.6153533027124922,0.6153533027124922,,False,0.1377209357734703,0.3639475107192993,0.8250000000000002,-0.05330657958984375,0.25384625792503357,0.1791524037769715,False,True,
671,671,31,16,10.0,0.5,compliant,15.0,1.1052631578947367,JNT,startup_joint_error|stop_joint_error,0.16082053925854056,0.5874712467193604,FL_shank_joint,0.0,0.13493279003050423,0.17499999999999982,0.059125649193301794,0.08814226918468061,0.9008481171540916,0.04819340258836746,pd,0.00683714037265345,0.01445770263671875,0.016437586950110186,0.03917734697461128,0.0,0.0,0.27881622314453125,0.26970672607421875,0.4117865264415741,0.5296986222176088,0.5296986222176088,,False,0.14829991180791682,0.46554291248321533,0.8250000000000002,-0.042327880859375,0.253853976726532,0.18721700397203736,False,True,
672,672,32,16,10.0,0.5,compliant,20.0,1.1052631578947367,JNT,startup_joint_error|stop_joint_error,0.1608721894237648,0.5897220373153687,FL_shank_joint,0.0,0.13575466233530792,0.19999999999999996,0.04699159457348287,0.07486936637256503,1.0021210536547005,0.04551292151212692,pd,0.005693281644175738,0.01641082763671875,0.024867172948315103,0.04781908541917801,0.0,0.0,-0.34787750244140625,,-0.06013450026512146,,,,,0.14745994860246792,0.4585834741592407,0.6749999999999998,-0.07378387451171875,0.25385284423828125,0.1797721571653504,False,False,rope_taut_during_settle|robot_and_load_speeds_differ|tension_not_steady
673,673,33,16,10.0,0.5,compliant,25.0,1.1052631578947367,JNT,startup_joint_error|stop_joint_error,0.16105674444648613,0.5874080657958984,FL_shank_joint,0.0,0.13499598668161836,0.17499999999999982,0.06828885920345783,0.101493637794047,0.8823846529424191,0.049976153075695036,pd,0.005207358474738176,0.00878143310546875,0.011426165454405935,0.03910600394010544,0.0,0.0,0.403839111328125,0.39112091064453125,0.4243636727333069,0.36025296933843265,0.36025296933843265,,False,0.15279625378386474,0.45064032077789307,0.6500000000000004,-0.08798980712890625,0.25384873151779175,0.2136545250229751,False,False,rope_not_continuously_taut
674,674,34,16,10.0,1.0,rigid,5.0,1.1052631578947367,COL,stop_collision|startup_joint_error|stop_joint_error,0.21458200434098929,0.8803054094314575,RR_shank_joint,0.0,0.3669783004967859,0.575,0.17800829317420722,0.22309572819286053,0.8219917068257928,0.19816799461841583,pd,0.02782428770053539,0.05088043212890625,0.03243119507138055,0.07265408337116241,0.0,0.0,-0.04583740234375,0.0692138671875,0.7361351251602173,0.8332190805293465,0.8332190805293465,,True,0.15754588145009002,0.5155530571937561,0.8250000000000002,-0.04347991943359375,0.2543146312236786,0.17549789658109016,False,False,rope_taut_during_settle|load_moved_during_settle
675,675,35,16,10.0,1.0,rigid,10.0,1.1052631578947367,COL,stop_collision|speed_track_error|startup_joint_error|stop_joint_error,0.22107084585721487,0.8822077512741089,RR_shank_joint,0.0,0.40841971792364584,,0.2044854819960892,0.2523598867059873,0.7955145180039108,0.22682445883750915,pd,0.020683281788070627,0.0368804931640625,0.014899703845581085,0.029156314209103584,0.0,0.0,-0.16507720947265625,0.06375885009765625,0.6469779014587402,0.8415491590293556,0.8415491590293556,,True,0.16990567297156997,0.4717724323272705,,-0.16094207763671875,0.25455737113952637,0.16056099929291906,False,False,rope_taut_during_settle|load_moved_during_settle|tension_not_steady
676,676,36,16,10.0,1.0,rigid,15.0,1.1052631578947367,COL,stop_collision|speed_track_error|startup_joint_error|stop_joint_error,0.22448247775127647,0.8836618661880493,RL_shank_joint,0.0,0.4389999601461498,,0.2179332898929715,0.2660440331707206,0.7820667101070284,0.2307056790590286,pd,0.018549193073970224,0.03357696533203125,0.05458955640168009,0.13094373047351837,0.0,0.0,-0.1162109375,0.06824493408203125,0.6145392060279846,,,,True,0.1716959544846073,0.6116511821746826,,-0.11121368408203125,0.2547224462032318,0.15102729103178672,False,False,rope_taut_during_settle|load_moved_during_settle|tension_not_steady
677,677,37,16,10.0,1.0,rigid,20.0,1.1052631578947367,SPD,speed_track_error|startup_joint_error|stop_joint_error,0.22624475360616358,0.8888015747070312,RL_shank_joint,0.0,0.4805894413329436,,0.22881723778322338,0.2791299609320206,0.7711827622167766,0.2265264868736267,pd,0.025477254336900602,0.04160308837890625,0.04474031763890774,0.10632447153329849,0.0,0.0,-0.1118927001953125,-0.10358428955078125,0.5827065706253052,0.8055305218965572,0.8055305218965572,,False,0.17275034566604383,0.5306234359741211,,-0.10832977294921875,0.2548251152038574,0.15542131531187311,False,False,rope_taut_during_settle
678,678,38,16,10.0,1.0,inextensible,25.0,1.1052631578947367,COL,stop_collision|speed_track_error|startup_joint_error|stop_joint_error,0.21718273589459222,0.876030683517456,RR_shank_joint,0.0,0.42276447422512875,,0.23424788716249167,0.2754756709447079,0.7755530190188438,0.23961031973361968,pd,0.01852442246459602,0.032257080078125,0.013439005662596032,0.02819174900650978,0.0,0.0,-0.260589599609375,0.0810394287109375,0.5520282983779907,,,,True,0.18084967015079229,0.6090176105499268,,-0.25339508056640625,0.25385355949401855,0.1550282849443571,False,False,rope_not_continuously_taut|tension_not_steady
679,679,39,16,10.0,1.5,inextensible,5.0,1.1052631578947367,COL,stop_collision|speed_track_error|startup_joint_error|stop_joint_error,0.2330159135839833,0.9258036613464355,RR_shank_joint,0.0,0.5306527264982056,,0.3327034338377416,0.3852089985519217,0.7795418948555985,0.38505873441696165,pd,0.025406070404450424,0.0443572998046875,0.018175201691715676,0.04827111214399338,0.0,0.0,0.22092437744140625,0.2259674072265625,1.2706971168518066,0.8188170247857727,0.8577918516188276,,True,0.141424404989363,0.6188830733299255,0.4249999999999998,0.233642578125,0.25385046005249023,0.1546369366869742,False,False,rope_not_continuously_taut
680,680,0,17,0.0,0.5,compliant,15.0,1.1368421052631579,JNT,startup_joint_error|stop_joint_error,0.1614763634647584,0.5915927886962891,FL_shank_joint,0.0,0.13524948456004016,0.17499999999999982,0.03725231702439487,0.0673632846939733,1.0325043679215014,0.030609198212623596,pd,0.0066029247306177985,0.00826263427734375,0.011322795391426499,0.03962833434343338,0.0,0.0,-1.079742431640625,,-0.20677411556243896,,,,,0.1492352016598303,0.420385479927063,0.6000000000000005,-0.00528717041015625,0.25384584069252014,0.07845893352774998,False,False,rope_taut_during_settle|load_moved_during_settle|robot_and_load_speeds_differ|tension_not_steady
681,681,1,17,0.0,0.5,compliant,20.0,1.1368421052631579,JNT,startup_joint_error|stop_joint_error,0.1611568277785747,0.5916157960891724,FL_shank_joint,0.0,0.13447532375592225,0.17499999999999982,0.07627607102505862,0.10393830951243252,0.8659105933643878,0.06055325239896774,pd,0.0055492296480231205,0.00957489013671875,0.011120667562487028,0.039045218378305435,0.0,0.0,0.18657684326171875,0.28339385986328125,0.45230939984321594,0.6093735859740974,0.7076692584531941,,False,0.12697398943156143,0.37573516368865967,0.35000000000000053,0.003326416015625,0.25385287404060364,0.08101409906188374,False,True,
682,682,2,17,0.0,0.5,compliant,25.0,1.1368421052631579,JNT,startup_joint_error|stop_joint_error,0.16111630414487763,0.5925447940826416,FL_shank_joint,0.0,0.13582017452967998,0.19999999999999996,0.08755578404292465,0.11407988834281525,0.8473514782264828,0.07278824180364608,pd,0.005737341130378869,0.009368896484375,0.01304647742928778,0.03970968723297119,0.0,0.0,0.1343536376953125,0.246337890625,0.4256797730922699,0.6015864044534851,0.7126157007217273,,False,0.15018577575029612,0.4086484909057617,0.7250000000000005,-0.03087615966796875,0.25384849309921265,0.08501702486192175,False,True,
683,683,3,17,0.0,1.0,compliant,5.0,1.1368421052631579,JNT,startup_joint_error|stop_joint_error,0.19928209389697285,0.8758349418640137,RR_shank_joint,0.0,0.31901166257878766,,0.12289065700955688,0.1688962382745947,0.8875272073131054,0.10188050270080566,pd,0.018446212564913127,0.03223419189453125,0.010119998581076945,0.02301613613963127,0.0,0.0,0.25537109375,0.2508697509765625,0.8824052214622498,0.7106048602055068,0.7106073701288551,,False,0.14631660255073287,0.5245581865310669,0.5250000000000004,0.08013153076171875,0.25384756922721863,0.10528822757453311,False,True,
684,684,4,17,0.0,1.0,compliant,10.0,1.1368421052631579,JNT,startup_joint_error|stop_joint_error,0.20983326743149625,0.8760855197906494,RR_shank_joint,0.0,0.36463487513366744,,0.14180538158863784,0.19080232580473364,0.8677500953152776,0.10828582882881164,pd,0.01721356688411903,0.02631378173828125,0.031038825560402435,0.052230555564165115,0.0,0.0,0.4362030029296875,0.43274688720703125,0.891345202922821,0.5406775796998033,0.5415158480432467,,False,0.1496518095764285,0.6167029142379761,0.35000000000000053,0.0930938720703125,0.25385206937789917,0.09367152123316966,False,False,rope_not_continuously_taut
685,685,5,17,0.0,1.0,compliant,15.0,1.1368421052631579,JNT,startup_joint_error|stop_joint_error,0.20831792912221217,0.876659631729126,RR_shank_joint,0.0,0.4026966400423863,,0.1698703818768263,0.21869612482466963,0.8399740547686815,0.1337217128276825,pd,0.010640201621911764,0.02117156982421875,0.015643024290940378,0.02577345445752144,0.0,0.0,0.5333328247070312,0.5377273559570312,0.8963338732719421,0.40401357583709796,0.4179320329555196,,False,0.15931830426129728,0.5085529685020447,0.5499999999999998,0.06548309326171875,0.2538492679595947,0.07865101356269935,False,False,rope_not_continuously_taut
686,686,6,17,0.0,1.0,compliant,20.0,1.1368421052631579,JNT,startup_joint_error|stop_joint_error,0.21328054271872857,0.876050591468811,RR_shank_joint,0.0,0.4614705899619914,,0.18146061497740448,0.24470561217551562,0.828930027903989,0.12368922770023345,pd,0.016035368546235138,0.0279998779296875,0.016201321299867052,0.02687467262148857,0.0,0.0,0.821044921875,0.8069915771484375,0.8791600465774536,0.14604666558028612,0.14604666558028612,,False,0.14549416606940313,0.5248792171478271,0.47500000000000053,0.08293914794921875,0.25385284423828125,0.10060490303770404,False,False,rope_not_continuously_taut
687,687,7,17,0.0,1.0,compliant,25.0,1.1368421052631579,SPD,stop_margin_low|speed_track_error|startup_joint_error|stop_joint_error,0.21560407567292392,0.8761018514633179,RR_shank_joint,0.0,0.4652420974624016,,0.20197829793381972,0.2584737914002567,0.8085020082147093,0.15231906592845917,pd,0.01335011597046201,0.02326202392578125,0.01482586241631644,0.02325456030666828,0.0,0.0,0.9450607299804688,0.9353103637695312,0.886878490447998,0.024327389004895394,0.024327389004895394,,False,0.15667901138230617,0.5212181806564331,0.25,0.0858612060546875,0.25384265184402466,0.07685547261675715,False,False,rope_not_continuously_taut
688,688,8,17,0.0,1.5,rigid,5.0,1.1368421052631579,JNT,startup_joint_error|stop_joint_error,0.22547335111897082,0.923599123954773,RR_shank_joint,0.0,0.5001154017941032,0.5499999999999998,0.07608873248100281,0.2247186631761504,0.9704879403114318,0.021025086641311645,pd,0.01658488861626531,0.03253173828125,0.03278118215045067,0.06026546657085419,0.0,0.0,-0.29050445556640625,,-0.10317651927471161,,,,,0.16585892174740652,0.7478524446487427,0.4249999999999998,0.24398040771484375,0.253847599029541,0.08612137854300285,False,False,rope_taut_during_settle|robot_and_load_speeds_differ
689,689,9,17,0.0,1.5,rigid,10.0,1.1368421052631579,COL,stop_collision|startup_joint_error|stop_joint_error,0.24638497867282708,0.9210402965545654,RR_shank_joint,0.0,0.7145347865370045,,0.2763430461101234,0.3649129755460009,0.815771302593251,0.2012679660320282,pd,0.029014169666710086,0.042633056640625,0.030055906514011115,0.05407647788524628,0.0,0.0,0.26995849609375,0.29164886474609375,1.2722357511520386,0.861004182384022,0.8872126521807076,,True,0.16076425645994288,0.6756930649280548,0.47500000000000053,0.27146148681640625,0.25452595949172974,0.1074060231734118,False,False,rope_taut_during_settle|load_moved_during_settle
690,690,10,17,0.0,1.5,rigid,15.0,1.1368421052631579,COL,stop_collision|speed_track_error|startup_joint_error|stop_joint_error,0.24642601047353832,0.9226830005645752,RL_shank_joint,0.0,0.7862545663259772,,0.30780379818752407,0.39931085997048954,0.794797467874984,0.21180023908615112,pd,0.01879958488116098,0.037578582763671875,0.01007825585515377,0.023447079584002495,0.0,0.0,0.31816864013671875,0.33693695068359375,1.2701550722122192,0.876081126807378,0.8853929389441646,,True,0.16625385688464206,0.8651103973388672,0.8250000000000002,0.3198394775390625,0.25468045473098755,0.13149423022615633,False,False,rope_taut_during_settle|load_moved_during_settle
691,691,11,17,0.0,1.5,rigid,20.0,1.1368421052631579,SPD,speed_track_error|startup_joint_error|stop_joint_error,0.24949116292717688,0.9284230470657349,RL_shank_joint,0.0,0.8481539220191199,,0.3473254288174212,0.4362844726668674,0.7684497141217191,0.23481060624122618,pd,0.017428546007314413,0.02922821044921875,0.024242285366145404,0.04235627502202988,0.0,0.0,0.35683441162109375,0.4036102294921875,1.288267731666565,0.868755494842901,0.8906025785784379,,False,0.17409801595108662,0.8483664989471436,,0.359405517578125,0.25479790568351746,0.12840446456887042,False,False,rope_taut_during_settle|load_moved_during_settle
692,692,12,17,0.0,1.5,rigid,25.0,1.1368421052631579,SPD,speed_track_error|startup_joint_error|stop_joint_error,0.2514170775138457,0.9318200349807739,RL_shank_joint,0.0,0.8980980416954089,,0.3704512075334787,0.462026883227853,0.7530325283110142,0.23313457489013673,pd,0.01644312130564431,0.032009124755859375,0.021647726426471853,0.036009568721055984,0.0,0.0,0.39211273193359375,0.4428253173828125,1.2771360874176025,0.8753658451227722,0.8874340243098118,,False,0.17762218920973033,0.8010128736495972,,0.39424896240234375,0.2548857629299164,0.12601643109183494,False,False,rope_taut_during_settle|load_moved_during_settle
693,693,13,17,0.0,0.5,rigid,5.0,1.1368421052631579,JNT,startup_joint_error|stop_joint_error,0.1695878509235714,0.5957117080688477,RR_shank_joint,0.0,0.1581533095294847,0.3999999999999999,0.04272258899174631,0.07666296015775109,0.915129937697202,0.031665034890174866,pd,0.006002392922906277,0.00923919677734375,0.014549090576482697,0.04182320088148117,0.0,0.0,-0.0018310546875,0.05035400390625,0.48202601075172424,0.8725956059560076,0.8855526517038612,,False,0.1400096795718981,0.4266069531440735,0.5250000000000004,-0.000579833984375,0.2542983591556549,0.08027308915887682,False,False,rope_taut_during_settle|load_moved_during_settle
694,694,14,17,0.0,0.5,rigid,10.0,1.1368421052631579,JNT,startup_joint_error|stop_joint_error,0.17339878297735098,0.6023339033126831,RR_shank_joint,0.0,0.17236990688635817,,0.060493915360420945,0.08872583369266814,0.8790121692791582,0.04925958335399628,pd,0.008020140276963631,0.01111602783203125,0.014085091440710785,0.04199826344847679,0.0,0.0,-0.02378082275390625,0.049713134765625,0.441876083612442,0.8721639798161362,0.8771771928744272,,False,0.14710087126881097,0.4110792875289917,0.9249999999999998,-0.02263641357421875,0.2545258104801178,0.084082514069777,False,False,rope_taut_during_settle|load_moved_during_settle
695,695,15,17,0.0,0.5,rigid,15.0,1.1368421052631579,JNT,startup_joint_error|stop_joint_error,0.1742851211596113,0.6112117767333984,RR_shank_joint,0.0,0.18228320940794107,0.5999999999999999,0.06207777349278331,0.09251441257691183,0.8758444530144334,0.0489943465590477,pd,0.005286789424776784,0.009111404418945312,0.014027063280747914,0.031108219176530838,0.0,0.0,0.0236663818359375,0.06275177001953125,0.44129905104637146,0.8628770230205305,0.8867197216076903,,False,0.15419460101709662,0.46692347526550293,0.8500000000000005,0.02497100830078125,0.2546785771846771,0.08585906006429023,False,False,rope_taut_during_settle|load_moved_during_settle
696,696,16,17,0.0,0.5,inextensible,20.0,1.1368421052631579,JNT,startup_joint_error|stop_joint_error,0.16128208513402967,0.5884145498275757,FL_shank_joint,0.0,0.13463164128101648,0.17499999999999982,0.039049793034791946,0.06803319184376945,1.033590005338192,0.03271411061286926,pd,0.007817026745569437,0.009990692138671875,0.01098947608007121,0.038876086473464966,0.0,0.0,-0.9876708984375,,-0.18471850454807281,,,,,0.14798566413292716,0.4543721079826355,0.625,-0.01446533203125,0.2538455128669739,0.08249563892577207,False,False,rope_taut_during_settle|robot_and_load_speeds_differ|tension_not_steady
697,697,17,17,0.0,0.5,inextensible,25.0,1.1368421052631579,JNT,startup_joint_error|stop_joint_error,0.16150986166652406,0.5922514200210571,FL_shank_joint,0.0,0.13952919892018734,0.17499999999999982,0.0826173392124474,0.11224013062018046,0.8505115168914199,0.058033919632434844,pd,0.007103866248398422,0.011281967163085938,0.011434689856103273,0.0394417829811573,0.0,0.0,0.212860107421875,0.309967041015625,0.4599292278289795,0.5707851456874806,0.6698712960916708,,False,0.12814276790110224,0.3455960750579834,0.40000000000000036,0.0058135986328125,0.2538483142852783,0.07355818609952257,False,False,load_moved_during_settle|rope_not_continuously_taut
698,698,18,17,0.0,1.0,inextensible,5.0,1.1368421052631579,JNT,startup_joint_error|stop_joint_error,0.19669377374120836,0.8758559226989746,RR_shank_joint,0.0,0.3179977797855209,1.4000000000000001,0.11619352070614695,0.16384028594015498,0.8933029261417686,0.082086940407753,pd,0.018866761452763437,0.03197765350341797,0.028669971167611708,0.04781318083405495,0.0,0.0,0.24398040771484375,0.23931884765625,0.8917924761772156,0.7377608216230556,0.7377608216230556,,False,0.15116477763413363,0.5782878994941711,0.35000000000000053,0.09540557861328125,0.2538489103317261,0.084409661666829,False,True,
699,699,19,17,0.0,1.0,inextensible,10.0,1.1368421052631579,JNT,startup_joint_error|stop_joint_error,0.21144385040677086,0.8757363557815552,RR_shank_joint,0.0,0.3461820126844125,,0.1454424407426268,0.18674607087780423,0.863221223121509,0.11521347343921662,pd,0.019134484702303473,0.034027814865112305,0.018603806800540672,0.030400805175304413,0.0,0.0,0.44710540771484375,0.44317626953125,0.9005258083343506,0.5157116035508125,0.5159935317035007,,False,0.14694463156624443,0.5332671403884888,0.375,0.07762908935546875,0.2538496255874634,0.10036262031118127,False,False,load_moved_during_settle|rope_not_continuously_taut
700,700,20,17,5.0,1.0,compliant,15.0,1.1368421052631579,JNT,startup_joint_error|stop_joint_error,0.2133484809889364,0.9144792556762695,RL_shank_joint,0.0,0.37232736743362743,,0.1722082165349275,0.2149817474680193,0.8376167055498809,0.15877025365829467,pd,0.025001205464300687,0.040621280670166016,0.012630826388583217,0.02477707527577877,0.0,0.0,-0.1234588623046875,0.228485107421875,0.7475866675376892,0.6763784162931898,0.9185887902621204,,False,0.15735542416497153,0.47199928760528564,0.625,-0.1318817138671875,0.2538498640060425,0.10270362073639375,False,True,
701,701,21,17,5.0,1.0,compliant,20.0,1.1368421052631579,JNT,startup_joint_error|stop_joint_error,0.2184030226502285,0.8760820627212524,RL_shank_joint,0.0,0.4117915697752756,,0.18506882267072797,0.23384177117770943,0.8256266407482326,0.16007894039154053,pd,0.025119531644685025,0.0443878173828125,0.019595116831347844,0.052268270403146744,0.0,0.0,-0.19364166259765625,0.2263031005859375,0.7305516600608826,0.6769480788283317,0.8990053339967403,,False,0.15363373406412312,0.48400449752807617,0.7000000000000002,-0.19342041015625,0.2518097162246704,0.12412599947386452,False,True,
702,702,22,17,5.0,1.0,compliant,25.0,1.1368421052631579,COL,stop_collision|startup_joint_error|stop_joint_error,0.2193082621992997,0.8759758472442627,RL_shank_joint,0.0,0.44971400495006786,,0.19685066142119467,0.25267036526991093,0.8142725404258817,0.16172700762748718,pd,0.025019578320570016,0.0418701171875,0.016353351423739733,0.050239913165569305,0.0,0.0,-0.18624114990234375,0.2333221435546875,0.7015268802642822,0.66111519327184,0.8975881214085888,,True,0.15485543735022134,0.4729980230331421,0.8250000000000002,-0.1844635009765625,0.2478705644607544,0.12853365994640398,False,False,rope_not_continuously_taut
703,703,23,17,5.0,1.5,compliant,5.0,1.1368421052631579,COL,stop_collision|startup_joint_error|stop_joint_error,0.23174706563434075,0.9259538650512695,RR_shank_joint,0.0,0.5269284651965301,,0.23764148248359562,0.29866440775591213,0.8439849232758085,0.21527724504470824,pd,0.02573333316859011,0.03999137878417969,0.009824621322684053,0.02259562909603119,0.0,0.0,0.24428558349609375,0.2913818359375,1.2865206003189087,0.8115757114289863,0.8768845217250885,,True,0.15636905854456748,0.8639297485351562,0.7750000000000004,0.2496185302734375,0.2538515031337738,0.11389116608222807,False,True,
704,704,24,17,5.0,1.5,rigid,10.0,1.1368421052631579,JNT,startup_joint_error|stop_joint_error,0.2263387360800721,0.9272089004516602,RR_shank_joint,0.0,0.4999897982034775,0.5499999999999998,0.0900019815005362,0.22733770252374183,0.9653971225395798,0.04008362650871277,pd,0.025659550706685432,0.03676795959472656,0.023628330335045862,0.042966436594724655,0.0,0.0,-0.080535888671875,0.0,-0.013264842331409454,,,,,0.15995433662317002,1.0938715934753418,0.7750000000000004,0.32387542724609375,0.25385087728500366,0.1100520232685111,False,False,rope_taut_during_settle|robot_and_load_speeds_differ
705,705,25,17,5.0,1.5,rigid,15.0,1.1368421052631579,COL,stop_collision|speed_track_error|startup_joint_error|stop_joint_error,0.24652228620655348,0.9245859384536743,RL_shank_joint,0.0,0.7922541050913297,,0.3607793805934489,0.43620374501552495,0.7594804129377007,0.3172228991985321,pd,0.02371277970677485,0.04256439208984375,0.03305261977627274,0.0706116110086441,0.0,0.0,0.1078948974609375,0.2474517822265625,1.1374889612197876,0.8767497287271624,0.9044686945082105,,True,0.15847436892032593,0.6247698068618774,,0.1177978515625,0.25368115305900574,0.10279354750104314,False,False,rope_taut_during_settle|load_moved_during_settle|tension_not_steady
706,706,26,17,5.0,1.5,rigid,20.0,1.1368421052631579,SPD,speed_track_error|startup_joint_error|stop_joint_error,0.2492082569903332,0.9262330532073975,RL_shank_joint,0.0,0.8462161271620431,,0.4003281177021563,0.4740435861557492,0.7331145881985625,0.3548268795013428,pd,0.018463498353960665,0.031459808349609375,0.019723186599550035,0.035990796983242035,0.0,0.0,0.063323974609375,0.267486572265625,1.090430498123169,0.8584712016542966,0.8895080774478288,,False,0.16496543623477855,0.6634305715560913,,0.0702667236328125,0.25482824444770813,0.12076067225459486,False,False,rope_taut_during_settle|load_moved_during_settle|tension_not_steady
707,707,27,17,5.0,1.5,rigid,25.0,1.1368421052631579,SPD,speed_track_error|startup_joint_error|stop_joint_error,0.25270934698899844,0.930665135383606,RL_shank_joint,0.0,0.891246130760612,,0.4256965224817395,0.5011138235013464,0.716202318345507,0.36649698436260225,pd,0.019183208911692486,0.03948211669921875,0.0239138280175644,0.055179763585329056,0.0,0.0,-0.01812744140625,0.25687408447265625,0.9910768270492554,0.8711838030538814,0.8909270189303271,,False,0.15906567046992692,0.6847352981567383,,-0.01253509521484375,0.25351497530937195,0.11869298077348185,False,False,rope_taut_during_settle|tension_not_steady
708,708,28,17,5.0,0.5,inextensible,5.0,1.1368421052631579,JNT,startup_joint_error|stop_joint_error,0.1614769883490847,0.5914374589920044,FL_shank_joint,0.0,0.13526186211128569,0.17499999999999982,0.04355053352192044,0.07092165977425828,0.9353314414247871,0.032213047444820404,pd,0.006562122052428767,0.0092926025390625,0.019669982553665723,0.039664871990680695,0.0,0.0,0.1088104248046875,0.10515594482421875,0.44236916303634644,0.7102937787798567,0.710297328906492,,False,0.15080667274752457,0.45542192459106445,0.875,-0.0567474365234375,0.2538536489009857,0.1328005869081468,False,True,
709,709,29,17,5.0,0.5,inextensible,10.0,1.1368421052631579,JNT,startup_joint_error|stop_joint_error,0.16153457903054233,0.5913079977035522,FL_shank_joint,0.0,0.13496116582309753,0.17499999999999982,0.0521009423956275,0.0777697136887739,0.9162153083831072,0.04348286062479019,pd,0.008239737086820978,0.010589599609375,0.01356723714631782,0.039281364530324936,0.0,0.0,0.201263427734375,0.19480133056640625,0.4374787509441376,0.6550116335503304,0.6550135476670675,,False,0.14282650100674407,0.4020334482192993,0.6749999999999998,-0.02269744873046875,0.25384581089019775,0.11965774443984821,False,False,rope_not_continuously_taut
710,710,30,17,10.0,0.5,compliant,15.0,1.1368421052631579,JNT,startup_joint_error|stop_joint_error,0.16160003546123536,0.5910549163818359,FL_shank_joint,0.0,0.13467478802656774,0.17499999999999982,0.06017145753838122,0.08945259570262544,0.8996664130501449,0.048277589678764346,pd,0.0069389660119751635,0.0091705322265625,0.01194895986065939,0.039359431713819504,0.0,0.0,0.27249908447265625,0.263824462890625,0.41642457246780396,0.5713496344829991,0.5713503854130124,,False,0.13508655179086182,0.3505818843841553,0.8250000000000002,-0.0511322021484375,0.25384703278541565,0.18452773427787877,False,True,
711,711,31,17,10.0,0.5,compliant,20.0,1.1368421052631579,JNT,startup_joint_error|stop_joint_error,0.16110696511238703,0.5892236232757568,FL_shank_joint,0.0,0.13590278601882286,0.19999999999999996,0.06683390668593348,0.09844939099199242,0.889382506776601,0.04753512740135193,pd,0.005510826950324132,0.01158905029296875,0.016260575273789494,0.039797697216272354,0.0,0.0,0.344085693359375,0.33338165283203125,0.41991475224494934,0.45889947394785224,0.45889947394785224,,False,0.15567979357543557,0.4777255058288574,0.8500000000000005,-0.07513427734375,0.25385141372680664,0.21202425427554614,False,True,
712,712,32,17,10.0,0.5,compliant,25.0,1.1368421052631579,JNT,startup_joint_error|stop_joint_error,0.16145289949192537,0.5925849676132202,FL_shank_joint,0.0,0.1348145098748164,0.17499999999999982,0.041187960365787146,0.07180722090215251,0.9953978565149009,0.03930090367794037,pd,0.004527166102498566,0.0084228515625,0.015280307989877062,0.03933275118470192,0.0,0.0,-0.2987213134765625,,-0.054674308747053146,,,,,0.1424125401578791,0.40589892864227295,0.5499999999999998,-0.06941986083984375,0.2538517713546753,0.17132081236734725,False,False,rope_taut_during_settle|robot_and_load_speeds_differ|tension_not_steady
713,713,33,17,10.0,1.0,compliant,5.0,1.1368421052631579,COL,stop_collision|startup_joint_error|stop_joint_error,0.1981691598702543,0.8759682178497314,RR_shank_joint,0.0,0.3201710261387045,1.3749999999999998,0.17845134583301842,0.21438194722959167,0.8318346825521439,0.21010420024394988,pd,0.029106204751973702,0.05330657958984375,0.010955867972904017,0.025183022022247314,0.0,0.0,-0.0267333984375,0.0811614990234375,0.7279195189476013,0.8728136057711282,0.8728136057711282,,True,0.1542312909551648,0.4668688178062439,0.8250000000000002,-0.023956298828125,0.2538496255874634,0.16328471022370447,False,False,rope_not_continuously_taut
714,714,34,17,10.0,1.0,rigid,10.0,1.1368421052631579,COL,stop_collision|speed_track_error|startup_joint_error|stop_joint_error,0.22065643008970418,0.8820507526397705,RR_shank_joint,0.0,0.40787102090119115,,0.20209038123488426,0.24874595963324792,0.7979096187651158,0.21984314441680908,pd,0.02309140934820122,0.03652191162109375,0.01868237699546147,0.03973789140582085,0.0,0.0,-0.12758636474609375,0.06198883056640625,0.6343900561332703,0.8835072593323332,0.8835072593323332,,True,0.1758462297275154,0.4676980972290039,,-0.123779296875,0.25452056527137756,0.16605044133209654,False,False,rope_taut_during_settle|load_moved_during_settle
715,715,35,17,10.0,1.0,rigid,15.0,1.1368421052631579,COL,stop_collision|speed_track_error|startup_joint_error|stop_joint_error,0.2241000070632065,0.8835234642028809,RL_shank_joint,0.0,0.4409580153898414,,0.21715772792696952,0.26545889196270145,0.7828422720730305,0.229289773106575,pd,0.01876894320361249,0.03429412841796875,0.06328513116900351,0.15321345627307892,0.0,0.0,-0.1304931640625,-0.113433837890625,0.6503668427467346,,,,True,0.17497369519817885,0.6503432989120483,0.9750000000000005,-0.1250457763671875,0.2546442449092865,0.1527673986516318,False,False,rope_taut_during_settle|load_moved_during_settle
716,716,36,17,10.0,1.0,rigid,20.0,1.1368421052631579,SPD,speed_track_error|startup_joint_error|stop_joint_error,0.21838601655658868,0.8879104852676392,RL_shank_joint,0.0,0.4774866981783415,,0.22784767869859934,0.2774151676050417,0.7721523213014007,0.22412882924079894,pd,0.02429549316215462,0.0417938232421875,0.028851224722986978,0.06987488269805908,0.0,0.0,-0.09395599365234375,0.07424163818359375,0.5938153862953186,0.8786813279886019,0.8786813279886019,,False,0.174778796953034,0.5089563131332397,,-0.08898162841796875,0.254812091588974,0.15897739754822893,False,False,rope_taut_during_settle
717,717,37,17,10.0,1.0,rigid,25.0,1.1368421052631579,SPD,speed_track_error|startup_joint_error|stop_joint_error,0.23185652351013367,0.8912016153335571,RL_shank_joint,0.0,0.5074077681624548,,0.2352487551420927,0.2867589666096162,0.7647512448579072,0.22156462371349334,pd,0.024106834722664908,0.0438232421875,0.033063356345579095,0.07066628336906433,0.0,0.0,-0.138885498046875,-0.11363983154296875,0.6031748652458191,0.8634323531994141,0.8634323531994141,,False,0.17097122522652494,0.577332615852356,,-0.13330841064453125,0.25490155816078186,0.15822101390774168,False,False,rope_taut_during_settle
718,718,38,17,10.0,1.5,inextensible,5.0,1.1368421052631579,COL,stop_collision|speed_track_error|startup_joint_error|stop_joint_error,0.23325104093465204,0.9258484840393066,RR_shank_joint,0.0,0.5290924953980055,,0.34439590986818075,0.3947519194548998,0.7718352504819631,0.4040029263496399,pd,0.028183352626213104,0.04192352294921875,0.030291971817270474,0.04834526777267456,0.0,0.0,0.18773651123046875,0.21952056884765625,1.2475076913833618,0.8469850020982506,0.9005670671027701,,True,0.15008104430925015,0.6517772674560547,0.5,0.20063018798828125,0.2521704435348511,0.14935944207505245,False,False,rope_not_continuously_taut
719,719,39,17,10.0,1.5,inextensible,10.0,1.1368421052631579,COL,stop_collision|speed_track_error|startup_joint_error|stop_joint_error,0.23979762035773663,0.9259154796600342,RR_shank_joint,0.0,0.5783609091212203,,0.43587547915056346,0.49305248253459283,0.7108121378098925,0.5474740618467331,pd,0.006810036969688092,0.0193328857421875,0.03655749346194303,0.059892114251852036,0.0,0.0,-0.03276824951171875,0.1438446044921875,0.8090648055076599,0.8719964237705113,0.8719964237705113,,True,0.17229381071373837,0.6007640361785889,,-0.031280517578125,0.2538534998893738,0.14051455178070568,False,False,rope_not_continuously_taut
720,720,0,18,0.0,0.5,compliant,20.0,1.168421052631579,JNT,startup_joint_error|stop_joint_error,0.161164321808275,0.5924904346466064,FL_shank_joint,0.0,0.13610933945774933,0.19999999999999996,0.03865673397667706,0.06811102431668307,1.0348497824929654,0.03166042387485504,pd,0.00754614513265252,0.00960540771484375,0.010946306494101445,0.039857808500528336,0.0,0.0,-0.9756393432617188,,-0.17625044286251068,,,,,0.14790971937934713,0.45465612411499023,0.625,-0.0142364501953125,0.25384974479675293,0.08201007763918138,False,False,rope_taut_during_settle|robot_and_load_speeds_differ|tension_not_steady
721,721,1,18,0.0,0.5,compliant,25.0,1.168421052631579,JNT,startup_joint_error|stop_joint_error,0.1609695136819657,0.5911941528320312,FL_shank_joint,0.0,0.13493949614168455,0.19999999999999996,0.08758930882439017,0.1161046703756202,0.8439416201785207,0.06952327638864517,pd,0.0042978349616527994,0.0080413818359375,0.01600396567320837,0.03917979449033737,0.0,0.0,0.1508026123046875,0.26348876953125,0.4358372092247009,0.6441648741540291,0.7577418906162166,,False,0.14017936599347772,0.3569211959838867,0.5,-0.00860595703125,0.2538525462150574,0.08283687777260063,False,True,
722,722,2,18,0.0,1.0,compliant,5.0,1.168421052631579,COL,stop_collision|startup_joint_error|stop_joint_error,0.20207523811132183,0.8762253522872925,RR_shank_joint,0.0,0.31586652669905674,3.125,0.11447644540108741,0.1632910549234332,0.8967413823958487,0.09072145581245422,pd,0.012196226464185047,0.02315521240234375,0.021869341395042388,0.03665507957339287,0.0,0.0,0.2361907958984375,0.2396697998046875,0.9233943223953247,0.7634342179130726,0.7681396345979863,,True,0.1566479765533126,0.538175642490387,0.6500000000000004,0.0805816650390625,0.25385206937789917,0.0781201322190342,False,True,
723,723,3,18,0.0,1.0,compliant,10.0,1.168421052631579,JNT,startup_joint_error|stop_joint_error,0.21132457201363597,0.8755977153778076,RR_shank_joint,0.0,0.35645706131657184,,0.14564966447651387,0.19179579236492073,0.8650420283526182,0.11536915004253387,pd,0.021978194753097705,0.03619384765625,0.01990865729704484,0.03300592303276062,0.0,0.0,0.451629638671875,0.4436798095703125,0.8905075788497925,0.5427384043159122,0.5427411917533789,,False,0.1483964184651004,0.5453064441680908,0.35000000000000053,0.0721588134765625,0.253849595785141,0.09841193871228614,False,True,
724,724,4,18,0.0,1.0,compliant,15.0,1.168421052631579,JNT,startup_joint_error|stop_joint_error,0.20845792572385521,0.8763797283172607,RR_shank_joint,0.0,0.40059426686441796,,0.16627143460325897,0.2163576784172301,0.8442966393847019,0.12808351576328278,pd,0.012831271030031018,0.021270751953125,0.018357599183070443,0.030420910567045212,0.0,0.0,0.5575408935546875,0.5669403076171875,0.8934767246246338,0.42330853617761477,0.4370232132464764,,False,0.15855439838735855,0.5295280814170837,0.25,0.0772857666015625,0.2538526952266693,0.079883364116671,False,False,rope_not_continuously_taut
725,725,5,18,0.0,1.0,compliant,20.0,1.168421052631579,JNT,startup_joint_error|stop_joint_error,0.21392320566745204,0.8765803575515747,RR_shank_joint,0.0,0.45094980493532016,,0.1879019997920841,0.24542447510316262,0.8225983096752316,0.13938264310359955,pd,0.011725197313537916,0.0233306884765625,0.027480889112965517,0.04519239813089371,0.0,0.0,0.8163909912109375,0.8051605224609375,0.8853378295898438,0.17401979430593428,0.174020335471198,,False,0.15141591386356992,0.5262382626533508,0.4249999999999998,0.07049560546875,0.25385013222694397,0.08436168333783883,False,False,rope_not_continuously_taut
726,726,6,18,0.0,1.0,compliant,25.0,1.168421052631579,SPD,speed_track_error|startup_joint_error|stop_joint_error,0.21663881759441578,0.8763294219970703,RR_shank_joint,0.0,0.4761207172232813,,0.20907462254865095,0.2671489210325069,0.801291942440439,0.15415023028850555,pd,0.012231709525539682,0.0250396728515625,0.01711029974673164,0.027861014008522034,0.0,0.0,0.7145233154296875,0.732574462890625,0.8492835164070129,0.25110001644111435,0.2725828344402714,,False,0.15485066427282163,0.5641902089118958,0.5499999999999998,0.0704498291015625,0.2538530230522156,0.08235457418533575,False,False,rope_not_continuously_taut
727,727,7,18,0.0,1.5,compliant,5.0,1.168421052631579,COL,stop_collision|startup_joint_error|stop_joint_error,0.23212877227410644,0.9267407655715942,RR_shank_joint,0.0,0.5326702588003392,,0.20367932930588722,0.27921485770296245,0.8667190971970559,0.16454765558242798,pd,0.02182027726033994,0.048675537109375,0.01701214760910409,0.028395337983965874,0.0,0.0,0.409271240234375,0.3860626220703125,1.382285475730896,0.7317125301320857,0.7317125301320857,,True,0.15618165587041705,0.7536517381668091,0.4249999999999998,0.229583740234375,0.25385135412216187,0.1195964154345113,False,True,
728,728,8,18,0.0,1.5,rigid,10.0,1.168421052631579,JNT,startup_joint_error|stop_joint_error,0.226236168164307,0.9237992763519287,RR_shank_joint,0.0,0.4992021953454878,0.5499999999999998,0.07637579403817654,0.2243590897757158,0.9705932603776456,0.02127997040748596,pd,0.016324954807794473,0.0328521728515625,0.032721504451085195,0.06147557869553566,0.0,0.0,-0.800933837890625,,-0.1626943051815033,,,,,0.16666528346968412,0.7619602680206299,0.4249999999999998,0.2425537109375,0.253851979970932,0.0885420200959434,False,False,rope_taut_during_settle|robot_and_load_speeds_differ
729,729,9,18,0.0,1.5,rigid,15.0,1.168421052631579,COL,stop_collision|speed_track_error|startup_joint_error|stop_joint_error,0.24630047905566604,0.9245109558105469,RL_shank_joint,0.0,0.777535695037839,,0.3017533564381301,0.394076389791603,0.7988310957079133,0.20940428376197814,pd,0.021411763520228895,0.04366302490234375,0.026709811784344513,0.046824391931295395,0.0,0.0,0.3304443359375,0.3562469482421875,1.3031425476074219,0.9027859135505878,0.9240923212882137,,True,0.17205475161764824,0.7956788539886475,0.5750000000000002,0.3324737548828125,0.25465646386146545,0.14517530364873252,False,False,rope_taut_during_settle|load_moved_during_settle
730,730,10,18,0.0,1.5,rigid,20.0,1.168421052631579,SPD,speed_track_error|startup_joint_error|stop_joint_error,0.24599776551034622,0.9185547828674316,RL_shank_joint,0.0,0.842351100504738,,0.3458499978668988,0.4339968247349782,0.7694333347554009,0.2360001337528229,pd,0.01760291134296682,0.02889251708984375,0.02397086993533326,0.04130536690354347,0.0,0.0,0.3491668701171875,0.3865203857421875,1.2976115942001343,0.8960840911510104,0.9210869037159455,,False,0.17090246546775703,0.7868637442588806,,0.35137939453125,0.2547730803489685,0.11888468994355057,False,False,rope_taut_during_settle|load_moved_during_settle
731,731,11,18,0.0,1.5,rigid,25.0,1.168421052631579,SPD,speed_track_error|startup_joint_error|stop_joint_error,0.25431949537956877,0.9325140714645386,RL_shank_joint,0.0,0.9010230728225452,,0.36902077151462437,0.4621751958393266,0.7539861523235838,0.22817453265190124,pd,0.01690406630804451,0.032604217529296875,0.020031356927431326,0.03165554255247116,0.0,0.0,0.4126434326171875,0.4506988525390625,1.2760231494903564,0.9071319994981195,0.91854885663858,,False,0.17358594981191805,0.7397792339324951,,0.414306640625,0.25486651062965393,0.1257154610536102,False,False,rope_taut_during_settle|load_moved_during_settle
732,732,12,18,0.0,0.5,rigid,5.0,1.168421052631579,COL,stop_collision|startup_joint_error|stop_joint_error,0.16902069464282837,0.5958421230316162,RR_shank_joint,0.0,0.15839014591374023,0.3999999999999999,0.04197536192834377,0.07643731353219949,0.9168843276798725,0.02925095200538635,pd,0.007999050551314625,0.009796142578125,0.013514564766195022,0.042091500014066696,0.0,0.0,0.0127105712890625,0.0492706298828125,0.5005395412445068,0.9053599667319077,0.9150278699006549,,True,0.13493026460032737,0.35929226875305176,0.5499999999999998,0.013824462890625,0.25428128242492676,0.07257657698951533,False,False,rope_taut_during_settle|load_moved_during_settle
733,733,13,18,0.0,0.5,rigid,10.0,1.168421052631579,JNT,startup_joint_error|stop_joint_error,0.17322644260748687,0.6024627685546875,RR_shank_joint,0.0,0.17276706755950214,,0.060332336658611894,0.08864510806803734,0.8793353266827763,0.04841959953308105,pd,0.008951381832865302,0.012615203857421875,0.013629514016340896,0.04219380021095276,0.0,0.0,-0.0084991455078125,0.052398681640625,0.43965843319892883,0.9048561068082108,0.9088145341150664,,False,0.14338393624426474,0.4212050437927246,0.8250000000000002,-0.0074310302734375,0.25450271368026733,0.08168307738446441,False,False,rope_taut_during_settle|load_moved_during_settle
734,734,14,18,0.0,0.5,rigid,15.0,1.168421052631579,JNT,startup_joint_error|stop_joint_error,0.1739655038987915,0.6112240552902222,RR_shank_joint,0.0,0.18310496970867807,,0.06550422639586032,0.09430439386325465,0.8689915472082794,0.05235294759273529,pd,0.006356665509760888,0.009174346923828125,0.013137378690917429,0.030979163944721222,0.0,0.0,0.0132293701171875,0.0570220947265625,0.4419233798980713,0.8973024178067135,0.9174596655071525,,False,0.13984436637851,0.40169757604599,0.7999999999999998,0.01416015625,0.25465595722198486,0.07917970064973,False,False,rope_taut_during_settle|load_moved_during_settle
735,735,15,18,0.0,0.5,rigid,20.0,1.168421052631579,JNT,startup_joint_error|stop_joint_error,0.1791778772925396,0.6136051416397095,RR_shank_joint,0.0,0.19384186469031223,,0.07040228119120001,0.09949562100918385,0.8591954376176,0.05555256426334381,pd,0.006838232338732355,0.010034561157226562,0.010785136827616748,0.02919459342956543,0.0,0.0,0.001983642578125,0.0641632080078125,0.43982696533203125,0.9002346953557208,0.9144039147560079,,False,0.14463183671575655,0.44648122787475586,,0.0029296875,0.2547736167907715,0.08564382794281902,False,False,rope_taut_during_settle|load_moved_during_settle
736,736,16,18,0.0,0.5,inextensible,25.0,1.168421052631579,JNT,startup_joint_error|stop_joint_error,0.1613414340366384,0.5918405055999756,FL_shank_joint,0.0,0.1349231949271607,0.17499999999999982,0.03504112041555345,0.06619029113569205,1.026498787868768,0.02665450632572174,pd,0.009064270329040957,0.012804031372070312,0.011090829550393661,0.03916158154606819,0.0,0.0,-0.3961944580078125,-0.382904052734375,-0.13882413506507874,,,,,0.14248488207730337,0.44794732332229614,0.5750000000000002,0.0009307861328125,0.25385040044784546,0.07123938792940462,False,False,rope_taut_during_settle|robot_and_load_speeds_differ|tension_not_steady
737,737,17,18,0.0,1.0,inextensible,5.0,1.168421052631579,COL,stop_collision|startup_joint_error|stop_joint_error,0.19796034020530698,0.876000165939331,RR_shank_joint,0.0,0.31811677766476915,,0.11901394301094115,0.16502019759132602,0.8907943851407617,0.09194484770298005,pd,0.020551956982447172,0.038562774658203125,0.018634077855993414,0.029844511300325394,0.0,0.0,0.238250732421875,0.2338104248046875,0.9000357985496521,0.7751989146740925,0.7752101498891761,,True,0.14968492768210515,0.5710893273353577,0.25,0.0958709716796875,0.25385400652885437,0.09310115384667247,False,True,
738,738,18,18,0.0,1.0,inextensible,10.0,1.168421052631579,JNT,startup_joint_error|stop_joint_error,0.20398648188764112,0.8756890296936035,RR_shank_joint,0.0,0.3480526561298943,,0.14559105802327393,0.18751917926513187,0.8642418045923114,0.11118664085865021,pd,0.018884786834774184,0.03234291076660156,0.018951420729992105,0.03188265487551689,0.0,0.0,0.4590911865234375,0.4502410888671875,0.8945065140724182,0.5357420585825139,0.5357580607241914,,False,0.14755300193603388,0.5310227870941162,0.40000000000000036,0.076934814453125,0.25385522842407227,0.10422267395487464,False,True,
739,739,19,18,0.0,1.0,inextensible,15.0,1.168421052631579,JNT,startup_joint_error|stop_joint_error,0.21209664378727772,0.8762713670730591,RR_shank_joint,0.0,0.3785343564858628,,0.1661456839274615,0.20770951998117101,0.8436143620777875,0.13265062987804413,pd,0.012008634883634258,0.021177053451538086,0.015109666947885356,0.024692174047231674,0.0,0.0,0.423248291015625,0.4212493896484375,0.8775601387023926,0.5741875918911887,0.5753906541320362,,False,0.1567696031176195,0.5364120006561279,0.5,0.0821990966796875,0.2538527846336365,0.07720260424804955,False,False,load_moved_during_settle|rope_not_continuously_taut
740,740,20,18,5.0,1.0,compliant,20.0,1.168421052631579,JNT,startup_joint_error|stop_joint_error,0.21401179431190562,0.8880611658096313,RL_shank_joint,0.0,0.3950234676736787,,0.18412480934523046,0.23029008063775377,0.8270029129181057,0.15912990689277648,pd,0.021988004260841482,0.04411005973815918,0.021491260867280947,0.0604969784617424,0.0,0.0,-0.189666748046875,0.2397308349609375,0.7320192456245422,0.7107712776070514,0.9490149180512617,,False,0.15295600299196635,0.5379526615142822,0.75,-0.2010498046875,0.2530475854873657,0.12517450715159747,False,True,
741,741,21,18,5.0,1.0,compliant,25.0,1.168421052631579,JNT,startup_joint_error|stop_joint_error,0.21428630126840328,0.8761266469955444,RR_shank_joint,0.0,0.4265613880645394,,0.19645752689801158,0.24630708662391715,0.8146713111642748,0.16688038289546966,pd,0.021584959136448128,0.04040813446044922,0.021336913139136566,0.05688059702515602,0.0,0.0,-0.14837646484375,0.2374420166015625,0.7164812684059143,0.6907543916330496,0.9462116603716595,,False,0.1569857719135262,0.44920825958251953,0.9249999999999998,-0.1457366943359375,0.2538541853427887,0.12934041890707826,False,True,
742,742,22,18,5.0,1.5,compliant,5.0,1.168421052631579,COL,stop_collision|startup_joint_error|stop_joint_error,0.23279266808483814,0.9259787797927856,RR_shank_joint,0.0,0.5303259529109097,,0.23713894840329885,0.29847338780073707,0.8440053065866232,0.20959635257720946,pd,0.0378583331217719,0.04949474334716797,0.02566880260583315,0.045422282069921494,0.0,0.0,0.258575439453125,0.2926788330078125,1.316615104675293,0.8578082038110608,0.9113032555662812,,True,0.16477339554779752,1.1040863990783691,0.40000000000000036,0.2627716064453125,0.2538531422615051,0.1339070606703095,False,True,
743,743,23,18,5.0,1.5,compliant,10.0,1.168421052631579,COL,stop_collision|startup_joint_error|stop_joint_error,0.2425933328509935,0.9239215850830078,RR_shank_joint,0.0,0.5745519954561442,,0.29298489799723026,0.34568908423364,0.8071471954012911,0.2831682789325714,pd,0.024927003239194803,0.03379631042480469,0.023114338388449004,0.037900328636169434,0.0,0.0,0.2342376708984375,0.358795166015625,1.223908543586731,0.7942119938026337,0.9124333767530572,,True,0.14742688950556404,0.5367929935455322,0.75,0.240020751953125,0.253854900598526,0.08591118640788777,False,False,rope_not_continuously_taut
744,744,24,18,5.0,1.5,rigid,15.0,1.168421052631579,JNT,startup_joint_error|stop_joint_error,0.2261260985498802,0.9243474006652832,RR_shank_joint,0.0,0.4998354369479324,0.5499999999999998,0.09127075895667076,0.2275987880599973,0.9665890209873518,0.04322355031967163,pd,0.02835693287974452,0.03720664978027344,0.023016140274064494,0.04111047461628914,0.0,0.0,-0.09070587158203125,0.0,-0.015112685039639473,,,,,0.15640699017475157,0.6870424747467041,0.7999999999999998,0.306793212890625,0.25385379791259766,0.07893310765792025,False,False,rope_taut_during_settle|robot_and_load_speeds_differ
745,745,25,18,5.0,1.5,rigid,20.0,1.168421052631579,SPD,speed_track_error|startup_joint_error|stop_joint_error,0.24830610101728642,0.9249927997589111,RL_shank_joint,0.0,0.8406964495307508,,0.3997399385459721,0.47297817456709995,0.7335067076360186,0.35727086901664734,pd,0.020109583492264476,0.033222198486328125,0.022908174775570316,0.05018017441034317,0.0,0.0,0.0765380859375,0.26397705078125,1.089298963546753,0.8902488938739168,0.9192161439583515,,False,0.17235982154477056,0.6574469208717346,,0.083740234375,0.2542223632335663,0.12386342989120669,False,False,rope_taut_during_settle|load_moved_during_settle|tension_not_steady
746,746,26,18,5.0,1.5,rigid,25.0,1.168421052631579,SPD,speed_track_error|startup_joint_error|stop_joint_error,0.25253652847488123,0.9302424192428589,RL_shank_joint,0.0,0.8957388223158634,,0.42580487599596384,0.5018452919467745,0.7161300826693574,0.3643024879693985,pd,0.018388723421291026,0.038539886474609375,0.022181434695325786,0.051274385303258896,0.0,0.0,0.0589141845703125,0.262939453125,1.0051419734954834,0.9006736085038654,0.9264340153245598,,False,0.16154805496756186,0.6511236429214478,,0.0624542236328125,0.25031521916389465,0.12106483650007215,False,False,rope_taut_during_settle|tension_not_steady
747,747,27,18,5.0,0.5,rigid,5.0,1.168421052631579,COL,stop_collision|startup_joint_error|stop_joint_error,0.16908714655171364,0.5956710577011108,RR_shank_joint,0.0,0.15901286342266624,0.3999999999999999,0.044517852878198025,0.07767425509463338,0.9113502462394536,0.031513170301914216,pd,0.0075965659478977815,0.0157928466796875,0.012864995438711339,0.04189811646938324,0.0,0.0,-0.0212860107421875,0.0468597412109375,0.48613014817237854,0.9056084599978931,0.9152555147209398,,True,0.14328094734016278,0.39019453525543213,0.8250000000000002,-0.0197601318359375,0.2542824447154999,0.1286726722530223,False,False,rope_taut_during_settle|load_moved_during_settle
748,748,28,18,5.0,0.5,inextensible,10.0,1.168421052631579,JNT,startup_joint_error|stop_joint_error,0.16127939556692705,0.5882124900817871,FL_shank_joint,0.0,0.13622869001658494,0.19999999999999996,0.05189524633809924,0.07831705745835095,0.9200444069877267,0.03943584710359573,pd,0.00845469860307138,0.011363983154296875,0.014314609858221538,0.03990831598639488,0.0,0.0,0.195831298828125,0.1895294189453125,0.430451363325119,0.6795619995715754,0.6795890358252734,,False,0.1490686624440362,0.43959200382232666,0.7999999999999998,-0.0362396240234375,0.25385069847106934,0.12879946410297977,False,False,rope_not_continuously_taut
749,749,29,18,5.0,0.5,inextensible,15.0,1.168421052631579,JNT,startup_joint_error|stop_joint_error,0.1610707757019038,0.5929907560348511,FL_shank_joint,0.0,0.13610981941644298,0.19999999999999996,0.05991744481027126,0.08580937345121663,0.9038896568119525,0.04654377281665802,pd,0.008838832744671501,0.01445770263671875,0.011021629348803802,0.03975744917988777,0.0,0.0,0.3035125732421875,0.294952392578125,0.4624541699886322,0.5916807578305168,0.5916807578305168,,False,0.13687067678040776,0.38686203956604004,0.625,-0.0201873779296875,0.2538502812385559,0.12520461624938736,False,False,rope_not_continuously_taut
750,750,30,18,10.0,0.5,compliant,20.0,1.168421052631579,JNT,startup_joint_error|stop_joint_error,0.16089744970760633,0.592038631439209,FL_shank_joint,0.0,0.13443414829681913,0.17499999999999982,0.06258052319288254,0.09435411393341461,0.8940231651067734,0.047218471467494964,pd,0.004185897457304709,0.008693695068359375,0.014370031274942808,0.039165519177913666,0.0,0.0,0.35107421875,0.341033935546875,0.4279862642288208,0.49661364611941394,0.49661364611941394,,False,0.15202047879882002,0.4568871259689331,0.625,-0.0685577392578125,0.25385117530822754,0.20477602587586874,False,True,
751,751,31,18,10.0,0.5,compliant,25.0,1.168421052631579,JNT,startup_joint_error|stop_joint_error,0.1611632303046917,0.5919125080108643,FL_shank_joint,0.0,0.13573881011492037,0.17499999999999982,0.07348826511763036,0.10826210512122783,0.8771975830383599,0.051944603025913236,pd,0.006039354975853643,0.012908935546875,0.01337389441802563,0.03977843001484871,0.0,0.0,0.4352264404296875,0.423583984375,0.43467456102371216,0.4251326180324213,0.4251591376438739,,False,0.152387010812984,0.4637035131454468,0.8500000000000005,-0.052734375,0.25384894013404846,0.2102979829952339,False,True,
752,752,32,18,10.0,1.0,compliant,5.0,1.168421052631579,JNT,startup_joint_error|stop_joint_error,0.19089000892796779,0.8759313821792603,RR_shank_joint,0.0,0.2925490819555776,0.575,0.07524852721951902,0.14207846180081085,0.9501535430643707,0.06817880690097809,pd,0.033764558968901584,0.05446624755859375,0.030455987479128633,0.06214724853634834,0.0,0.0,-0.337860107421875,,-0.05829092115163803,,,,,0.15902963215023233,0.5189338326454163,0.875,-0.0061492919921875,0.2538536787033081,0.1724206674946981,False,False,rope_taut_during_settle|robot_and_load_speeds_differ|tension_not_steady
753,753,33,18,10.0,1.0,compliant,10.0,1.168421052631579,COL,stop_collision|startup_joint_error|stop_joint_error,0.20341832796179077,0.8760294914245605,RR_shank_joint,0.0,0.3531745020637772,2.05,0.19873234719969332,0.2377475899301528,0.8124955990817397,0.2317911583185196,pd,0.026982632841768828,0.04898834228515625,0.012829961248151153,0.02661723829805851,0.0,0.0,-0.18798828125,0.0883026123046875,0.6339715719223022,,,,True,0.1575857992641721,0.48210978507995605,,-0.185150146484375,0.25384998321533203,0.15579300546978958,False,False,rope_not_continuously_taut|tension_not_steady
754,754,34,18,10.0,1.0,rigid,15.0,1.168421052631579,COL,stop_collision|speed_track_error|startup_joint_error|stop_joint_error,0.22495873074819508,0.8830161094665527,RL_shank_joint,0.0,0.4421645667291689,,0.2158897034265101,0.2643784346513343,0.7841102965734899,0.22625694572925567,pd,0.018574724699623395,0.03394317626953125,0.054971755810866794,0.13318903744220734,0.0,0.0,-0.0968475341796875,-0.0917816162109375,0.6596160531044006,,,,True,0.1732407072440271,0.6111947298049927,0.9500000000000002,-0.09124755859375,0.25465402007102966,0.15588691680803327,False,False,rope_taut_during_settle|load_moved_during_settle|tension_not_steady
755,755,35,18,10.0,1.0,rigid,20.0,1.168421052631579,SPD,speed_track_error|startup_joint_error|stop_joint_error,0.21920216884948923,0.8880983591079712,RL_shank_joint,0.0,0.47835618303110194,,0.22560552809387446,0.2752415912071056,0.7743944719061255,0.22008706986904145,pd,0.024508344992612167,0.04228973388671875,0.039840646805240416,0.09148220717906952,0.0,0.0,-0.1058349609375,0.085906982421875,0.6262072324752808,0.9128697685799239,0.9128697685799239,,False,0.17426350339452007,0.5382183790206909,,-0.10064697265625,0.2547633647918701,0.15041138591353526,False,False,rope_taut_during_settle|load_moved_during_settle|tension_not_steady
756,756,36,18,10.0,1.0,rigid,25.0,1.168421052631579,SPD,speed_track_error|startup_joint_error|stop_joint_error,0.230855234462929,0.8896305561065674,RL_shank_joint,0.0,0.5056775549985827,,0.2336215330660343,0.2848691517365482,0.7663784669339657,0.21862695157527923,pd,0.028737667108963506,0.05281829833984375,0.022133559429825516,0.04374294728040695,0.0,0.0,-0.2238922119140625,0.0952301025390625,0.6137769222259521,0.9022213884864243,0.9022213884864243,,False,0.1688922550781788,0.5787897109985352,,-0.2153472900390625,0.2548596262931824,0.1637059998451357,False,False,rope_taut_during_settle
757,757,37,18,10.0,1.5,rigid,5.0,1.168421052631579,COL,stop_collision|speed_track_error|startup_joint_error|stop_joint_error,0.24112192376740807,0.9178208112716675,RR_shank_joint,0.0,0.6378221364425553,,0.35585546450689437,0.41691111937023184,0.7627630236620705,0.3894709438085556,pd,0.017008756050868504,0.025909423828125,0.027479750382834844,0.04823412373661995,0.0,0.0,0.2041015625,0.207550048828125,1.2198559045791626,0.9118348579415851,0.9320316315054527,,True,0.15682230405001094,0.7107846736907959,0.375,0.21746826171875,0.25426915287971497,0.15813975595124719,False,False,rope_taut_during_settle|load_moved_during_settle|tension_not_steady
758,758,38,18,10.0,1.5,inextensible,10.0,1.168421052631579,SPD,speed_track_error|startup_joint_error|stop_joint_error,0.24280340615199164,0.9251949787139893,RR_shank_joint,0.0,0.5753062171731851,,0.4405240667797625,0.4997825012939399,0.7077200054501493,0.5610183441638946,pd,0.011116955523792361,0.02033233642578125,0.02118784122448766,0.05466214567422867,0.0,0.0,0.003326416015625,0.1378021240234375,0.8127267360687256,0.8941899208777784,0.8941899208777784,,False,0.16949488087036846,0.4855276346206665,0.9750000000000005,0.005157470703125,0.253853976726532,0.15140536287135153,False,False,rope_not_continuously_taut
759,759,39,18,10.0,1.5,inextensible,15.0,1.168421052631579,SPD,speed_track_error|startup_joint_error|stop_joint_error,0.24931055207741276,0.9246238470077515,RR_shank_joint,0.0,0.623666006389456,,0.4851702756807208,0.5526509008052227,0.6778867279738189,0.6158295875787735,pd,0.0174293825198639,0.0464935302734375,0.01991550549576383,0.05072685331106186,0.0,0.0,-0.5042877197265625,0.0961151123046875,0.6513884663581848,0.8587388912553138,0.8587388912553138,,False,0.1685345650332033,0.517179012298584,,-0.5018463134765625,0.25161606073379517,0.14455083660131796,False,False,rope_not_continuously_taut|tension_not_steady
760,760,0,19,0.0,0.5,compliant,25.0,1.2,JNT,startup_joint_error|stop_joint_error,0.16115068235766739,0.5874999761581421,FL_shank_joint,0.0,0.13477969185314886,0.19999999999999996,0.03833823855035007,0.06780348619007782,1.0315937019325794,0.032163081169128416,pd,0.006317450126606197,0.00823974609375,0.011390233463759739,0.0391094908118248,0.0,0.0,-0.8964080810546875,,-0.15209993720054626,,,,,0.1490555413298397,0.4236578941345215,0.6000000000000005,-0.003875732421875,0.25386205315589905,0.07829186606793849,False,False,rope_taut_during_settle|robot_and_load_speeds_differ|tension_not_steady
761,761,1,19,0.0,1.0,compliant,5.0,1.2,JNT,startup_joint_error|stop_joint_error,0.20567005815646267,0.8755264282226562,RR_shank_joint,0.0,0.3149162971914326,,0.12435047279112041,0.16867419786067503,0.8865337466169149,0.10082578420639038,pd,0.01865912205875789,0.027069091796875,0.026696922833361437,0.04484675079584122,0.0,0.0,0.27508544921875,0.270843505859375,0.8913184404373169,0.763449126890805,0.763449126890805,,False,0.14309402665218185,0.47613537311553955,0.375,0.0770111083984375,0.25385385751724243,0.08673510313325053,False,True,
762,762,2,19,0.0,1.0,compliant,10.0,1.2,JNT,startup_joint_error|stop_joint_error,0.21106723103108513,0.8752654790878296,RR_shank_joint,0.0,0.35466874058954906,,0.14494249443523585,0.1906497794499697,0.8664460529852659,0.11413449466228485,pd,0.020231064507153316,0.03749847412109375,0.022085132176416652,0.03678096458315849,0.0,0.0,0.2886962890625,0.3381805419921875,0.9003849029541016,0.6984055628308283,0.7482077456232616,,False,0.15307685084486553,0.5942698121070862,0.25,0.08062744140625,0.25384771823883057,0.10085322574395952,False,True,
763,763,3,19,0.0,1.0,compliant,15.0,1.2,JNT,startup_joint_error|stop_joint_error,0.21160823228665732,0.8758783340454102,RR_shank_joint,0.0,0.4013799678041024,,0.16947742745280267,0.21834625954984388,0.8409285970032215,0.13472211897373199,pd,0.017864570768404264,0.0237274169921875,0.02726502108870017,0.051601845771074295,0.0,0.0,0.65185546875,0.63958740234375,0.8877943158149719,0.3844009787630398,0.3844009787630398,,False,0.14947788754762956,0.5902225971221924,0.375,0.079345703125,0.25384509563446045,0.09090587025355326,False,False,load_moved_during_settle
764,764,4,19,0.0,1.0,compliant,20.0,1.2,JNT,startup_joint_error|stop_joint_error,0.21218690296246528,0.8756932020187378,RR_shank_joint,0.0,0.43006296185198356,,0.1811064319778234,0.23484776046754113,0.829293076498434,0.1359783798456192,pd,0.012039099295329857,0.0210418701171875,0.01688562855725017,0.028242338448762894,0.0,0.0,0.578125,0.60552978515625,0.8563486933708191,0.39893706742330437,0.4310112417666687,,False,0.1549617267089621,0.5349087715148926,0.3250000000000002,0.0578460693359375,0.25385451316833496,0.08059172880446451,False,False,load_moved_during_settle|rope_not_continuously_taut
765,765,5,19,0.0,1.0,compliant,25.0,1.2,SPD,stop_margin_low|speed_track_error|startup_joint_error|stop_joint_error,0.21914234385658082,0.875827431678772,RL_shank_joint,0.0,0.4507986373514358,,0.20608657252974807,0.25783925612961106,0.8051127527933568,0.15683601498603822,pd,0.01936993439946091,0.03311920166015625,0.007816157620424164,0.023120993748307228,0.0,0.0,0.922760009765625,0.9099273681640625,0.8435513973236084,0.09356546578428038,0.09356546578428038,,False,0.1424752754491793,0.4640464782714844,0.5,0.070068359375,0.25385019183158875,0.10577813794755533,False,False,rope_not_continuously_taut
766,766,6,19,0.0,1.5,compliant,5.0,1.2,COL,stop_collision|startup_joint_error|stop_joint_error,0.232729965199832,0.9265494346618652,RR_shank_joint,0.0,0.5321340072034247,,0.221707755792886,0.2873758145287894,0.8543192590152224,0.1763278603553772,pd,0.012159415785110055,0.018798828125,0.01815673663173178,0.03086639940738678,0.0,0.0,0.3241729736328125,0.336639404296875,1.322495460510254,0.8294248215657376,0.8456361295405372,,True,0.1663892086009994,0.7659354209899902,0.375,0.2222900390625,0.2538498044013977,0.09763005276832203,False,True,
767,767,7,19,0.0,1.5,compliant,10.0,1.2,JNT,startup_joint_error|stop_joint_error,0.23951476313785455,0.9267997741699219,RR_shank_joint,0.0,0.5932112969246611,,0.2505538628436625,0.31892982546249765,0.8353172772501906,0.20135194182395935,pd,0.0170873111661216,0.02730560302734375,0.028808871489966158,0.04761200770735741,0.0,0.0,0.675506591796875,0.671051025390625,1.312578558921814,0.47487872647002405,0.47487872647002405,,False,0.16141156941010307,0.699210524559021,0.4500000000000002,0.199310302734375,0.25385138392448425,0.0943052472333356,False,False,load_moved_during_settle|rope_not_continuously_taut
768,768,8,19,0.0,1.5,rigid,15.0,1.2,JNT,startup_joint_error|stop_joint_error,0.2252630655919247,0.9249610900878906,RR_shank_joint,0.0,0.5009959237363252,0.5499999999999998,0.07648392861708998,0.22511694384333142,0.9706761872395874,0.02097091794013977,pd,0.017207153906124015,0.03301239013671875,0.03357993986885501,0.06253079324960709,0.0,0.0,-0.27313232421875,,-0.11738868802785873,,,,,0.1666293216573216,0.7559214532375336,0.3250000000000002,0.2456207275390625,0.2538519501686096,0.08695617347494976,False,False,rope_taut_during_settle|robot_and_load_speeds_differ
769,769,9,19,0.0,1.5,rigid,20.0,1.2,SPD,speed_track_error|startup_joint_error|stop_joint_error,0.2472048213947635,0.9288885593414307,RL_shank_joint,0.0,0.8397382114889311,,0.3378859412297606,0.4290138065627217,0.7747427058468263,0.218450083732605,pd,0.021710795450699687,0.031124114990234375,0.022705788656774733,0.039270609617233276,0.0,0.0,0.3465576171875,0.384185791015625,1.2796698808670044,0.9326652005336484,0.9523643378339557,,False,0.16845349513588773,0.7502924799919128,0.9500000000000002,0.3486785888671875,0.2547067403793335,0.10991927141683774,False,False,rope_taut_during_settle|load_moved_during_settle
770,770,10,19,0.0,1.5,rigid,25.0,1.2,SPD,speed_track_error|startup_joint_error|stop_joint_error,0.251760909550969,0.9287998676300049,RL_shank_joint,0.0,0.8908733775718364,,0.37045988695695997,0.46003755459533113,0.7530267420286934,0.24291319847106935,pd,0.01484421619471285,0.032428741455078125,0.022751740227469328,0.03831436485052109,0.0,0.0,0.396636962890625,0.44683837890625,1.2763925790786743,0.939730311649015,0.9530309334909646,,False,0.1801886126636409,0.8456876277923584,,0.398651123046875,0.2548169791698456,0.1343924703438402,False,False,rope_taut_during_settle|load_moved_during_settle
771,771,11,19,0.0,0.5,rigid,5.0,1.2,COL,stop_collision|startup_joint_error|stop_joint_error,0.17027624750736134,0.5966135263442993,RR_shank_joint,0.0,0.15719539007972427,0.375,0.03966129486449063,0.07536800432896872,0.9217566525004804,0.026024478673934936,pd,0.008823091455790553,0.011646270751953125,0.014270473553335225,0.04234379157423973,0.0,0.0,0.0030975341796875,0.0469818115234375,0.502379298210144,0.9312608223124528,0.9480463288820715,,True,0.13013266528822096,0.4444010257720947,0.40000000000000036,0.004638671875,0.25427865982055664,0.07759282822807062,False,False,rope_taut_during_settle|load_moved_during_settle
772,772,12,19,0.0,0.5,rigid,10.0,1.2,JNT,startup_joint_error|stop_joint_error,0.17347626501850688,0.6016942262649536,RR_shank_joint,0.0,0.1721651340718969,,0.06142549838870764,0.0891711268214983,0.8771490032225847,0.05060395330190658,pd,0.008260725377321032,0.011363983154296875,0.014030618070958787,0.04193805530667305,0.0,0.0,-0.02191162109375,0.04949951171875,0.4421651363372803,0.9358248031626886,0.9405578760383264,,False,0.14735053840541856,0.41220688819885254,0.9000000000000004,-0.020843505859375,0.2544802129268646,0.08421390775869228,False,False,rope_taut_during_settle|load_moved_during_settle
773,773,13,19,0.0,0.5,rigid,15.0,1.2,JNT,startup_joint_error|stop_joint_error,0.1735911213788968,0.6107317209243774,RR_shank_joint,0.0,0.18246102183238505,0.47499999999999987,0.0675085643492639,0.09528986763980626,0.8649828713014722,0.056140875220298765,pd,0.007330677253649218,0.010379791259765625,0.012568672764216731,0.03114802949130535,0.0,0.0,-0.0186004638671875,0.0548553466796875,0.4352988600730896,0.9314049613583393,0.9483539101821066,,False,0.15267332534067415,0.4362999200820923,,-0.017333984375,0.25462672114372253,0.07904649512785404,False,False,rope_taut_during_settle|load_moved_during_settle
774,774,14,19,0.0,0.5,rigid,20.0,1.2,JNT,startup_joint_error|stop_joint_error,0.17954245827198517,0.6136676073074341,RR_shank_joint,0.0,0.19357971844664215,,0.07376715188845992,0.10107916132147383,0.8524656962230801,0.05783692479133606,pd,0.007509184245767465,0.0116729736328125,0.011675326988344809,0.02895064651966095,0.0,0.0,-0.009429931640625,0.0687713623046875,0.43809831142425537,0.936402750957825,0.9496153881934504,,False,0.14954932723231548,0.43411123752593994,,-0.0076904296875,0.2547037899494171,0.08242677340551859,False,False,rope_taut_during_settle|load_moved_during_settle
775,775,15,19,0.0,0.5,rigid,25.0,1.2,JNT,startup_joint_error|stop_joint_error,0.17927238337482923,0.6160687208175659,RL_shank_joint,0.0,0.2031692350638866,,0.07564146842807531,0.10469630332935637,0.8487170631438494,0.0607807731628418,pd,0.007159338712458854,0.011205673217773438,0.01391032705042959,0.02813626453280449,0.0,0.0,0.0266265869140625,0.07977294921875,0.4342677593231201,0.9368050524956573,0.9498289779548941,,False,0.15171080217250416,0.47634202241897583,,0.0288848876953125,0.2547595500946045,0.0811053845828451,False,False,rope_taut_during_settle|load_moved_during_settle
776,776,16,19,0.0,1.0,inextensible,5.0,1.2,JNT,startup_joint_error|stop_joint_error,0.19097640973062496,0.8758836984634399,RR_shank_joint,0.0,0.2929679386651086,0.575,0.054336143871769306,0.13426212567343532,0.9995208309683948,0.026759039163589477,pd,0.013189009906940594,0.024219512939453125,0.006591570584033654,0.02292860671877861,0.0,0.0,-0.7874755859375,,-0.1713111698627472,,,,,0.14869711949466735,0.5829793214797974,0.2999999999999998,0.14556884765625,0.2538452446460724,0.06952354294490906,False,False,rope_taut_during_settle|robot_and_load_speeds_differ
777,777,17,19,0.0,1.0,inextensible,10.0,1.2,JNT,startup_joint_error|stop_joint_error,0.207352011037533,0.8757281303405762,RR_shank_joint,0.0,0.34917302282936635,,0.14518742611631752,0.18773264357871766,0.8651669747568667,0.11586644828319549,pd,0.014925754508604647,0.023235321044921875,0.025593295486023883,0.04273832589387894,0.0,0.0,0.288543701171875,0.315643310546875,0.876491367816925,0.7186090568675354,0.7474424562387867,,False,0.15570922349528418,0.5447700619697571,0.4249999999999998,0.084564208984375,0.2538488507270813,0.08337644445869569,False,False,rope_not_continuously_taut
778,778,18,19,0.0,1.0,inextensible,15.0,1.2,JNT,startup_joint_error|stop_joint_error,0.20823960193472216,0.8754568099975586,RR_shank_joint,0.0,0.3758598720021897,,0.16235570868477225,0.20576544565921231,0.8481096521951258,0.12287366330623627,pd,0.014576261946940934,0.021765708923339844,0.02784702532529875,0.048312414437532425,0.0,0.0,0.6443634033203125,0.6320037841796875,0.8818361163139343,0.3925213724472201,0.3925213724472201,,False,0.15395515625482387,0.5658615231513977,0.5,0.0854949951171875,0.25384804606437683,0.0902087989925693,False,False,rope_not_continuously_taut
779,779,19,19,0.0,1.0,inextensible,20.0,1.2,JNT,startup_joint_error|stop_joint_error,0.2150592146390572,0.8759961128234863,RR_shank_joint,0.0,0.4076074794521258,,0.18295368872582912,0.22838069473903283,0.8266554371267557,0.13682489097118378,pd,0.013137043007155316,0.021653413772583008,0.02294854437115063,0.03874395787715912,0.0,0.0,0.8979949951171875,0.8844146728515625,0.9088331460952759,0.1402964627807819,0.1402964627807819,,False,0.15046424984625462,0.45493602752685547,0.27500000000000036,0.086761474609375,0.25384894013404846,0.08913332586600106,False,False,rope_not_continuously_taut|tension_not_steady
780,780,20,19,5.0,1.0,compliant,25.0,1.2,JNT,startup_joint_error|stop_joint_error,0.21699510479976508,0.9141921997070312,RL_shank_joint,0.0,0.4126138111596671,,0.19533892702311278,0.24723873967821322,0.8149613659456372,0.1587879765033722,pd,0.02140215481310368,0.04272913932800293,0.008859838468419479,0.023076707497239113,0.0,0.0,-0.07855224609375,0.252471923828125,0.7319529056549072,0.7255727316800176,0.9790354074258403,,False,0.1537446173779609,0.5351200103759766,0.75,-0.08343505859375,0.253848671913147,0.12679656331944178,False,True,
781,781,21,19,5.0,1.5,compliant,5.0,1.2,COL,stop_collision|startup_joint_error|stop_joint_error,0.23514732901061214,0.9268542528152466,RR_shank_joint,0.0,0.5347420923156357,,0.24337294479832053,0.30463498095069574,0.840493897460401,0.21991944789886475,pd,0.029336665069599352,0.04908466339111328,0.012486209938974853,0.022516965866088867,0.0,0.0,0.2475738525390625,0.28240966796875,1.3553565740585327,0.891133593421074,0.945198863068498,,True,0.1629457109560092,0.8700301647186279,0.7250000000000005,0.248260498046875,0.2538481056690216,0.12089463498843073,False,True,
782,782,22,19,5.0,1.5,compliant,10.0,1.2,COL,stop_collision|startup_joint_error|stop_joint_error,0.2457546880382445,0.9279342889785767,RR_shank_joint,0.0,0.5863463645350007,,0.29113168161362407,0.3469839133136816,0.8086393226434788,0.271236789226532,pd,0.01899188123038021,0.0316619873046875,0.02203385361166591,0.0369778610765934,0.0,0.0,0.2344512939453125,0.360992431640625,1.2267283201217651,0.8214951445168595,0.9402946804571854,,True,0.14806404260074169,0.7009600400924683,0.375,0.2395477294921875,0.25384870171546936,0.08411671142073142,False,False,rope_not_continuously_taut
783,783,23,19,5.0,1.5,compliant,15.0,1.2,COL,stop_collision|speed_track_error|startup_joint_error|stop_joint_error,0.2501519929550282,0.96349036693573,RR_shank_joint,0.0,0.6393234787581117,,0.3343128053471446,0.39005180380258064,0.7800183539837598,0.3240923309326172,pd,0.015849025395475898,0.029949188232421875,0.02980498750026808,0.06262403726577759,0.0,0.0,0.102203369140625,0.4129486083984375,1.1923644542694092,0.7542980610274697,0.9604883279657486,,True,0.15339175081898584,0.7821333408355713,0.375,0.1098175048828125,0.25101205706596375,0.09532393832354134,False,False,rope_not_continuously_taut|tension_not_steady
784,784,24,19,5.0,1.5,rigid,20.0,1.2,JNT,startup_joint_error|stop_joint_error,0.22607713748260314,0.9263854026794434,RR_shank_joint,0.0,0.49962558385038214,0.5499999999999998,0.09128954419866205,0.2275085998901347,0.9668412597353259,0.0432250714302063,pd,0.02859512975577176,0.03731346130371094,0.020370708998079932,0.03653837367892265,0.0,0.0,-0.100830078125,0.0,-0.01709030196070671,,,,,0.15663936246918672,0.6670335531234741,0.8250000000000002,0.3087615966796875,0.253851056098938,0.07840992198482147,False,False,rope_taut_during_settle|robot_and_load_speeds_differ
785,785,25,19,5.0,1.5,rigid,25.0,1.2,SPD,speed_track_error|startup_joint_error|stop_joint_error,0.25190037115251984,0.9305752515792847,RL_shank_joint,0.0,0.8927410306355568,,0.42438365675508977,0.4998335519762447,0.7170775621632735,0.36269630789756774,pd,0.01791395358211388,0.031402587890625,0.018214425086732156,0.031148213893175125,0.0,0.0,-0.0152130126953125,0.259246826171875,1.0010141134262085,0.9294840629011389,0.9587959405168363,,False,0.17046681391407575,0.7475355267524719,,-0.0110015869140625,0.25483405590057373,0.12199971254455014,False,False,rope_taut_during_settle|tension_not_steady
786,786,26,19,5.0,0.5,rigid,5.0,1.2,COL,stop_collision|startup_joint_error|stop_joint_error,0.1704983024790253,0.5953738689422607,RR_shank_joint,0.0,0.15770371856079435,0.375,0.0436309318523854,0.07716689328128525,0.913538315538317,0.032593455910682675,pd,0.009338974985026362,0.01720428466796875,0.012321242518140964,0.042061854153871536,0.0,0.0,-0.023468017578125,0.0396728515625,0.47285154461860657,0.9383092657386385,0.9483802109583905,,True,0.14177127680619583,0.3741734027862549,0.7750000000000004,-0.0216217041015625,0.2542876601219177,0.12283861211417352,False,False,rope_taut_during_settle|load_moved_during_settle
787,787,27,19,5.0,0.5,rigid,10.0,1.2,JNT,startup_joint_error|stop_joint_error,0.17332313884873252,0.6023805141448975,RR_shank_joint,0.0,0.17272081459674554,0.7,0.05124394883401692,0.08434582539830424,0.8975121023319662,0.037975686192512514,pd,0.007939105321780281,0.0102081298828125,0.012450686408917572,0.04194701090455055,0.0,0.0,-0.044189453125,0.0443878173828125,0.4395371973514557,0.9374854956870422,0.949191330883707,,False,0.14872294620602586,0.43686413764953613,,-0.042388916015625,0.25449255108833313,0.1386570577746436,False,False,rope_taut_during_settle|load_moved_during_settle
788,788,28,19,5.0,0.5,inextensible,15.0,1.2,JNT,startup_joint_error|stop_joint_error,0.16117735239181638,0.5886636972427368,FL_shank_joint,0.0,0.13700028731516478,0.19999999999999996,0.06040344656445086,0.08754142971393596,0.9043490481190384,0.0455800125002861,pd,0.008334625897270269,0.012752532958984375,0.011256239273859766,0.03997572138905525,0.0,0.0,0.298248291015625,0.2900543212890625,0.46084126830101013,0.6284804819483725,0.6284804819483725,,False,0.137488731420948,0.38184499740600586,0.625,-0.020538330078125,0.2538505494594574,0.12521843788163092,False,False,rope_not_continuously_taut
789,789,29,19,5.0,0.5,inextensible,20.0,1.2,JNT,startup_joint_error|stop_joint_error,0.16119829331527105,0.5908411741256714,FL_shank_joint,0.0,0.13654586312515288,0.19999999999999996,0.06748925875872373,0.09584118610006934,0.8893809709697962,0.04936885118484497,pd,0.00733900233575882,0.0099334716796875,0.011152438548183758,0.0397597998380661,0.0,0.0,0.3580474853515625,0.3478851318359375,0.4402509033679962,0.543035247669934,0.5430551914633668,,False,0.14976886748206,0.4273756742477417,0.7250000000000005,-0.0457916259765625,0.2538469731807709,0.14568302673143402,False,False,rope_not_continuously_taut
790,790,30,19,10.0,0.5,compliant,25.0,1.2,JNT,startup_joint_error|stop_joint_error,0.16166433690864154,0.5917810201644897,FL_shank_joint,0.0,0.1343781641511861,0.17499999999999982,0.0765690721385181,0.10956109956088933,0.8677556750550867,0.04857436090707779,pd,0.00700409256820372,0.01856231689453125,0.013827842974473944,0.03938226401805878,0.0,0.0,0.445159912109375,0.4337158203125,0.4445597231388092,0.4750068675557202,0.4750068675557202,,False,0.14901369595209918,0.44985270500183105,0.7000000000000002,-0.0325927734375,0.2538456618785858,0.06912675177082073,False,False,rope_not_continuously_taut
791,791,31,19,10.0,1.0,compliant,5.0,1.2,COL,stop_collision|startup_joint_error|stop_joint_error,0.20531159839431165,0.8758111000061035,RR_shank_joint,0.0,0.316532231437351,,0.17227166209369899,0.2093433182738157,0.8390588256344199,0.20103875160217285,pd,0.029873385626669306,0.04207611083984375,0.03189441937744836,0.07796201854944229,0.0,0.0,-0.0809173583984375,0.0963287353515625,0.6929094195365906,,,,True,0.16303597479221268,0.547798752784729,,-0.0790557861328125,0.2538561522960663,0.16873913425171747,False,True,
792,792,32,19,10.0,1.0,compliant,10.0,1.2,JNT,startup_joint_error|stop_joint_error,0.19145477695493285,0.8764243125915527,RR_shank_joint,0.0,0.29262643447236414,0.575,0.07808810160495341,0.14352955860561062,0.9486968775000423,0.07142499804496766,pd,0.03307363158276975,0.053070068359375,0.030303530858243107,0.06063871085643768,0.0,0.0,-0.317626953125,,-0.05213140696287155,,,,,0.15866612954527076,0.5179782509803772,0.8500000000000005,-0.0025482177734375,0.2538508474826813,0.17230205558750225,False,False,rope_taut_during_settle|robot_and_load_speeds_differ|tension_not_steady
793,793,33,19,10.0,1.0,compliant,15.0,1.2,COL,stop_collision|speed_track_error|startup_joint_error|stop_joint_error,0.21478300389448163,0.8759106397628784,RR_shank_joint,0.0,0.37797392017121306,,0.2106569071765989,0.2502031717111005,0.8007081095222384,0.23384690344333647,pd,0.022925549659591437,0.03545379638671875,0.01474935087100178,0.027681373059749603,0.0,0.0,-0.0578460693359375,0.0817108154296875,0.5638146996498108,,,,True,0.16815654921656029,0.5230135917663574,,-0.0543365478515625,0.25385913252830505,0.1571827525738051,False,False,rope_not_continuously_taut|tension_not_steady
794,794,34,19,10.0,1.0,rigid,20.0,1.2,SPD,speed_track_error|startup_joint_error|stop_joint_error,0.22492333650487473,0.8881915807723999,RL_shank_joint,0.0,0.48146137158362623,,0.2251864976249635,0.27533225666594435,0.7748135023750364,0.21911961495876311,pd,0.02511322893711767,0.04331207275390625,0.03540480190146118,0.0867576077580452,0.0,0.0,-0.0833282470703125,0.089080810546875,0.6147176027297974,0.9416233521135666,0.9416233521135666,,False,0.1706634310704155,0.5248881578445435,,-0.0787506103515625,0.25475838780403137,0.15477824966364764,False,False,rope_taut_during_settle|load_moved_during_settle
795,795,35,19,10.0,1.0,rigid,25.0,1.2,SPD,speed_track_error|startup_joint_error|stop_joint_error,0.23042191612247778,0.8894213438034058,RL_shank_joint,0.0,0.5052648241214357,,0.23351127050817014,0.28414935064956737,0.7664887294918299,0.21563176512718202,pd,0.026082265613297694,0.04814910888671875,0.023434604262139235,0.04869106411933899,0.0,0.0,-0.09820556640625,0.103302001953125,0.624691903591156,0.9400682168068499,0.9400682168068499,,False,0.16050461223935691,0.5594393610954285,,-0.0925140380859375,0.25482118129730225,0.16511445864982743,False,False,rope_taut_during_settle
796,796,36,19,10.0,1.5,rigid,5.0,1.2,COL,stop_collision|speed_track_error|startup_joint_error|stop_joint_error,0.241795896541996,0.915958046913147,RR_shank_joint,0.0,0.6364887217553984,,0.35769843466579915,0.4195876003706108,0.7615343768894672,0.395165188908577,pd,0.021647277585635824,0.03165435791015625,0.02821813831700873,0.04908060282468796,0.0,0.0,0.1784210205078125,0.1929931640625,1.1781108379364014,0.9596453894781121,0.9618344454108865,,True,0.15495300408428075,0.6528245210647583,0.35000000000000053,0.1902313232421875,0.2542724013328552,0.14721976988675808,False,False,rope_taut_during_settle|load_moved_during_settle
797,797,37,19,10.0,1.5,rigid,10.0,1.2,COL,stop_collision|speed_track_error|startup_joint_error|stop_joint_error,0.2455712854544118,0.9161776304244995,RR_shank_joint,0.0,0.7234271661031898,,0.44839508974924686,0.5173485023625142,0.7010699401671688,0.5278339970111847,pd,0.01283787967448041,0.02495574951171875,0.02232173455610653,0.04953183978796005,0.0,0.0,-0.0431671142578125,0.1316986083984375,0.8347794413566589,0.9082610572924068,0.9082610572924068,,True,0.1678644918855286,0.5338467359542847,,-0.03924560546875,0.24434012174606323,0.15091225828617988,False,False,rope_taut_during_settle|load_moved_during_settle|tension_not_steady
798,798,38,19,10.0,1.5,inextensible,15.0,1.2,SPD,speed_track_error|startup_joint_error|stop_joint_error,0.25161334849464395,0.9246152639389038,RR_shank_joint,0.0,0.6231840475945654,,0.48702540585771203,0.553704594474026,0.6779966564352313,0.6190330958366395,pd,0.0233180925211769,0.050079345703125,0.024169848531517737,0.055914152413606644,0.0,0.0,-0.5621490478515625,0.0914764404296875,0.6324594020843506,0.8954267746456992,0.8954267746456992,,False,0.17003942424500137,0.48889875411987305,,-0.559906005859375,0.2538510262966156,0.14716460324325248,False,False,rope_not_continuously_taut|tension_not_steady
799,799,39,19,10.0,1.5,inextensible,20.0,1.2,SPD,speed_track_error|startup_joint_error|stop_joint_error,0.25643397091700665,0.9253296852111816,RR_shank_joint,0.0,0.6689578321790536,,0.5269944396056235,0.6016051288973211,0.650824553805093,0.6637710362672806,pd,0.013224923514632654,0.02703857421875,0.023409454602909448,0.05419236794114113,0.0,0.0,-0.90740966796875,0.0550994873046875,0.4627479016780853,0.8921824972749164,0.8921824972749164,,False,0.18822148886771076,0.5969895124435425,,-0.904541015625,0.2538512647151947,0.1517988671862739,False,False,rope_not_continuously_taut|tension_not_steady
